2026-05-03 17:55:17,832 - INFO     - imgStream    : internal profiling set to False
2026-05-03 17:55:17,832 - INFO     - odStream     : internal profiling set to False
2026-05-03 17:55:17,832 - INFO     - frStream     : internal profiling set to False
2026-05-03 17:55:17,832 - INFO     - lprStream    : internal profiling set to False
2026-05-03 17:55:17,832 - INFO     - capStream    : internal profiling set to False
2026-05-03 17:55:17,832 - INFO     - krStream     : internal profiling set to False
2026-05-03 17:55:17,832 - INFO     - udpStream    : internal profiling set to False


================================================================================
|                                                                              |
|                     Running: Traffic Monitoring Pipeline                     |
|                                                                              |
|                         Algorithm: None, Model ID: 0                         |
|                                                                              |
|                             Target Indices: none                             |
|                                                                              |
|                             2026-05-03 17:55:17                              |
|                                                                              |
================================================================================


Number of CUDA devices: 1
2026-05-03 17:55:20,790 - INFO     - imgStream    : mix mode ratio=0.1 seed=3 -> 90 clean / 10 attack
2026-05-03 17:55:20,790 - INFO     - imgStream    : started
2026-05-03 17:55:20,807 - INFO     - img2od: 1 | od2fr: 0 | od2lpr: 0 | od2cap: 0 | fr2kr: 0 | lpr2kr: 0 | cap2udp: 0 | kr2udp: 0 | 
/home/lxt230026/.conda/envs/dyndl/lib/python3.10/site-packages/facenet_pytorch/models/inception_resnet_v1.py:329: FutureWarning: You are using `torch.load` with `weights_only=False` (the current default value), which uses the default pickle module implicitly. It is possible to construct malicious pickle data which will execute arbitrary code during unpickling (See https://github.com/pytorch/pytorch/blob/main/SECURITY.md#untrusted-models for more details). In a future release, the default value for `weights_only` will be flipped to `True`. This limits the functions that could be executed during unpickling. Arbitrary objects will no longer be allowed to be loaded via this mode unless they are explicitly allowlisted by the user via `torch.serialization.add_safe_globals`. We recommend you start setting `weights_only=True` for any use case where you don't have full control of the loaded file. Please open an issue on GitHub for any issues related to this experimental feature.
  state_dict = torch.load(cached_file)
2026-05-03 17:55:21,448 - INFO     - krStream     : face embeddings loaded, found 1000 embeddings
2026-05-03 17:55:21,448 - INFO     - krStream     : started
2026-05-03 17:55:21,598 - INFO     - frStream     : FR model loaded, model_id = vggface2
2026-05-03 17:55:21,598 - INFO     - frStream     : started
2026-05-03 17:55:21,774 - INFO     - odStream     : OD model loaded, model_id = 0
2026-05-03 17:55:21,774 - INFO     - odStream     : started
2026-05-03 17:55:21,808 - INFO     - img2od: 5 | od2fr: 0 | od2lpr: 0 | od2cap: 0 | fr2kr: 0 | lpr2kr: 0 | cap2udp: 0 | kr2udp: 0 | 
/home/lxt230026/EfficiencyAttack/traffic/cmpnt/c4_lpr.py:145: FutureWarning: You are using `torch.load` with `weights_only=False` (the current default value), which uses the default pickle module implicitly. It is possible to construct malicious pickle data which will execute arbitrary code during unpickling (See https://github.com/pytorch/pytorch/blob/main/SECURITY.md#untrusted-models for more details). In a future release, the default value for `weights_only` will be flipped to `True`. This limits the functions that could be executed during unpickling. Arbitrary objects will no longer be allowed to be loaded via this mode unless they are explicitly allowlisted by the user via `torch.serialization.add_safe_globals`. We recommend you start setting `weights_only=True` for any use case where you don't have full control of the loaded file. Please open an issue on GitHub for any issues related to this experimental feature.
  self.checkpoint = torch.load(self.model_id, map_location='cpu')
2026-05-03 17:55:22,607 - INFO     - Using custom providers: ['CPUExecutionProvider']
2026-05-03 17:55:22,607 - INFO     - Skipping download of 'argentinian-plates-cnn-model' model, already exists at /home/lxt230026/.cache/fast-plate-ocr/argentinian-plates-cnn-model
2026-05-03 17:55:22,621 - INFO     - lprStream    : LPR model loaded, model_id = model_v2.pth
2026-05-03 17:55:22,621 - INFO     - lprStream    : started
2026-05-03 17:55:22,703 - INFO     - udpStream    : LM model loaded, model_id = gpt2
2026-05-03 17:55:22,704 - INFO     - udpStream    : started
2026-05-03 17:55:22,744 - INFO     - capStream    : CAP model loaded, model_id = microsoft/git-base
2026-05-03 17:55:22,744 - INFO     - capStream    : started
2026-05-03 17:55:22,809 - INFO     - img2od: 11 | od2fr: 3 | od2lpr: 0 | od2cap: 0 | fr2kr: 0 | lpr2kr: 0 | cap2udp: 0 | kr2udp: 0 | 
2026-05-03 17:55:23,810 - INFO     - img2od: 12 | od2fr: 3 | od2lpr: 0 | od2cap: 2 | fr2kr: 0 | lpr2kr: 0 | cap2udp: 0 | kr2udp: 0 | 
2026-05-03 17:55:24,811 - INFO     - img2od: 12 | od2fr: 0 | od2lpr: 0 | od2cap: 0 | fr2kr: 2 | lpr2kr: 0 | cap2udp: 0 | kr2udp: 0 | 
2026-05-03 17:55:25,812 - INFO     - img2od: 12 | od2fr: 9 | od2lpr: 0 | od2cap: 0 | fr2kr: 1 | lpr2kr: 2 | cap2udp: 0 | kr2udp: 0 | 
2026-05-03 17:55:26,813 - INFO     - img2od: 13 | od2fr: 7 | od2lpr: 357 | od2cap: 0 | fr2kr: 0 | lpr2kr: 3 | cap2udp: 0 | kr2udp: 0 | 
2026-05-03 17:55:27,814 - INFO     - img2od: 14 | od2fr: 16 | od2lpr: 552 | od2cap: 0 | fr2kr: 6 | lpr2kr: 21 | cap2udp: 0 | kr2udp: 1 | 
2026-05-03 17:55:28,815 - INFO     - img2od: 15 | od2fr: 1 | od2lpr: 493 | od2cap: 0 | fr2kr: 11 | lpr2kr: 80 | cap2udp: 1 | kr2udp: 0 | 
2026-05-03 17:55:29,816 - INFO     - img2od: 18 | od2fr: 10 | od2lpr: 1000 | od2cap: 0 | fr2kr: 17 | lpr2kr: 159 | cap2udp: 0 | kr2udp: 1 | 
2026-05-03 17:55:30,817 - INFO     - img2od: 21 | od2fr: 12 | od2lpr: 971 | od2cap: 1 | fr2kr: 6 | lpr2kr: 225 | cap2udp: 0 | kr2udp: 0 | 
2026-05-03 17:55:31,818 - INFO     - img2od: 22 | od2fr: 28 | od2lpr: 910 | od2cap: 0 | fr2kr: 12 | lpr2kr: 293 | cap2udp: 0 | kr2udp: 0 | 
2026-05-03 17:55:32,819 - INFO     - img2od: 24 | od2fr: 50 | od2lpr: 836 | od2cap: 0 | fr2kr: 18 | lpr2kr: 348 | cap2udp: 0 | kr2udp: 0 | 
2026-05-03 17:55:33,820 - INFO     - img2od: 24 | od2fr: 48 | od2lpr: 777 | od2cap: 0 | fr2kr: 23 | lpr2kr: 408 | cap2udp: 0 | kr2udp: 1 | 
2026-05-03 17:55:34,821 - INFO     - img2od: 28 | od2fr: 40 | od2lpr: 1000 | od2cap: 0 | fr2kr: 29 | lpr2kr: 479 | cap2udp: 0 | kr2udp: 1 | 
2026-05-03 17:55:35,822 - INFO     - img2od: 33 | od2fr: 35 | od2lpr: 1000 | od2cap: 0 | fr2kr: 18 | lpr2kr: 555 | cap2udp: 0 | kr2udp: 1 | 
2026-05-03 17:55:36,823 - INFO     - img2od: 38 | od2fr: 19 | od2lpr: 1000 | od2cap: 0 | fr2kr: 24 | lpr2kr: 626 | cap2udp: 0 | kr2udp: 1 | 
2026-05-03 17:55:37,824 - INFO     - img2od: 44 | od2fr: 19 | od2lpr: 1000 | od2cap: 0 | fr2kr: 30 | lpr2kr: 693 | cap2udp: 0 | kr2udp: 0 | 
2026-05-03 17:55:38,825 - INFO     - img2od: 49 | od2fr: 19 | od2lpr: 1000 | od2cap: 0 | fr2kr: 35 | lpr2kr: 753 | cap2udp: 0 | kr2udp: 0 | 
2026-05-03 17:55:39,336 - INFO     - imgStream    : completed, sending END signal
2026-05-03 17:55:39,336 - INFO     - imgStream    : shutdown
2026-05-03 17:55:39,496 - INFO     - imgStream    : shutdown successful
2026-05-03 17:55:39,826 - INFO     - img2od: 52 | od2fr: 0 | od2lpr: 1000 | od2cap: 0 | fr2kr: 41 | lpr2kr: 833 | cap2udp: 0 | kr2udp: 1 | 
2026-05-03 17:55:40,827 - INFO     - img2od: 52 | od2fr: 0 | od2lpr: 1000 | od2cap: 0 | fr2kr: 31 | lpr2kr: 906 | cap2udp: 0 | kr2udp: 1 | 
2026-05-03 17:55:41,828 - INFO     - img2od: 52 | od2fr: 0 | od2lpr: 1000 | od2cap: 0 | fr2kr: 36 | lpr2kr: 960 | cap2udp: 0 | kr2udp: 0 | 
2026-05-03 17:55:42,829 - INFO     - img2od: 49 | od2fr: 20 | od2lpr: 974 | od2cap: 0 | fr2kr: 42 | lpr2kr: 995 | cap2udp: 0 | kr2udp: 0 | 
2026-05-03 17:55:43,830 - INFO     - img2od: 48 | od2fr: 4 | od2lpr: 1000 | od2cap: 0 | fr2kr: 48 | lpr2kr: 1000 | cap2udp: 0 | kr2udp: 1 | 
2026-05-03 17:55:44,831 - INFO     - img2od: 48 | od2fr: 4 | od2lpr: 1000 | od2cap: 0 | fr2kr: 55 | lpr2kr: 1000 | cap2udp: 0 | kr2udp: 1 | 
2026-05-03 17:55:45,832 - INFO     - img2od: 48 | od2fr: 0 | od2lpr: 1000 | od2cap: 0 | fr2kr: 46 | lpr2kr: 1000 | cap2udp: 0 | kr2udp: 1 | 
2026-05-03 17:55:46,833 - INFO     - img2od: 48 | od2fr: 0 | od2lpr: 1000 | od2cap: 0 | fr2kr: 47 | lpr2kr: 1000 | cap2udp: 0 | kr2udp: 1 | 
2026-05-03 17:55:47,834 - INFO     - img2od: 48 | od2fr: 0 | od2lpr: 1000 | od2cap: 0 | fr2kr: 47 | lpr2kr: 1000 | cap2udp: 0 | kr2udp: 1 | 
2026-05-03 17:55:48,835 - INFO     - img2od: 48 | od2fr: 0 | od2lpr: 1000 | od2cap: 0 | fr2kr: 47 | lpr2kr: 1000 | cap2udp: 0 | kr2udp: 1 | 
2026-05-03 17:55:49,836 - INFO     - img2od: 48 | od2fr: 0 | od2lpr: 1000 | od2cap: 0 | fr2kr: 31 | lpr2kr: 1000 | cap2udp: 0 | kr2udp: 0 | 
2026-05-03 17:55:50,837 - INFO     - img2od: 48 | od2fr: 0 | od2lpr: 1000 | od2cap: 0 | fr2kr: 31 | lpr2kr: 988 | cap2udp: 0 | kr2udp: 1 | 
2026-05-03 17:55:51,838 - INFO     - img2od: 48 | od2fr: 0 | od2lpr: 1000 | od2cap: 0 | fr2kr: 31 | lpr2kr: 1000 | cap2udp: 0 | kr2udp: 1 | 
2026-05-03 17:55:52,839 - INFO     - img2od: 48 | od2fr: 0 | od2lpr: 1000 | od2cap: 0 | fr2kr: 15 | lpr2kr: 1000 | cap2udp: 0 | kr2udp: 0 | 
2026-05-03 17:55:53,840 - INFO     - img2od: 48 | od2fr: 0 | od2lpr: 1000 | od2cap: 0 | fr2kr: 15 | lpr2kr: 1000 | cap2udp: 0 | kr2udp: 1 | 
2026-05-03 17:55:54,841 - INFO     - img2od: 48 | od2fr: 0 | od2lpr: 1000 | od2cap: 0 | fr2kr: 15 | lpr2kr: 995 | cap2udp: 0 | kr2udp: 1 | 
2026-05-03 17:55:55,842 - INFO     - img2od: 48 | od2fr: 0 | od2lpr: 1000 | od2cap: 0 | fr2kr: 15 | lpr2kr: 1000 | cap2udp: 0 | kr2udp: 0 | 
2026-05-03 17:55:56,843 - INFO     - img2od: 48 | od2fr: 0 | od2lpr: 1000 | od2cap: 0 | fr2kr: 0 | lpr2kr: 1000 | cap2udp: 0 | kr2udp: 0 | 
2026-05-03 17:55:57,844 - INFO     - img2od: 48 | od2fr: 0 | od2lpr: 1000 | od2cap: 0 | fr2kr: 0 | lpr2kr: 1000 | cap2udp: 0 | kr2udp: 1 | 
2026-05-03 17:55:58,845 - INFO     - img2od: 48 | od2fr: 0 | od2lpr: 1000 | od2cap: 0 | fr2kr: 0 | lpr2kr: 1000 | cap2udp: 0 | kr2udp: 1 | 
2026-05-03 17:55:59,846 - INFO     - img2od: 48 | od2fr: 0 | od2lpr: 1000 | od2cap: 0 | fr2kr: 0 | lpr2kr: 1000 | cap2udp: 0 | kr2udp: 1 | 
2026-05-03 17:56:00,847 - INFO     - img2od: 48 | od2fr: 0 | od2lpr: 1000 | od2cap: 0 | fr2kr: 0 | lpr2kr: 1000 | cap2udp: 0 | kr2udp: 0 | 
2026-05-03 17:56:01,849 - INFO     - img2od: 48 | od2fr: 0 | od2lpr: 1000 | od2cap: 0 | fr2kr: 0 | lpr2kr: 1000 | cap2udp: 0 | kr2udp: 0 | 
2026-05-03 17:56:02,850 - INFO     - img2od: 48 | od2fr: 0 | od2lpr: 1000 | od2cap: 0 | fr2kr: 0 | lpr2kr: 1000 | cap2udp: 0 | kr2udp: 0 | 
2026-05-03 17:56:03,851 - INFO     - img2od: 48 | od2fr: 0 | od2lpr: 1000 | od2cap: 0 | fr2kr: 0 | lpr2kr: 1000 | cap2udp: 0 | kr2udp: 1 | 
2026-05-03 17:56:04,852 - INFO     - img2od: 48 | od2fr: 0 | od2lpr: 1000 | od2cap: 0 | fr2kr: 0 | lpr2kr: 1000 | cap2udp: 0 | kr2udp: 0 | 
2026-05-03 17:56:05,853 - INFO     - img2od: 48 | od2fr: 0 | od2lpr: 1000 | od2cap: 0 | fr2kr: 0 | lpr2kr: 1000 | cap2udp: 0 | kr2udp: 1 | 
2026-05-03 17:56:06,854 - INFO     - img2od: 48 | od2fr: 0 | od2lpr: 1000 | od2cap: 0 | fr2kr: 0 | lpr2kr: 994 | cap2udp: 0 | kr2udp: 1 | 
2026-05-03 17:56:07,855 - INFO     - img2od: 48 | od2fr: 0 | od2lpr: 1000 | od2cap: 0 | fr2kr: 0 | lpr2kr: 1000 | cap2udp: 0 | kr2udp: 1 | 
2026-05-03 17:56:08,856 - INFO     - img2od: 48 | od2fr: 0 | od2lpr: 1000 | od2cap: 0 | fr2kr: 0 | lpr2kr: 989 | cap2udp: 0 | kr2udp: 0 | 
2026-05-03 17:56:09,857 - INFO     - img2od: 48 | od2fr: 0 | od2lpr: 1000 | od2cap: 0 | fr2kr: 0 | lpr2kr: 1000 | cap2udp: 0 | kr2udp: 1 | 
2026-05-03 17:56:10,858 - INFO     - img2od: 48 | od2fr: 0 | od2lpr: 1000 | od2cap: 0 | fr2kr: 0 | lpr2kr: 1000 | cap2udp: 0 | kr2udp: 1 | 
2026-05-03 17:56:11,859 - INFO     - img2od: 48 | od2fr: 0 | od2lpr: 1000 | od2cap: 0 | fr2kr: 0 | lpr2kr: 1000 | cap2udp: 0 | kr2udp: 1 | 
2026-05-03 17:56:12,860 - INFO     - img2od: 48 | od2fr: 0 | od2lpr: 1000 | od2cap: 0 | fr2kr: 0 | lpr2kr: 1000 | cap2udp: 0 | kr2udp: 1 | 
2026-05-03 17:56:13,861 - INFO     - img2od: 48 | od2fr: 0 | od2lpr: 1000 | od2cap: 0 | fr2kr: 0 | lpr2kr: 1000 | cap2udp: 0 | kr2udp: 1 | 
2026-05-03 17:56:14,862 - INFO     - img2od: 48 | od2fr: 0 | od2lpr: 1000 | od2cap: 0 | fr2kr: 0 | lpr2kr: 1000 | cap2udp: 0 | kr2udp: 1 | 
2026-05-03 17:56:15,863 - INFO     - img2od: 48 | od2fr: 0 | od2lpr: 1000 | od2cap: 0 | fr2kr: 0 | lpr2kr: 1000 | cap2udp: 0 | kr2udp: 1 | 
2026-05-03 17:56:16,864 - INFO     - img2od: 48 | od2fr: 0 | od2lpr: 1000 | od2cap: 0 | fr2kr: 0 | lpr2kr: 1000 | cap2udp: 0 | kr2udp: 1 | 
2026-05-03 17:56:17,865 - INFO     - img2od: 48 | od2fr: 0 | od2lpr: 1000 | od2cap: 0 | fr2kr: 0 | lpr2kr: 1000 | cap2udp: 0 | kr2udp: 1 | 
2026-05-03 17:56:18,866 - INFO     - img2od: 48 | od2fr: 0 | od2lpr: 1000 | od2cap: 0 | fr2kr: 0 | lpr2kr: 1000 | cap2udp: 0 | kr2udp: 0 | 
2026-05-03 17:56:19,867 - INFO     - img2od: 48 | od2fr: 0 | od2lpr: 1000 | od2cap: 0 | fr2kr: 0 | lpr2kr: 1000 | cap2udp: 0 | kr2udp: 0 | 
2026-05-03 17:56:20,868 - INFO     - img2od: 48 | od2fr: 0 | od2lpr: 1000 | od2cap: 0 | fr2kr: 0 | lpr2kr: 1000 | cap2udp: 0 | kr2udp: 0 | 
2026-05-03 17:56:21,869 - INFO     - img2od: 48 | od2fr: 0 | od2lpr: 1000 | od2cap: 0 | fr2kr: 0 | lpr2kr: 1000 | cap2udp: 0 | kr2udp: 0 | 
2026-05-03 17:56:22,870 - INFO     - img2od: 48 | od2fr: 0 | od2lpr: 1000 | od2cap: 0 | fr2kr: 0 | lpr2kr: 1000 | cap2udp: 0 | kr2udp: 0 | 
2026-05-03 17:56:23,871 - INFO     - img2od: 48 | od2fr: 0 | od2lpr: 1000 | od2cap: 0 | fr2kr: 0 | lpr2kr: 1000 | cap2udp: 0 | kr2udp: 0 | 
2026-05-03 17:56:24,872 - INFO     - img2od: 48 | od2fr: 0 | od2lpr: 1000 | od2cap: 0 | fr2kr: 0 | lpr2kr: 1000 | cap2udp: 0 | kr2udp: 1 | 
2026-05-03 17:56:25,873 - INFO     - img2od: 48 | od2fr: 0 | od2lpr: 1000 | od2cap: 0 | fr2kr: 0 | lpr2kr: 1000 | cap2udp: 0 | kr2udp: 0 | 
2026-05-03 17:56:26,874 - INFO     - img2od: 48 | od2fr: 0 | od2lpr: 1000 | od2cap: 0 | fr2kr: 0 | lpr2kr: 1000 | cap2udp: 0 | kr2udp: 1 | 
2026-05-03 17:56:27,875 - INFO     - img2od: 48 | od2fr: 0 | od2lpr: 1000 | od2cap: 0 | fr2kr: 0 | lpr2kr: 1000 | cap2udp: 0 | kr2udp: 1 | 
2026-05-03 17:56:28,876 - INFO     - img2od: 48 | od2fr: 0 | od2lpr: 1000 | od2cap: 0 | fr2kr: 0 | lpr2kr: 1000 | cap2udp: 0 | kr2udp: 1 | 
2026-05-03 17:56:29,877 - INFO     - img2od: 48 | od2fr: 0 | od2lpr: 1000 | od2cap: 0 | fr2kr: 0 | lpr2kr: 1000 | cap2udp: 0 | kr2udp: 1 | 
2026-05-03 17:56:30,878 - INFO     - img2od: 48 | od2fr: 0 | od2lpr: 1000 | od2cap: 0 | fr2kr: 0 | lpr2kr: 1000 | cap2udp: 0 | kr2udp: 1 | 
2026-05-03 17:56:31,879 - INFO     - img2od: 48 | od2fr: 0 | od2lpr: 1000 | od2cap: 0 | fr2kr: 0 | lpr2kr: 1000 | cap2udp: 0 | kr2udp: 0 | 
2026-05-03 17:56:32,880 - INFO     - img2od: 48 | od2fr: 0 | od2lpr: 1000 | od2cap: 0 | fr2kr: 0 | lpr2kr: 1000 | cap2udp: 0 | kr2udp: 1 | 
2026-05-03 17:56:33,881 - INFO     - img2od: 48 | od2fr: 0 | od2lpr: 1000 | od2cap: 0 | fr2kr: 0 | lpr2kr: 1000 | cap2udp: 0 | kr2udp: 1 | 
2026-05-03 17:56:34,882 - INFO     - img2od: 48 | od2fr: 0 | od2lpr: 1000 | od2cap: 0 | fr2kr: 0 | lpr2kr: 1000 | cap2udp: 0 | kr2udp: 1 | 
2026-05-03 17:56:35,884 - INFO     - img2od: 48 | od2fr: 0 | od2lpr: 1000 | od2cap: 0 | fr2kr: 0 | lpr2kr: 1000 | cap2udp: 0 | kr2udp: 1 | 
2026-05-03 17:56:36,885 - INFO     - img2od: 48 | od2fr: 0 | od2lpr: 1000 | od2cap: 0 | fr2kr: 0 | lpr2kr: 1000 | cap2udp: 0 | kr2udp: 1 | 
2026-05-03 17:56:37,886 - INFO     - img2od: 48 | od2fr: 0 | od2lpr: 1000 | od2cap: 0 | fr2kr: 0 | lpr2kr: 1000 | cap2udp: 0 | kr2udp: 1 | 
2026-05-03 17:56:38,887 - INFO     - img2od: 48 | od2fr: 0 | od2lpr: 1000 | od2cap: 0 | fr2kr: 0 | lpr2kr: 1000 | cap2udp: 0 | kr2udp: 1 | 
2026-05-03 17:56:39,888 - INFO     - img2od: 48 | od2fr: 0 | od2lpr: 1000 | od2cap: 0 | fr2kr: 0 | lpr2kr: 1000 | cap2udp: 0 | kr2udp: 1 | 
2026-05-03 17:56:40,890 - INFO     - img2od: 48 | od2fr: 0 | od2lpr: 1000 | od2cap: 0 | fr2kr: 0 | lpr2kr: 1000 | cap2udp: 0 | kr2udp: 1 | 
2026-05-03 17:56:41,891 - INFO     - img2od: 48 | od2fr: 0 | od2lpr: 1000 | od2cap: 0 | fr2kr: 0 | lpr2kr: 1000 | cap2udp: 0 | kr2udp: 1 | 
2026-05-03 17:56:42,892 - INFO     - img2od: 48 | od2fr: 0 | od2lpr: 1000 | od2cap: 0 | fr2kr: 0 | lpr2kr: 1000 | cap2udp: 0 | kr2udp: 1 | 
2026-05-03 17:56:43,893 - INFO     - img2od: 48 | od2fr: 0 | od2lpr: 984 | od2cap: 0 | fr2kr: 0 | lpr2kr: 997 | cap2udp: 0 | kr2udp: 0 | 
2026-05-03 17:56:44,894 - INFO     - img2od: 48 | od2fr: 0 | od2lpr: 1000 | od2cap: 0 | fr2kr: 0 | lpr2kr: 1000 | cap2udp: 0 | kr2udp: 0 | 
2026-05-03 17:56:45,895 - INFO     - img2od: 48 | od2fr: 0 | od2lpr: 1000 | od2cap: 0 | fr2kr: 0 | lpr2kr: 988 | cap2udp: 0 | kr2udp: 1 | 
2026-05-03 17:56:46,896 - INFO     - img2od: 48 | od2fr: 0 | od2lpr: 1000 | od2cap: 0 | fr2kr: 0 | lpr2kr: 1000 | cap2udp: 0 | kr2udp: 1 | 
2026-05-03 17:56:47,897 - INFO     - img2od: 48 | od2fr: 0 | od2lpr: 1000 | od2cap: 0 | fr2kr: 0 | lpr2kr: 1000 | cap2udp: 0 | kr2udp: 1 | 
2026-05-03 17:56:48,898 - INFO     - img2od: 48 | od2fr: 0 | od2lpr: 1000 | od2cap: 0 | fr2kr: 0 | lpr2kr: 1000 | cap2udp: 0 | kr2udp: 0 | 
2026-05-03 17:56:49,899 - INFO     - img2od: 48 | od2fr: 0 | od2lpr: 1000 | od2cap: 0 | fr2kr: 0 | lpr2kr: 1000 | cap2udp: 0 | kr2udp: 0 | 
2026-05-03 17:56:50,901 - INFO     - img2od: 48 | od2fr: 0 | od2lpr: 1000 | od2cap: 0 | fr2kr: 0 | lpr2kr: 1000 | cap2udp: 0 | kr2udp: 1 | 
2026-05-03 17:56:51,902 - INFO     - img2od: 48 | od2fr: 0 | od2lpr: 1000 | od2cap: 0 | fr2kr: 0 | lpr2kr: 1000 | cap2udp: 0 | kr2udp: 1 | 
2026-05-03 17:56:52,903 - INFO     - img2od: 48 | od2fr: 0 | od2lpr: 1000 | od2cap: 0 | fr2kr: 0 | lpr2kr: 1000 | cap2udp: 0 | kr2udp: 1 | 
2026-05-03 17:56:53,904 - INFO     - img2od: 48 | od2fr: 0 | od2lpr: 1000 | od2cap: 0 | fr2kr: 0 | lpr2kr: 1000 | cap2udp: 0 | kr2udp: 1 | 
2026-05-03 17:56:54,905 - INFO     - img2od: 48 | od2fr: 0 | od2lpr: 1000 | od2cap: 0 | fr2kr: 0 | lpr2kr: 1000 | cap2udp: 0 | kr2udp: 1 | 
2026-05-03 17:56:55,906 - INFO     - img2od: 48 | od2fr: 0 | od2lpr: 1000 | od2cap: 0 | fr2kr: 0 | lpr2kr: 1000 | cap2udp: 0 | kr2udp: 1 | 
2026-05-03 17:56:56,908 - INFO     - img2od: 48 | od2fr: 0 | od2lpr: 1000 | od2cap: 0 | fr2kr: 0 | lpr2kr: 1000 | cap2udp: 0 | kr2udp: 0 | 
2026-05-03 17:56:57,909 - INFO     - img2od: 48 | od2fr: 0 | od2lpr: 1000 | od2cap: 0 | fr2kr: 0 | lpr2kr: 1000 | cap2udp: 0 | kr2udp: 0 | 
2026-05-03 17:56:58,910 - INFO     - img2od: 48 | od2fr: 0 | od2lpr: 1000 | od2cap: 0 | fr2kr: 0 | lpr2kr: 1000 | cap2udp: 0 | kr2udp: 1 | 
2026-05-03 17:56:59,911 - INFO     - img2od: 48 | od2fr: 0 | od2lpr: 1000 | od2cap: 0 | fr2kr: 0 | lpr2kr: 1000 | cap2udp: 0 | kr2udp: 0 | 
2026-05-03 17:57:00,912 - INFO     - img2od: 48 | od2fr: 0 | od2lpr: 1000 | od2cap: 0 | fr2kr: 0 | lpr2kr: 1000 | cap2udp: 0 | kr2udp: 0 | 
2026-05-03 17:57:01,913 - INFO     - img2od: 48 | od2fr: 0 | od2lpr: 1000 | od2cap: 0 | fr2kr: 0 | lpr2kr: 1000 | cap2udp: 0 | kr2udp: 1 | 
2026-05-03 17:57:02,914 - INFO     - img2od: 48 | od2fr: 0 | od2lpr: 1000 | od2cap: 0 | fr2kr: 0 | lpr2kr: 1000 | cap2udp: 0 | kr2udp: 0 | 
2026-05-03 17:57:03,915 - INFO     - img2od: 48 | od2fr: 0 | od2lpr: 1000 | od2cap: 0 | fr2kr: 0 | lpr2kr: 1000 | cap2udp: 0 | kr2udp: 1 | 
2026-05-03 17:57:04,916 - INFO     - img2od: 48 | od2fr: 0 | od2lpr: 1000 | od2cap: 0 | fr2kr: 0 | lpr2kr: 1000 | cap2udp: 0 | kr2udp: 0 | 
2026-05-03 17:57:05,917 - INFO     - img2od: 48 | od2fr: 0 | od2lpr: 1000 | od2cap: 0 | fr2kr: 0 | lpr2kr: 1000 | cap2udp: 0 | kr2udp: 1 | 
2026-05-03 17:57:06,918 - INFO     - img2od: 48 | od2fr: 0 | od2lpr: 1000 | od2cap: 0 | fr2kr: 0 | lpr2kr: 991 | cap2udp: 0 | kr2udp: 0 | 
2026-05-03 17:57:07,919 - INFO     - img2od: 48 | od2fr: 0 | od2lpr: 1000 | od2cap: 0 | fr2kr: 0 | lpr2kr: 1000 | cap2udp: 0 | kr2udp: 0 | 
2026-05-03 17:57:08,920 - INFO     - img2od: 48 | od2fr: 0 | od2lpr: 1000 | od2cap: 0 | fr2kr: 0 | lpr2kr: 1000 | cap2udp: 0 | kr2udp: 1 | 
2026-05-03 17:57:09,921 - INFO     - img2od: 48 | od2fr: 0 | od2lpr: 1000 | od2cap: 0 | fr2kr: 0 | lpr2kr: 1000 | cap2udp: 0 | kr2udp: 1 | 
2026-05-03 17:57:10,923 - INFO     - img2od: 48 | od2fr: 0 | od2lpr: 1000 | od2cap: 0 | fr2kr: 0 | lpr2kr: 1000 | cap2udp: 0 | kr2udp: 1 | 
2026-05-03 17:57:11,924 - INFO     - img2od: 48 | od2fr: 0 | od2lpr: 1000 | od2cap: 0 | fr2kr: 0 | lpr2kr: 1000 | cap2udp: 0 | kr2udp: 0 | 
2026-05-03 17:57:12,925 - INFO     - img2od: 48 | od2fr: 0 | od2lpr: 1000 | od2cap: 0 | fr2kr: 0 | lpr2kr: 1000 | cap2udp: 0 | kr2udp: 0 | 
2026-05-03 17:57:13,926 - INFO     - img2od: 48 | od2fr: 0 | od2lpr: 1000 | od2cap: 0 | fr2kr: 0 | lpr2kr: 1000 | cap2udp: 0 | kr2udp: 1 | 
2026-05-03 17:57:14,927 - INFO     - img2od: 48 | od2fr: 0 | od2lpr: 1000 | od2cap: 0 | fr2kr: 0 | lpr2kr: 1000 | cap2udp: 0 | kr2udp: 1 | 
2026-05-03 17:57:15,929 - INFO     - img2od: 48 | od2fr: 0 | od2lpr: 1000 | od2cap: 0 | fr2kr: 0 | lpr2kr: 1000 | cap2udp: 0 | kr2udp: 0 | 
2026-05-03 17:57:16,930 - INFO     - img2od: 48 | od2fr: 0 | od2lpr: 1000 | od2cap: 0 | fr2kr: 0 | lpr2kr: 1000 | cap2udp: 0 | kr2udp: 0 | 
2026-05-03 17:57:17,931 - INFO     - img2od: 48 | od2fr: 0 | od2lpr: 1000 | od2cap: 0 | fr2kr: 0 | lpr2kr: 1000 | cap2udp: 0 | kr2udp: 0 | 
2026-05-03 17:57:18,932 - INFO     - img2od: 48 | od2fr: 0 | od2lpr: 1000 | od2cap: 0 | fr2kr: 0 | lpr2kr: 1000 | cap2udp: 0 | kr2udp: 0 | 
2026-05-03 17:57:19,933 - INFO     - img2od: 48 | od2fr: 0 | od2lpr: 1000 | od2cap: 0 | fr2kr: 0 | lpr2kr: 1000 | cap2udp: 0 | kr2udp: 1 | 
2026-05-03 17:57:20,934 - INFO     - img2od: 48 | od2fr: 0 | od2lpr: 1000 | od2cap: 0 | fr2kr: 0 | lpr2kr: 1000 | cap2udp: 0 | kr2udp: 1 | 
2026-05-03 17:57:21,935 - INFO     - img2od: 48 | od2fr: 0 | od2lpr: 1000 | od2cap: 0 | fr2kr: 0 | lpr2kr: 1000 | cap2udp: 0 | kr2udp: 1 | 
2026-05-03 17:57:22,936 - INFO     - img2od: 48 | od2fr: 0 | od2lpr: 1000 | od2cap: 0 | fr2kr: 0 | lpr2kr: 1000 | cap2udp: 0 | kr2udp: 1 | 
2026-05-03 17:57:23,937 - INFO     - img2od: 48 | od2fr: 0 | od2lpr: 1000 | od2cap: 0 | fr2kr: 0 | lpr2kr: 1000 | cap2udp: 0 | kr2udp: 1 | 
2026-05-03 17:57:24,938 - INFO     - img2od: 48 | od2fr: 0 | od2lpr: 1000 | od2cap: 0 | fr2kr: 0 | lpr2kr: 1000 | cap2udp: 0 | kr2udp: 1 | 
2026-05-03 17:57:25,939 - INFO     - img2od: 48 | od2fr: 0 | od2lpr: 1000 | od2cap: 0 | fr2kr: 0 | lpr2kr: 1000 | cap2udp: 0 | kr2udp: 0 | 
2026-05-03 17:57:26,940 - INFO     - img2od: 48 | od2fr: 0 | od2lpr: 1000 | od2cap: 0 | fr2kr: 0 | lpr2kr: 1000 | cap2udp: 0 | kr2udp: 0 | 
2026-05-03 17:57:27,941 - INFO     - img2od: 48 | od2fr: 0 | od2lpr: 1000 | od2cap: 0 | fr2kr: 0 | lpr2kr: 1000 | cap2udp: 0 | kr2udp: 0 | 
2026-05-03 17:57:28,942 - INFO     - img2od: 48 | od2fr: 0 | od2lpr: 1000 | od2cap: 0 | fr2kr: 0 | lpr2kr: 1000 | cap2udp: 0 | kr2udp: 1 | 
2026-05-03 17:57:29,943 - INFO     - img2od: 48 | od2fr: 0 | od2lpr: 1000 | od2cap: 0 | fr2kr: 0 | lpr2kr: 995 | cap2udp: 0 | kr2udp: 1 | 
2026-05-03 17:57:30,944 - INFO     - img2od: 48 | od2fr: 0 | od2lpr: 1000 | od2cap: 0 | fr2kr: 0 | lpr2kr: 1000 | cap2udp: 0 | kr2udp: 1 | 
2026-05-03 17:57:31,945 - INFO     - img2od: 48 | od2fr: 0 | od2lpr: 1000 | od2cap: 0 | fr2kr: 0 | lpr2kr: 988 | cap2udp: 0 | kr2udp: 1 | 
2026-05-03 17:57:32,946 - INFO     - img2od: 48 | od2fr: 0 | od2lpr: 1000 | od2cap: 0 | fr2kr: 0 | lpr2kr: 1000 | cap2udp: 0 | kr2udp: 1 | 
2026-05-03 17:57:33,947 - INFO     - img2od: 48 | od2fr: 0 | od2lpr: 994 | od2cap: 0 | fr2kr: 0 | lpr2kr: 985 | cap2udp: 0 | kr2udp: 1 | 
2026-05-03 17:57:34,948 - INFO     - img2od: 48 | od2fr: 0 | od2lpr: 1000 | od2cap: 0 | fr2kr: 0 | lpr2kr: 1000 | cap2udp: 0 | kr2udp: 1 | 
2026-05-03 17:57:35,950 - INFO     - img2od: 48 | od2fr: 0 | od2lpr: 1000 | od2cap: 0 | fr2kr: 0 | lpr2kr: 1000 | cap2udp: 0 | kr2udp: 1 | 
2026-05-03 17:57:36,951 - INFO     - img2od: 48 | od2fr: 0 | od2lpr: 1000 | od2cap: 0 | fr2kr: 0 | lpr2kr: 1000 | cap2udp: 0 | kr2udp: 1 | 
2026-05-03 17:57:37,952 - INFO     - img2od: 48 | od2fr: 0 | od2lpr: 1000 | od2cap: 0 | fr2kr: 0 | lpr2kr: 1000 | cap2udp: 0 | kr2udp: 1 | 
2026-05-03 17:57:38,953 - INFO     - img2od: 48 | od2fr: 0 | od2lpr: 1000 | od2cap: 0 | fr2kr: 0 | lpr2kr: 1000 | cap2udp: 0 | kr2udp: 1 | 
2026-05-03 17:57:39,954 - INFO     - img2od: 48 | od2fr: 0 | od2lpr: 1000 | od2cap: 0 | fr2kr: 0 | lpr2kr: 1000 | cap2udp: 0 | kr2udp: 0 | 
2026-05-03 17:57:40,955 - INFO     - img2od: 48 | od2fr: 0 | od2lpr: 1000 | od2cap: 0 | fr2kr: 0 | lpr2kr: 1000 | cap2udp: 0 | kr2udp: 1 | 
2026-05-03 17:57:41,956 - INFO     - img2od: 48 | od2fr: 0 | od2lpr: 1000 | od2cap: 0 | fr2kr: 0 | lpr2kr: 1000 | cap2udp: 0 | kr2udp: 1 | 
2026-05-03 17:57:42,957 - INFO     - img2od: 46 | od2fr: 0 | od2lpr: 998 | od2cap: 0 | fr2kr: 1 | lpr2kr: 1000 | cap2udp: 0 | kr2udp: 1 | 
2026-05-03 17:57:43,958 - INFO     - img2od: 40 | od2fr: 10 | od2lpr: 998 | od2cap: 0 | fr2kr: 8 | lpr2kr: 1000 | cap2udp: 0 | kr2udp: 0 | 
2026-05-03 17:57:44,959 - INFO     - img2od: 36 | od2fr: 25 | od2lpr: 1000 | od2cap: 0 | fr2kr: 2 | lpr2kr: 1000 | cap2udp: 0 | kr2udp: 0 | 
2026-05-03 17:57:45,960 - INFO     - img2od: 36 | od2fr: 20 | od2lpr: 1000 | od2cap: 0 | fr2kr: 9 | lpr2kr: 1000 | cap2udp: 0 | kr2udp: 0 | 
2026-05-03 17:57:46,961 - INFO     - img2od: 36 | od2fr: 11 | od2lpr: 1000 | od2cap: 0 | fr2kr: 16 | lpr2kr: 1000 | cap2udp: 0 | kr2udp: 0 | 
2026-05-03 17:57:47,962 - INFO     - img2od: 36 | od2fr: 7 | od2lpr: 1000 | od2cap: 0 | fr2kr: 23 | lpr2kr: 1000 | cap2udp: 0 | kr2udp: 0 | 
2026-05-03 17:57:48,963 - INFO     - img2od: 36 | od2fr: 0 | od2lpr: 1000 | od2cap: 0 | fr2kr: 14 | lpr2kr: 1000 | cap2udp: 0 | kr2udp: 0 | 
2026-05-03 17:57:49,964 - INFO     - img2od: 36 | od2fr: 0 | od2lpr: 1000 | od2cap: 0 | fr2kr: 14 | lpr2kr: 1000 | cap2udp: 0 | kr2udp: 0 | 
2026-05-03 17:57:50,966 - INFO     - img2od: 36 | od2fr: 0 | od2lpr: 1000 | od2cap: 0 | fr2kr: 14 | lpr2kr: 1000 | cap2udp: 0 | kr2udp: 1 | 
2026-05-03 17:57:51,967 - INFO     - img2od: 36 | od2fr: 0 | od2lpr: 1000 | od2cap: 0 | fr2kr: 14 | lpr2kr: 1000 | cap2udp: 0 | kr2udp: 0 | 
2026-05-03 17:57:52,968 - INFO     - img2od: 36 | od2fr: 0 | od2lpr: 1000 | od2cap: 0 | fr2kr: 0 | lpr2kr: 1000 | cap2udp: 0 | kr2udp: 1 | 
2026-05-03 17:57:53,969 - INFO     - img2od: 36 | od2fr: 0 | od2lpr: 1000 | od2cap: 0 | fr2kr: 0 | lpr2kr: 1000 | cap2udp: 0 | kr2udp: 1 | 
2026-05-03 17:57:54,970 - INFO     - img2od: 36 | od2fr: 0 | od2lpr: 1000 | od2cap: 0 | fr2kr: 0 | lpr2kr: 1000 | cap2udp: 0 | kr2udp: 0 | 
2026-05-03 17:57:55,971 - INFO     - img2od: 36 | od2fr: 0 | od2lpr: 1000 | od2cap: 0 | fr2kr: 0 | lpr2kr: 996 | cap2udp: 0 | kr2udp: 1 | 
2026-05-03 17:57:56,972 - INFO     - img2od: 36 | od2fr: 0 | od2lpr: 1000 | od2cap: 0 | fr2kr: 0 | lpr2kr: 1000 | cap2udp: 0 | kr2udp: 0 | 
2026-05-03 17:57:57,974 - INFO     - img2od: 36 | od2fr: 0 | od2lpr: 1000 | od2cap: 0 | fr2kr: 0 | lpr2kr: 993 | cap2udp: 0 | kr2udp: 0 | 
2026-05-03 17:57:58,975 - INFO     - img2od: 36 | od2fr: 0 | od2lpr: 1000 | od2cap: 0 | fr2kr: 0 | lpr2kr: 1000 | cap2udp: 0 | kr2udp: 0 | 
2026-05-03 17:57:59,976 - INFO     - img2od: 36 | od2fr: 0 | od2lpr: 1000 | od2cap: 0 | fr2kr: 0 | lpr2kr: 989 | cap2udp: 0 | kr2udp: 0 | 
2026-05-03 17:58:00,977 - INFO     - img2od: 36 | od2fr: 0 | od2lpr: 1000 | od2cap: 0 | fr2kr: 0 | lpr2kr: 1000 | cap2udp: 0 | kr2udp: 0 | 
2026-05-03 17:58:01,979 - INFO     - img2od: 36 | od2fr: 0 | od2lpr: 1000 | od2cap: 0 | fr2kr: 0 | lpr2kr: 985 | cap2udp: 0 | kr2udp: 0 | 
2026-05-03 17:58:02,980 - INFO     - img2od: 36 | od2fr: 0 | od2lpr: 1000 | od2cap: 0 | fr2kr: 0 | lpr2kr: 1000 | cap2udp: 0 | kr2udp: 1 | 
2026-05-03 17:58:03,981 - INFO     - img2od: 36 | od2fr: 0 | od2lpr: 1000 | od2cap: 0 | fr2kr: 0 | lpr2kr: 1000 | cap2udp: 0 | kr2udp: 1 | 
2026-05-03 17:58:04,982 - INFO     - img2od: 36 | od2fr: 0 | od2lpr: 1000 | od2cap: 0 | fr2kr: 0 | lpr2kr: 1000 | cap2udp: 0 | kr2udp: 1 | 
2026-05-03 17:58:05,983 - INFO     - img2od: 36 | od2fr: 0 | od2lpr: 1000 | od2cap: 0 | fr2kr: 0 | lpr2kr: 1000 | cap2udp: 0 | kr2udp: 1 | 
2026-05-03 17:58:06,984 - INFO     - img2od: 36 | od2fr: 0 | od2lpr: 1000 | od2cap: 0 | fr2kr: 0 | lpr2kr: 1000 | cap2udp: 0 | kr2udp: 1 | 
2026-05-03 17:58:07,985 - INFO     - img2od: 36 | od2fr: 0 | od2lpr: 1000 | od2cap: 0 | fr2kr: 0 | lpr2kr: 1000 | cap2udp: 0 | kr2udp: 1 | 
2026-05-03 17:58:08,986 - INFO     - img2od: 36 | od2fr: 0 | od2lpr: 1000 | od2cap: 0 | fr2kr: 0 | lpr2kr: 1000 | cap2udp: 0 | kr2udp: 1 | 
2026-05-03 17:58:09,987 - INFO     - img2od: 36 | od2fr: 0 | od2lpr: 1000 | od2cap: 0 | fr2kr: 0 | lpr2kr: 1000 | cap2udp: 0 | kr2udp: 0 | 
2026-05-03 17:58:10,988 - INFO     - img2od: 36 | od2fr: 0 | od2lpr: 1000 | od2cap: 0 | fr2kr: 0 | lpr2kr: 1000 | cap2udp: 0 | kr2udp: 1 | 
2026-05-03 17:58:11,989 - INFO     - img2od: 36 | od2fr: 0 | od2lpr: 1000 | od2cap: 0 | fr2kr: 0 | lpr2kr: 1000 | cap2udp: 0 | kr2udp: 0 | 
2026-05-03 17:58:12,990 - INFO     - img2od: 36 | od2fr: 0 | od2lpr: 1000 | od2cap: 0 | fr2kr: 0 | lpr2kr: 1000 | cap2udp: 0 | kr2udp: 1 | 
2026-05-03 17:58:13,991 - INFO     - img2od: 36 | od2fr: 0 | od2lpr: 1000 | od2cap: 0 | fr2kr: 0 | lpr2kr: 1000 | cap2udp: 0 | kr2udp: 0 | 
2026-05-03 17:58:14,992 - INFO     - img2od: 36 | od2fr: 0 | od2lpr: 1000 | od2cap: 0 | fr2kr: 0 | lpr2kr: 1000 | cap2udp: 0 | kr2udp: 1 | 
2026-05-03 17:58:15,993 - INFO     - img2od: 36 | od2fr: 0 | od2lpr: 1000 | od2cap: 0 | fr2kr: 0 | lpr2kr: 1000 | cap2udp: 0 | kr2udp: 1 | 
2026-05-03 17:58:16,994 - INFO     - img2od: 36 | od2fr: 0 | od2lpr: 1000 | od2cap: 0 | fr2kr: 0 | lpr2kr: 1000 | cap2udp: 0 | kr2udp: 0 | 
2026-05-03 17:58:17,995 - INFO     - img2od: 36 | od2fr: 0 | od2lpr: 1000 | od2cap: 0 | fr2kr: 0 | lpr2kr: 1000 | cap2udp: 0 | kr2udp: 0 | 
2026-05-03 17:58:18,996 - INFO     - img2od: 36 | od2fr: 0 | od2lpr: 1000 | od2cap: 0 | fr2kr: 0 | lpr2kr: 1000 | cap2udp: 0 | kr2udp: 0 | 
2026-05-03 17:58:19,997 - INFO     - img2od: 36 | od2fr: 0 | od2lpr: 1000 | od2cap: 0 | fr2kr: 0 | lpr2kr: 1000 | cap2udp: 0 | kr2udp: 0 | 
2026-05-03 17:58:20,998 - INFO     - img2od: 36 | od2fr: 0 | od2lpr: 1000 | od2cap: 0 | fr2kr: 0 | lpr2kr: 1000 | cap2udp: 0 | kr2udp: 1 | 
2026-05-03 17:58:21,999 - INFO     - img2od: 36 | od2fr: 0 | od2lpr: 1000 | od2cap: 0 | fr2kr: 0 | lpr2kr: 1000 | cap2udp: 0 | kr2udp: 0 | 
2026-05-03 17:58:23,000 - INFO     - img2od: 36 | od2fr: 0 | od2lpr: 1000 | od2cap: 0 | fr2kr: 0 | lpr2kr: 1000 | cap2udp: 0 | kr2udp: 0 | 
2026-05-03 17:58:24,001 - INFO     - img2od: 36 | od2fr: 0 | od2lpr: 1000 | od2cap: 0 | fr2kr: 0 | lpr2kr: 1000 | cap2udp: 0 | kr2udp: 1 | 
2026-05-03 17:58:25,002 - INFO     - img2od: 36 | od2fr: 0 | od2lpr: 1000 | od2cap: 0 | fr2kr: 0 | lpr2kr: 1000 | cap2udp: 0 | kr2udp: 1 | 
2026-05-03 17:58:26,003 - INFO     - img2od: 36 | od2fr: 0 | od2lpr: 1000 | od2cap: 0 | fr2kr: 0 | lpr2kr: 1000 | cap2udp: 0 | kr2udp: 1 | 
2026-05-03 17:58:27,005 - INFO     - img2od: 36 | od2fr: 0 | od2lpr: 1000 | od2cap: 0 | fr2kr: 0 | lpr2kr: 1000 | cap2udp: 0 | kr2udp: 1 | 
2026-05-03 17:58:28,006 - INFO     - img2od: 36 | od2fr: 0 | od2lpr: 1000 | od2cap: 0 | fr2kr: 0 | lpr2kr: 1000 | cap2udp: 0 | kr2udp: 1 | 
2026-05-03 17:58:29,007 - INFO     - img2od: 36 | od2fr: 0 | od2lpr: 1000 | od2cap: 0 | fr2kr: 0 | lpr2kr: 1000 | cap2udp: 0 | kr2udp: 1 | 
2026-05-03 17:58:30,008 - INFO     - img2od: 36 | od2fr: 0 | od2lpr: 1000 | od2cap: 0 | fr2kr: 0 | lpr2kr: 1000 | cap2udp: 0 | kr2udp: 1 | 
2026-05-03 17:58:31,009 - INFO     - img2od: 36 | od2fr: 0 | od2lpr: 1000 | od2cap: 0 | fr2kr: 0 | lpr2kr: 1000 | cap2udp: 0 | kr2udp: 1 | 
2026-05-03 17:58:32,011 - INFO     - img2od: 36 | od2fr: 0 | od2lpr: 1000 | od2cap: 0 | fr2kr: 0 | lpr2kr: 1000 | cap2udp: 0 | kr2udp: 1 | 
2026-05-03 17:58:33,012 - INFO     - img2od: 36 | od2fr: 0 | od2lpr: 1000 | od2cap: 0 | fr2kr: 0 | lpr2kr: 1000 | cap2udp: 0 | kr2udp: 1 | 
2026-05-03 17:58:34,013 - INFO     - img2od: 36 | od2fr: 0 | od2lpr: 1000 | od2cap: 0 | fr2kr: 0 | lpr2kr: 1000 | cap2udp: 0 | kr2udp: 1 | 
2026-05-03 17:58:35,014 - INFO     - img2od: 36 | od2fr: 0 | od2lpr: 1000 | od2cap: 0 | fr2kr: 0 | lpr2kr: 1000 | cap2udp: 0 | kr2udp: 1 | 
2026-05-03 17:58:36,015 - INFO     - img2od: 36 | od2fr: 0 | od2lpr: 1000 | od2cap: 0 | fr2kr: 0 | lpr2kr: 1000 | cap2udp: 0 | kr2udp: 1 | 
2026-05-03 17:58:37,016 - INFO     - img2od: 36 | od2fr: 0 | od2lpr: 1000 | od2cap: 0 | fr2kr: 0 | lpr2kr: 999 | cap2udp: 0 | kr2udp: 1 | 
2026-05-03 17:58:38,017 - INFO     - img2od: 36 | od2fr: 0 | od2lpr: 1000 | od2cap: 0 | fr2kr: 0 | lpr2kr: 1000 | cap2udp: 0 | kr2udp: 1 | 
2026-05-03 17:58:39,019 - INFO     - img2od: 36 | od2fr: 0 | od2lpr: 1000 | od2cap: 0 | fr2kr: 0 | lpr2kr: 994 | cap2udp: 0 | kr2udp: 1 | 
2026-05-03 17:58:40,020 - INFO     - img2od: 36 | od2fr: 0 | od2lpr: 1000 | od2cap: 0 | fr2kr: 0 | lpr2kr: 1000 | cap2udp: 0 | kr2udp: 1 | 
2026-05-03 17:58:41,021 - INFO     - img2od: 36 | od2fr: 0 | od2lpr: 1000 | od2cap: 0 | fr2kr: 0 | lpr2kr: 989 | cap2udp: 0 | kr2udp: 1 | 
2026-05-03 17:58:42,022 - INFO     - img2od: 36 | od2fr: 0 | od2lpr: 1000 | od2cap: 0 | fr2kr: 0 | lpr2kr: 1000 | cap2udp: 0 | kr2udp: 1 | 
2026-05-03 17:58:43,023 - INFO     - img2od: 36 | od2fr: 0 | od2lpr: 1000 | od2cap: 0 | fr2kr: 0 | lpr2kr: 985 | cap2udp: 0 | kr2udp: 1 | 
2026-05-03 17:58:44,024 - INFO     - img2od: 36 | od2fr: 0 | od2lpr: 1000 | od2cap: 0 | fr2kr: 0 | lpr2kr: 1000 | cap2udp: 0 | kr2udp: 1 | 
2026-05-03 17:58:45,025 - INFO     - img2od: 36 | od2fr: 0 | od2lpr: 1000 | od2cap: 0 | fr2kr: 0 | lpr2kr: 1000 | cap2udp: 0 | kr2udp: 1 | 
2026-05-03 17:58:46,026 - INFO     - img2od: 36 | od2fr: 0 | od2lpr: 1000 | od2cap: 0 | fr2kr: 0 | lpr2kr: 1000 | cap2udp: 0 | kr2udp: 1 | 
2026-05-03 17:58:47,027 - INFO     - img2od: 36 | od2fr: 0 | od2lpr: 1000 | od2cap: 0 | fr2kr: 0 | lpr2kr: 1000 | cap2udp: 0 | kr2udp: 1 | 
2026-05-03 17:58:48,028 - INFO     - img2od: 36 | od2fr: 0 | od2lpr: 1000 | od2cap: 0 | fr2kr: 0 | lpr2kr: 1000 | cap2udp: 0 | kr2udp: 0 | 
2026-05-03 17:58:49,029 - INFO     - img2od: 36 | od2fr: 0 | od2lpr: 1000 | od2cap: 0 | fr2kr: 0 | lpr2kr: 1000 | cap2udp: 0 | kr2udp: 0 | 
2026-05-03 17:58:50,030 - INFO     - img2od: 36 | od2fr: 0 | od2lpr: 1000 | od2cap: 0 | fr2kr: 0 | lpr2kr: 1000 | cap2udp: 0 | kr2udp: 0 | 
2026-05-03 17:58:51,031 - INFO     - img2od: 36 | od2fr: 0 | od2lpr: 1000 | od2cap: 0 | fr2kr: 0 | lpr2kr: 1000 | cap2udp: 0 | kr2udp: 1 | 
2026-05-03 17:58:52,032 - INFO     - img2od: 36 | od2fr: 0 | od2lpr: 1000 | od2cap: 0 | fr2kr: 0 | lpr2kr: 1000 | cap2udp: 0 | kr2udp: 0 | 
2026-05-03 17:58:53,034 - INFO     - img2od: 36 | od2fr: 0 | od2lpr: 1000 | od2cap: 0 | fr2kr: 0 | lpr2kr: 1000 | cap2udp: 0 | kr2udp: 0 | 
2026-05-03 17:58:54,035 - INFO     - img2od: 36 | od2fr: 0 | od2lpr: 1000 | od2cap: 0 | fr2kr: 0 | lpr2kr: 1000 | cap2udp: 0 | kr2udp: 0 | 
2026-05-03 17:58:55,036 - INFO     - img2od: 36 | od2fr: 0 | od2lpr: 1000 | od2cap: 0 | fr2kr: 0 | lpr2kr: 1000 | cap2udp: 0 | kr2udp: 1 | 
2026-05-03 17:58:56,037 - INFO     - img2od: 36 | od2fr: 0 | od2lpr: 1000 | od2cap: 0 | fr2kr: 0 | lpr2kr: 1000 | cap2udp: 0 | kr2udp: 0 | 
2026-05-03 17:58:57,038 - INFO     - img2od: 36 | od2fr: 0 | od2lpr: 1000 | od2cap: 0 | fr2kr: 0 | lpr2kr: 1000 | cap2udp: 0 | kr2udp: 1 | 
2026-05-03 17:58:58,040 - INFO     - img2od: 36 | od2fr: 0 | od2lpr: 1000 | od2cap: 0 | fr2kr: 0 | lpr2kr: 1000 | cap2udp: 0 | kr2udp: 1 | 
2026-05-03 17:58:59,041 - INFO     - img2od: 36 | od2fr: 0 | od2lpr: 1000 | od2cap: 0 | fr2kr: 0 | lpr2kr: 1000 | cap2udp: 0 | kr2udp: 0 | 
2026-05-03 17:59:00,042 - INFO     - img2od: 36 | od2fr: 0 | od2lpr: 1000 | od2cap: 0 | fr2kr: 0 | lpr2kr: 1000 | cap2udp: 0 | kr2udp: 0 | 
2026-05-03 17:59:01,043 - INFO     - img2od: 36 | od2fr: 0 | od2lpr: 1000 | od2cap: 0 | fr2kr: 0 | lpr2kr: 1000 | cap2udp: 0 | kr2udp: 0 | 
2026-05-03 17:59:02,044 - INFO     - img2od: 36 | od2fr: 0 | od2lpr: 1000 | od2cap: 0 | fr2kr: 0 | lpr2kr: 1000 | cap2udp: 0 | kr2udp: 0 | 
2026-05-03 17:59:03,046 - INFO     - img2od: 36 | od2fr: 0 | od2lpr: 1000 | od2cap: 0 | fr2kr: 0 | lpr2kr: 1000 | cap2udp: 0 | kr2udp: 0 | 
2026-05-03 17:59:04,047 - INFO     - img2od: 36 | od2fr: 0 | od2lpr: 1000 | od2cap: 0 | fr2kr: 0 | lpr2kr: 1000 | cap2udp: 0 | kr2udp: 1 | 
2026-05-03 17:59:05,048 - INFO     - img2od: 36 | od2fr: 0 | od2lpr: 1000 | od2cap: 0 | fr2kr: 0 | lpr2kr: 1000 | cap2udp: 0 | kr2udp: 0 | 
2026-05-03 17:59:06,049 - INFO     - img2od: 33 | od2fr: 2 | od2lpr: 997 | od2cap: 0 | fr2kr: 3 | lpr2kr: 1000 | cap2udp: 0 | kr2udp: 0 | 
2026-05-03 17:59:07,050 - INFO     - img2od: 31 | od2fr: 0 | od2lpr: 1000 | od2cap: 0 | fr2kr: 10 | lpr2kr: 1000 | cap2udp: 0 | kr2udp: 1 | 
2026-05-03 17:59:08,052 - INFO     - img2od: 31 | od2fr: 0 | od2lpr: 1000 | od2cap: 0 | fr2kr: 0 | lpr2kr: 1000 | cap2udp: 0 | kr2udp: 1 | 
2026-05-03 17:59:09,053 - INFO     - img2od: 31 | od2fr: 0 | od2lpr: 1000 | od2cap: 0 | fr2kr: 0 | lpr2kr: 1000 | cap2udp: 0 | kr2udp: 1 | 
2026-05-03 17:59:10,054 - INFO     - img2od: 31 | od2fr: 0 | od2lpr: 1000 | od2cap: 0 | fr2kr: 0 | lpr2kr: 1000 | cap2udp: 0 | kr2udp: 1 | 
2026-05-03 17:59:11,055 - INFO     - img2od: 31 | od2fr: 0 | od2lpr: 1000 | od2cap: 0 | fr2kr: 0 | lpr2kr: 1000 | cap2udp: 0 | kr2udp: 1 | 
2026-05-03 17:59:12,056 - INFO     - img2od: 31 | od2fr: 0 | od2lpr: 1000 | od2cap: 0 | fr2kr: 0 | lpr2kr: 1000 | cap2udp: 0 | kr2udp: 1 | 
2026-05-03 17:59:13,057 - INFO     - img2od: 31 | od2fr: 0 | od2lpr: 1000 | od2cap: 0 | fr2kr: 0 | lpr2kr: 1000 | cap2udp: 0 | kr2udp: 0 | 
2026-05-03 17:59:14,058 - INFO     - img2od: 31 | od2fr: 0 | od2lpr: 1000 | od2cap: 0 | fr2kr: 0 | lpr2kr: 1000 | cap2udp: 0 | kr2udp: 0 | 
2026-05-03 17:59:15,059 - INFO     - img2od: 31 | od2fr: 0 | od2lpr: 1000 | od2cap: 0 | fr2kr: 0 | lpr2kr: 1000 | cap2udp: 0 | kr2udp: 0 | 
2026-05-03 17:59:16,060 - INFO     - img2od: 31 | od2fr: 0 | od2lpr: 1000 | od2cap: 0 | fr2kr: 0 | lpr2kr: 1000 | cap2udp: 0 | kr2udp: 0 | 
2026-05-03 17:59:17,062 - INFO     - img2od: 31 | od2fr: 0 | od2lpr: 1000 | od2cap: 0 | fr2kr: 0 | lpr2kr: 1000 | cap2udp: 0 | kr2udp: 0 | 
2026-05-03 17:59:18,063 - INFO     - img2od: 31 | od2fr: 0 | od2lpr: 1000 | od2cap: 0 | fr2kr: 0 | lpr2kr: 1000 | cap2udp: 0 | kr2udp: 0 | 
2026-05-03 17:59:19,064 - INFO     - img2od: 31 | od2fr: 0 | od2lpr: 1000 | od2cap: 0 | fr2kr: 0 | lpr2kr: 1000 | cap2udp: 0 | kr2udp: 0 | 
2026-05-03 17:59:20,065 - INFO     - img2od: 31 | od2fr: 0 | od2lpr: 1000 | od2cap: 0 | fr2kr: 0 | lpr2kr: 1000 | cap2udp: 0 | kr2udp: 0 | 
2026-05-03 17:59:21,067 - INFO     - img2od: 31 | od2fr: 0 | od2lpr: 1000 | od2cap: 0 | fr2kr: 0 | lpr2kr: 1000 | cap2udp: 0 | kr2udp: 1 | 
2026-05-03 17:59:22,068 - INFO     - img2od: 31 | od2fr: 0 | od2lpr: 1000 | od2cap: 0 | fr2kr: 0 | lpr2kr: 1000 | cap2udp: 0 | kr2udp: 0 | 
2026-05-03 17:59:23,069 - INFO     - img2od: 31 | od2fr: 0 | od2lpr: 1000 | od2cap: 0 | fr2kr: 0 | lpr2kr: 1000 | cap2udp: 0 | kr2udp: 0 | 
2026-05-03 17:59:24,070 - INFO     - img2od: 31 | od2fr: 0 | od2lpr: 1000 | od2cap: 0 | fr2kr: 0 | lpr2kr: 1000 | cap2udp: 0 | kr2udp: 0 | 
2026-05-03 17:59:25,072 - INFO     - img2od: 31 | od2fr: 0 | od2lpr: 1000 | od2cap: 0 | fr2kr: 0 | lpr2kr: 1000 | cap2udp: 0 | kr2udp: 0 | 
2026-05-03 17:59:26,073 - INFO     - img2od: 31 | od2fr: 0 | od2lpr: 1000 | od2cap: 0 | fr2kr: 0 | lpr2kr: 1000 | cap2udp: 0 | kr2udp: 1 | 
2026-05-03 17:59:27,074 - INFO     - img2od: 31 | od2fr: 0 | od2lpr: 1000 | od2cap: 0 | fr2kr: 0 | lpr2kr: 1000 | cap2udp: 0 | kr2udp: 1 | 
2026-05-03 17:59:28,075 - INFO     - img2od: 31 | od2fr: 0 | od2lpr: 1000 | od2cap: 0 | fr2kr: 0 | lpr2kr: 1000 | cap2udp: 0 | kr2udp: 0 | 
2026-05-03 17:59:29,077 - INFO     - img2od: 31 | od2fr: 0 | od2lpr: 1000 | od2cap: 0 | fr2kr: 0 | lpr2kr: 1000 | cap2udp: 0 | kr2udp: 0 | 
2026-05-03 17:59:30,078 - INFO     - img2od: 31 | od2fr: 0 | od2lpr: 1000 | od2cap: 0 | fr2kr: 0 | lpr2kr: 1000 | cap2udp: 0 | kr2udp: 0 | 
2026-05-03 17:59:31,079 - INFO     - img2od: 31 | od2fr: 0 | od2lpr: 1000 | od2cap: 0 | fr2kr: 0 | lpr2kr: 1000 | cap2udp: 0 | kr2udp: 1 | 
2026-05-03 17:59:32,080 - INFO     - img2od: 31 | od2fr: 0 | od2lpr: 1000 | od2cap: 0 | fr2kr: 0 | lpr2kr: 1000 | cap2udp: 0 | kr2udp: 0 | 
2026-05-03 17:59:33,081 - INFO     - img2od: 31 | od2fr: 0 | od2lpr: 1000 | od2cap: 0 | fr2kr: 0 | lpr2kr: 1000 | cap2udp: 0 | kr2udp: 1 | 
2026-05-03 17:59:34,082 - INFO     - img2od: 31 | od2fr: 0 | od2lpr: 1000 | od2cap: 0 | fr2kr: 0 | lpr2kr: 1000 | cap2udp: 0 | kr2udp: 0 | 
2026-05-03 17:59:35,084 - INFO     - img2od: 31 | od2fr: 0 | od2lpr: 1000 | od2cap: 0 | fr2kr: 0 | lpr2kr: 1000 | cap2udp: 0 | kr2udp: 0 | 
2026-05-03 17:59:36,085 - INFO     - img2od: 31 | od2fr: 0 | od2lpr: 1000 | od2cap: 0 | fr2kr: 0 | lpr2kr: 1000 | cap2udp: 0 | kr2udp: 0 | 
2026-05-03 17:59:37,086 - INFO     - img2od: 31 | od2fr: 0 | od2lpr: 1000 | od2cap: 0 | fr2kr: 0 | lpr2kr: 1000 | cap2udp: 0 | kr2udp: 0 | 
2026-05-03 17:59:38,087 - INFO     - img2od: 31 | od2fr: 0 | od2lpr: 1000 | od2cap: 0 | fr2kr: 0 | lpr2kr: 1000 | cap2udp: 0 | kr2udp: 0 | 
2026-05-03 17:59:39,088 - INFO     - img2od: 31 | od2fr: 0 | od2lpr: 1000 | od2cap: 0 | fr2kr: 0 | lpr2kr: 1000 | cap2udp: 0 | kr2udp: 0 | 
2026-05-03 17:59:40,089 - INFO     - img2od: 31 | od2fr: 0 | od2lpr: 1000 | od2cap: 0 | fr2kr: 0 | lpr2kr: 1000 | cap2udp: 0 | kr2udp: 0 | 
2026-05-03 17:59:41,090 - INFO     - img2od: 31 | od2fr: 0 | od2lpr: 1000 | od2cap: 0 | fr2kr: 0 | lpr2kr: 1000 | cap2udp: 0 | kr2udp: 0 | 
2026-05-03 17:59:42,091 - INFO     - img2od: 31 | od2fr: 0 | od2lpr: 1000 | od2cap: 0 | fr2kr: 0 | lpr2kr: 1000 | cap2udp: 0 | kr2udp: 0 | 
2026-05-03 17:59:43,093 - INFO     - img2od: 31 | od2fr: 0 | od2lpr: 1000 | od2cap: 0 | fr2kr: 0 | lpr2kr: 1000 | cap2udp: 0 | kr2udp: 0 | 
2026-05-03 17:59:44,094 - INFO     - img2od: 31 | od2fr: 0 | od2lpr: 1000 | od2cap: 0 | fr2kr: 0 | lpr2kr: 1000 | cap2udp: 0 | kr2udp: 0 | 
2026-05-03 17:59:45,095 - INFO     - img2od: 31 | od2fr: 0 | od2lpr: 1000 | od2cap: 0 | fr2kr: 0 | lpr2kr: 1000 | cap2udp: 0 | kr2udp: 0 | 
2026-05-03 17:59:46,096 - INFO     - img2od: 31 | od2fr: 0 | od2lpr: 1000 | od2cap: 0 | fr2kr: 0 | lpr2kr: 1000 | cap2udp: 0 | kr2udp: 0 | 
2026-05-03 17:59:47,098 - INFO     - img2od: 31 | od2fr: 0 | od2lpr: 1000 | od2cap: 0 | fr2kr: 0 | lpr2kr: 1000 | cap2udp: 0 | kr2udp: 0 | 
2026-05-03 17:59:48,099 - INFO     - img2od: 31 | od2fr: 0 | od2lpr: 1000 | od2cap: 0 | fr2kr: 0 | lpr2kr: 1000 | cap2udp: 0 | kr2udp: 0 | 
2026-05-03 17:59:49,100 - INFO     - img2od: 31 | od2fr: 0 | od2lpr: 1000 | od2cap: 0 | fr2kr: 0 | lpr2kr: 1000 | cap2udp: 0 | kr2udp: 0 | 
2026-05-03 17:59:50,101 - INFO     - img2od: 31 | od2fr: 0 | od2lpr: 1000 | od2cap: 0 | fr2kr: 0 | lpr2kr: 1000 | cap2udp: 0 | kr2udp: 1 | 
2026-05-03 17:59:51,102 - INFO     - img2od: 31 | od2fr: 0 | od2lpr: 1000 | od2cap: 0 | fr2kr: 0 | lpr2kr: 1000 | cap2udp: 0 | kr2udp: 1 | 
2026-05-03 17:59:52,104 - INFO     - img2od: 31 | od2fr: 0 | od2lpr: 1000 | od2cap: 0 | fr2kr: 0 | lpr2kr: 1000 | cap2udp: 0 | kr2udp: 0 | 
2026-05-03 17:59:53,105 - INFO     - img2od: 31 | od2fr: 0 | od2lpr: 1000 | od2cap: 0 | fr2kr: 0 | lpr2kr: 1000 | cap2udp: 0 | kr2udp: 0 | 
2026-05-03 17:59:54,106 - INFO     - img2od: 31 | od2fr: 0 | od2lpr: 1000 | od2cap: 0 | fr2kr: 0 | lpr2kr: 1000 | cap2udp: 0 | kr2udp: 0 | 
2026-05-03 17:59:55,107 - INFO     - img2od: 31 | od2fr: 0 | od2lpr: 1000 | od2cap: 0 | fr2kr: 0 | lpr2kr: 1000 | cap2udp: 0 | kr2udp: 0 | 
2026-05-03 17:59:56,108 - INFO     - img2od: 31 | od2fr: 0 | od2lpr: 1000 | od2cap: 0 | fr2kr: 0 | lpr2kr: 1000 | cap2udp: 0 | kr2udp: 0 | 
2026-05-03 17:59:57,110 - INFO     - img2od: 31 | od2fr: 0 | od2lpr: 1000 | od2cap: 0 | fr2kr: 0 | lpr2kr: 1000 | cap2udp: 0 | kr2udp: 0 | 
2026-05-03 17:59:58,111 - INFO     - img2od: 31 | od2fr: 0 | od2lpr: 1000 | od2cap: 0 | fr2kr: 0 | lpr2kr: 1000 | cap2udp: 0 | kr2udp: 0 | 
2026-05-03 17:59:59,112 - INFO     - img2od: 31 | od2fr: 0 | od2lpr: 1000 | od2cap: 0 | fr2kr: 0 | lpr2kr: 1000 | cap2udp: 0 | kr2udp: 0 | 
2026-05-03 18:00:00,113 - INFO     - img2od: 31 | od2fr: 0 | od2lpr: 1000 | od2cap: 0 | fr2kr: 0 | lpr2kr: 1000 | cap2udp: 0 | kr2udp: 0 | 
2026-05-03 18:00:01,115 - INFO     - img2od: 31 | od2fr: 0 | od2lpr: 1000 | od2cap: 0 | fr2kr: 0 | lpr2kr: 1000 | cap2udp: 0 | kr2udp: 0 | 
2026-05-03 18:00:02,116 - INFO     - img2od: 31 | od2fr: 0 | od2lpr: 1000 | od2cap: 0 | fr2kr: 0 | lpr2kr: 1000 | cap2udp: 0 | kr2udp: 0 | 
2026-05-03 18:00:03,117 - INFO     - img2od: 31 | od2fr: 0 | od2lpr: 1000 | od2cap: 0 | fr2kr: 0 | lpr2kr: 1000 | cap2udp: 0 | kr2udp: 0 | 
2026-05-03 18:00:04,118 - INFO     - img2od: 31 | od2fr: 0 | od2lpr: 1000 | od2cap: 0 | fr2kr: 0 | lpr2kr: 1000 | cap2udp: 0 | kr2udp: 0 | 
2026-05-03 18:00:05,120 - INFO     - img2od: 31 | od2fr: 0 | od2lpr: 1000 | od2cap: 0 | fr2kr: 0 | lpr2kr: 1000 | cap2udp: 0 | kr2udp: 1 | 
2026-05-03 18:00:06,121 - INFO     - img2od: 31 | od2fr: 0 | od2lpr: 1000 | od2cap: 0 | fr2kr: 0 | lpr2kr: 1000 | cap2udp: 0 | kr2udp: 0 | 
2026-05-03 18:00:07,122 - INFO     - img2od: 31 | od2fr: 0 | od2lpr: 1000 | od2cap: 0 | fr2kr: 0 | lpr2kr: 1000 | cap2udp: 0 | kr2udp: 1 | 
2026-05-03 18:00:08,123 - INFO     - img2od: 31 | od2fr: 0 | od2lpr: 1000 | od2cap: 0 | fr2kr: 0 | lpr2kr: 1000 | cap2udp: 0 | kr2udp: 0 | 
2026-05-03 18:00:09,124 - INFO     - img2od: 31 | od2fr: 0 | od2lpr: 1000 | od2cap: 0 | fr2kr: 0 | lpr2kr: 1000 | cap2udp: 0 | kr2udp: 1 | 
2026-05-03 18:00:10,126 - INFO     - img2od: 31 | od2fr: 0 | od2lpr: 1000 | od2cap: 0 | fr2kr: 0 | lpr2kr: 1000 | cap2udp: 0 | kr2udp: 0 | 
2026-05-03 18:00:11,127 - INFO     - img2od: 31 | od2fr: 0 | od2lpr: 1000 | od2cap: 0 | fr2kr: 0 | lpr2kr: 1000 | cap2udp: 0 | kr2udp: 1 | 
2026-05-03 18:00:12,128 - INFO     - img2od: 31 | od2fr: 0 | od2lpr: 1000 | od2cap: 0 | fr2kr: 0 | lpr2kr: 1000 | cap2udp: 0 | kr2udp: 0 | 
2026-05-03 18:00:13,129 - INFO     - img2od: 31 | od2fr: 0 | od2lpr: 1000 | od2cap: 0 | fr2kr: 0 | lpr2kr: 1000 | cap2udp: 0 | kr2udp: 1 | 
2026-05-03 18:00:14,130 - INFO     - img2od: 31 | od2fr: 0 | od2lpr: 1000 | od2cap: 0 | fr2kr: 0 | lpr2kr: 1000 | cap2udp: 0 | kr2udp: 0 | 
2026-05-03 18:00:15,132 - INFO     - img2od: 31 | od2fr: 0 | od2lpr: 1000 | od2cap: 0 | fr2kr: 0 | lpr2kr: 1000 | cap2udp: 0 | kr2udp: 1 | 
2026-05-03 18:00:16,133 - INFO     - img2od: 31 | od2fr: 0 | od2lpr: 1000 | od2cap: 0 | fr2kr: 0 | lpr2kr: 1000 | cap2udp: 0 | kr2udp: 0 | 
2026-05-03 18:00:17,134 - INFO     - img2od: 31 | od2fr: 0 | od2lpr: 1000 | od2cap: 0 | fr2kr: 0 | lpr2kr: 1000 | cap2udp: 0 | kr2udp: 0 | 
2026-05-03 18:00:18,135 - INFO     - img2od: 31 | od2fr: 0 | od2lpr: 1000 | od2cap: 0 | fr2kr: 0 | lpr2kr: 1000 | cap2udp: 0 | kr2udp: 1 | 
2026-05-03 18:00:19,137 - INFO     - img2od: 31 | od2fr: 0 | od2lpr: 1000 | od2cap: 0 | fr2kr: 0 | lpr2kr: 1000 | cap2udp: 0 | kr2udp: 1 | 
2026-05-03 18:00:20,138 - INFO     - img2od: 31 | od2fr: 0 | od2lpr: 1000 | od2cap: 0 | fr2kr: 0 | lpr2kr: 1000 | cap2udp: 0 | kr2udp: 1 | 
2026-05-03 18:00:21,139 - INFO     - img2od: 31 | od2fr: 0 | od2lpr: 1000 | od2cap: 0 | fr2kr: 0 | lpr2kr: 1000 | cap2udp: 0 | kr2udp: 1 | 
2026-05-03 18:00:22,140 - INFO     - img2od: 31 | od2fr: 0 | od2lpr: 1000 | od2cap: 0 | fr2kr: 0 | lpr2kr: 1000 | cap2udp: 0 | kr2udp: 1 | 
2026-05-03 18:00:23,141 - INFO     - img2od: 31 | od2fr: 0 | od2lpr: 1000 | od2cap: 0 | fr2kr: 0 | lpr2kr: 1000 | cap2udp: 0 | kr2udp: 0 | 
2026-05-03 18:00:24,143 - INFO     - img2od: 31 | od2fr: 0 | od2lpr: 1000 | od2cap: 0 | fr2kr: 0 | lpr2kr: 1000 | cap2udp: 0 | kr2udp: 1 | 
2026-05-03 18:00:25,144 - INFO     - img2od: 31 | od2fr: 0 | od2lpr: 1000 | od2cap: 0 | fr2kr: 0 | lpr2kr: 1000 | cap2udp: 0 | kr2udp: 0 | 
2026-05-03 18:00:26,145 - INFO     - img2od: 31 | od2fr: 0 | od2lpr: 1000 | od2cap: 0 | fr2kr: 0 | lpr2kr: 1000 | cap2udp: 0 | kr2udp: 1 | 
2026-05-03 18:00:27,146 - INFO     - img2od: 31 | od2fr: 0 | od2lpr: 1000 | od2cap: 0 | fr2kr: 0 | lpr2kr: 1000 | cap2udp: 0 | kr2udp: 0 | 
2026-05-03 18:00:28,148 - INFO     - img2od: 31 | od2fr: 0 | od2lpr: 1000 | od2cap: 0 | fr2kr: 0 | lpr2kr: 1000 | cap2udp: 0 | kr2udp: 1 | 
2026-05-03 18:00:29,149 - INFO     - img2od: 31 | od2fr: 0 | od2lpr: 1000 | od2cap: 0 | fr2kr: 0 | lpr2kr: 1000 | cap2udp: 0 | kr2udp: 0 | 
2026-05-03 18:00:30,150 - INFO     - img2od: 31 | od2fr: 0 | od2lpr: 1000 | od2cap: 0 | fr2kr: 0 | lpr2kr: 1000 | cap2udp: 0 | kr2udp: 1 | 
2026-05-03 18:00:31,151 - INFO     - img2od: 31 | od2fr: 0 | od2lpr: 1000 | od2cap: 0 | fr2kr: 0 | lpr2kr: 1000 | cap2udp: 0 | kr2udp: 1 | 
2026-05-03 18:00:32,152 - INFO     - img2od: 31 | od2fr: 0 | od2lpr: 1000 | od2cap: 0 | fr2kr: 0 | lpr2kr: 1000 | cap2udp: 0 | kr2udp: 0 | 
2026-05-03 18:00:33,153 - INFO     - img2od: 31 | od2fr: 0 | od2lpr: 1000 | od2cap: 0 | fr2kr: 0 | lpr2kr: 1000 | cap2udp: 0 | kr2udp: 1 | 
2026-05-03 18:00:34,154 - INFO     - img2od: 31 | od2fr: 0 | od2lpr: 1000 | od2cap: 0 | fr2kr: 0 | lpr2kr: 1000 | cap2udp: 0 | kr2udp: 1 | 
2026-05-03 18:00:35,156 - INFO     - img2od: 31 | od2fr: 0 | od2lpr: 1000 | od2cap: 0 | fr2kr: 0 | lpr2kr: 1000 | cap2udp: 0 | kr2udp: 1 | 
2026-05-03 18:00:36,157 - INFO     - img2od: 31 | od2fr: 0 | od2lpr: 1000 | od2cap: 0 | fr2kr: 0 | lpr2kr: 1000 | cap2udp: 0 | kr2udp: 1 | 
2026-05-03 18:00:37,158 - INFO     - img2od: 31 | od2fr: 0 | od2lpr: 1000 | od2cap: 0 | fr2kr: 0 | lpr2kr: 1000 | cap2udp: 0 | kr2udp: 1 | 
2026-05-03 18:00:38,159 - INFO     - img2od: 31 | od2fr: 0 | od2lpr: 1000 | od2cap: 0 | fr2kr: 0 | lpr2kr: 1000 | cap2udp: 0 | kr2udp: 1 | 
2026-05-03 18:00:39,161 - INFO     - img2od: 31 | od2fr: 0 | od2lpr: 1000 | od2cap: 0 | fr2kr: 0 | lpr2kr: 1000 | cap2udp: 0 | kr2udp: 1 | 
2026-05-03 18:00:40,162 - INFO     - img2od: 31 | od2fr: 0 | od2lpr: 1000 | od2cap: 0 | fr2kr: 0 | lpr2kr: 1000 | cap2udp: 0 | kr2udp: 1 | 
2026-05-03 18:00:41,163 - INFO     - img2od: 31 | od2fr: 0 | od2lpr: 1000 | od2cap: 0 | fr2kr: 0 | lpr2kr: 1000 | cap2udp: 0 | kr2udp: 1 | 
2026-05-03 18:00:42,164 - INFO     - img2od: 31 | od2fr: 0 | od2lpr: 1000 | od2cap: 0 | fr2kr: 0 | lpr2kr: 1000 | cap2udp: 0 | kr2udp: 1 | 
2026-05-03 18:00:43,166 - INFO     - img2od: 31 | od2fr: 0 | od2lpr: 1000 | od2cap: 0 | fr2kr: 0 | lpr2kr: 1000 | cap2udp: 0 | kr2udp: 1 | 
2026-05-03 18:00:44,167 - INFO     - img2od: 31 | od2fr: 0 | od2lpr: 1000 | od2cap: 0 | fr2kr: 0 | lpr2kr: 1000 | cap2udp: 0 | kr2udp: 1 | 
2026-05-03 18:00:45,168 - INFO     - img2od: 31 | od2fr: 0 | od2lpr: 1000 | od2cap: 0 | fr2kr: 0 | lpr2kr: 1000 | cap2udp: 0 | kr2udp: 1 | 
2026-05-03 18:00:46,169 - INFO     - img2od: 31 | od2fr: 0 | od2lpr: 1000 | od2cap: 0 | fr2kr: 0 | lpr2kr: 1000 | cap2udp: 0 | kr2udp: 1 | 
2026-05-03 18:00:47,170 - INFO     - img2od: 31 | od2fr: 0 | od2lpr: 1000 | od2cap: 0 | fr2kr: 0 | lpr2kr: 1000 | cap2udp: 0 | kr2udp: 1 | 
2026-05-03 18:00:48,172 - INFO     - img2od: 31 | od2fr: 0 | od2lpr: 1000 | od2cap: 0 | fr2kr: 0 | lpr2kr: 1000 | cap2udp: 0 | kr2udp: 1 | 
2026-05-03 18:00:49,173 - INFO     - img2od: 31 | od2fr: 0 | od2lpr: 1000 | od2cap: 0 | fr2kr: 0 | lpr2kr: 1000 | cap2udp: 0 | kr2udp: 1 | 
2026-05-03 18:00:50,174 - INFO     - img2od: 31 | od2fr: 0 | od2lpr: 1000 | od2cap: 0 | fr2kr: 0 | lpr2kr: 1000 | cap2udp: 0 | kr2udp: 1 | 
2026-05-03 18:00:51,175 - INFO     - img2od: 30 | od2fr: 0 | od2lpr: 1000 | od2cap: 0 | fr2kr: 0 | lpr2kr: 1000 | cap2udp: 0 | kr2udp: 1 | 
2026-05-03 18:00:52,177 - INFO     - img2od: 30 | od2fr: 0 | od2lpr: 1000 | od2cap: 0 | fr2kr: 0 | lpr2kr: 1000 | cap2udp: 0 | kr2udp: 1 | 
2026-05-03 18:00:53,178 - INFO     - img2od: 30 | od2fr: 0 | od2lpr: 1000 | od2cap: 0 | fr2kr: 0 | lpr2kr: 1000 | cap2udp: 0 | kr2udp: 1 | 
2026-05-03 18:00:54,179 - INFO     - img2od: 30 | od2fr: 0 | od2lpr: 1000 | od2cap: 0 | fr2kr: 0 | lpr2kr: 985 | cap2udp: 0 | kr2udp: 1 | 
2026-05-03 18:00:55,180 - INFO     - img2od: 30 | od2fr: 0 | od2lpr: 1000 | od2cap: 0 | fr2kr: 0 | lpr2kr: 1000 | cap2udp: 0 | kr2udp: 1 | 
2026-05-03 18:00:56,181 - INFO     - img2od: 30 | od2fr: 0 | od2lpr: 1000 | od2cap: 0 | fr2kr: 0 | lpr2kr: 988 | cap2udp: 0 | kr2udp: 1 | 
2026-05-03 18:00:57,183 - INFO     - img2od: 30 | od2fr: 0 | od2lpr: 1000 | od2cap: 0 | fr2kr: 0 | lpr2kr: 1000 | cap2udp: 0 | kr2udp: 1 | 
2026-05-03 18:00:58,184 - INFO     - img2od: 30 | od2fr: 0 | od2lpr: 1000 | od2cap: 0 | fr2kr: 0 | lpr2kr: 989 | cap2udp: 0 | kr2udp: 1 | 
2026-05-03 18:00:59,185 - INFO     - img2od: 30 | od2fr: 0 | od2lpr: 1000 | od2cap: 0 | fr2kr: 0 | lpr2kr: 1000 | cap2udp: 0 | kr2udp: 1 | 
2026-05-03 18:01:00,186 - INFO     - img2od: 30 | od2fr: 0 | od2lpr: 1000 | od2cap: 0 | fr2kr: 0 | lpr2kr: 990 | cap2udp: 0 | kr2udp: 1 | 
2026-05-03 18:01:01,187 - INFO     - img2od: 30 | od2fr: 0 | od2lpr: 1000 | od2cap: 0 | fr2kr: 0 | lpr2kr: 1000 | cap2udp: 0 | kr2udp: 1 | 
2026-05-03 18:01:02,189 - INFO     - img2od: 30 | od2fr: 0 | od2lpr: 1000 | od2cap: 0 | fr2kr: 0 | lpr2kr: 995 | cap2udp: 0 | kr2udp: 1 | 
2026-05-03 18:01:03,190 - INFO     - img2od: 30 | od2fr: 0 | od2lpr: 1000 | od2cap: 0 | fr2kr: 0 | lpr2kr: 1000 | cap2udp: 0 | kr2udp: 1 | 
2026-05-03 18:01:04,191 - INFO     - img2od: 30 | od2fr: 0 | od2lpr: 1000 | od2cap: 0 | fr2kr: 0 | lpr2kr: 992 | cap2udp: 0 | kr2udp: 0 | 
2026-05-03 18:01:05,192 - INFO     - img2od: 30 | od2fr: 0 | od2lpr: 1000 | od2cap: 0 | fr2kr: 0 | lpr2kr: 1000 | cap2udp: 0 | kr2udp: 0 | 
2026-05-03 18:01:06,194 - INFO     - img2od: 30 | od2fr: 0 | od2lpr: 1000 | od2cap: 0 | fr2kr: 0 | lpr2kr: 1000 | cap2udp: 0 | kr2udp: 1 | 
2026-05-03 18:01:07,195 - INFO     - img2od: 30 | od2fr: 0 | od2lpr: 1000 | od2cap: 0 | fr2kr: 0 | lpr2kr: 1000 | cap2udp: 0 | kr2udp: 0 | 
2026-05-03 18:01:08,196 - INFO     - img2od: 30 | od2fr: 0 | od2lpr: 1000 | od2cap: 0 | fr2kr: 0 | lpr2kr: 1000 | cap2udp: 0 | kr2udp: 0 | 
2026-05-03 18:01:09,197 - INFO     - img2od: 30 | od2fr: 0 | od2lpr: 1000 | od2cap: 0 | fr2kr: 0 | lpr2kr: 1000 | cap2udp: 0 | kr2udp: 0 | 
2026-05-03 18:01:10,198 - INFO     - img2od: 30 | od2fr: 0 | od2lpr: 1000 | od2cap: 0 | fr2kr: 0 | lpr2kr: 1000 | cap2udp: 0 | kr2udp: 1 | 
2026-05-03 18:01:11,200 - INFO     - img2od: 30 | od2fr: 0 | od2lpr: 1000 | od2cap: 0 | fr2kr: 0 | lpr2kr: 1000 | cap2udp: 0 | kr2udp: 1 | 
2026-05-03 18:01:12,201 - INFO     - img2od: 30 | od2fr: 0 | od2lpr: 1000 | od2cap: 0 | fr2kr: 0 | lpr2kr: 1000 | cap2udp: 0 | kr2udp: 0 | 
2026-05-03 18:01:13,202 - INFO     - img2od: 30 | od2fr: 0 | od2lpr: 1000 | od2cap: 0 | fr2kr: 0 | lpr2kr: 1000 | cap2udp: 0 | kr2udp: 0 | 
2026-05-03 18:01:14,203 - INFO     - img2od: 30 | od2fr: 0 | od2lpr: 1000 | od2cap: 0 | fr2kr: 0 | lpr2kr: 1000 | cap2udp: 0 | kr2udp: 1 | 
2026-05-03 18:01:15,205 - INFO     - img2od: 30 | od2fr: 0 | od2lpr: 1000 | od2cap: 0 | fr2kr: 0 | lpr2kr: 1000 | cap2udp: 0 | kr2udp: 0 | 
2026-05-03 18:01:16,206 - INFO     - img2od: 30 | od2fr: 0 | od2lpr: 1000 | od2cap: 0 | fr2kr: 0 | lpr2kr: 1000 | cap2udp: 0 | kr2udp: 1 | 
2026-05-03 18:01:17,207 - INFO     - img2od: 30 | od2fr: 0 | od2lpr: 1000 | od2cap: 0 | fr2kr: 0 | lpr2kr: 1000 | cap2udp: 0 | kr2udp: 1 | 
2026-05-03 18:01:18,208 - INFO     - img2od: 30 | od2fr: 0 | od2lpr: 1000 | od2cap: 0 | fr2kr: 0 | lpr2kr: 1000 | cap2udp: 0 | kr2udp: 1 | 
2026-05-03 18:01:19,209 - INFO     - img2od: 30 | od2fr: 0 | od2lpr: 1000 | od2cap: 0 | fr2kr: 0 | lpr2kr: 1000 | cap2udp: 0 | kr2udp: 0 | 
2026-05-03 18:01:20,210 - INFO     - img2od: 30 | od2fr: 0 | od2lpr: 1000 | od2cap: 0 | fr2kr: 0 | lpr2kr: 991 | cap2udp: 0 | kr2udp: 1 | 
2026-05-03 18:01:21,211 - INFO     - img2od: 30 | od2fr: 0 | od2lpr: 1000 | od2cap: 0 | fr2kr: 0 | lpr2kr: 1000 | cap2udp: 0 | kr2udp: 0 | 
2026-05-03 18:01:22,212 - INFO     - img2od: 30 | od2fr: 0 | od2lpr: 1000 | od2cap: 0 | fr2kr: 0 | lpr2kr: 999 | cap2udp: 0 | kr2udp: 0 | 
2026-05-03 18:01:23,213 - INFO     - img2od: 30 | od2fr: 0 | od2lpr: 1000 | od2cap: 0 | fr2kr: 0 | lpr2kr: 1000 | cap2udp: 0 | kr2udp: 0 | 
2026-05-03 18:01:24,214 - INFO     - img2od: 30 | od2fr: 0 | od2lpr: 1000 | od2cap: 0 | fr2kr: 0 | lpr2kr: 989 | cap2udp: 0 | kr2udp: 1 | 
2026-05-03 18:01:25,215 - INFO     - img2od: 30 | od2fr: 0 | od2lpr: 1000 | od2cap: 0 | fr2kr: 0 | lpr2kr: 1000 | cap2udp: 0 | kr2udp: 0 | 
2026-05-03 18:01:26,216 - INFO     - img2od: 30 | od2fr: 0 | od2lpr: 1000 | od2cap: 0 | fr2kr: 0 | lpr2kr: 1000 | cap2udp: 0 | kr2udp: 0 | 
2026-05-03 18:01:27,217 - INFO     - img2od: 30 | od2fr: 0 | od2lpr: 1000 | od2cap: 0 | fr2kr: 0 | lpr2kr: 1000 | cap2udp: 0 | kr2udp: 0 | 
2026-05-03 18:01:28,218 - INFO     - img2od: 30 | od2fr: 0 | od2lpr: 1000 | od2cap: 0 | fr2kr: 0 | lpr2kr: 1000 | cap2udp: 0 | kr2udp: 1 | 
2026-05-03 18:01:29,219 - INFO     - img2od: 30 | od2fr: 0 | od2lpr: 1000 | od2cap: 0 | fr2kr: 0 | lpr2kr: 1000 | cap2udp: 0 | kr2udp: 1 | 
2026-05-03 18:01:30,220 - INFO     - img2od: 30 | od2fr: 0 | od2lpr: 1000 | od2cap: 0 | fr2kr: 0 | lpr2kr: 1000 | cap2udp: 0 | kr2udp: 1 | 
2026-05-03 18:01:31,221 - INFO     - img2od: 30 | od2fr: 0 | od2lpr: 1000 | od2cap: 0 | fr2kr: 0 | lpr2kr: 999 | cap2udp: 0 | kr2udp: 0 | 
2026-05-03 18:01:32,222 - INFO     - img2od: 30 | od2fr: 0 | od2lpr: 1000 | od2cap: 0 | fr2kr: 0 | lpr2kr: 1000 | cap2udp: 0 | kr2udp: 0 | 
2026-05-03 18:01:33,223 - INFO     - img2od: 30 | od2fr: 0 | od2lpr: 1000 | od2cap: 0 | fr2kr: 0 | lpr2kr: 1000 | cap2udp: 0 | kr2udp: 0 | 
2026-05-03 18:01:34,224 - INFO     - img2od: 30 | od2fr: 0 | od2lpr: 1000 | od2cap: 0 | fr2kr: 0 | lpr2kr: 1000 | cap2udp: 0 | kr2udp: 0 | 
2026-05-03 18:01:35,225 - INFO     - img2od: 30 | od2fr: 0 | od2lpr: 1000 | od2cap: 0 | fr2kr: 0 | lpr2kr: 1000 | cap2udp: 0 | kr2udp: 0 | 
2026-05-03 18:01:36,226 - INFO     - img2od: 30 | od2fr: 0 | od2lpr: 1000 | od2cap: 0 | fr2kr: 0 | lpr2kr: 1000 | cap2udp: 0 | kr2udp: 0 | 
2026-05-03 18:01:37,227 - INFO     - img2od: 30 | od2fr: 0 | od2lpr: 1000 | od2cap: 0 | fr2kr: 0 | lpr2kr: 1000 | cap2udp: 0 | kr2udp: 0 | 
2026-05-03 18:01:38,228 - INFO     - img2od: 30 | od2fr: 0 | od2lpr: 1000 | od2cap: 0 | fr2kr: 0 | lpr2kr: 1000 | cap2udp: 0 | kr2udp: 0 | 
2026-05-03 18:01:39,229 - INFO     - img2od: 30 | od2fr: 0 | od2lpr: 1000 | od2cap: 0 | fr2kr: 0 | lpr2kr: 1000 | cap2udp: 0 | kr2udp: 0 | 
2026-05-03 18:01:40,230 - INFO     - img2od: 30 | od2fr: 0 | od2lpr: 1000 | od2cap: 0 | fr2kr: 0 | lpr2kr: 1000 | cap2udp: 0 | kr2udp: 0 | 
2026-05-03 18:01:41,231 - INFO     - img2od: 30 | od2fr: 0 | od2lpr: 1000 | od2cap: 0 | fr2kr: 0 | lpr2kr: 1000 | cap2udp: 0 | kr2udp: 1 | 
2026-05-03 18:01:42,232 - INFO     - img2od: 30 | od2fr: 0 | od2lpr: 1000 | od2cap: 0 | fr2kr: 0 | lpr2kr: 1000 | cap2udp: 0 | kr2udp: 0 | 
2026-05-03 18:01:43,233 - INFO     - img2od: 30 | od2fr: 0 | od2lpr: 1000 | od2cap: 0 | fr2kr: 0 | lpr2kr: 1000 | cap2udp: 0 | kr2udp: 0 | 
2026-05-03 18:01:44,234 - INFO     - img2od: 30 | od2fr: 0 | od2lpr: 1000 | od2cap: 0 | fr2kr: 0 | lpr2kr: 1000 | cap2udp: 0 | kr2udp: 1 | 
2026-05-03 18:01:45,235 - INFO     - img2od: 30 | od2fr: 0 | od2lpr: 1000 | od2cap: 0 | fr2kr: 0 | lpr2kr: 1000 | cap2udp: 0 | kr2udp: 0 | 
2026-05-03 18:01:46,236 - INFO     - img2od: 30 | od2fr: 0 | od2lpr: 1000 | od2cap: 0 | fr2kr: 0 | lpr2kr: 1000 | cap2udp: 0 | kr2udp: 1 | 
2026-05-03 18:01:47,237 - INFO     - img2od: 30 | od2fr: 0 | od2lpr: 1000 | od2cap: 0 | fr2kr: 0 | lpr2kr: 993 | cap2udp: 0 | kr2udp: 1 | 
2026-05-03 18:01:48,238 - INFO     - img2od: 30 | od2fr: 0 | od2lpr: 1000 | od2cap: 0 | fr2kr: 0 | lpr2kr: 1000 | cap2udp: 0 | kr2udp: 1 | 
2026-05-03 18:01:49,239 - INFO     - img2od: 30 | od2fr: 0 | od2lpr: 1000 | od2cap: 0 | fr2kr: 0 | lpr2kr: 1000 | cap2udp: 0 | kr2udp: 0 | 
2026-05-03 18:01:50,239 - INFO     - img2od: 30 | od2fr: 0 | od2lpr: 1000 | od2cap: 0 | fr2kr: 0 | lpr2kr: 1000 | cap2udp: 0 | kr2udp: 0 | 
2026-05-03 18:01:51,240 - INFO     - img2od: 30 | od2fr: 0 | od2lpr: 1000 | od2cap: 0 | fr2kr: 0 | lpr2kr: 1000 | cap2udp: 0 | kr2udp: 0 | 
2026-05-03 18:01:52,242 - INFO     - img2od: 30 | od2fr: 0 | od2lpr: 1000 | od2cap: 0 | fr2kr: 0 | lpr2kr: 1000 | cap2udp: 0 | kr2udp: 0 | 
2026-05-03 18:01:53,243 - INFO     - img2od: 30 | od2fr: 0 | od2lpr: 1000 | od2cap: 0 | fr2kr: 0 | lpr2kr: 1000 | cap2udp: 0 | kr2udp: 1 | 
2026-05-03 18:01:54,244 - INFO     - img2od: 30 | od2fr: 0 | od2lpr: 1000 | od2cap: 0 | fr2kr: 0 | lpr2kr: 1000 | cap2udp: 0 | kr2udp: 1 | 
2026-05-03 18:01:55,245 - INFO     - img2od: 30 | od2fr: 0 | od2lpr: 1000 | od2cap: 0 | fr2kr: 0 | lpr2kr: 1000 | cap2udp: 0 | kr2udp: 1 | 
2026-05-03 18:01:56,247 - INFO     - img2od: 30 | od2fr: 0 | od2lpr: 1000 | od2cap: 0 | fr2kr: 0 | lpr2kr: 1000 | cap2udp: 0 | kr2udp: 0 | 
2026-05-03 18:01:57,247 - INFO     - img2od: 30 | od2fr: 0 | od2lpr: 1000 | od2cap: 0 | fr2kr: 0 | lpr2kr: 1000 | cap2udp: 0 | kr2udp: 1 | 
2026-05-03 18:01:58,248 - INFO     - img2od: 30 | od2fr: 0 | od2lpr: 1000 | od2cap: 0 | fr2kr: 0 | lpr2kr: 1000 | cap2udp: 0 | kr2udp: 0 | 
2026-05-03 18:01:59,249 - INFO     - img2od: 30 | od2fr: 0 | od2lpr: 1000 | od2cap: 0 | fr2kr: 0 | lpr2kr: 1000 | cap2udp: 0 | kr2udp: 1 | 
2026-05-03 18:02:00,250 - INFO     - img2od: 30 | od2fr: 0 | od2lpr: 1000 | od2cap: 0 | fr2kr: 0 | lpr2kr: 1000 | cap2udp: 0 | kr2udp: 0 | 
2026-05-03 18:02:01,251 - INFO     - img2od: 30 | od2fr: 0 | od2lpr: 1000 | od2cap: 0 | fr2kr: 0 | lpr2kr: 1000 | cap2udp: 0 | kr2udp: 0 | 
2026-05-03 18:02:02,252 - INFO     - img2od: 30 | od2fr: 0 | od2lpr: 1000 | od2cap: 0 | fr2kr: 0 | lpr2kr: 1000 | cap2udp: 0 | kr2udp: 0 | 
2026-05-03 18:02:03,253 - INFO     - img2od: 30 | od2fr: 0 | od2lpr: 1000 | od2cap: 0 | fr2kr: 0 | lpr2kr: 1000 | cap2udp: 0 | kr2udp: 0 | 
2026-05-03 18:02:04,254 - INFO     - img2od: 30 | od2fr: 0 | od2lpr: 1000 | od2cap: 0 | fr2kr: 0 | lpr2kr: 1000 | cap2udp: 0 | kr2udp: 0 | 
2026-05-03 18:02:05,256 - INFO     - img2od: 30 | od2fr: 0 | od2lpr: 1000 | od2cap: 0 | fr2kr: 0 | lpr2kr: 1000 | cap2udp: 0 | kr2udp: 0 | 
2026-05-03 18:02:06,257 - INFO     - img2od: 30 | od2fr: 0 | od2lpr: 1000 | od2cap: 0 | fr2kr: 0 | lpr2kr: 1000 | cap2udp: 0 | kr2udp: 0 | 
2026-05-03 18:02:07,258 - INFO     - img2od: 30 | od2fr: 0 | od2lpr: 1000 | od2cap: 0 | fr2kr: 0 | lpr2kr: 1000 | cap2udp: 0 | kr2udp: 0 | 
2026-05-03 18:02:08,259 - INFO     - img2od: 30 | od2fr: 0 | od2lpr: 1000 | od2cap: 0 | fr2kr: 0 | lpr2kr: 1000 | cap2udp: 0 | kr2udp: 1 | 
2026-05-03 18:02:09,260 - INFO     - img2od: 30 | od2fr: 0 | od2lpr: 1000 | od2cap: 0 | fr2kr: 0 | lpr2kr: 1000 | cap2udp: 0 | kr2udp: 1 | 
2026-05-03 18:02:10,261 - INFO     - img2od: 30 | od2fr: 0 | od2lpr: 1000 | od2cap: 0 | fr2kr: 0 | lpr2kr: 1000 | cap2udp: 0 | kr2udp: 0 | 
2026-05-03 18:02:11,262 - INFO     - img2od: 30 | od2fr: 0 | od2lpr: 1000 | od2cap: 0 | fr2kr: 0 | lpr2kr: 1000 | cap2udp: 0 | kr2udp: 1 | 
2026-05-03 18:02:12,264 - INFO     - img2od: 30 | od2fr: 0 | od2lpr: 1000 | od2cap: 0 | fr2kr: 0 | lpr2kr: 1000 | cap2udp: 0 | kr2udp: 1 | 
2026-05-03 18:02:13,265 - INFO     - img2od: 30 | od2fr: 0 | od2lpr: 1000 | od2cap: 0 | fr2kr: 0 | lpr2kr: 1000 | cap2udp: 0 | kr2udp: 1 | 
2026-05-03 18:02:14,266 - INFO     - img2od: 30 | od2fr: 0 | od2lpr: 1000 | od2cap: 0 | fr2kr: 0 | lpr2kr: 1000 | cap2udp: 0 | kr2udp: 0 | 
2026-05-03 18:02:15,267 - INFO     - img2od: 30 | od2fr: 0 | od2lpr: 1000 | od2cap: 0 | fr2kr: 0 | lpr2kr: 1000 | cap2udp: 0 | kr2udp: 0 | 
2026-05-03 18:02:16,268 - INFO     - img2od: 30 | od2fr: 0 | od2lpr: 1000 | od2cap: 0 | fr2kr: 0 | lpr2kr: 1000 | cap2udp: 0 | kr2udp: 0 | 
2026-05-03 18:02:17,269 - INFO     - img2od: 30 | od2fr: 0 | od2lpr: 1000 | od2cap: 0 | fr2kr: 0 | lpr2kr: 1000 | cap2udp: 0 | kr2udp: 0 | 
2026-05-03 18:02:18,271 - INFO     - img2od: 30 | od2fr: 0 | od2lpr: 1000 | od2cap: 0 | fr2kr: 0 | lpr2kr: 1000 | cap2udp: 0 | kr2udp: 0 | 
2026-05-03 18:02:19,272 - INFO     - img2od: 30 | od2fr: 0 | od2lpr: 1000 | od2cap: 0 | fr2kr: 0 | lpr2kr: 1000 | cap2udp: 0 | kr2udp: 0 | 
2026-05-03 18:02:20,273 - INFO     - img2od: 30 | od2fr: 0 | od2lpr: 1000 | od2cap: 0 | fr2kr: 0 | lpr2kr: 1000 | cap2udp: 0 | kr2udp: 0 | 
2026-05-03 18:02:21,274 - INFO     - img2od: 30 | od2fr: 0 | od2lpr: 1000 | od2cap: 0 | fr2kr: 0 | lpr2kr: 1000 | cap2udp: 0 | kr2udp: 0 | 
2026-05-03 18:02:22,275 - INFO     - img2od: 30 | od2fr: 0 | od2lpr: 1000 | od2cap: 0 | fr2kr: 0 | lpr2kr: 995 | cap2udp: 0 | kr2udp: 0 | 
2026-05-03 18:02:23,276 - INFO     - img2od: 30 | od2fr: 0 | od2lpr: 1000 | od2cap: 0 | fr2kr: 0 | lpr2kr: 1000 | cap2udp: 0 | kr2udp: 1 | 
2026-05-03 18:02:24,276 - INFO     - img2od: 30 | od2fr: 0 | od2lpr: 1000 | od2cap: 0 | fr2kr: 0 | lpr2kr: 990 | cap2udp: 0 | kr2udp: 0 | 
2026-05-03 18:02:25,277 - INFO     - img2od: 30 | od2fr: 0 | od2lpr: 1000 | od2cap: 0 | fr2kr: 0 | lpr2kr: 1000 | cap2udp: 0 | kr2udp: 0 | 
2026-05-03 18:02:26,279 - INFO     - img2od: 30 | od2fr: 0 | od2lpr: 1000 | od2cap: 0 | fr2kr: 0 | lpr2kr: 985 | cap2udp: 0 | kr2udp: 0 | 
2026-05-03 18:02:27,280 - INFO     - img2od: 30 | od2fr: 0 | od2lpr: 1000 | od2cap: 0 | fr2kr: 0 | lpr2kr: 1000 | cap2udp: 0 | kr2udp: 0 | 
2026-05-03 18:02:28,281 - INFO     - img2od: 30 | od2fr: 0 | od2lpr: 1000 | od2cap: 0 | fr2kr: 0 | lpr2kr: 1000 | cap2udp: 0 | kr2udp: 1 | 
2026-05-03 18:02:29,281 - INFO     - img2od: 30 | od2fr: 0 | od2lpr: 1000 | od2cap: 0 | fr2kr: 0 | lpr2kr: 1000 | cap2udp: 0 | kr2udp: 0 | 
2026-05-03 18:02:30,282 - INFO     - img2od: 30 | od2fr: 0 | od2lpr: 1000 | od2cap: 0 | fr2kr: 0 | lpr2kr: 1000 | cap2udp: 0 | kr2udp: 1 | 
2026-05-03 18:02:31,284 - INFO     - img2od: 30 | od2fr: 0 | od2lpr: 1000 | od2cap: 0 | fr2kr: 0 | lpr2kr: 1000 | cap2udp: 0 | kr2udp: 0 | 
2026-05-03 18:02:32,285 - INFO     - img2od: 30 | od2fr: 0 | od2lpr: 1000 | od2cap: 0 | fr2kr: 0 | lpr2kr: 1000 | cap2udp: 0 | kr2udp: 0 | 
2026-05-03 18:02:33,286 - INFO     - img2od: 30 | od2fr: 0 | od2lpr: 1000 | od2cap: 0 | fr2kr: 0 | lpr2kr: 1000 | cap2udp: 0 | kr2udp: 0 | 
2026-05-03 18:02:34,287 - INFO     - img2od: 30 | od2fr: 0 | od2lpr: 1000 | od2cap: 0 | fr2kr: 0 | lpr2kr: 1000 | cap2udp: 0 | kr2udp: 0 | 
2026-05-03 18:02:35,289 - INFO     - img2od: 30 | od2fr: 0 | od2lpr: 1000 | od2cap: 0 | fr2kr: 0 | lpr2kr: 1000 | cap2udp: 0 | kr2udp: 0 | 
2026-05-03 18:02:36,290 - INFO     - img2od: 30 | od2fr: 0 | od2lpr: 1000 | od2cap: 0 | fr2kr: 0 | lpr2kr: 1000 | cap2udp: 0 | kr2udp: 0 | 
2026-05-03 18:02:37,291 - INFO     - img2od: 30 | od2fr: 0 | od2lpr: 1000 | od2cap: 0 | fr2kr: 0 | lpr2kr: 1000 | cap2udp: 0 | kr2udp: 0 | 
2026-05-03 18:02:38,292 - INFO     - img2od: 30 | od2fr: 0 | od2lpr: 1000 | od2cap: 0 | fr2kr: 0 | lpr2kr: 1000 | cap2udp: 0 | kr2udp: 0 | 
2026-05-03 18:02:39,294 - INFO     - img2od: 28 | od2fr: 2 | od2lpr: 993 | od2cap: 0 | fr2kr: 2 | lpr2kr: 1000 | cap2udp: 0 | kr2udp: 0 | 
2026-05-03 18:02:40,295 - INFO     - img2od: 25 | od2fr: 0 | od2lpr: 1000 | od2cap: 0 | fr2kr: 9 | lpr2kr: 1000 | cap2udp: 0 | kr2udp: 0 | 
2026-05-03 18:02:41,296 - INFO     - img2od: 25 | od2fr: 0 | od2lpr: 1000 | od2cap: 0 | fr2kr: 0 | lpr2kr: 1000 | cap2udp: 0 | kr2udp: 0 | 
2026-05-03 18:02:42,297 - INFO     - img2od: 25 | od2fr: 0 | od2lpr: 1000 | od2cap: 0 | fr2kr: 0 | lpr2kr: 1000 | cap2udp: 0 | kr2udp: 0 | 
2026-05-03 18:02:43,298 - INFO     - img2od: 25 | od2fr: 0 | od2lpr: 1000 | od2cap: 0 | fr2kr: 0 | lpr2kr: 1000 | cap2udp: 0 | kr2udp: 0 | 
2026-05-03 18:02:44,299 - INFO     - img2od: 25 | od2fr: 0 | od2lpr: 1000 | od2cap: 0 | fr2kr: 0 | lpr2kr: 1000 | cap2udp: 0 | kr2udp: 1 | 
2026-05-03 18:02:45,300 - INFO     - img2od: 25 | od2fr: 0 | od2lpr: 1000 | od2cap: 0 | fr2kr: 0 | lpr2kr: 1000 | cap2udp: 0 | kr2udp: 1 | 
2026-05-03 18:02:46,301 - INFO     - img2od: 25 | od2fr: 0 | od2lpr: 1000 | od2cap: 0 | fr2kr: 0 | lpr2kr: 1000 | cap2udp: 0 | kr2udp: 0 | 
2026-05-03 18:02:47,302 - INFO     - img2od: 25 | od2fr: 0 | od2lpr: 1000 | od2cap: 0 | fr2kr: 0 | lpr2kr: 1000 | cap2udp: 0 | kr2udp: 0 | 
2026-05-03 18:02:48,303 - INFO     - img2od: 25 | od2fr: 0 | od2lpr: 1000 | od2cap: 0 | fr2kr: 0 | lpr2kr: 1000 | cap2udp: 0 | kr2udp: 0 | 
2026-05-03 18:02:49,304 - INFO     - img2od: 25 | od2fr: 0 | od2lpr: 1000 | od2cap: 0 | fr2kr: 0 | lpr2kr: 1000 | cap2udp: 0 | kr2udp: 1 | 
2026-05-03 18:02:50,305 - INFO     - img2od: 25 | od2fr: 0 | od2lpr: 998 | od2cap: 0 | fr2kr: 0 | lpr2kr: 998 | cap2udp: 0 | kr2udp: 1 | 
2026-05-03 18:02:51,306 - INFO     - img2od: 25 | od2fr: 0 | od2lpr: 1000 | od2cap: 0 | fr2kr: 0 | lpr2kr: 1000 | cap2udp: 0 | kr2udp: 0 | 
2026-05-03 18:02:52,307 - INFO     - img2od: 25 | od2fr: 0 | od2lpr: 1000 | od2cap: 0 | fr2kr: 0 | lpr2kr: 995 | cap2udp: 0 | kr2udp: 1 | 
2026-05-03 18:02:53,308 - INFO     - img2od: 25 | od2fr: 0 | od2lpr: 1000 | od2cap: 0 | fr2kr: 0 | lpr2kr: 1000 | cap2udp: 0 | kr2udp: 1 | 
2026-05-03 18:02:54,309 - INFO     - img2od: 25 | od2fr: 0 | od2lpr: 1000 | od2cap: 0 | fr2kr: 0 | lpr2kr: 991 | cap2udp: 0 | kr2udp: 1 | 
2026-05-03 18:02:55,310 - INFO     - img2od: 25 | od2fr: 0 | od2lpr: 1000 | od2cap: 0 | fr2kr: 0 | lpr2kr: 1000 | cap2udp: 0 | kr2udp: 1 | 
2026-05-03 18:02:56,311 - INFO     - img2od: 25 | od2fr: 0 | od2lpr: 1000 | od2cap: 0 | fr2kr: 0 | lpr2kr: 987 | cap2udp: 0 | kr2udp: 0 | 
2026-05-03 18:02:57,312 - INFO     - img2od: 25 | od2fr: 0 | od2lpr: 1000 | od2cap: 0 | fr2kr: 0 | lpr2kr: 1000 | cap2udp: 0 | kr2udp: 0 | 
2026-05-03 18:02:58,313 - INFO     - img2od: 25 | od2fr: 0 | od2lpr: 1000 | od2cap: 0 | fr2kr: 0 | lpr2kr: 986 | cap2udp: 0 | kr2udp: 0 | 
2026-05-03 18:02:59,314 - INFO     - img2od: 25 | od2fr: 0 | od2lpr: 1000 | od2cap: 0 | fr2kr: 0 | lpr2kr: 1000 | cap2udp: 0 | kr2udp: 0 | 
2026-05-03 18:03:00,315 - INFO     - img2od: 25 | od2fr: 0 | od2lpr: 1000 | od2cap: 0 | fr2kr: 0 | lpr2kr: 1000 | cap2udp: 0 | kr2udp: 1 | 
2026-05-03 18:03:01,316 - INFO     - img2od: 25 | od2fr: 0 | od2lpr: 1000 | od2cap: 0 | fr2kr: 0 | lpr2kr: 1000 | cap2udp: 0 | kr2udp: 0 | 
2026-05-03 18:03:02,316 - INFO     - img2od: 25 | od2fr: 0 | od2lpr: 1000 | od2cap: 0 | fr2kr: 0 | lpr2kr: 1000 | cap2udp: 0 | kr2udp: 0 | 
2026-05-03 18:03:03,317 - INFO     - img2od: 25 | od2fr: 0 | od2lpr: 1000 | od2cap: 0 | fr2kr: 0 | lpr2kr: 1000 | cap2udp: 0 | kr2udp: 1 | 
2026-05-03 18:03:04,318 - INFO     - img2od: 25 | od2fr: 0 | od2lpr: 1000 | od2cap: 0 | fr2kr: 0 | lpr2kr: 1000 | cap2udp: 0 | kr2udp: 1 | 
2026-05-03 18:03:05,319 - INFO     - img2od: 25 | od2fr: 0 | od2lpr: 1000 | od2cap: 0 | fr2kr: 0 | lpr2kr: 1000 | cap2udp: 0 | kr2udp: 0 | 
2026-05-03 18:03:06,320 - INFO     - img2od: 25 | od2fr: 0 | od2lpr: 1000 | od2cap: 0 | fr2kr: 0 | lpr2kr: 1000 | cap2udp: 0 | kr2udp: 1 | 
2026-05-03 18:03:07,321 - INFO     - img2od: 25 | od2fr: 0 | od2lpr: 1000 | od2cap: 0 | fr2kr: 0 | lpr2kr: 1000 | cap2udp: 0 | kr2udp: 1 | 
2026-05-03 18:03:08,322 - INFO     - img2od: 25 | od2fr: 0 | od2lpr: 1000 | od2cap: 0 | fr2kr: 0 | lpr2kr: 1000 | cap2udp: 0 | kr2udp: 1 | 
2026-05-03 18:03:09,323 - INFO     - img2od: 25 | od2fr: 0 | od2lpr: 1000 | od2cap: 0 | fr2kr: 0 | lpr2kr: 1000 | cap2udp: 0 | kr2udp: 0 | 
2026-05-03 18:03:10,324 - INFO     - img2od: 25 | od2fr: 0 | od2lpr: 1000 | od2cap: 0 | fr2kr: 0 | lpr2kr: 1000 | cap2udp: 0 | kr2udp: 1 | 
2026-05-03 18:03:11,325 - INFO     - img2od: 25 | od2fr: 0 | od2lpr: 1000 | od2cap: 0 | fr2kr: 0 | lpr2kr: 1000 | cap2udp: 0 | kr2udp: 0 | 
2026-05-03 18:03:12,326 - INFO     - img2od: 25 | od2fr: 0 | od2lpr: 1000 | od2cap: 0 | fr2kr: 0 | lpr2kr: 1000 | cap2udp: 0 | kr2udp: 1 | 
2026-05-03 18:03:13,327 - INFO     - img2od: 25 | od2fr: 0 | od2lpr: 1000 | od2cap: 0 | fr2kr: 0 | lpr2kr: 997 | cap2udp: 0 | kr2udp: 1 | 
2026-05-03 18:03:14,328 - INFO     - img2od: 25 | od2fr: 0 | od2lpr: 1000 | od2cap: 0 | fr2kr: 0 | lpr2kr: 1000 | cap2udp: 0 | kr2udp: 1 | 
2026-05-03 18:03:15,329 - INFO     - img2od: 25 | od2fr: 0 | od2lpr: 1000 | od2cap: 0 | fr2kr: 0 | lpr2kr: 993 | cap2udp: 0 | kr2udp: 1 | 
2026-05-03 18:03:16,330 - INFO     - img2od: 25 | od2fr: 0 | od2lpr: 1000 | od2cap: 0 | fr2kr: 0 | lpr2kr: 1000 | cap2udp: 0 | kr2udp: 0 | 
2026-05-03 18:03:17,331 - INFO     - img2od: 25 | od2fr: 0 | od2lpr: 1000 | od2cap: 0 | fr2kr: 0 | lpr2kr: 988 | cap2udp: 0 | kr2udp: 0 | 
2026-05-03 18:03:18,332 - INFO     - img2od: 25 | od2fr: 0 | od2lpr: 1000 | od2cap: 0 | fr2kr: 0 | lpr2kr: 1000 | cap2udp: 0 | kr2udp: 0 | 
2026-05-03 18:03:19,333 - INFO     - img2od: 25 | od2fr: 0 | od2lpr: 1000 | od2cap: 0 | fr2kr: 0 | lpr2kr: 1000 | cap2udp: 0 | kr2udp: 1 | 
2026-05-03 18:03:20,334 - INFO     - img2od: 25 | od2fr: 0 | od2lpr: 1000 | od2cap: 0 | fr2kr: 0 | lpr2kr: 1000 | cap2udp: 0 | kr2udp: 0 | 
2026-05-03 18:03:21,335 - INFO     - img2od: 25 | od2fr: 0 | od2lpr: 1000 | od2cap: 0 | fr2kr: 0 | lpr2kr: 1000 | cap2udp: 0 | kr2udp: 0 | 
2026-05-03 18:03:22,336 - INFO     - img2od: 25 | od2fr: 0 | od2lpr: 1000 | od2cap: 0 | fr2kr: 0 | lpr2kr: 1000 | cap2udp: 0 | kr2udp: 1 | 
2026-05-03 18:03:23,337 - INFO     - img2od: 25 | od2fr: 0 | od2lpr: 1000 | od2cap: 0 | fr2kr: 0 | lpr2kr: 1000 | cap2udp: 0 | kr2udp: 1 | 
2026-05-03 18:03:24,338 - INFO     - img2od: 25 | od2fr: 0 | od2lpr: 1000 | od2cap: 0 | fr2kr: 0 | lpr2kr: 1000 | cap2udp: 0 | kr2udp: 0 | 
2026-05-03 18:03:25,339 - INFO     - img2od: 25 | od2fr: 0 | od2lpr: 1000 | od2cap: 0 | fr2kr: 0 | lpr2kr: 1000 | cap2udp: 0 | kr2udp: 0 | 
2026-05-03 18:03:26,340 - INFO     - img2od: 25 | od2fr: 0 | od2lpr: 1000 | od2cap: 0 | fr2kr: 0 | lpr2kr: 1000 | cap2udp: 0 | kr2udp: 1 | 
2026-05-03 18:03:27,341 - INFO     - img2od: 25 | od2fr: 0 | od2lpr: 1000 | od2cap: 0 | fr2kr: 0 | lpr2kr: 1000 | cap2udp: 0 | kr2udp: 0 | 
2026-05-03 18:03:28,342 - INFO     - img2od: 25 | od2fr: 0 | od2lpr: 1000 | od2cap: 0 | fr2kr: 0 | lpr2kr: 1000 | cap2udp: 0 | kr2udp: 0 | 
2026-05-03 18:03:29,343 - INFO     - img2od: 25 | od2fr: 0 | od2lpr: 1000 | od2cap: 0 | fr2kr: 0 | lpr2kr: 1000 | cap2udp: 0 | kr2udp: 0 | 
2026-05-03 18:03:30,344 - INFO     - img2od: 25 | od2fr: 0 | od2lpr: 1000 | od2cap: 0 | fr2kr: 0 | lpr2kr: 1000 | cap2udp: 0 | kr2udp: 0 | 
2026-05-03 18:03:31,345 - INFO     - img2od: 25 | od2fr: 0 | od2lpr: 1000 | od2cap: 0 | fr2kr: 0 | lpr2kr: 1000 | cap2udp: 0 | kr2udp: 0 | 
2026-05-03 18:03:32,345 - INFO     - img2od: 25 | od2fr: 0 | od2lpr: 1000 | od2cap: 0 | fr2kr: 0 | lpr2kr: 1000 | cap2udp: 0 | kr2udp: 0 | 
2026-05-03 18:03:33,346 - INFO     - img2od: 25 | od2fr: 0 | od2lpr: 1000 | od2cap: 0 | fr2kr: 0 | lpr2kr: 1000 | cap2udp: 0 | kr2udp: 1 | 
2026-05-03 18:03:34,347 - INFO     - img2od: 25 | od2fr: 0 | od2lpr: 1000 | od2cap: 0 | fr2kr: 0 | lpr2kr: 994 | cap2udp: 0 | kr2udp: 1 | 
2026-05-03 18:03:35,349 - INFO     - img2od: 25 | od2fr: 0 | od2lpr: 1000 | od2cap: 0 | fr2kr: 0 | lpr2kr: 1000 | cap2udp: 0 | kr2udp: 0 | 
2026-05-03 18:03:36,350 - INFO     - img2od: 25 | od2fr: 0 | od2lpr: 1000 | od2cap: 0 | fr2kr: 0 | lpr2kr: 988 | cap2udp: 0 | kr2udp: 0 | 
2026-05-03 18:03:37,351 - INFO     - img2od: 25 | od2fr: 0 | od2lpr: 1000 | od2cap: 0 | fr2kr: 0 | lpr2kr: 1000 | cap2udp: 0 | kr2udp: 1 | 
2026-05-03 18:03:38,352 - INFO     - img2od: 25 | od2fr: 0 | od2lpr: 1000 | od2cap: 0 | fr2kr: 0 | lpr2kr: 1000 | cap2udp: 0 | kr2udp: 1 | 
2026-05-03 18:03:39,353 - INFO     - img2od: 25 | od2fr: 0 | od2lpr: 1000 | od2cap: 0 | fr2kr: 0 | lpr2kr: 1000 | cap2udp: 0 | kr2udp: 1 | 
2026-05-03 18:03:40,354 - INFO     - img2od: 25 | od2fr: 0 | od2lpr: 1000 | od2cap: 0 | fr2kr: 0 | lpr2kr: 1000 | cap2udp: 0 | kr2udp: 1 | 
2026-05-03 18:03:41,355 - INFO     - img2od: 25 | od2fr: 0 | od2lpr: 1000 | od2cap: 0 | fr2kr: 0 | lpr2kr: 1000 | cap2udp: 0 | kr2udp: 0 | 
2026-05-03 18:03:42,356 - INFO     - img2od: 25 | od2fr: 0 | od2lpr: 1000 | od2cap: 0 | fr2kr: 0 | lpr2kr: 1000 | cap2udp: 0 | kr2udp: 0 | 
2026-05-03 18:03:43,357 - INFO     - img2od: 25 | od2fr: 0 | od2lpr: 1000 | od2cap: 0 | fr2kr: 0 | lpr2kr: 1000 | cap2udp: 0 | kr2udp: 1 | 
2026-05-03 18:03:44,358 - INFO     - img2od: 25 | od2fr: 0 | od2lpr: 1000 | od2cap: 0 | fr2kr: 0 | lpr2kr: 1000 | cap2udp: 0 | kr2udp: 1 | 
2026-05-03 18:03:45,359 - INFO     - img2od: 25 | od2fr: 0 | od2lpr: 1000 | od2cap: 0 | fr2kr: 0 | lpr2kr: 1000 | cap2udp: 0 | kr2udp: 1 | 
2026-05-03 18:03:46,360 - INFO     - img2od: 25 | od2fr: 0 | od2lpr: 1000 | od2cap: 0 | fr2kr: 0 | lpr2kr: 1000 | cap2udp: 0 | kr2udp: 0 | 
2026-05-03 18:03:47,361 - INFO     - img2od: 25 | od2fr: 0 | od2lpr: 1000 | od2cap: 0 | fr2kr: 0 | lpr2kr: 1000 | cap2udp: 0 | kr2udp: 1 | 
2026-05-03 18:03:48,362 - INFO     - img2od: 25 | od2fr: 0 | od2lpr: 1000 | od2cap: 0 | fr2kr: 0 | lpr2kr: 1000 | cap2udp: 0 | kr2udp: 1 | 
2026-05-03 18:03:49,363 - INFO     - img2od: 25 | od2fr: 0 | od2lpr: 1000 | od2cap: 0 | fr2kr: 0 | lpr2kr: 1000 | cap2udp: 0 | kr2udp: 2 | 
2026-05-03 18:03:50,364 - INFO     - img2od: 25 | od2fr: 0 | od2lpr: 1000 | od2cap: 0 | fr2kr: 0 | lpr2kr: 1000 | cap2udp: 0 | kr2udp: 1 | 
2026-05-03 18:03:51,365 - INFO     - img2od: 25 | od2fr: 0 | od2lpr: 1000 | od2cap: 0 | fr2kr: 0 | lpr2kr: 1000 | cap2udp: 0 | kr2udp: 0 | 
2026-05-03 18:03:52,366 - INFO     - img2od: 25 | od2fr: 0 | od2lpr: 1000 | od2cap: 0 | fr2kr: 0 | lpr2kr: 1000 | cap2udp: 0 | kr2udp: 0 | 
2026-05-03 18:03:53,367 - INFO     - img2od: 25 | od2fr: 0 | od2lpr: 1000 | od2cap: 0 | fr2kr: 0 | lpr2kr: 995 | cap2udp: 0 | kr2udp: 1 | 
2026-05-03 18:03:54,368 - INFO     - img2od: 25 | od2fr: 0 | od2lpr: 1000 | od2cap: 0 | fr2kr: 0 | lpr2kr: 1000 | cap2udp: 0 | kr2udp: 0 | 
2026-05-03 18:03:55,369 - INFO     - img2od: 25 | od2fr: 0 | od2lpr: 1000 | od2cap: 0 | fr2kr: 0 | lpr2kr: 987 | cap2udp: 0 | kr2udp: 1 | 
2026-05-03 18:03:56,370 - INFO     - img2od: 25 | od2fr: 0 | od2lpr: 1000 | od2cap: 0 | fr2kr: 0 | lpr2kr: 1000 | cap2udp: 0 | kr2udp: 0 | 
2026-05-03 18:03:57,371 - INFO     - img2od: 25 | od2fr: 0 | od2lpr: 1000 | od2cap: 0 | fr2kr: 0 | lpr2kr: 986 | cap2udp: 0 | kr2udp: 0 | 
2026-05-03 18:03:58,372 - INFO     - img2od: 25 | od2fr: 0 | od2lpr: 1000 | od2cap: 0 | fr2kr: 0 | lpr2kr: 1000 | cap2udp: 0 | kr2udp: 0 | 
2026-05-03 18:03:59,373 - INFO     - img2od: 25 | od2fr: 0 | od2lpr: 1000 | od2cap: 0 | fr2kr: 0 | lpr2kr: 988 | cap2udp: 0 | kr2udp: 1 | 
2026-05-03 18:04:00,374 - INFO     - img2od: 25 | od2fr: 0 | od2lpr: 1000 | od2cap: 0 | fr2kr: 0 | lpr2kr: 1000 | cap2udp: 0 | kr2udp: 0 | 
2026-05-03 18:04:01,375 - INFO     - img2od: 25 | od2fr: 0 | od2lpr: 1000 | od2cap: 0 | fr2kr: 0 | lpr2kr: 988 | cap2udp: 0 | kr2udp: 0 | 
2026-05-03 18:04:02,376 - INFO     - img2od: 25 | od2fr: 0 | od2lpr: 1000 | od2cap: 0 | fr2kr: 0 | lpr2kr: 1000 | cap2udp: 0 | kr2udp: 0 | 
2026-05-03 18:04:03,377 - INFO     - img2od: 25 | od2fr: 0 | od2lpr: 1000 | od2cap: 0 | fr2kr: 0 | lpr2kr: 987 | cap2udp: 0 | kr2udp: 0 | 
2026-05-03 18:04:04,378 - INFO     - img2od: 25 | od2fr: 0 | od2lpr: 1000 | od2cap: 0 | fr2kr: 0 | lpr2kr: 1000 | cap2udp: 0 | kr2udp: 1 | 
2026-05-03 18:04:05,379 - INFO     - img2od: 25 | od2fr: 0 | od2lpr: 1000 | od2cap: 0 | fr2kr: 0 | lpr2kr: 984 | cap2udp: 0 | kr2udp: 1 | 
2026-05-03 18:04:06,380 - INFO     - img2od: 25 | od2fr: 0 | od2lpr: 1000 | od2cap: 0 | fr2kr: 0 | lpr2kr: 1000 | cap2udp: 0 | kr2udp: 1 | 
2026-05-03 18:04:07,381 - INFO     - img2od: 25 | od2fr: 0 | od2lpr: 1000 | od2cap: 0 | fr2kr: 0 | lpr2kr: 1000 | cap2udp: 0 | kr2udp: 1 | 
2026-05-03 18:04:08,382 - INFO     - img2od: 25 | od2fr: 0 | od2lpr: 1000 | od2cap: 0 | fr2kr: 0 | lpr2kr: 1000 | cap2udp: 0 | kr2udp: 1 | 
2026-05-03 18:04:09,384 - INFO     - img2od: 25 | od2fr: 0 | od2lpr: 1000 | od2cap: 0 | fr2kr: 0 | lpr2kr: 1000 | cap2udp: 0 | kr2udp: 1 | 
2026-05-03 18:04:10,385 - INFO     - img2od: 25 | od2fr: 0 | od2lpr: 1000 | od2cap: 0 | fr2kr: 0 | lpr2kr: 1000 | cap2udp: 0 | kr2udp: 1 | 
2026-05-03 18:04:11,386 - INFO     - img2od: 25 | od2fr: 0 | od2lpr: 1000 | od2cap: 0 | fr2kr: 0 | lpr2kr: 1000 | cap2udp: 0 | kr2udp: 1 | 
2026-05-03 18:04:12,387 - INFO     - img2od: 25 | od2fr: 0 | od2lpr: 1000 | od2cap: 0 | fr2kr: 0 | lpr2kr: 1000 | cap2udp: 0 | kr2udp: 0 | 
2026-05-03 18:04:13,389 - INFO     - img2od: 25 | od2fr: 0 | od2lpr: 1000 | od2cap: 0 | fr2kr: 0 | lpr2kr: 1000 | cap2udp: 0 | kr2udp: 1 | 
2026-05-03 18:04:14,390 - INFO     - img2od: 21 | od2fr: 0 | od2lpr: 990 | od2cap: 0 | fr2kr: 2 | lpr2kr: 1000 | cap2udp: 0 | kr2udp: 0 | 
2026-05-03 18:04:15,391 - INFO     - img2od: 15 | od2fr: 4 | od2lpr: 992 | od2cap: 1 | fr2kr: 7 | lpr2kr: 1000 | cap2udp: 0 | kr2udp: 0 | 
2026-05-03 18:04:16,392 - INFO     - img2od: 10 | od2fr: 3 | od2lpr: 998 | od2cap: 0 | fr2kr: 5 | lpr2kr: 1000 | cap2udp: 0 | kr2udp: 0 | 
2026-05-03 18:04:17,393 - INFO     - img2od: 0 | od2fr: 7 | od2lpr: 989 | od2cap: 0 | fr2kr: 10 | lpr2kr: 1000 | cap2udp: 0 | kr2udp: 0 | 
2026-05-03 18:04:18,394 - INFO     - img2od: 0 | od2fr: 0 | od2lpr: 1000 | od2cap: 0 | fr2kr: 17 | lpr2kr: 1000 | cap2udp: 0 | kr2udp: 0 | 
2026-05-03 18:04:19,395 - INFO     - img2od: 0 | od2fr: 0 | od2lpr: 1000 | od2cap: 0 | fr2kr: 1 | lpr2kr: 1000 | cap2udp: 0 | kr2udp: 0 | 
2026-05-03 18:04:20,395 - INFO     - img2od: 0 | od2fr: 0 | od2lpr: 1000 | od2cap: 0 | fr2kr: 1 | lpr2kr: 1000 | cap2udp: 0 | kr2udp: 0 | 
2026-05-03 18:04:21,396 - INFO     - img2od: 0 | od2fr: 0 | od2lpr: 1000 | od2cap: 0 | fr2kr: 1 | lpr2kr: 1000 | cap2udp: 0 | kr2udp: 0 | 
2026-05-03 18:04:22,397 - INFO     - img2od: 0 | od2fr: 0 | od2lpr: 1000 | od2cap: 0 | fr2kr: 1 | lpr2kr: 1000 | cap2udp: 0 | kr2udp: 1 | 
2026-05-03 18:04:23,398 - INFO     - img2od: 0 | od2fr: 0 | od2lpr: 1000 | od2cap: 0 | fr2kr: 0 | lpr2kr: 1000 | cap2udp: 0 | kr2udp: 1 | 
2026-05-03 18:04:24,399 - INFO     - img2od: 0 | od2fr: 0 | od2lpr: 1000 | od2cap: 0 | fr2kr: 0 | lpr2kr: 1000 | cap2udp: 0 | kr2udp: 1 | 
2026-05-03 18:04:25,400 - INFO     - img2od: 0 | od2fr: 0 | od2lpr: 1000 | od2cap: 0 | fr2kr: 0 | lpr2kr: 1000 | cap2udp: 0 | kr2udp: 1 | 
2026-05-03 18:04:26,401 - INFO     - img2od: 0 | od2fr: 0 | od2lpr: 1000 | od2cap: 0 | fr2kr: 0 | lpr2kr: 1000 | cap2udp: 0 | kr2udp: 1 | 
2026-05-03 18:04:27,402 - INFO     - img2od: 0 | od2fr: 0 | od2lpr: 1000 | od2cap: 0 | fr2kr: 0 | lpr2kr: 993 | cap2udp: 0 | kr2udp: 2 | 
2026-05-03 18:04:28,403 - INFO     - img2od: 0 | od2fr: 0 | od2lpr: 1000 | od2cap: 0 | fr2kr: 0 | lpr2kr: 1000 | cap2udp: 0 | kr2udp: 0 | 
2026-05-03 18:04:29,404 - INFO     - img2od: 0 | od2fr: 0 | od2lpr: 992 | od2cap: 0 | fr2kr: 0 | lpr2kr: 990 | cap2udp: 0 | kr2udp: 1 | 
2026-05-03 18:04:30,405 - INFO     - img2od: 0 | od2fr: 0 | od2lpr: 1000 | od2cap: 0 | fr2kr: 0 | lpr2kr: 1000 | cap2udp: 0 | kr2udp: 0 | 
2026-05-03 18:04:31,406 - INFO     - img2od: 0 | od2fr: 0 | od2lpr: 1000 | od2cap: 0 | fr2kr: 0 | lpr2kr: 985 | cap2udp: 0 | kr2udp: 1 | 
2026-05-03 18:04:32,407 - INFO     - img2od: 0 | od2fr: 0 | od2lpr: 1000 | od2cap: 0 | fr2kr: 0 | lpr2kr: 1000 | cap2udp: 0 | kr2udp: 1 | 
2026-05-03 18:04:33,408 - INFO     - img2od: 0 | od2fr: 0 | od2lpr: 1000 | od2cap: 0 | fr2kr: 0 | lpr2kr: 1000 | cap2udp: 0 | kr2udp: 1 | 
2026-05-03 18:04:34,409 - INFO     - img2od: 0 | od2fr: 0 | od2lpr: 1000 | od2cap: 0 | fr2kr: 0 | lpr2kr: 1000 | cap2udp: 0 | kr2udp: 0 | 
2026-05-03 18:04:35,410 - INFO     - img2od: 0 | od2fr: 0 | od2lpr: 1000 | od2cap: 0 | fr2kr: 0 | lpr2kr: 1000 | cap2udp: 0 | kr2udp: 1 | 
2026-05-03 18:04:36,411 - INFO     - img2od: 0 | od2fr: 0 | od2lpr: 1000 | od2cap: 0 | fr2kr: 0 | lpr2kr: 1000 | cap2udp: 0 | kr2udp: 0 | 
2026-05-03 18:04:37,412 - INFO     - img2od: 0 | od2fr: 0 | od2lpr: 1000 | od2cap: 0 | fr2kr: 0 | lpr2kr: 1000 | cap2udp: 0 | kr2udp: 1 | 
2026-05-03 18:04:38,413 - INFO     - img2od: 0 | od2fr: 0 | od2lpr: 1000 | od2cap: 0 | fr2kr: 0 | lpr2kr: 1000 | cap2udp: 0 | kr2udp: 0 | 
2026-05-03 18:04:39,414 - INFO     - img2od: 0 | od2fr: 0 | od2lpr: 1000 | od2cap: 0 | fr2kr: 0 | lpr2kr: 1000 | cap2udp: 0 | kr2udp: 0 | 
2026-05-03 18:04:40,415 - INFO     - img2od: 0 | od2fr: 0 | od2lpr: 1000 | od2cap: 0 | fr2kr: 0 | lpr2kr: 1000 | cap2udp: 0 | kr2udp: 0 | 
2026-05-03 18:04:41,416 - INFO     - img2od: 0 | od2fr: 0 | od2lpr: 1000 | od2cap: 0 | fr2kr: 0 | lpr2kr: 1000 | cap2udp: 0 | kr2udp: 0 | 
2026-05-03 18:04:42,417 - INFO     - img2od: 0 | od2fr: 0 | od2lpr: 1000 | od2cap: 0 | fr2kr: 0 | lpr2kr: 1000 | cap2udp: 0 | kr2udp: 1 | 
2026-05-03 18:04:43,418 - INFO     - img2od: 0 | od2fr: 0 | od2lpr: 1000 | od2cap: 0 | fr2kr: 0 | lpr2kr: 1000 | cap2udp: 0 | kr2udp: 0 | 
2026-05-03 18:04:44,419 - INFO     - img2od: 0 | od2fr: 0 | od2lpr: 1000 | od2cap: 0 | fr2kr: 0 | lpr2kr: 1000 | cap2udp: 0 | kr2udp: 0 | 
2026-05-03 18:04:45,420 - INFO     - img2od: 0 | od2fr: 0 | od2lpr: 1000 | od2cap: 0 | fr2kr: 0 | lpr2kr: 1000 | cap2udp: 0 | kr2udp: 0 | 
2026-05-03 18:04:46,421 - INFO     - img2od: 0 | od2fr: 0 | od2lpr: 1000 | od2cap: 0 | fr2kr: 0 | lpr2kr: 1000 | cap2udp: 0 | kr2udp: 0 | 
2026-05-03 18:04:47,422 - INFO     - img2od: 0 | od2fr: 0 | od2lpr: 1000 | od2cap: 0 | fr2kr: 0 | lpr2kr: 1000 | cap2udp: 0 | kr2udp: 0 | 
2026-05-03 18:04:48,423 - INFO     - img2od: 0 | od2fr: 0 | od2lpr: 1000 | od2cap: 0 | fr2kr: 0 | lpr2kr: 1000 | cap2udp: 0 | kr2udp: 1 | 
2026-05-03 18:04:49,424 - INFO     - img2od: 0 | od2fr: 0 | od2lpr: 1000 | od2cap: 0 | fr2kr: 0 | lpr2kr: 1000 | cap2udp: 0 | kr2udp: 0 | 
2026-05-03 18:04:50,425 - INFO     - img2od: 0 | od2fr: 0 | od2lpr: 1000 | od2cap: 0 | fr2kr: 0 | lpr2kr: 1000 | cap2udp: 0 | kr2udp: 1 | 
2026-05-03 18:04:51,426 - INFO     - img2od: 0 | od2fr: 0 | od2lpr: 1000 | od2cap: 0 | fr2kr: 0 | lpr2kr: 1000 | cap2udp: 0 | kr2udp: 0 | 
2026-05-03 18:04:52,428 - INFO     - img2od: 0 | od2fr: 0 | od2lpr: 1000 | od2cap: 0 | fr2kr: 0 | lpr2kr: 1000 | cap2udp: 0 | kr2udp: 1 | 
2026-05-03 18:04:53,429 - INFO     - img2od: 0 | od2fr: 0 | od2lpr: 1000 | od2cap: 0 | fr2kr: 0 | lpr2kr: 1000 | cap2udp: 0 | kr2udp: 0 | 
2026-05-03 18:04:54,430 - INFO     - img2od: 0 | od2fr: 0 | od2lpr: 1000 | od2cap: 0 | fr2kr: 0 | lpr2kr: 1000 | cap2udp: 0 | kr2udp: 1 | 
2026-05-03 18:04:55,431 - INFO     - img2od: 0 | od2fr: 0 | od2lpr: 1000 | od2cap: 0 | fr2kr: 0 | lpr2kr: 1000 | cap2udp: 0 | kr2udp: 0 | 
2026-05-03 18:04:56,432 - INFO     - img2od: 0 | od2fr: 0 | od2lpr: 1000 | od2cap: 0 | fr2kr: 0 | lpr2kr: 1000 | cap2udp: 0 | kr2udp: 1 | 
2026-05-03 18:04:57,433 - INFO     - img2od: 0 | od2fr: 0 | od2lpr: 1000 | od2cap: 0 | fr2kr: 0 | lpr2kr: 1000 | cap2udp: 0 | kr2udp: 0 | 
2026-05-03 18:04:58,434 - INFO     - img2od: 0 | od2fr: 0 | od2lpr: 1000 | od2cap: 0 | fr2kr: 0 | lpr2kr: 1000 | cap2udp: 0 | kr2udp: 0 | 
2026-05-03 18:04:59,435 - INFO     - img2od: 0 | od2fr: 0 | od2lpr: 1000 | od2cap: 0 | fr2kr: 0 | lpr2kr: 1000 | cap2udp: 0 | kr2udp: 0 | 
2026-05-03 18:05:00,436 - INFO     - img2od: 0 | od2fr: 0 | od2lpr: 1000 | od2cap: 0 | fr2kr: 0 | lpr2kr: 1000 | cap2udp: 0 | kr2udp: 1 | 
2026-05-03 18:05:01,437 - INFO     - img2od: 0 | od2fr: 0 | od2lpr: 1000 | od2cap: 0 | fr2kr: 0 | lpr2kr: 1000 | cap2udp: 0 | kr2udp: 0 | 
2026-05-03 18:05:02,438 - INFO     - img2od: 0 | od2fr: 0 | od2lpr: 1000 | od2cap: 0 | fr2kr: 0 | lpr2kr: 1000 | cap2udp: 0 | kr2udp: 0 | 
2026-05-03 18:05:03,439 - INFO     - img2od: 0 | od2fr: 0 | od2lpr: 1000 | od2cap: 0 | fr2kr: 0 | lpr2kr: 1000 | cap2udp: 0 | kr2udp: 1 | 
2026-05-03 18:05:04,441 - INFO     - img2od: 0 | od2fr: 0 | od2lpr: 1000 | od2cap: 0 | fr2kr: 0 | lpr2kr: 1000 | cap2udp: 0 | kr2udp: 1 | 
2026-05-03 18:05:05,442 - INFO     - img2od: 0 | od2fr: 0 | od2lpr: 1000 | od2cap: 0 | fr2kr: 0 | lpr2kr: 1000 | cap2udp: 0 | kr2udp: 1 | 
2026-05-03 18:05:06,443 - INFO     - img2od: 0 | od2fr: 0 | od2lpr: 999 | od2cap: 0 | fr2kr: 0 | lpr2kr: 994 | cap2udp: 0 | kr2udp: 0 | 
2026-05-03 18:05:07,444 - INFO     - img2od: 0 | od2fr: 0 | od2lpr: 1000 | od2cap: 0 | fr2kr: 0 | lpr2kr: 1000 | cap2udp: 0 | kr2udp: 0 | 
2026-05-03 18:05:08,445 - INFO     - img2od: 0 | od2fr: 0 | od2lpr: 1000 | od2cap: 0 | fr2kr: 0 | lpr2kr: 992 | cap2udp: 0 | kr2udp: 1 | 
2026-05-03 18:05:09,446 - INFO     - img2od: 0 | od2fr: 0 | od2lpr: 1000 | od2cap: 0 | fr2kr: 0 | lpr2kr: 1000 | cap2udp: 0 | kr2udp: 1 | 
2026-05-03 18:05:10,447 - INFO     - img2od: 0 | od2fr: 0 | od2lpr: 1000 | od2cap: 0 | fr2kr: 0 | lpr2kr: 989 | cap2udp: 0 | kr2udp: 0 | 
2026-05-03 18:05:11,448 - INFO     - img2od: 0 | od2fr: 0 | od2lpr: 1000 | od2cap: 0 | fr2kr: 0 | lpr2kr: 1000 | cap2udp: 0 | kr2udp: 0 | 
2026-05-03 18:05:12,449 - INFO     - img2od: 0 | od2fr: 0 | od2lpr: 1000 | od2cap: 0 | fr2kr: 0 | lpr2kr: 1000 | cap2udp: 0 | kr2udp: 1 | 
2026-05-03 18:05:13,450 - INFO     - img2od: 0 | od2fr: 0 | od2lpr: 1000 | od2cap: 0 | fr2kr: 0 | lpr2kr: 1000 | cap2udp: 0 | kr2udp: 0 | 
2026-05-03 18:05:14,451 - INFO     - img2od: 0 | od2fr: 0 | od2lpr: 1000 | od2cap: 0 | fr2kr: 0 | lpr2kr: 1000 | cap2udp: 0 | kr2udp: 1 | 
2026-05-03 18:05:15,453 - INFO     - img2od: 0 | od2fr: 0 | od2lpr: 1000 | od2cap: 0 | fr2kr: 0 | lpr2kr: 1000 | cap2udp: 0 | kr2udp: 0 | 
2026-05-03 18:05:16,454 - INFO     - img2od: 0 | od2fr: 0 | od2lpr: 1000 | od2cap: 0 | fr2kr: 0 | lpr2kr: 1000 | cap2udp: 0 | kr2udp: 1 | 
2026-05-03 18:05:17,455 - INFO     - img2od: 0 | od2fr: 0 | od2lpr: 1000 | od2cap: 0 | fr2kr: 0 | lpr2kr: 1000 | cap2udp: 0 | kr2udp: 0 | 
2026-05-03 18:05:18,456 - INFO     - img2od: 0 | od2fr: 0 | od2lpr: 1000 | od2cap: 0 | fr2kr: 0 | lpr2kr: 1000 | cap2udp: 0 | kr2udp: 1 | 
2026-05-03 18:05:19,457 - INFO     - img2od: 0 | od2fr: 0 | od2lpr: 1000 | od2cap: 0 | fr2kr: 0 | lpr2kr: 1000 | cap2udp: 0 | kr2udp: 0 | 
2026-05-03 18:05:20,458 - INFO     - img2od: 0 | od2fr: 0 | od2lpr: 1000 | od2cap: 0 | fr2kr: 0 | lpr2kr: 1000 | cap2udp: 0 | kr2udp: 0 | 
2026-05-03 18:05:21,460 - INFO     - img2od: 0 | od2fr: 0 | od2lpr: 1000 | od2cap: 0 | fr2kr: 0 | lpr2kr: 1000 | cap2udp: 0 | kr2udp: 0 | 
2026-05-03 18:05:22,461 - INFO     - img2od: 0 | od2fr: 0 | od2lpr: 1000 | od2cap: 0 | fr2kr: 0 | lpr2kr: 1000 | cap2udp: 0 | kr2udp: 0 | 
2026-05-03 18:05:23,462 - INFO     - img2od: 0 | od2fr: 0 | od2lpr: 1000 | od2cap: 0 | fr2kr: 0 | lpr2kr: 1000 | cap2udp: 0 | kr2udp: 0 | 
2026-05-03 18:05:24,463 - INFO     - img2od: 0 | od2fr: 0 | od2lpr: 1000 | od2cap: 0 | fr2kr: 0 | lpr2kr: 1000 | cap2udp: 0 | kr2udp: 0 | 
2026-05-03 18:05:25,464 - INFO     - img2od: 0 | od2fr: 0 | od2lpr: 1000 | od2cap: 0 | fr2kr: 0 | lpr2kr: 1000 | cap2udp: 0 | kr2udp: 0 | 
2026-05-03 18:05:26,466 - INFO     - img2od: 0 | od2fr: 0 | od2lpr: 1000 | od2cap: 0 | fr2kr: 0 | lpr2kr: 1000 | cap2udp: 0 | kr2udp: 0 | 
2026-05-03 18:05:27,467 - INFO     - img2od: 0 | od2fr: 0 | od2lpr: 1000 | od2cap: 0 | fr2kr: 0 | lpr2kr: 1000 | cap2udp: 0 | kr2udp: 1 | 
2026-05-03 18:05:28,468 - INFO     - img2od: 0 | od2fr: 0 | od2lpr: 1000 | od2cap: 0 | fr2kr: 0 | lpr2kr: 1000 | cap2udp: 0 | kr2udp: 1 | 
2026-05-03 18:05:29,469 - INFO     - img2od: 0 | od2fr: 0 | od2lpr: 1000 | od2cap: 0 | fr2kr: 0 | lpr2kr: 1000 | cap2udp: 0 | kr2udp: 0 | 
2026-05-03 18:05:30,471 - INFO     - img2od: 0 | od2fr: 0 | od2lpr: 1000 | od2cap: 0 | fr2kr: 0 | lpr2kr: 1000 | cap2udp: 0 | kr2udp: 0 | 
2026-05-03 18:05:31,472 - INFO     - img2od: 0 | od2fr: 0 | od2lpr: 1000 | od2cap: 0 | fr2kr: 0 | lpr2kr: 1000 | cap2udp: 0 | kr2udp: 0 | 
2026-05-03 18:05:32,473 - INFO     - img2od: 0 | od2fr: 0 | od2lpr: 1000 | od2cap: 0 | fr2kr: 0 | lpr2kr: 1000 | cap2udp: 0 | kr2udp: 0 | 
2026-05-03 18:05:33,474 - INFO     - img2od: 0 | od2fr: 0 | od2lpr: 1000 | od2cap: 0 | fr2kr: 0 | lpr2kr: 1000 | cap2udp: 0 | kr2udp: 0 | 
2026-05-03 18:05:34,475 - INFO     - img2od: 0 | od2fr: 0 | od2lpr: 1000 | od2cap: 0 | fr2kr: 0 | lpr2kr: 1000 | cap2udp: 0 | kr2udp: 0 | 
2026-05-03 18:05:35,477 - INFO     - img2od: 0 | od2fr: 0 | od2lpr: 1000 | od2cap: 0 | fr2kr: 0 | lpr2kr: 1000 | cap2udp: 0 | kr2udp: 0 | 
2026-05-03 18:05:36,478 - INFO     - img2od: 0 | od2fr: 0 | od2lpr: 1000 | od2cap: 0 | fr2kr: 0 | lpr2kr: 1000 | cap2udp: 0 | kr2udp: 0 | 
2026-05-03 18:05:37,479 - INFO     - img2od: 0 | od2fr: 0 | od2lpr: 1000 | od2cap: 0 | fr2kr: 0 | lpr2kr: 1000 | cap2udp: 0 | kr2udp: 1 | 
2026-05-03 18:05:38,480 - INFO     - img2od: 0 | od2fr: 0 | od2lpr: 1000 | od2cap: 0 | fr2kr: 0 | lpr2kr: 1000 | cap2udp: 0 | kr2udp: 0 | 
2026-05-03 18:05:39,481 - INFO     - img2od: 0 | od2fr: 0 | od2lpr: 1000 | od2cap: 0 | fr2kr: 0 | lpr2kr: 1000 | cap2udp: 0 | kr2udp: 0 | 
2026-05-03 18:05:40,482 - INFO     - img2od: 0 | od2fr: 0 | od2lpr: 1000 | od2cap: 0 | fr2kr: 0 | lpr2kr: 1000 | cap2udp: 0 | kr2udp: 0 | 
2026-05-03 18:05:41,483 - INFO     - img2od: 0 | od2fr: 0 | od2lpr: 1000 | od2cap: 0 | fr2kr: 0 | lpr2kr: 1000 | cap2udp: 0 | kr2udp: 1 | 
2026-05-03 18:05:42,484 - INFO     - img2od: 0 | od2fr: 0 | od2lpr: 1000 | od2cap: 0 | fr2kr: 0 | lpr2kr: 1000 | cap2udp: 0 | kr2udp: 0 | 
2026-05-03 18:05:43,485 - INFO     - img2od: 0 | od2fr: 0 | od2lpr: 1000 | od2cap: 0 | fr2kr: 0 | lpr2kr: 1000 | cap2udp: 0 | kr2udp: 0 | 
2026-05-03 18:05:44,486 - INFO     - img2od: 0 | od2fr: 0 | od2lpr: 1000 | od2cap: 0 | fr2kr: 0 | lpr2kr: 1000 | cap2udp: 0 | kr2udp: 1 | 
2026-05-03 18:05:45,487 - INFO     - img2od: 0 | od2fr: 0 | od2lpr: 1000 | od2cap: 0 | fr2kr: 0 | lpr2kr: 1000 | cap2udp: 0 | kr2udp: 1 | 
2026-05-03 18:05:46,488 - INFO     - img2od: 0 | od2fr: 0 | od2lpr: 1000 | od2cap: 0 | fr2kr: 0 | lpr2kr: 1000 | cap2udp: 0 | kr2udp: 0 | 
2026-05-03 18:05:47,489 - INFO     - img2od: 0 | od2fr: 0 | od2lpr: 1000 | od2cap: 0 | fr2kr: 0 | lpr2kr: 1000 | cap2udp: 0 | kr2udp: 0 | 
2026-05-03 18:05:48,490 - INFO     - img2od: 0 | od2fr: 0 | od2lpr: 1000 | od2cap: 0 | fr2kr: 0 | lpr2kr: 1000 | cap2udp: 0 | kr2udp: 1 | 
2026-05-03 18:05:49,491 - INFO     - img2od: 0 | od2fr: 0 | od2lpr: 1000 | od2cap: 0 | fr2kr: 0 | lpr2kr: 1000 | cap2udp: 0 | kr2udp: 0 | 
2026-05-03 18:05:50,492 - INFO     - img2od: 0 | od2fr: 0 | od2lpr: 1000 | od2cap: 0 | fr2kr: 0 | lpr2kr: 1000 | cap2udp: 0 | kr2udp: 0 | 
2026-05-03 18:05:51,493 - INFO     - img2od: 0 | od2fr: 0 | od2lpr: 1000 | od2cap: 0 | fr2kr: 0 | lpr2kr: 1000 | cap2udp: 0 | kr2udp: 0 | 
2026-05-03 18:05:52,494 - INFO     - img2od: 0 | od2fr: 0 | od2lpr: 1000 | od2cap: 0 | fr2kr: 0 | lpr2kr: 1000 | cap2udp: 0 | kr2udp: 0 | 
2026-05-03 18:05:53,495 - INFO     - img2od: 0 | od2fr: 0 | od2lpr: 1000 | od2cap: 0 | fr2kr: 0 | lpr2kr: 1000 | cap2udp: 0 | kr2udp: 0 | 
2026-05-03 18:05:54,496 - INFO     - img2od: 0 | od2fr: 0 | od2lpr: 1000 | od2cap: 0 | fr2kr: 0 | lpr2kr: 1000 | cap2udp: 0 | kr2udp: 0 | 
2026-05-03 18:05:55,497 - INFO     - img2od: 0 | od2fr: 0 | od2lpr: 1000 | od2cap: 0 | fr2kr: 0 | lpr2kr: 995 | cap2udp: 0 | kr2udp: 0 | 
2026-05-03 18:05:56,498 - INFO     - img2od: 0 | od2fr: 0 | od2lpr: 1000 | od2cap: 0 | fr2kr: 0 | lpr2kr: 1000 | cap2udp: 0 | kr2udp: 0 | 
2026-05-03 18:05:57,499 - INFO     - img2od: 0 | od2fr: 0 | od2lpr: 1000 | od2cap: 0 | fr2kr: 0 | lpr2kr: 992 | cap2udp: 0 | kr2udp: 0 | 
2026-05-03 18:05:58,500 - INFO     - img2od: 0 | od2fr: 0 | od2lpr: 1000 | od2cap: 0 | fr2kr: 4 | lpr2kr: 1000 | cap2udp: 0 | kr2udp: 0 | 
2026-05-03 18:05:59,501 - INFO     - img2od: 0 | od2fr: 0 | od2lpr: 1000 | od2cap: 0 | fr2kr: 4 | lpr2kr: 1000 | cap2udp: 0 | kr2udp: 1 | 
2026-05-03 18:06:00,502 - INFO     - img2od: 0 | od2fr: 0 | od2lpr: 1000 | od2cap: 0 | fr2kr: 0 | lpr2kr: 1000 | cap2udp: 0 | kr2udp: 0 | 
2026-05-03 18:06:01,503 - INFO     - img2od: 0 | od2fr: 0 | od2lpr: 1000 | od2cap: 0 | fr2kr: 0 | lpr2kr: 1000 | cap2udp: 0 | kr2udp: 0 | 
2026-05-03 18:06:02,504 - INFO     - img2od: 0 | od2fr: 0 | od2lpr: 1000 | od2cap: 0 | fr2kr: 0 | lpr2kr: 1000 | cap2udp: 0 | kr2udp: 0 | 
2026-05-03 18:06:03,505 - INFO     - img2od: 0 | od2fr: 0 | od2lpr: 1000 | od2cap: 0 | fr2kr: 0 | lpr2kr: 1000 | cap2udp: 0 | kr2udp: 0 | 
2026-05-03 18:06:04,506 - INFO     - img2od: 0 | od2fr: 0 | od2lpr: 1000 | od2cap: 0 | fr2kr: 0 | lpr2kr: 1000 | cap2udp: 0 | kr2udp: 0 | 
2026-05-03 18:06:05,507 - INFO     - img2od: 0 | od2fr: 0 | od2lpr: 1000 | od2cap: 0 | fr2kr: 0 | lpr2kr: 1000 | cap2udp: 0 | kr2udp: 0 | 
2026-05-03 18:06:06,508 - INFO     - img2od: 0 | od2fr: 0 | od2lpr: 1000 | od2cap: 0 | fr2kr: 0 | lpr2kr: 1000 | cap2udp: 0 | kr2udp: 0 | 
2026-05-03 18:06:07,509 - INFO     - img2od: 0 | od2fr: 0 | od2lpr: 1000 | od2cap: 0 | fr2kr: 0 | lpr2kr: 1000 | cap2udp: 0 | kr2udp: 0 | 
2026-05-03 18:06:08,510 - INFO     - img2od: 0 | od2fr: 0 | od2lpr: 1000 | od2cap: 0 | fr2kr: 0 | lpr2kr: 1000 | cap2udp: 0 | kr2udp: 0 | 
2026-05-03 18:06:09,512 - INFO     - img2od: 0 | od2fr: 0 | od2lpr: 1000 | od2cap: 0 | fr2kr: 0 | lpr2kr: 1000 | cap2udp: 0 | kr2udp: 0 | 
2026-05-03 18:06:10,513 - INFO     - img2od: 0 | od2fr: 0 | od2lpr: 1000 | od2cap: 0 | fr2kr: 0 | lpr2kr: 1000 | cap2udp: 0 | kr2udp: 0 | 
2026-05-03 18:06:11,514 - INFO     - img2od: 0 | od2fr: 0 | od2lpr: 1000 | od2cap: 0 | fr2kr: 0 | lpr2kr: 1000 | cap2udp: 0 | kr2udp: 0 | 
2026-05-03 18:06:12,515 - INFO     - img2od: 0 | od2fr: 0 | od2lpr: 1000 | od2cap: 0 | fr2kr: 0 | lpr2kr: 1000 | cap2udp: 0 | kr2udp: 1 | 
2026-05-03 18:06:13,516 - INFO     - img2od: 0 | od2fr: 0 | od2lpr: 1000 | od2cap: 0 | fr2kr: 0 | lpr2kr: 1000 | cap2udp: 0 | kr2udp: 1 | 
2026-05-03 18:06:14,517 - INFO     - img2od: 0 | od2fr: 0 | od2lpr: 1000 | od2cap: 0 | fr2kr: 0 | lpr2kr: 1000 | cap2udp: 0 | kr2udp: 0 | 
2026-05-03 18:06:15,518 - INFO     - img2od: 0 | od2fr: 0 | od2lpr: 1000 | od2cap: 0 | fr2kr: 0 | lpr2kr: 1000 | cap2udp: 0 | kr2udp: 0 | 
2026-05-03 18:06:16,519 - INFO     - img2od: 0 | od2fr: 0 | od2lpr: 1000 | od2cap: 0 | fr2kr: 0 | lpr2kr: 993 | cap2udp: 0 | kr2udp: 0 | 
2026-05-03 18:06:17,520 - INFO     - img2od: 0 | od2fr: 0 | od2lpr: 1000 | od2cap: 0 | fr2kr: 0 | lpr2kr: 1000 | cap2udp: 0 | kr2udp: 0 | 
2026-05-03 18:06:18,521 - INFO     - img2od: 0 | od2fr: 0 | od2lpr: 1000 | od2cap: 0 | fr2kr: 0 | lpr2kr: 987 | cap2udp: 0 | kr2udp: 0 | 
2026-05-03 18:06:19,522 - INFO     - img2od: 0 | od2fr: 0 | od2lpr: 1000 | od2cap: 0 | fr2kr: 0 | lpr2kr: 1000 | cap2udp: 0 | kr2udp: 0 | 
2026-05-03 18:06:20,523 - INFO     - img2od: 0 | od2fr: 0 | od2lpr: 1000 | od2cap: 0 | fr2kr: 0 | lpr2kr: 1000 | cap2udp: 0 | kr2udp: 1 | 
2026-05-03 18:06:21,524 - INFO     - img2od: 0 | od2fr: 0 | od2lpr: 1000 | od2cap: 0 | fr2kr: 0 | lpr2kr: 1000 | cap2udp: 0 | kr2udp: 0 | 
2026-05-03 18:06:22,525 - INFO     - img2od: 0 | od2fr: 0 | od2lpr: 1000 | od2cap: 0 | fr2kr: 0 | lpr2kr: 1000 | cap2udp: 0 | kr2udp: 1 | 
2026-05-03 18:06:23,526 - INFO     - img2od: 0 | od2fr: 0 | od2lpr: 1000 | od2cap: 0 | fr2kr: 0 | lpr2kr: 1000 | cap2udp: 0 | kr2udp: 0 | 
2026-05-03 18:06:24,527 - INFO     - img2od: 0 | od2fr: 0 | od2lpr: 1000 | od2cap: 0 | fr2kr: 0 | lpr2kr: 1000 | cap2udp: 0 | kr2udp: 0 | 
2026-05-03 18:06:25,528 - INFO     - img2od: 0 | od2fr: 0 | od2lpr: 1000 | od2cap: 0 | fr2kr: 0 | lpr2kr: 1000 | cap2udp: 0 | kr2udp: 0 | 
2026-05-03 18:06:26,529 - INFO     - img2od: 0 | od2fr: 0 | od2lpr: 1000 | od2cap: 0 | fr2kr: 0 | lpr2kr: 1000 | cap2udp: 0 | kr2udp: 0 | 
2026-05-03 18:06:27,530 - INFO     - img2od: 0 | od2fr: 0 | od2lpr: 1000 | od2cap: 0 | fr2kr: 0 | lpr2kr: 1000 | cap2udp: 0 | kr2udp: 1 | 
2026-05-03 18:06:28,531 - INFO     - img2od: 0 | od2fr: 0 | od2lpr: 1000 | od2cap: 0 | fr2kr: 0 | lpr2kr: 1000 | cap2udp: 0 | kr2udp: 0 | 
2026-05-03 18:06:29,532 - INFO     - img2od: 0 | od2fr: 0 | od2lpr: 1000 | od2cap: 0 | fr2kr: 0 | lpr2kr: 1000 | cap2udp: 0 | kr2udp: 0 | 
2026-05-03 18:06:30,533 - INFO     - img2od: 0 | od2fr: 0 | od2lpr: 1000 | od2cap: 0 | fr2kr: 0 | lpr2kr: 1000 | cap2udp: 0 | kr2udp: 0 | 
2026-05-03 18:06:31,534 - INFO     - img2od: 0 | od2fr: 0 | od2lpr: 1000 | od2cap: 0 | fr2kr: 0 | lpr2kr: 1000 | cap2udp: 0 | kr2udp: 0 | 
2026-05-03 18:06:32,536 - INFO     - img2od: 0 | od2fr: 0 | od2lpr: 1000 | od2cap: 0 | fr2kr: 0 | lpr2kr: 1000 | cap2udp: 0 | kr2udp: 0 | 
2026-05-03 18:06:33,537 - INFO     - img2od: 0 | od2fr: 0 | od2lpr: 1000 | od2cap: 0 | fr2kr: 0 | lpr2kr: 1000 | cap2udp: 0 | kr2udp: 0 | 
2026-05-03 18:06:34,538 - INFO     - img2od: 0 | od2fr: 0 | od2lpr: 1000 | od2cap: 0 | fr2kr: 0 | lpr2kr: 1000 | cap2udp: 0 | kr2udp: 0 | 
2026-05-03 18:06:35,539 - INFO     - img2od: 0 | od2fr: 0 | od2lpr: 1000 | od2cap: 0 | fr2kr: 0 | lpr2kr: 1000 | cap2udp: 0 | kr2udp: 0 | 
2026-05-03 18:06:36,540 - INFO     - img2od: 0 | od2fr: 0 | od2lpr: 1000 | od2cap: 0 | fr2kr: 0 | lpr2kr: 1000 | cap2udp: 0 | kr2udp: 0 | 
2026-05-03 18:06:37,541 - INFO     - img2od: 0 | od2fr: 0 | od2lpr: 1000 | od2cap: 0 | fr2kr: 0 | lpr2kr: 1000 | cap2udp: 0 | kr2udp: 0 | 
2026-05-03 18:06:38,542 - INFO     - img2od: 0 | od2fr: 0 | od2lpr: 1000 | od2cap: 0 | fr2kr: 0 | lpr2kr: 1000 | cap2udp: 0 | kr2udp: 0 | 
2026-05-03 18:06:39,543 - INFO     - img2od: 0 | od2fr: 0 | od2lpr: 1000 | od2cap: 0 | fr2kr: 0 | lpr2kr: 1000 | cap2udp: 0 | kr2udp: 1 | 
2026-05-03 18:06:40,544 - INFO     - img2od: 0 | od2fr: 0 | od2lpr: 1000 | od2cap: 0 | fr2kr: 0 | lpr2kr: 1000 | cap2udp: 0 | kr2udp: 1 | 
2026-05-03 18:06:41,545 - INFO     - img2od: 0 | od2fr: 0 | od2lpr: 1000 | od2cap: 0 | fr2kr: 0 | lpr2kr: 1000 | cap2udp: 0 | kr2udp: 0 | 
2026-05-03 18:06:42,547 - INFO     - img2od: 0 | od2fr: 0 | od2lpr: 1000 | od2cap: 0 | fr2kr: 0 | lpr2kr: 1000 | cap2udp: 0 | kr2udp: 0 | 
2026-05-03 18:06:43,548 - INFO     - img2od: 0 | od2fr: 0 | od2lpr: 1000 | od2cap: 0 | fr2kr: 0 | lpr2kr: 1000 | cap2udp: 0 | kr2udp: 0 | 
2026-05-03 18:06:44,549 - INFO     - img2od: 0 | od2fr: 0 | od2lpr: 1000 | od2cap: 0 | fr2kr: 0 | lpr2kr: 1000 | cap2udp: 0 | kr2udp: 0 | 
2026-05-03 18:06:45,550 - INFO     - img2od: 0 | od2fr: 0 | od2lpr: 999 | od2cap: 0 | fr2kr: 0 | lpr2kr: 992 | cap2udp: 0 | kr2udp: 1 | 
2026-05-03 18:06:46,551 - INFO     - img2od: 0 | od2fr: 0 | od2lpr: 1000 | od2cap: 0 | fr2kr: 0 | lpr2kr: 1000 | cap2udp: 0 | kr2udp: 0 | 
2026-05-03 18:06:47,552 - INFO     - img2od: 0 | od2fr: 0 | od2lpr: 997 | od2cap: 0 | fr2kr: 0 | lpr2kr: 990 | cap2udp: 0 | kr2udp: 0 | 
2026-05-03 18:06:48,553 - INFO     - img2od: 0 | od2fr: 0 | od2lpr: 1000 | od2cap: 0 | fr2kr: 0 | lpr2kr: 1000 | cap2udp: 0 | kr2udp: 0 | 
2026-05-03 18:06:49,554 - INFO     - img2od: 0 | od2fr: 0 | od2lpr: 1000 | od2cap: 0 | fr2kr: 0 | lpr2kr: 984 | cap2udp: 0 | kr2udp: 1 | 
2026-05-03 18:06:50,555 - INFO     - img2od: 0 | od2fr: 0 | od2lpr: 1000 | od2cap: 0 | fr2kr: 0 | lpr2kr: 1000 | cap2udp: 0 | kr2udp: 0 | 
2026-05-03 18:06:51,556 - INFO     - img2od: 0 | od2fr: 0 | od2lpr: 1000 | od2cap: 0 | fr2kr: 0 | lpr2kr: 1000 | cap2udp: 0 | kr2udp: 1 | 
2026-05-03 18:06:52,557 - INFO     - img2od: 0 | od2fr: 0 | od2lpr: 1000 | od2cap: 0 | fr2kr: 0 | lpr2kr: 1000 | cap2udp: 0 | kr2udp: 0 | 
2026-05-03 18:06:53,558 - INFO     - img2od: 0 | od2fr: 0 | od2lpr: 1000 | od2cap: 0 | fr2kr: 0 | lpr2kr: 1000 | cap2udp: 0 | kr2udp: 1 | 
2026-05-03 18:06:54,560 - INFO     - img2od: 0 | od2fr: 0 | od2lpr: 1000 | od2cap: 0 | fr2kr: 0 | lpr2kr: 1000 | cap2udp: 0 | kr2udp: 0 | 
2026-05-03 18:06:55,561 - INFO     - img2od: 0 | od2fr: 0 | od2lpr: 1000 | od2cap: 0 | fr2kr: 0 | lpr2kr: 1000 | cap2udp: 0 | kr2udp: 0 | 
2026-05-03 18:06:56,561 - INFO     - img2od: 0 | od2fr: 0 | od2lpr: 1000 | od2cap: 0 | fr2kr: 0 | lpr2kr: 1000 | cap2udp: 0 | kr2udp: 0 | 
2026-05-03 18:06:57,562 - INFO     - img2od: 0 | od2fr: 0 | od2lpr: 1000 | od2cap: 0 | fr2kr: 0 | lpr2kr: 1000 | cap2udp: 0 | kr2udp: 0 | 
2026-05-03 18:06:58,564 - INFO     - img2od: 0 | od2fr: 0 | od2lpr: 1000 | od2cap: 0 | fr2kr: 0 | lpr2kr: 1000 | cap2udp: 0 | kr2udp: 0 | 
2026-05-03 18:06:59,565 - INFO     - img2od: 0 | od2fr: 0 | od2lpr: 1000 | od2cap: 0 | fr2kr: 0 | lpr2kr: 1000 | cap2udp: 0 | kr2udp: 0 | 
2026-05-03 18:07:00,566 - INFO     - img2od: 0 | od2fr: 0 | od2lpr: 1000 | od2cap: 0 | fr2kr: 0 | lpr2kr: 1000 | cap2udp: 0 | kr2udp: 0 | 
2026-05-03 18:07:01,567 - INFO     - img2od: 0 | od2fr: 0 | od2lpr: 1000 | od2cap: 0 | fr2kr: 0 | lpr2kr: 1000 | cap2udp: 0 | kr2udp: 0 | 
2026-05-03 18:07:02,568 - INFO     - img2od: 0 | od2fr: 0 | od2lpr: 1000 | od2cap: 0 | fr2kr: 0 | lpr2kr: 1000 | cap2udp: 0 | kr2udp: 0 | 
2026-05-03 18:07:03,570 - INFO     - img2od: 0 | od2fr: 0 | od2lpr: 1000 | od2cap: 0 | fr2kr: 0 | lpr2kr: 1000 | cap2udp: 0 | kr2udp: 0 | 
2026-05-03 18:07:04,571 - INFO     - img2od: 0 | od2fr: 0 | od2lpr: 1000 | od2cap: 0 | fr2kr: 0 | lpr2kr: 1000 | cap2udp: 0 | kr2udp: 0 | 
2026-05-03 18:07:05,572 - INFO     - img2od: 0 | od2fr: 0 | od2lpr: 1000 | od2cap: 0 | fr2kr: 0 | lpr2kr: 1000 | cap2udp: 0 | kr2udp: 1 | 
2026-05-03 18:07:06,573 - INFO     - img2od: 0 | od2fr: 0 | od2lpr: 1000 | od2cap: 0 | fr2kr: 0 | lpr2kr: 1000 | cap2udp: 0 | kr2udp: 0 | 
2026-05-03 18:07:07,574 - INFO     - img2od: 0 | od2fr: 0 | od2lpr: 1000 | od2cap: 0 | fr2kr: 0 | lpr2kr: 1000 | cap2udp: 0 | kr2udp: 0 | 
2026-05-03 18:07:08,575 - INFO     - img2od: 0 | od2fr: 0 | od2lpr: 1000 | od2cap: 0 | fr2kr: 0 | lpr2kr: 1000 | cap2udp: 0 | kr2udp: 0 | 
2026-05-03 18:07:09,576 - INFO     - img2od: 0 | od2fr: 0 | od2lpr: 1000 | od2cap: 0 | fr2kr: 0 | lpr2kr: 1000 | cap2udp: 0 | kr2udp: 0 | 
2026-05-03 18:07:10,577 - INFO     - img2od: 0 | od2fr: 0 | od2lpr: 1000 | od2cap: 0 | fr2kr: 0 | lpr2kr: 1000 | cap2udp: 0 | kr2udp: 0 | 
2026-05-03 18:07:11,578 - INFO     - img2od: 0 | od2fr: 0 | od2lpr: 1000 | od2cap: 0 | fr2kr: 0 | lpr2kr: 1000 | cap2udp: 0 | kr2udp: 0 | 
2026-05-03 18:07:12,580 - INFO     - img2od: 0 | od2fr: 0 | od2lpr: 1000 | od2cap: 0 | fr2kr: 0 | lpr2kr: 1000 | cap2udp: 0 | kr2udp: 0 | 
2026-05-03 18:07:13,581 - INFO     - img2od: 0 | od2fr: 0 | od2lpr: 1000 | od2cap: 0 | fr2kr: 0 | lpr2kr: 1000 | cap2udp: 0 | kr2udp: 0 | 
2026-05-03 18:07:14,582 - INFO     - img2od: 0 | od2fr: 0 | od2lpr: 1000 | od2cap: 0 | fr2kr: 0 | lpr2kr: 1000 | cap2udp: 0 | kr2udp: 0 | 
2026-05-03 18:07:15,583 - INFO     - img2od: 0 | od2fr: 0 | od2lpr: 1000 | od2cap: 0 | fr2kr: 0 | lpr2kr: 1000 | cap2udp: 0 | kr2udp: 0 | 
2026-05-03 18:07:16,584 - INFO     - img2od: 0 | od2fr: 0 | od2lpr: 1000 | od2cap: 0 | fr2kr: 0 | lpr2kr: 1000 | cap2udp: 0 | kr2udp: 0 | 
2026-05-03 18:07:17,585 - INFO     - img2od: 0 | od2fr: 0 | od2lpr: 1000 | od2cap: 0 | fr2kr: 0 | lpr2kr: 1000 | cap2udp: 0 | kr2udp: 0 | 
2026-05-03 18:07:18,586 - INFO     - img2od: 0 | od2fr: 0 | od2lpr: 1000 | od2cap: 0 | fr2kr: 0 | lpr2kr: 1000 | cap2udp: 0 | kr2udp: 0 | 
2026-05-03 18:07:19,587 - INFO     - img2od: 0 | od2fr: 0 | od2lpr: 1000 | od2cap: 0 | fr2kr: 0 | lpr2kr: 1000 | cap2udp: 0 | kr2udp: 0 | 
2026-05-03 18:07:20,588 - INFO     - img2od: 0 | od2fr: 0 | od2lpr: 1000 | od2cap: 0 | fr2kr: 0 | lpr2kr: 999 | cap2udp: 0 | kr2udp: 0 | 
2026-05-03 18:07:21,589 - INFO     - img2od: 0 | od2fr: 0 | od2lpr: 1000 | od2cap: 0 | fr2kr: 0 | lpr2kr: 1000 | cap2udp: 0 | kr2udp: 0 | 
2026-05-03 18:07:22,590 - INFO     - img2od: 0 | od2fr: 0 | od2lpr: 1000 | od2cap: 0 | fr2kr: 0 | lpr2kr: 990 | cap2udp: 0 | kr2udp: 0 | 
2026-05-03 18:07:23,591 - INFO     - img2od: 0 | od2fr: 0 | od2lpr: 1000 | od2cap: 0 | fr2kr: 0 | lpr2kr: 1000 | cap2udp: 0 | kr2udp: 0 | 
2026-05-03 18:07:24,592 - INFO     - img2od: 0 | od2fr: 0 | od2lpr: 1000 | od2cap: 0 | fr2kr: 0 | lpr2kr: 986 | cap2udp: 0 | kr2udp: 0 | 
2026-05-03 18:07:25,593 - INFO     - img2od: 0 | od2fr: 0 | od2lpr: 1000 | od2cap: 0 | fr2kr: 0 | lpr2kr: 1000 | cap2udp: 0 | kr2udp: 0 | 
2026-05-03 18:07:26,594 - INFO     - img2od: 0 | od2fr: 0 | od2lpr: 1000 | od2cap: 0 | fr2kr: 0 | lpr2kr: 1000 | cap2udp: 0 | kr2udp: 1 | 
2026-05-03 18:07:27,595 - INFO     - img2od: 0 | od2fr: 0 | od2lpr: 1000 | od2cap: 0 | fr2kr: 0 | lpr2kr: 1000 | cap2udp: 0 | kr2udp: 0 | 
2026-05-03 18:07:28,596 - INFO     - img2od: 0 | od2fr: 0 | od2lpr: 1000 | od2cap: 0 | fr2kr: 0 | lpr2kr: 1000 | cap2udp: 0 | kr2udp: 1 | 
2026-05-03 18:07:29,598 - INFO     - img2od: 0 | od2fr: 0 | od2lpr: 1000 | od2cap: 0 | fr2kr: 0 | lpr2kr: 1000 | cap2udp: 0 | kr2udp: 0 | 
2026-05-03 18:07:30,599 - INFO     - img2od: 0 | od2fr: 0 | od2lpr: 1000 | od2cap: 0 | fr2kr: 0 | lpr2kr: 1000 | cap2udp: 0 | kr2udp: 0 | 
2026-05-03 18:07:31,600 - INFO     - img2od: 0 | od2fr: 0 | od2lpr: 1000 | od2cap: 0 | fr2kr: 0 | lpr2kr: 1000 | cap2udp: 0 | kr2udp: 0 | 
2026-05-03 18:07:32,601 - INFO     - img2od: 0 | od2fr: 0 | od2lpr: 1000 | od2cap: 0 | fr2kr: 0 | lpr2kr: 1000 | cap2udp: 0 | kr2udp: 0 | 
2026-05-03 18:07:33,602 - INFO     - img2od: 0 | od2fr: 0 | od2lpr: 1000 | od2cap: 0 | fr2kr: 0 | lpr2kr: 1000 | cap2udp: 0 | kr2udp: 0 | 
2026-05-03 18:07:34,604 - INFO     - img2od: 0 | od2fr: 0 | od2lpr: 1000 | od2cap: 0 | fr2kr: 0 | lpr2kr: 1000 | cap2udp: 0 | kr2udp: 0 | 
2026-05-03 18:07:35,605 - INFO     - img2od: 0 | od2fr: 0 | od2lpr: 1000 | od2cap: 0 | fr2kr: 0 | lpr2kr: 1000 | cap2udp: 0 | kr2udp: 0 | 
2026-05-03 18:07:36,606 - INFO     - img2od: 0 | od2fr: 0 | od2lpr: 1000 | od2cap: 0 | fr2kr: 0 | lpr2kr: 1000 | cap2udp: 0 | kr2udp: 0 | 
2026-05-03 18:07:37,607 - INFO     - img2od: 0 | od2fr: 0 | od2lpr: 1000 | od2cap: 0 | fr2kr: 0 | lpr2kr: 1000 | cap2udp: 0 | kr2udp: 0 | 
2026-05-03 18:07:38,608 - INFO     - img2od: 0 | od2fr: 0 | od2lpr: 1000 | od2cap: 0 | fr2kr: 0 | lpr2kr: 1000 | cap2udp: 0 | kr2udp: 0 | 
2026-05-03 18:07:39,609 - INFO     - img2od: 0 | od2fr: 0 | od2lpr: 1000 | od2cap: 0 | fr2kr: 0 | lpr2kr: 1000 | cap2udp: 0 | kr2udp: 0 | 
2026-05-03 18:07:40,610 - INFO     - img2od: 0 | od2fr: 0 | od2lpr: 1000 | od2cap: 0 | fr2kr: 0 | lpr2kr: 1000 | cap2udp: 0 | kr2udp: 1 | 
2026-05-03 18:07:41,611 - INFO     - img2od: 0 | od2fr: 0 | od2lpr: 1000 | od2cap: 0 | fr2kr: 0 | lpr2kr: 1000 | cap2udp: 0 | kr2udp: 0 | 
2026-05-03 18:07:42,612 - INFO     - img2od: 0 | od2fr: 0 | od2lpr: 1000 | od2cap: 0 | fr2kr: 0 | lpr2kr: 1000 | cap2udp: 0 | kr2udp: 0 | 
2026-05-03 18:07:43,613 - INFO     - img2od: 0 | od2fr: 0 | od2lpr: 1000 | od2cap: 0 | fr2kr: 0 | lpr2kr: 1000 | cap2udp: 0 | kr2udp: 0 | 
2026-05-03 18:07:44,614 - INFO     - img2od: 0 | od2fr: 0 | od2lpr: 1000 | od2cap: 0 | fr2kr: 0 | lpr2kr: 1000 | cap2udp: 0 | kr2udp: 1 | 
2026-05-03 18:07:45,615 - INFO     - img2od: 0 | od2fr: 0 | od2lpr: 986 | od2cap: 0 | fr2kr: 0 | lpr2kr: 1000 | cap2udp: 0 | kr2udp: 0 | 
2026-05-03 18:07:45,675 - INFO     - odStream     : Received END signal, shutting down
2026-05-03 18:07:45,679 - INFO     - frStream     : Received END signal, shutting down
2026-05-03 18:07:45,679 - INFO     - capStream    : Received END signal, shutting down
2026-05-03 18:07:45,742 - INFO     - udpStream    : Received end signal from CAP
2026-05-03 18:07:45,885 - INFO     - frStream     : shutdown successful
2026-05-03 18:07:45,925 - INFO     - odStream     : shutdown successful
2026-05-03 18:07:46,140 - INFO     - capStream    : shutdown successful
2026-05-03 18:07:46,616 - INFO     - img2od: 0 | od2fr: 0 | od2lpr: 987 | od2cap: 0 | fr2kr: 1 | lpr2kr: 1000 | cap2udp: 0 | kr2udp: 0 | 
2026-05-03 18:07:47,375 - INFO     - krStream     : Received end signal from FR
2026-05-03 18:07:47,617 - INFO     - img2od: 0 | od2fr: 0 | od2lpr: 977 | od2cap: 0 | fr2kr: 0 | lpr2kr: 1000 | cap2udp: 0 | kr2udp: 0 | 
2026-05-03 18:07:48,618 - INFO     - img2od: 0 | od2fr: 0 | od2lpr: 977 | od2cap: 0 | fr2kr: 0 | lpr2kr: 1000 | cap2udp: 0 | kr2udp: 1 | 
2026-05-03 18:07:49,619 - INFO     - img2od: 0 | od2fr: 0 | od2lpr: 960 | od2cap: 0 | fr2kr: 0 | lpr2kr: 993 | cap2udp: 0 | kr2udp: 1 | 
2026-05-03 18:07:50,620 - INFO     - img2od: 0 | od2fr: 0 | od2lpr: 960 | od2cap: 0 | fr2kr: 0 | lpr2kr: 1000 | cap2udp: 0 | kr2udp: 1 | 
2026-05-03 18:07:51,621 - INFO     - img2od: 0 | od2fr: 0 | od2lpr: 953 | od2cap: 0 | fr2kr: 0 | lpr2kr: 993 | cap2udp: 0 | kr2udp: 1 | 
2026-05-03 18:07:52,622 - INFO     - img2od: 0 | od2fr: 0 | od2lpr: 945 | od2cap: 0 | fr2kr: 0 | lpr2kr: 1000 | cap2udp: 0 | kr2udp: 1 | 
2026-05-03 18:07:53,624 - INFO     - img2od: 0 | od2fr: 0 | od2lpr: 945 | od2cap: 0 | fr2kr: 0 | lpr2kr: 984 | cap2udp: 0 | kr2udp: 1 | 
2026-05-03 18:07:54,625 - INFO     - img2od: 0 | od2fr: 0 | od2lpr: 922 | od2cap: 0 | fr2kr: 0 | lpr2kr: 1000 | cap2udp: 0 | kr2udp: 1 | 
2026-05-03 18:07:55,625 - INFO     - img2od: 0 | od2fr: 0 | od2lpr: 922 | od2cap: 0 | fr2kr: 0 | lpr2kr: 1000 | cap2udp: 0 | kr2udp: 1 | 
2026-05-03 18:07:56,627 - INFO     - img2od: 0 | od2fr: 0 | od2lpr: 912 | od2cap: 0 | fr2kr: 0 | lpr2kr: 1000 | cap2udp: 0 | kr2udp: 1 | 
2026-05-03 18:07:57,628 - INFO     - img2od: 0 | od2fr: 0 | od2lpr: 912 | od2cap: 0 | fr2kr: 0 | lpr2kr: 1000 | cap2udp: 0 | kr2udp: 1 | 
2026-05-03 18:07:58,629 - INFO     - img2od: 0 | od2fr: 0 | od2lpr: 898 | od2cap: 0 | fr2kr: 0 | lpr2kr: 1000 | cap2udp: 0 | kr2udp: 1 | 
2026-05-03 18:07:59,630 - INFO     - img2od: 0 | od2fr: 0 | od2lpr: 898 | od2cap: 0 | fr2kr: 0 | lpr2kr: 1000 | cap2udp: 0 | kr2udp: 0 | 
2026-05-03 18:08:00,632 - INFO     - img2od: 0 | od2fr: 0 | od2lpr: 881 | od2cap: 0 | fr2kr: 0 | lpr2kr: 1000 | cap2udp: 0 | kr2udp: 1 | 
2026-05-03 18:08:01,633 - INFO     - img2od: 0 | od2fr: 0 | od2lpr: 881 | od2cap: 0 | fr2kr: 0 | lpr2kr: 1000 | cap2udp: 0 | kr2udp: 1 | 
2026-05-03 18:08:02,634 - INFO     - img2od: 0 | od2fr: 0 | od2lpr: 852 | od2cap: 0 | fr2kr: 0 | lpr2kr: 1000 | cap2udp: 0 | kr2udp: 0 | 
2026-05-03 18:08:03,635 - INFO     - img2od: 0 | od2fr: 0 | od2lpr: 852 | od2cap: 0 | fr2kr: 0 | lpr2kr: 1000 | cap2udp: 0 | kr2udp: 0 | 
2026-05-03 18:08:04,636 - INFO     - img2od: 0 | od2fr: 0 | od2lpr: 849 | od2cap: 0 | fr2kr: 0 | lpr2kr: 1000 | cap2udp: 0 | kr2udp: 0 | 
2026-05-03 18:08:05,637 - INFO     - img2od: 0 | od2fr: 0 | od2lpr: 849 | od2cap: 0 | fr2kr: 0 | lpr2kr: 1000 | cap2udp: 0 | kr2udp: 0 | 
2026-05-03 18:08:06,638 - INFO     - img2od: 0 | od2fr: 0 | od2lpr: 823 | od2cap: 0 | fr2kr: 0 | lpr2kr: 1000 | cap2udp: 0 | kr2udp: 1 | 
2026-05-03 18:08:07,639 - INFO     - img2od: 0 | od2fr: 0 | od2lpr: 823 | od2cap: 0 | fr2kr: 0 | lpr2kr: 1000 | cap2udp: 0 | kr2udp: 1 | 
2026-05-03 18:08:08,640 - INFO     - img2od: 0 | od2fr: 0 | od2lpr: 817 | od2cap: 0 | fr2kr: 0 | lpr2kr: 1000 | cap2udp: 0 | kr2udp: 1 | 
2026-05-03 18:08:09,641 - INFO     - img2od: 0 | od2fr: 0 | od2lpr: 817 | od2cap: 0 | fr2kr: 0 | lpr2kr: 1000 | cap2udp: 0 | kr2udp: 0 | 
2026-05-03 18:08:10,642 - INFO     - img2od: 0 | od2fr: 0 | od2lpr: 802 | od2cap: 0 | fr2kr: 0 | lpr2kr: 1000 | cap2udp: 0 | kr2udp: 1 | 
2026-05-03 18:08:11,643 - INFO     - img2od: 0 | od2fr: 0 | od2lpr: 802 | od2cap: 0 | fr2kr: 0 | lpr2kr: 1000 | cap2udp: 0 | kr2udp: 1 | 
2026-05-03 18:08:12,644 - INFO     - img2od: 0 | od2fr: 0 | od2lpr: 778 | od2cap: 0 | fr2kr: 0 | lpr2kr: 1000 | cap2udp: 0 | kr2udp: 1 | 
2026-05-03 18:08:13,645 - INFO     - img2od: 0 | od2fr: 0 | od2lpr: 778 | od2cap: 0 | fr2kr: 0 | lpr2kr: 1000 | cap2udp: 0 | kr2udp: 0 | 
2026-05-03 18:08:14,646 - INFO     - img2od: 0 | od2fr: 0 | od2lpr: 762 | od2cap: 0 | fr2kr: 0 | lpr2kr: 1000 | cap2udp: 0 | kr2udp: 1 | 
2026-05-03 18:08:15,647 - INFO     - img2od: 0 | od2fr: 0 | od2lpr: 762 | od2cap: 0 | fr2kr: 0 | lpr2kr: 1000 | cap2udp: 0 | kr2udp: 0 | 
2026-05-03 18:08:16,648 - INFO     - img2od: 0 | od2fr: 0 | od2lpr: 746 | od2cap: 0 | fr2kr: 0 | lpr2kr: 1000 | cap2udp: 0 | kr2udp: 1 | 
2026-05-03 18:08:17,649 - INFO     - img2od: 0 | od2fr: 0 | od2lpr: 746 | od2cap: 0 | fr2kr: 0 | lpr2kr: 1000 | cap2udp: 0 | kr2udp: 1 | 
2026-05-03 18:08:18,650 - INFO     - img2od: 0 | od2fr: 0 | od2lpr: 730 | od2cap: 0 | fr2kr: 0 | lpr2kr: 995 | cap2udp: 0 | kr2udp: 1 | 
2026-05-03 18:08:19,651 - INFO     - img2od: 0 | od2fr: 0 | od2lpr: 730 | od2cap: 0 | fr2kr: 0 | lpr2kr: 1000 | cap2udp: 0 | kr2udp: 0 | 
2026-05-03 18:08:20,652 - INFO     - img2od: 0 | od2fr: 0 | od2lpr: 730 | od2cap: 0 | fr2kr: 0 | lpr2kr: 992 | cap2udp: 0 | kr2udp: 1 | 
2026-05-03 18:08:21,653 - INFO     - img2od: 0 | od2fr: 0 | od2lpr: 714 | od2cap: 0 | fr2kr: 0 | lpr2kr: 1000 | cap2udp: 0 | kr2udp: 0 | 
2026-05-03 18:08:22,654 - INFO     - img2od: 0 | od2fr: 0 | od2lpr: 714 | od2cap: 0 | fr2kr: 0 | lpr2kr: 1000 | cap2udp: 0 | kr2udp: 1 | 
2026-05-03 18:08:23,655 - INFO     - img2od: 0 | od2fr: 0 | od2lpr: 698 | od2cap: 0 | fr2kr: 0 | lpr2kr: 1000 | cap2udp: 0 | kr2udp: 0 | 
2026-05-03 18:08:24,657 - INFO     - img2od: 0 | od2fr: 0 | od2lpr: 698 | od2cap: 0 | fr2kr: 0 | lpr2kr: 1000 | cap2udp: 0 | kr2udp: 1 | 
2026-05-03 18:08:25,658 - INFO     - img2od: 0 | od2fr: 0 | od2lpr: 682 | od2cap: 0 | fr2kr: 0 | lpr2kr: 1000 | cap2udp: 0 | kr2udp: 1 | 
2026-05-03 18:08:26,659 - INFO     - img2od: 0 | od2fr: 0 | od2lpr: 682 | od2cap: 0 | fr2kr: 0 | lpr2kr: 1000 | cap2udp: 0 | kr2udp: 1 | 
2026-05-03 18:08:27,660 - INFO     - img2od: 0 | od2fr: 0 | od2lpr: 670 | od2cap: 0 | fr2kr: 0 | lpr2kr: 1000 | cap2udp: 0 | kr2udp: 1 | 
2026-05-03 18:08:28,661 - INFO     - img2od: 0 | od2fr: 0 | od2lpr: 670 | od2cap: 0 | fr2kr: 0 | lpr2kr: 1000 | cap2udp: 0 | kr2udp: 0 | 
2026-05-03 18:08:29,662 - INFO     - img2od: 0 | od2fr: 0 | od2lpr: 653 | od2cap: 0 | fr2kr: 0 | lpr2kr: 1000 | cap2udp: 0 | kr2udp: 0 | 
2026-05-03 18:08:30,664 - INFO     - img2od: 0 | od2fr: 0 | od2lpr: 653 | od2cap: 0 | fr2kr: 0 | lpr2kr: 1000 | cap2udp: 0 | kr2udp: 1 | 
2026-05-03 18:08:31,665 - INFO     - img2od: 0 | od2fr: 0 | od2lpr: 641 | od2cap: 0 | fr2kr: 0 | lpr2kr: 1000 | cap2udp: 0 | kr2udp: 1 | 
2026-05-03 18:08:32,666 - INFO     - img2od: 0 | od2fr: 0 | od2lpr: 641 | od2cap: 0 | fr2kr: 0 | lpr2kr: 1000 | cap2udp: 0 | kr2udp: 0 | 
2026-05-03 18:08:33,667 - INFO     - img2od: 0 | od2fr: 0 | od2lpr: 623 | od2cap: 0 | fr2kr: 0 | lpr2kr: 1000 | cap2udp: 0 | kr2udp: 0 | 
2026-05-03 18:08:34,668 - INFO     - img2od: 0 | od2fr: 0 | od2lpr: 623 | od2cap: 0 | fr2kr: 0 | lpr2kr: 1000 | cap2udp: 0 | kr2udp: 1 | 
2026-05-03 18:08:35,669 - INFO     - img2od: 0 | od2fr: 0 | od2lpr: 595 | od2cap: 0 | fr2kr: 0 | lpr2kr: 1000 | cap2udp: 0 | kr2udp: 1 | 
2026-05-03 18:08:36,670 - INFO     - img2od: 0 | od2fr: 0 | od2lpr: 595 | od2cap: 0 | fr2kr: 0 | lpr2kr: 1000 | cap2udp: 0 | kr2udp: 0 | 
2026-05-03 18:08:37,671 - INFO     - img2od: 0 | od2fr: 0 | od2lpr: 583 | od2cap: 0 | fr2kr: 0 | lpr2kr: 1000 | cap2udp: 0 | kr2udp: 1 | 
2026-05-03 18:08:38,672 - INFO     - img2od: 0 | od2fr: 0 | od2lpr: 583 | od2cap: 0 | fr2kr: 0 | lpr2kr: 1000 | cap2udp: 0 | kr2udp: 1 | 
2026-05-03 18:08:39,673 - INFO     - img2od: 0 | od2fr: 0 | od2lpr: 578 | od2cap: 0 | fr2kr: 0 | lpr2kr: 1000 | cap2udp: 0 | kr2udp: 1 | 
2026-05-03 18:08:40,674 - INFO     - img2od: 0 | od2fr: 0 | od2lpr: 578 | od2cap: 0 | fr2kr: 0 | lpr2kr: 1000 | cap2udp: 0 | kr2udp: 1 | 
2026-05-03 18:08:41,675 - INFO     - img2od: 0 | od2fr: 0 | od2lpr: 550 | od2cap: 0 | fr2kr: 0 | lpr2kr: 1000 | cap2udp: 0 | kr2udp: 0 | 
2026-05-03 18:08:42,677 - INFO     - img2od: 0 | od2fr: 0 | od2lpr: 550 | od2cap: 0 | fr2kr: 0 | lpr2kr: 1000 | cap2udp: 0 | kr2udp: 0 | 
2026-05-03 18:08:43,678 - INFO     - img2od: 0 | od2fr: 0 | od2lpr: 549 | od2cap: 0 | fr2kr: 0 | lpr2kr: 997 | cap2udp: 0 | kr2udp: 1 | 
2026-05-03 18:08:44,678 - INFO     - img2od: 0 | od2fr: 0 | od2lpr: 533 | od2cap: 0 | fr2kr: 0 | lpr2kr: 1000 | cap2udp: 0 | kr2udp: 1 | 
2026-05-03 18:08:45,679 - INFO     - img2od: 0 | od2fr: 0 | od2lpr: 533 | od2cap: 0 | fr2kr: 0 | lpr2kr: 993 | cap2udp: 0 | kr2udp: 0 | 
2026-05-03 18:08:46,681 - INFO     - img2od: 0 | od2fr: 0 | od2lpr: 526 | od2cap: 0 | fr2kr: 0 | lpr2kr: 1000 | cap2udp: 0 | kr2udp: 1 | 
2026-05-03 18:08:47,682 - INFO     - img2od: 0 | od2fr: 0 | od2lpr: 526 | od2cap: 0 | fr2kr: 0 | lpr2kr: 987 | cap2udp: 0 | kr2udp: 1 | 
2026-05-03 18:08:48,683 - INFO     - img2od: 0 | od2fr: 0 | od2lpr: 505 | od2cap: 0 | fr2kr: 0 | lpr2kr: 1000 | cap2udp: 0 | kr2udp: 0 | 
2026-05-03 18:08:49,684 - INFO     - img2od: 0 | od2fr: 0 | od2lpr: 505 | od2cap: 0 | fr2kr: 0 | lpr2kr: 1000 | cap2udp: 0 | kr2udp: 1 | 
2026-05-03 18:08:50,686 - INFO     - img2od: 0 | od2fr: 0 | od2lpr: 498 | od2cap: 0 | fr2kr: 0 | lpr2kr: 1000 | cap2udp: 0 | kr2udp: 0 | 
2026-05-03 18:08:51,687 - INFO     - img2od: 0 | od2fr: 0 | od2lpr: 498 | od2cap: 0 | fr2kr: 0 | lpr2kr: 1000 | cap2udp: 0 | kr2udp: 1 | 
2026-05-03 18:08:52,688 - INFO     - img2od: 0 | od2fr: 0 | od2lpr: 471 | od2cap: 0 | fr2kr: 0 | lpr2kr: 1000 | cap2udp: 0 | kr2udp: 1 | 
2026-05-03 18:08:53,689 - INFO     - img2od: 0 | od2fr: 0 | od2lpr: 471 | od2cap: 0 | fr2kr: 0 | lpr2kr: 1000 | cap2udp: 0 | kr2udp: 0 | 
2026-05-03 18:08:54,690 - INFO     - img2od: 0 | od2fr: 0 | od2lpr: 462 | od2cap: 0 | fr2kr: 0 | lpr2kr: 1000 | cap2udp: 0 | kr2udp: 0 | 
2026-05-03 18:08:55,692 - INFO     - img2od: 0 | od2fr: 0 | od2lpr: 462 | od2cap: 0 | fr2kr: 0 | lpr2kr: 1000 | cap2udp: 0 | kr2udp: 0 | 
2026-05-03 18:08:56,693 - INFO     - img2od: 0 | od2fr: 0 | od2lpr: 437 | od2cap: 0 | fr2kr: 0 | lpr2kr: 1000 | cap2udp: 0 | kr2udp: 1 | 
2026-05-03 18:08:57,694 - INFO     - img2od: 0 | od2fr: 0 | od2lpr: 437 | od2cap: 0 | fr2kr: 0 | lpr2kr: 1000 | cap2udp: 0 | kr2udp: 0 | 
2026-05-03 18:08:58,695 - INFO     - img2od: 0 | od2fr: 0 | od2lpr: 419 | od2cap: 0 | fr2kr: 0 | lpr2kr: 1000 | cap2udp: 0 | kr2udp: 1 | 
2026-05-03 18:08:59,696 - INFO     - img2od: 0 | od2fr: 0 | od2lpr: 419 | od2cap: 0 | fr2kr: 0 | lpr2kr: 1000 | cap2udp: 0 | kr2udp: 0 | 
2026-05-03 18:09:00,697 - INFO     - img2od: 0 | od2fr: 0 | od2lpr: 410 | od2cap: 0 | fr2kr: 0 | lpr2kr: 1000 | cap2udp: 0 | kr2udp: 0 | 
2026-05-03 18:09:01,698 - INFO     - img2od: 0 | od2fr: 0 | od2lpr: 410 | od2cap: 0 | fr2kr: 0 | lpr2kr: 1000 | cap2udp: 0 | kr2udp: 1 | 
2026-05-03 18:09:02,699 - INFO     - img2od: 0 | od2fr: 0 | od2lpr: 388 | od2cap: 0 | fr2kr: 0 | lpr2kr: 1000 | cap2udp: 0 | kr2udp: 0 | 
2026-05-03 18:09:03,701 - INFO     - img2od: 0 | od2fr: 0 | od2lpr: 388 | od2cap: 0 | fr2kr: 0 | lpr2kr: 1000 | cap2udp: 0 | kr2udp: 1 | 
2026-05-03 18:09:04,702 - INFO     - img2od: 0 | od2fr: 0 | od2lpr: 386 | od2cap: 0 | fr2kr: 0 | lpr2kr: 1000 | cap2udp: 0 | kr2udp: 0 | 
2026-05-03 18:09:05,703 - INFO     - img2od: 0 | od2fr: 0 | od2lpr: 386 | od2cap: 0 | fr2kr: 0 | lpr2kr: 1000 | cap2udp: 0 | kr2udp: 1 | 
2026-05-03 18:09:06,704 - INFO     - img2od: 0 | od2fr: 0 | od2lpr: 357 | od2cap: 0 | fr2kr: 0 | lpr2kr: 1000 | cap2udp: 0 | kr2udp: 1 | 
2026-05-03 18:09:07,706 - INFO     - img2od: 0 | od2fr: 0 | od2lpr: 357 | od2cap: 0 | fr2kr: 0 | lpr2kr: 1000 | cap2udp: 0 | kr2udp: 1 | 
2026-05-03 18:09:08,707 - INFO     - img2od: 0 | od2fr: 0 | od2lpr: 353 | od2cap: 0 | fr2kr: 0 | lpr2kr: 1000 | cap2udp: 0 | kr2udp: 0 | 
2026-05-03 18:09:09,708 - INFO     - img2od: 0 | od2fr: 0 | od2lpr: 353 | od2cap: 0 | fr2kr: 0 | lpr2kr: 1000 | cap2udp: 0 | kr2udp: 0 | 
2026-05-03 18:09:10,709 - INFO     - img2od: 0 | od2fr: 0 | od2lpr: 337 | od2cap: 0 | fr2kr: 0 | lpr2kr: 1000 | cap2udp: 0 | kr2udp: 1 | 
2026-05-03 18:09:11,711 - INFO     - img2od: 0 | od2fr: 0 | od2lpr: 337 | od2cap: 0 | fr2kr: 0 | lpr2kr: 1000 | cap2udp: 0 | kr2udp: 0 | 
2026-05-03 18:09:12,712 - INFO     - img2od: 0 | od2fr: 0 | od2lpr: 319 | od2cap: 0 | fr2kr: 0 | lpr2kr: 1000 | cap2udp: 0 | kr2udp: 1 | 
2026-05-03 18:09:13,713 - INFO     - img2od: 0 | od2fr: 0 | od2lpr: 319 | od2cap: 0 | fr2kr: 0 | lpr2kr: 1000 | cap2udp: 0 | kr2udp: 0 | 
2026-05-03 18:09:14,714 - INFO     - img2od: 0 | od2fr: 0 | od2lpr: 302 | od2cap: 0 | fr2kr: 0 | lpr2kr: 998 | cap2udp: 0 | kr2udp: 0 | 
2026-05-03 18:09:15,715 - INFO     - img2od: 0 | od2fr: 0 | od2lpr: 302 | od2cap: 0 | fr2kr: 0 | lpr2kr: 1000 | cap2udp: 0 | kr2udp: 1 | 
2026-05-03 18:09:16,716 - INFO     - img2od: 0 | od2fr: 0 | od2lpr: 295 | od2cap: 0 | fr2kr: 0 | lpr2kr: 991 | cap2udp: 0 | kr2udp: 0 | 
2026-05-03 18:09:17,717 - INFO     - img2od: 0 | od2fr: 0 | od2lpr: 288 | od2cap: 0 | fr2kr: 0 | lpr2kr: 1000 | cap2udp: 0 | kr2udp: 1 | 
2026-05-03 18:09:18,718 - INFO     - img2od: 0 | od2fr: 0 | od2lpr: 288 | od2cap: 0 | fr2kr: 0 | lpr2kr: 984 | cap2udp: 0 | kr2udp: 1 | 
2026-05-03 18:09:19,719 - INFO     - img2od: 0 | od2fr: 0 | od2lpr: 272 | od2cap: 0 | fr2kr: 0 | lpr2kr: 1000 | cap2udp: 0 | kr2udp: 1 | 
2026-05-03 18:09:20,720 - INFO     - img2od: 0 | od2fr: 0 | od2lpr: 272 | od2cap: 0 | fr2kr: 0 | lpr2kr: 1000 | cap2udp: 0 | kr2udp: 1 | 
2026-05-03 18:09:21,721 - INFO     - img2od: 0 | od2fr: 0 | od2lpr: 250 | od2cap: 0 | fr2kr: 0 | lpr2kr: 1000 | cap2udp: 0 | kr2udp: 1 | 
2026-05-03 18:09:22,722 - INFO     - img2od: 0 | od2fr: 0 | od2lpr: 250 | od2cap: 0 | fr2kr: 0 | lpr2kr: 1000 | cap2udp: 0 | kr2udp: 1 | 
2026-05-03 18:09:23,724 - INFO     - img2od: 0 | od2fr: 0 | od2lpr: 234 | od2cap: 0 | fr2kr: 0 | lpr2kr: 1000 | cap2udp: 0 | kr2udp: 1 | 
2026-05-03 18:09:24,725 - INFO     - img2od: 0 | od2fr: 0 | od2lpr: 234 | od2cap: 0 | fr2kr: 0 | lpr2kr: 1000 | cap2udp: 0 | kr2udp: 1 | 
2026-05-03 18:09:25,726 - INFO     - img2od: 0 | od2fr: 0 | od2lpr: 218 | od2cap: 0 | fr2kr: 0 | lpr2kr: 1000 | cap2udp: 0 | kr2udp: 1 | 
2026-05-03 18:09:26,727 - INFO     - img2od: 0 | od2fr: 0 | od2lpr: 218 | od2cap: 0 | fr2kr: 0 | lpr2kr: 1000 | cap2udp: 0 | kr2udp: 1 | 
2026-05-03 18:09:27,729 - INFO     - img2od: 0 | od2fr: 0 | od2lpr: 199 | od2cap: 0 | fr2kr: 0 | lpr2kr: 1000 | cap2udp: 0 | kr2udp: 1 | 
2026-05-03 18:09:28,730 - INFO     - img2od: 0 | od2fr: 0 | od2lpr: 199 | od2cap: 0 | fr2kr: 0 | lpr2kr: 1000 | cap2udp: 0 | kr2udp: 0 | 
2026-05-03 18:09:29,731 - INFO     - img2od: 0 | od2fr: 0 | od2lpr: 193 | od2cap: 0 | fr2kr: 0 | lpr2kr: 1000 | cap2udp: 0 | kr2udp: 1 | 
2026-05-03 18:09:30,732 - INFO     - img2od: 0 | od2fr: 0 | od2lpr: 193 | od2cap: 0 | fr2kr: 0 | lpr2kr: 1000 | cap2udp: 0 | kr2udp: 1 | 
2026-05-03 18:09:31,733 - INFO     - img2od: 0 | od2fr: 0 | od2lpr: 176 | od2cap: 0 | fr2kr: 0 | lpr2kr: 1000 | cap2udp: 0 | kr2udp: 1 | 
2026-05-03 18:09:32,735 - INFO     - img2od: 0 | od2fr: 0 | od2lpr: 176 | od2cap: 0 | fr2kr: 0 | lpr2kr: 1000 | cap2udp: 0 | kr2udp: 1 | 
2026-05-03 18:09:33,735 - INFO     - img2od: 0 | od2fr: 0 | od2lpr: 156 | od2cap: 0 | fr2kr: 0 | lpr2kr: 1000 | cap2udp: 0 | kr2udp: 1 | 
2026-05-03 18:09:34,737 - INFO     - img2od: 0 | od2fr: 0 | od2lpr: 156 | od2cap: 0 | fr2kr: 0 | lpr2kr: 1000 | cap2udp: 0 | kr2udp: 1 | 
2026-05-03 18:09:35,738 - INFO     - img2od: 0 | od2fr: 0 | od2lpr: 145 | od2cap: 0 | fr2kr: 0 | lpr2kr: 1000 | cap2udp: 0 | kr2udp: 1 | 
2026-05-03 18:09:36,739 - INFO     - img2od: 0 | od2fr: 0 | od2lpr: 145 | od2cap: 0 | fr2kr: 0 | lpr2kr: 1000 | cap2udp: 0 | kr2udp: 0 | 
2026-05-03 18:09:37,740 - INFO     - img2od: 0 | od2fr: 0 | od2lpr: 125 | od2cap: 0 | fr2kr: 0 | lpr2kr: 1000 | cap2udp: 0 | kr2udp: 1 | 
2026-05-03 18:09:38,741 - INFO     - img2od: 0 | od2fr: 0 | od2lpr: 125 | od2cap: 0 | fr2kr: 0 | lpr2kr: 1000 | cap2udp: 0 | kr2udp: 1 | 
2026-05-03 18:09:39,742 - INFO     - img2od: 0 | od2fr: 0 | od2lpr: 108 | od2cap: 0 | fr2kr: 0 | lpr2kr: 1000 | cap2udp: 0 | kr2udp: 1 | 
2026-05-03 18:09:40,743 - INFO     - img2od: 0 | od2fr: 0 | od2lpr: 108 | od2cap: 0 | fr2kr: 0 | lpr2kr: 1000 | cap2udp: 0 | kr2udp: 1 | 
2026-05-03 18:09:41,744 - INFO     - img2od: 0 | od2fr: 0 | od2lpr: 98 | od2cap: 0 | fr2kr: 0 | lpr2kr: 1000 | cap2udp: 0 | kr2udp: 1 | 
2026-05-03 18:09:42,745 - INFO     - img2od: 0 | od2fr: 0 | od2lpr: 98 | od2cap: 0 | fr2kr: 0 | lpr2kr: 1000 | cap2udp: 0 | kr2udp: 1 | 
2026-05-03 18:09:43,746 - INFO     - img2od: 0 | od2fr: 0 | od2lpr: 81 | od2cap: 0 | fr2kr: 0 | lpr2kr: 1000 | cap2udp: 0 | kr2udp: 0 | 
2026-05-03 18:09:44,747 - INFO     - img2od: 0 | od2fr: 0 | od2lpr: 81 | od2cap: 0 | fr2kr: 0 | lpr2kr: 1000 | cap2udp: 0 | kr2udp: 0 | 
2026-05-03 18:09:45,748 - INFO     - img2od: 0 | od2fr: 0 | od2lpr: 62 | od2cap: 0 | fr2kr: 0 | lpr2kr: 1000 | cap2udp: 0 | kr2udp: 1 | 
2026-05-03 18:09:46,749 - INFO     - img2od: 0 | od2fr: 0 | od2lpr: 62 | od2cap: 0 | fr2kr: 0 | lpr2kr: 1000 | cap2udp: 0 | kr2udp: 1 | 
2026-05-03 18:09:47,750 - INFO     - img2od: 0 | od2fr: 0 | od2lpr: 51 | od2cap: 0 | fr2kr: 0 | lpr2kr: 995 | cap2udp: 0 | kr2udp: 1 | 
2026-05-03 18:09:48,751 - INFO     - img2od: 0 | od2fr: 0 | od2lpr: 44 | od2cap: 0 | fr2kr: 0 | lpr2kr: 1000 | cap2udp: 0 | kr2udp: 0 | 
2026-05-03 18:09:49,752 - INFO     - img2od: 0 | od2fr: 0 | od2lpr: 44 | od2cap: 0 | fr2kr: 0 | lpr2kr: 985 | cap2udp: 0 | kr2udp: 1 | 
2026-05-03 18:09:50,753 - INFO     - img2od: 0 | od2fr: 0 | od2lpr: 21 | od2cap: 0 | fr2kr: 0 | lpr2kr: 1000 | cap2udp: 0 | kr2udp: 0 | 
2026-05-03 18:09:51,754 - INFO     - img2od: 0 | od2fr: 0 | od2lpr: 21 | od2cap: 0 | fr2kr: 0 | lpr2kr: 1000 | cap2udp: 0 | kr2udp: 1 | 
2026-05-03 18:09:52,755 - INFO     - img2od: 0 | od2fr: 0 | od2lpr: 17 | od2cap: 0 | fr2kr: 0 | lpr2kr: 1000 | cap2udp: 0 | kr2udp: 0 | 
2026-05-03 18:09:53,756 - INFO     - img2od: 0 | od2fr: 0 | od2lpr: 17 | od2cap: 0 | fr2kr: 0 | lpr2kr: 1000 | cap2udp: 0 | kr2udp: 0 | 
loading model on device: cuda
Initializing checkpoint: PekingU/rtdetr_r50vd, ID: 0
2026-05-03 18:09:54,757 - INFO     - img2od: 0 | od2fr: 0 | od2lpr: 0 | od2cap: 0 | fr2kr: 0 | lpr2kr: 1000 | cap2udp: 0 | kr2udp: 0 | 
2026-05-03 18:09:55,758 - INFO     - img2od: 0 | od2fr: 0 | od2lpr: 0 | od2cap: 0 | fr2kr: 0 | lpr2kr: 1000 | cap2udp: 0 | kr2udp: 0 | 
2026-05-03 18:09:55,968 - INFO     - lprStream    : Received END signal, shutting down
2026-05-03 18:09:56,092 - INFO     - lprStream    : shutdown successful
2026-05-03 18:09:56,759 - INFO     - img2od: 0 | od2fr: 0 | od2lpr: 0 | od2cap: 0 | fr2kr: 0 | lpr2kr: 987 | cap2udp: 0 | kr2udp: 0 | 
2026-05-03 18:09:57,760 - INFO     - img2od: 0 | od2fr: 0 | od2lpr: 0 | od2cap: 0 | fr2kr: 0 | lpr2kr: 987 | cap2udp: 0 | kr2udp: 1 | 
2026-05-03 18:09:58,761 - INFO     - img2od: 0 | od2fr: 0 | od2lpr: 0 | od2cap: 0 | fr2kr: 0 | lpr2kr: 971 | cap2udp: 0 | kr2udp: 1 | 
2026-05-03 18:09:59,762 - INFO     - img2od: 0 | od2fr: 0 | od2lpr: 0 | od2cap: 0 | fr2kr: 0 | lpr2kr: 971 | cap2udp: 0 | kr2udp: 0 | 
2026-05-03 18:10:00,763 - INFO     - img2od: 0 | od2fr: 0 | od2lpr: 0 | od2cap: 0 | fr2kr: 0 | lpr2kr: 955 | cap2udp: 0 | kr2udp: 0 | 
2026-05-03 18:10:01,764 - INFO     - img2od: 0 | od2fr: 0 | od2lpr: 0 | od2cap: 0 | fr2kr: 0 | lpr2kr: 955 | cap2udp: 0 | kr2udp: 0 | 
2026-05-03 18:10:02,766 - INFO     - img2od: 0 | od2fr: 0 | od2lpr: 0 | od2cap: 0 | fr2kr: 0 | lpr2kr: 939 | cap2udp: 0 | kr2udp: 0 | 
2026-05-03 18:10:03,767 - INFO     - img2od: 0 | od2fr: 0 | od2lpr: 0 | od2cap: 0 | fr2kr: 0 | lpr2kr: 939 | cap2udp: 0 | kr2udp: 0 | 
2026-05-03 18:10:04,768 - INFO     - img2od: 0 | od2fr: 0 | od2lpr: 0 | od2cap: 0 | fr2kr: 0 | lpr2kr: 923 | cap2udp: 0 | kr2udp: 0 | 
2026-05-03 18:10:05,769 - INFO     - img2od: 0 | od2fr: 0 | od2lpr: 0 | od2cap: 0 | fr2kr: 0 | lpr2kr: 923 | cap2udp: 0 | kr2udp: 0 | 
2026-05-03 18:10:06,770 - INFO     - img2od: 0 | od2fr: 0 | od2lpr: 0 | od2cap: 0 | fr2kr: 0 | lpr2kr: 907 | cap2udp: 0 | kr2udp: 1 | 
2026-05-03 18:10:07,771 - INFO     - img2od: 0 | od2fr: 0 | od2lpr: 0 | od2cap: 0 | fr2kr: 0 | lpr2kr: 907 | cap2udp: 0 | kr2udp: 0 | 
2026-05-03 18:10:08,772 - INFO     - img2od: 0 | od2fr: 0 | od2lpr: 0 | od2cap: 0 | fr2kr: 0 | lpr2kr: 891 | cap2udp: 0 | kr2udp: 1 | 
2026-05-03 18:10:09,774 - INFO     - img2od: 0 | od2fr: 0 | od2lpr: 0 | od2cap: 0 | fr2kr: 0 | lpr2kr: 891 | cap2udp: 0 | kr2udp: 1 | 
2026-05-03 18:10:10,775 - INFO     - img2od: 0 | od2fr: 0 | od2lpr: 0 | od2cap: 0 | fr2kr: 0 | lpr2kr: 875 | cap2udp: 0 | kr2udp: 0 | 
2026-05-03 18:10:11,776 - INFO     - img2od: 0 | od2fr: 0 | od2lpr: 0 | od2cap: 0 | fr2kr: 0 | lpr2kr: 875 | cap2udp: 0 | kr2udp: 1 | 
2026-05-03 18:10:12,777 - INFO     - img2od: 0 | od2fr: 0 | od2lpr: 0 | od2cap: 0 | fr2kr: 0 | lpr2kr: 859 | cap2udp: 0 | kr2udp: 0 | 
2026-05-03 18:10:13,778 - INFO     - img2od: 0 | od2fr: 0 | od2lpr: 0 | od2cap: 0 | fr2kr: 0 | lpr2kr: 859 | cap2udp: 0 | kr2udp: 1 | 
2026-05-03 18:10:14,779 - INFO     - img2od: 0 | od2fr: 0 | od2lpr: 0 | od2cap: 0 | fr2kr: 0 | lpr2kr: 843 | cap2udp: 0 | kr2udp: 1 | 
2026-05-03 18:10:15,780 - INFO     - img2od: 0 | od2fr: 0 | od2lpr: 0 | od2cap: 0 | fr2kr: 0 | lpr2kr: 843 | cap2udp: 0 | kr2udp: 0 | 
2026-05-03 18:10:16,782 - INFO     - img2od: 0 | od2fr: 0 | od2lpr: 0 | od2cap: 0 | fr2kr: 0 | lpr2kr: 827 | cap2udp: 0 | kr2udp: 1 | 
2026-05-03 18:10:17,783 - INFO     - img2od: 0 | od2fr: 0 | od2lpr: 0 | od2cap: 0 | fr2kr: 0 | lpr2kr: 827 | cap2udp: 0 | kr2udp: 1 | 
2026-05-03 18:10:18,784 - INFO     - img2od: 0 | od2fr: 0 | od2lpr: 0 | od2cap: 0 | fr2kr: 0 | lpr2kr: 811 | cap2udp: 0 | kr2udp: 0 | 
2026-05-03 18:10:19,785 - INFO     - img2od: 0 | od2fr: 0 | od2lpr: 0 | od2cap: 0 | fr2kr: 0 | lpr2kr: 811 | cap2udp: 0 | kr2udp: 1 | 
2026-05-03 18:10:20,787 - INFO     - img2od: 0 | od2fr: 0 | od2lpr: 0 | od2cap: 0 | fr2kr: 0 | lpr2kr: 795 | cap2udp: 0 | kr2udp: 0 | 
2026-05-03 18:10:21,788 - INFO     - img2od: 0 | od2fr: 0 | od2lpr: 0 | od2cap: 0 | fr2kr: 0 | lpr2kr: 795 | cap2udp: 0 | kr2udp: 1 | 
2026-05-03 18:10:22,789 - INFO     - img2od: 0 | od2fr: 0 | od2lpr: 0 | od2cap: 0 | fr2kr: 0 | lpr2kr: 779 | cap2udp: 0 | kr2udp: 0 | 
2026-05-03 18:10:23,790 - INFO     - img2od: 0 | od2fr: 0 | od2lpr: 0 | od2cap: 0 | fr2kr: 0 | lpr2kr: 779 | cap2udp: 0 | kr2udp: 1 | 
2026-05-03 18:10:24,792 - INFO     - img2od: 0 | od2fr: 0 | od2lpr: 0 | od2cap: 0 | fr2kr: 0 | lpr2kr: 763 | cap2udp: 0 | kr2udp: 1 | 
2026-05-03 18:10:25,793 - INFO     - img2od: 0 | od2fr: 0 | od2lpr: 0 | od2cap: 0 | fr2kr: 0 | lpr2kr: 763 | cap2udp: 0 | kr2udp: 1 | 
2026-05-03 18:10:26,794 - INFO     - img2od: 0 | od2fr: 0 | od2lpr: 0 | od2cap: 0 | fr2kr: 0 | lpr2kr: 747 | cap2udp: 0 | kr2udp: 1 | 
2026-05-03 18:10:27,795 - INFO     - img2od: 0 | od2fr: 0 | od2lpr: 0 | od2cap: 0 | fr2kr: 0 | lpr2kr: 747 | cap2udp: 0 | kr2udp: 1 | 
2026-05-03 18:10:28,796 - INFO     - img2od: 0 | od2fr: 0 | od2lpr: 0 | od2cap: 0 | fr2kr: 0 | lpr2kr: 731 | cap2udp: 0 | kr2udp: 1 | 
2026-05-03 18:10:29,798 - INFO     - img2od: 0 | od2fr: 0 | od2lpr: 0 | od2cap: 0 | fr2kr: 0 | lpr2kr: 715 | cap2udp: 0 | kr2udp: 1 | 
2026-05-03 18:10:30,798 - INFO     - img2od: 0 | od2fr: 0 | od2lpr: 0 | od2cap: 0 | fr2kr: 0 | lpr2kr: 715 | cap2udp: 0 | kr2udp: 0 | 
2026-05-03 18:10:31,800 - INFO     - img2od: 0 | od2fr: 0 | od2lpr: 0 | od2cap: 0 | fr2kr: 0 | lpr2kr: 699 | cap2udp: 0 | kr2udp: 0 | 
2026-05-03 18:10:32,801 - INFO     - img2od: 0 | od2fr: 0 | od2lpr: 0 | od2cap: 0 | fr2kr: 0 | lpr2kr: 699 | cap2udp: 0 | kr2udp: 0 | 
2026-05-03 18:10:33,802 - INFO     - img2od: 0 | od2fr: 0 | od2lpr: 0 | od2cap: 0 | fr2kr: 0 | lpr2kr: 683 | cap2udp: 0 | kr2udp: 0 | 
2026-05-03 18:10:34,803 - INFO     - img2od: 0 | od2fr: 0 | od2lpr: 0 | od2cap: 0 | fr2kr: 0 | lpr2kr: 683 | cap2udp: 0 | kr2udp: 0 | 
2026-05-03 18:10:35,804 - INFO     - img2od: 0 | od2fr: 0 | od2lpr: 0 | od2cap: 0 | fr2kr: 0 | lpr2kr: 667 | cap2udp: 0 | kr2udp: 0 | 
2026-05-03 18:10:36,806 - INFO     - img2od: 0 | od2fr: 0 | od2lpr: 0 | od2cap: 0 | fr2kr: 0 | lpr2kr: 667 | cap2udp: 0 | kr2udp: 0 | 
2026-05-03 18:10:37,807 - INFO     - img2od: 0 | od2fr: 0 | od2lpr: 0 | od2cap: 0 | fr2kr: 0 | lpr2kr: 651 | cap2udp: 0 | kr2udp: 1 | 
2026-05-03 18:10:38,808 - INFO     - img2od: 0 | od2fr: 0 | od2lpr: 0 | od2cap: 0 | fr2kr: 0 | lpr2kr: 651 | cap2udp: 0 | kr2udp: 1 | 
2026-05-03 18:10:39,809 - INFO     - img2od: 0 | od2fr: 0 | od2lpr: 0 | od2cap: 0 | fr2kr: 0 | lpr2kr: 635 | cap2udp: 0 | kr2udp: 1 | 
2026-05-03 18:10:40,810 - INFO     - img2od: 0 | od2fr: 0 | od2lpr: 0 | od2cap: 0 | fr2kr: 0 | lpr2kr: 635 | cap2udp: 0 | kr2udp: 0 | 
2026-05-03 18:10:41,812 - INFO     - img2od: 0 | od2fr: 0 | od2lpr: 0 | od2cap: 0 | fr2kr: 0 | lpr2kr: 619 | cap2udp: 0 | kr2udp: 0 | 
2026-05-03 18:10:42,813 - INFO     - img2od: 0 | od2fr: 0 | od2lpr: 0 | od2cap: 0 | fr2kr: 0 | lpr2kr: 619 | cap2udp: 0 | kr2udp: 1 | 
2026-05-03 18:10:43,814 - INFO     - img2od: 0 | od2fr: 0 | od2lpr: 0 | od2cap: 0 | fr2kr: 0 | lpr2kr: 603 | cap2udp: 0 | kr2udp: 0 | 
2026-05-03 18:10:44,815 - INFO     - img2od: 0 | od2fr: 0 | od2lpr: 0 | od2cap: 0 | fr2kr: 0 | lpr2kr: 603 | cap2udp: 0 | kr2udp: 1 | 
2026-05-03 18:10:45,817 - INFO     - img2od: 0 | od2fr: 0 | od2lpr: 0 | od2cap: 0 | fr2kr: 0 | lpr2kr: 587 | cap2udp: 0 | kr2udp: 0 | 
2026-05-03 18:10:46,818 - INFO     - img2od: 0 | od2fr: 0 | od2lpr: 0 | od2cap: 0 | fr2kr: 0 | lpr2kr: 587 | cap2udp: 0 | kr2udp: 0 | 
2026-05-03 18:10:47,819 - INFO     - img2od: 0 | od2fr: 0 | od2lpr: 0 | od2cap: 0 | fr2kr: 0 | lpr2kr: 571 | cap2udp: 0 | kr2udp: 1 | 
2026-05-03 18:10:48,820 - INFO     - img2od: 0 | od2fr: 0 | od2lpr: 0 | od2cap: 0 | fr2kr: 0 | lpr2kr: 571 | cap2udp: 0 | kr2udp: 0 | 
2026-05-03 18:10:49,821 - INFO     - img2od: 0 | od2fr: 0 | od2lpr: 0 | od2cap: 0 | fr2kr: 0 | lpr2kr: 555 | cap2udp: 0 | kr2udp: 0 | 
2026-05-03 18:10:50,823 - INFO     - img2od: 0 | od2fr: 0 | od2lpr: 0 | od2cap: 0 | fr2kr: 0 | lpr2kr: 555 | cap2udp: 0 | kr2udp: 0 | 
2026-05-03 18:10:51,824 - INFO     - img2od: 0 | od2fr: 0 | od2lpr: 0 | od2cap: 0 | fr2kr: 0 | lpr2kr: 539 | cap2udp: 0 | kr2udp: 1 | 
2026-05-03 18:10:52,825 - INFO     - img2od: 0 | od2fr: 0 | od2lpr: 0 | od2cap: 0 | fr2kr: 0 | lpr2kr: 539 | cap2udp: 0 | kr2udp: 0 | 
2026-05-03 18:10:53,826 - INFO     - img2od: 0 | od2fr: 0 | od2lpr: 0 | od2cap: 0 | fr2kr: 0 | lpr2kr: 523 | cap2udp: 0 | kr2udp: 0 | 
2026-05-03 18:10:54,827 - INFO     - img2od: 0 | od2fr: 0 | od2lpr: 0 | od2cap: 0 | fr2kr: 0 | lpr2kr: 523 | cap2udp: 0 | kr2udp: 1 | 
2026-05-03 18:10:55,829 - INFO     - img2od: 0 | od2fr: 0 | od2lpr: 0 | od2cap: 0 | fr2kr: 0 | lpr2kr: 507 | cap2udp: 0 | kr2udp: 1 | 
2026-05-03 18:10:56,830 - INFO     - img2od: 0 | od2fr: 0 | od2lpr: 0 | od2cap: 0 | fr2kr: 0 | lpr2kr: 507 | cap2udp: 0 | kr2udp: 1 | 
2026-05-03 18:10:57,831 - INFO     - img2od: 0 | od2fr: 0 | od2lpr: 0 | od2cap: 0 | fr2kr: 0 | lpr2kr: 491 | cap2udp: 0 | kr2udp: 1 | 
2026-05-03 18:10:58,832 - INFO     - img2od: 0 | od2fr: 0 | od2lpr: 0 | od2cap: 0 | fr2kr: 0 | lpr2kr: 491 | cap2udp: 0 | kr2udp: 1 | 
2026-05-03 18:10:59,833 - INFO     - img2od: 0 | od2fr: 0 | od2lpr: 0 | od2cap: 0 | fr2kr: 0 | lpr2kr: 475 | cap2udp: 0 | kr2udp: 1 | 
2026-05-03 18:11:00,834 - INFO     - img2od: 0 | od2fr: 0 | od2lpr: 0 | od2cap: 0 | fr2kr: 0 | lpr2kr: 475 | cap2udp: 0 | kr2udp: 1 | 
2026-05-03 18:11:01,835 - INFO     - img2od: 0 | od2fr: 0 | od2lpr: 0 | od2cap: 0 | fr2kr: 0 | lpr2kr: 459 | cap2udp: 0 | kr2udp: 1 | 
2026-05-03 18:11:02,837 - INFO     - img2od: 0 | od2fr: 0 | od2lpr: 0 | od2cap: 0 | fr2kr: 0 | lpr2kr: 459 | cap2udp: 0 | kr2udp: 1 | 
2026-05-03 18:11:03,838 - INFO     - img2od: 0 | od2fr: 0 | od2lpr: 0 | od2cap: 0 | fr2kr: 0 | lpr2kr: 443 | cap2udp: 0 | kr2udp: 1 | 
2026-05-03 18:11:04,839 - INFO     - img2od: 0 | od2fr: 0 | od2lpr: 0 | od2cap: 0 | fr2kr: 0 | lpr2kr: 443 | cap2udp: 0 | kr2udp: 1 | 
2026-05-03 18:11:05,840 - INFO     - img2od: 0 | od2fr: 0 | od2lpr: 0 | od2cap: 0 | fr2kr: 0 | lpr2kr: 427 | cap2udp: 0 | kr2udp: 1 | 
2026-05-03 18:11:06,841 - INFO     - img2od: 0 | od2fr: 0 | od2lpr: 0 | od2cap: 0 | fr2kr: 0 | lpr2kr: 427 | cap2udp: 0 | kr2udp: 1 | 
2026-05-03 18:11:07,842 - INFO     - img2od: 0 | od2fr: 0 | od2lpr: 0 | od2cap: 0 | fr2kr: 0 | lpr2kr: 411 | cap2udp: 0 | kr2udp: 1 | 
2026-05-03 18:11:08,843 - INFO     - img2od: 0 | od2fr: 0 | od2lpr: 0 | od2cap: 0 | fr2kr: 0 | lpr2kr: 411 | cap2udp: 0 | kr2udp: 1 | 
2026-05-03 18:11:09,844 - INFO     - img2od: 0 | od2fr: 0 | od2lpr: 0 | od2cap: 0 | fr2kr: 0 | lpr2kr: 395 | cap2udp: 0 | kr2udp: 1 | 
2026-05-03 18:11:10,845 - INFO     - img2od: 0 | od2fr: 0 | od2lpr: 0 | od2cap: 0 | fr2kr: 0 | lpr2kr: 395 | cap2udp: 0 | kr2udp: 1 | 
2026-05-03 18:11:11,847 - INFO     - img2od: 0 | od2fr: 0 | od2lpr: 0 | od2cap: 0 | fr2kr: 0 | lpr2kr: 379 | cap2udp: 0 | kr2udp: 1 | 
2026-05-03 18:11:12,848 - INFO     - img2od: 0 | od2fr: 0 | od2lpr: 0 | od2cap: 0 | fr2kr: 0 | lpr2kr: 379 | cap2udp: 0 | kr2udp: 1 | 
2026-05-03 18:11:13,849 - INFO     - img2od: 0 | od2fr: 0 | od2lpr: 0 | od2cap: 0 | fr2kr: 0 | lpr2kr: 363 | cap2udp: 0 | kr2udp: 1 | 
2026-05-03 18:11:14,850 - INFO     - img2od: 0 | od2fr: 0 | od2lpr: 0 | od2cap: 0 | fr2kr: 0 | lpr2kr: 363 | cap2udp: 0 | kr2udp: 1 | 
2026-05-03 18:11:15,852 - INFO     - img2od: 0 | od2fr: 0 | od2lpr: 0 | od2cap: 0 | fr2kr: 0 | lpr2kr: 347 | cap2udp: 0 | kr2udp: 1 | 
2026-05-03 18:11:16,853 - INFO     - img2od: 0 | od2fr: 0 | od2lpr: 0 | od2cap: 0 | fr2kr: 0 | lpr2kr: 347 | cap2udp: 0 | kr2udp: 1 | 
2026-05-03 18:11:17,854 - INFO     - img2od: 0 | od2fr: 0 | od2lpr: 0 | od2cap: 0 | fr2kr: 0 | lpr2kr: 331 | cap2udp: 0 | kr2udp: 1 | 
2026-05-03 18:11:18,855 - INFO     - img2od: 0 | od2fr: 0 | od2lpr: 0 | od2cap: 0 | fr2kr: 0 | lpr2kr: 331 | cap2udp: 0 | kr2udp: 1 | 
2026-05-03 18:11:19,856 - INFO     - img2od: 0 | od2fr: 0 | od2lpr: 0 | od2cap: 0 | fr2kr: 0 | lpr2kr: 315 | cap2udp: 0 | kr2udp: 1 | 
2026-05-03 18:11:20,857 - INFO     - img2od: 0 | od2fr: 0 | od2lpr: 0 | od2cap: 0 | fr2kr: 0 | lpr2kr: 315 | cap2udp: 0 | kr2udp: 1 | 
2026-05-03 18:11:21,858 - INFO     - img2od: 0 | od2fr: 0 | od2lpr: 0 | od2cap: 0 | fr2kr: 0 | lpr2kr: 299 | cap2udp: 0 | kr2udp: 1 | 
2026-05-03 18:11:22,859 - INFO     - img2od: 0 | od2fr: 0 | od2lpr: 0 | od2cap: 0 | fr2kr: 0 | lpr2kr: 299 | cap2udp: 0 | kr2udp: 0 | 
2026-05-03 18:11:23,860 - INFO     - img2od: 0 | od2fr: 0 | od2lpr: 0 | od2cap: 0 | fr2kr: 0 | lpr2kr: 283 | cap2udp: 0 | kr2udp: 1 | 
2026-05-03 18:11:24,861 - INFO     - img2od: 0 | od2fr: 0 | od2lpr: 0 | od2cap: 0 | fr2kr: 0 | lpr2kr: 283 | cap2udp: 0 | kr2udp: 0 | 
2026-05-03 18:11:25,862 - INFO     - img2od: 0 | od2fr: 0 | od2lpr: 0 | od2cap: 0 | fr2kr: 0 | lpr2kr: 267 | cap2udp: 0 | kr2udp: 1 | 
2026-05-03 18:11:26,863 - INFO     - img2od: 0 | od2fr: 0 | od2lpr: 0 | od2cap: 0 | fr2kr: 0 | lpr2kr: 267 | cap2udp: 0 | kr2udp: 0 | 
2026-05-03 18:11:27,864 - INFO     - img2od: 0 | od2fr: 0 | od2lpr: 0 | od2cap: 0 | fr2kr: 0 | lpr2kr: 251 | cap2udp: 0 | kr2udp: 0 | 
2026-05-03 18:11:28,865 - INFO     - img2od: 0 | od2fr: 0 | od2lpr: 0 | od2cap: 0 | fr2kr: 0 | lpr2kr: 251 | cap2udp: 0 | kr2udp: 0 | 
2026-05-03 18:11:29,866 - INFO     - img2od: 0 | od2fr: 0 | od2lpr: 0 | od2cap: 0 | fr2kr: 0 | lpr2kr: 235 | cap2udp: 0 | kr2udp: 0 | 
2026-05-03 18:11:30,867 - INFO     - img2od: 0 | od2fr: 0 | od2lpr: 0 | od2cap: 0 | fr2kr: 0 | lpr2kr: 235 | cap2udp: 0 | kr2udp: 1 | 
2026-05-03 18:11:31,868 - INFO     - img2od: 0 | od2fr: 0 | od2lpr: 0 | od2cap: 0 | fr2kr: 0 | lpr2kr: 219 | cap2udp: 0 | kr2udp: 1 | 
2026-05-03 18:11:32,869 - INFO     - img2od: 0 | od2fr: 0 | od2lpr: 0 | od2cap: 0 | fr2kr: 0 | lpr2kr: 219 | cap2udp: 0 | kr2udp: 0 | 
2026-05-03 18:11:33,870 - INFO     - img2od: 0 | od2fr: 0 | od2lpr: 0 | od2cap: 0 | fr2kr: 0 | lpr2kr: 203 | cap2udp: 0 | kr2udp: 0 | 
2026-05-03 18:11:34,871 - INFO     - img2od: 0 | od2fr: 0 | od2lpr: 0 | od2cap: 0 | fr2kr: 0 | lpr2kr: 203 | cap2udp: 0 | kr2udp: 0 | 
2026-05-03 18:11:35,873 - INFO     - img2od: 0 | od2fr: 0 | od2lpr: 0 | od2cap: 0 | fr2kr: 0 | lpr2kr: 187 | cap2udp: 0 | kr2udp: 0 | 
2026-05-03 18:11:36,874 - INFO     - img2od: 0 | od2fr: 0 | od2lpr: 0 | od2cap: 0 | fr2kr: 0 | lpr2kr: 187 | cap2udp: 0 | kr2udp: 1 | 
2026-05-03 18:11:37,875 - INFO     - img2od: 0 | od2fr: 0 | od2lpr: 0 | od2cap: 0 | fr2kr: 0 | lpr2kr: 171 | cap2udp: 0 | kr2udp: 0 | 
2026-05-03 18:11:38,876 - INFO     - img2od: 0 | od2fr: 0 | od2lpr: 0 | od2cap: 0 | fr2kr: 0 | lpr2kr: 171 | cap2udp: 0 | kr2udp: 0 | 
2026-05-03 18:11:39,878 - INFO     - img2od: 0 | od2fr: 0 | od2lpr: 0 | od2cap: 0 | fr2kr: 0 | lpr2kr: 155 | cap2udp: 0 | kr2udp: 0 | 
2026-05-03 18:11:40,879 - INFO     - img2od: 0 | od2fr: 0 | od2lpr: 0 | od2cap: 0 | fr2kr: 0 | lpr2kr: 155 | cap2udp: 0 | kr2udp: 0 | 
2026-05-03 18:11:41,880 - INFO     - img2od: 0 | od2fr: 0 | od2lpr: 0 | od2cap: 0 | fr2kr: 0 | lpr2kr: 139 | cap2udp: 0 | kr2udp: 0 | 
2026-05-03 18:11:42,881 - INFO     - img2od: 0 | od2fr: 0 | od2lpr: 0 | od2cap: 0 | fr2kr: 0 | lpr2kr: 139 | cap2udp: 0 | kr2udp: 1 | 
2026-05-03 18:11:43,882 - INFO     - img2od: 0 | od2fr: 0 | od2lpr: 0 | od2cap: 0 | fr2kr: 0 | lpr2kr: 123 | cap2udp: 0 | kr2udp: 1 | 
2026-05-03 18:11:44,883 - INFO     - img2od: 0 | od2fr: 0 | od2lpr: 0 | od2cap: 0 | fr2kr: 0 | lpr2kr: 123 | cap2udp: 0 | kr2udp: 1 | 
2026-05-03 18:11:45,884 - INFO     - img2od: 0 | od2fr: 0 | od2lpr: 0 | od2cap: 0 | fr2kr: 0 | lpr2kr: 107 | cap2udp: 0 | kr2udp: 1 | 
2026-05-03 18:11:46,885 - INFO     - img2od: 0 | od2fr: 0 | od2lpr: 0 | od2cap: 0 | fr2kr: 0 | lpr2kr: 107 | cap2udp: 0 | kr2udp: 0 | 
2026-05-03 18:11:47,887 - INFO     - img2od: 0 | od2fr: 0 | od2lpr: 0 | od2cap: 0 | fr2kr: 0 | lpr2kr: 91 | cap2udp: 0 | kr2udp: 1 | 
2026-05-03 18:11:48,888 - INFO     - img2od: 0 | od2fr: 0 | od2lpr: 0 | od2cap: 0 | fr2kr: 0 | lpr2kr: 91 | cap2udp: 0 | kr2udp: 0 | 
2026-05-03 18:11:49,889 - INFO     - img2od: 0 | od2fr: 0 | od2lpr: 0 | od2cap: 0 | fr2kr: 0 | lpr2kr: 75 | cap2udp: 0 | kr2udp: 1 | 
2026-05-03 18:11:50,890 - INFO     - img2od: 0 | od2fr: 0 | od2lpr: 0 | od2cap: 0 | fr2kr: 0 | lpr2kr: 75 | cap2udp: 0 | kr2udp: 0 | 
2026-05-03 18:11:51,892 - INFO     - img2od: 0 | od2fr: 0 | od2lpr: 0 | od2cap: 0 | fr2kr: 0 | lpr2kr: 59 | cap2udp: 0 | kr2udp: 1 | 
2026-05-03 18:11:52,893 - INFO     - img2od: 0 | od2fr: 0 | od2lpr: 0 | od2cap: 0 | fr2kr: 0 | lpr2kr: 59 | cap2udp: 0 | kr2udp: 1 | 
2026-05-03 18:11:53,894 - INFO     - img2od: 0 | od2fr: 0 | od2lpr: 0 | od2cap: 0 | fr2kr: 0 | lpr2kr: 43 | cap2udp: 0 | kr2udp: 0 | 
2026-05-03 18:11:54,895 - INFO     - img2od: 0 | od2fr: 0 | od2lpr: 0 | od2cap: 0 | fr2kr: 0 | lpr2kr: 43 | cap2udp: 0 | kr2udp: 1 | 
2026-05-03 18:11:55,896 - INFO     - img2od: 0 | od2fr: 0 | od2lpr: 0 | od2cap: 0 | fr2kr: 0 | lpr2kr: 27 | cap2udp: 0 | kr2udp: 0 | 
2026-05-03 18:11:56,898 - INFO     - img2od: 0 | od2fr: 0 | od2lpr: 0 | od2cap: 0 | fr2kr: 0 | lpr2kr: 27 | cap2udp: 0 | kr2udp: 1 | 
2026-05-03 18:11:57,898 - INFO     - img2od: 0 | od2fr: 0 | od2lpr: 0 | od2cap: 0 | fr2kr: 0 | lpr2kr: 11 | cap2udp: 0 | kr2udp: 0 | 
2026-05-03 18:11:58,900 - INFO     - img2od: 0 | od2fr: 0 | od2lpr: 0 | od2cap: 0 | fr2kr: 0 | lpr2kr: 11 | cap2udp: 0 | kr2udp: 0 | 
2026-05-03 18:11:59,674 - INFO     - krStream     : Received end signal from LPR
2026-05-03 18:11:59,901 - INFO     - img2od: 0 | od2fr: 0 | od2lpr: 0 | od2cap: 0 | fr2kr: 0 | lpr2kr: 0 | cap2udp: 0 | kr2udp: 0 | 
2026-05-03 18:12:00,902 - INFO     - img2od: 0 | od2fr: 0 | od2lpr: 0 | od2cap: 0 | fr2kr: 0 | lpr2kr: 0 | cap2udp: 0 | kr2udp: 1 | 
2026-05-03 18:12:00,924 - INFO     - krStream     : Received BOTH END signal, shutting down
2026-05-03 18:12:01,046 - INFO     - udpStream    : Received end signal from KR
2026-05-03 18:12:01,065 - INFO     - krStream     : shutdown successful
2026-05-03 18:12:01,163 - INFO     - udpStream    : Received BOTH END signal, shutting down
2026-05-03 18:12:01,517 - INFO     - udpStream    : shutdown successful
2026-05-03 18:12:01,903 - INFO     - img2od: 0 | od2fr: 0 | od2lpr: 0 | od2cap: 0 | fr2kr: 0 | lpr2kr: 0 | cap2udp: 0 | kr2udp: 0 | 
2026-05-03 18:12:02,905 - INFO     - img2od: 0 | od2fr: 0 | od2lpr: 0 | od2cap: 0 | fr2kr: 0 | lpr2kr: 0 | cap2udp: 0 | kr2udp: 0 | 
2026-05-03 18:12:03,906 - INFO     - img2od: 0 | od2fr: 0 | od2lpr: 0 | od2cap: 0 | fr2kr: 0 | lpr2kr: 0 | cap2udp: 0 | kr2udp: 0 | 
2026-05-03 18:12:04,907 - INFO     - img2od: 0 | od2fr: 0 | od2lpr: 0 | od2cap: 0 | fr2kr: 0 | lpr2kr: 0 | cap2udp: 0 | kr2udp: 0 | 
2026-05-03 18:12:05,908 - INFO     - img2od: 0 | od2fr: 0 | od2lpr: 0 | od2cap: 0 | fr2kr: 0 | lpr2kr: 0 | cap2udp: 0 | kr2udp: 0 | 
2026-05-03 18:12:06,909 - INFO     - img2od: 0 | od2fr: 0 | od2lpr: 0 | od2cap: 0 | fr2kr: 0 | lpr2kr: 0 | cap2udp: 0 | kr2udp: 0 | 
2026-05-03 18:12:07,910 - INFO     - All queues empty, job done
2026-05-03 18:12:07,918 - INFO     - Queue logs written to ./profile_exp/mix/r0.10/sys_batch_conf/seed3/QUEUEWATCH.json
2026-05-03 18:12:08,553 - INFO     - Reach FINALLY block in MAIN process
2026-05-03 18:12:08,553 - INFO     - Starting cleanup of 7 processes.
2026-05-03 18:12:08,553 - INFO     - Draining and closing 8 queues.
2026-05-03 18:12:08,553 - INFO     - Starting cleanup for queue 0, queue size: 0.
2026-05-03 18:12:08,553 - INFO     - Starting cleanup for queue 1, queue size: 0.
2026-05-03 18:12:08,553 - INFO     - Starting cleanup for queue 2, queue size: 0.
2026-05-03 18:12:08,553 - INFO     - Starting cleanup for queue 3, queue size: 0.
2026-05-03 18:12:08,553 - INFO     - Starting cleanup for queue 4, queue size: 0.
2026-05-03 18:12:08,553 - INFO     - Starting cleanup for queue 5, queue size: 0.
2026-05-03 18:12:08,553 - INFO     - Starting cleanup for queue 6, queue size: 0.
2026-05-03 18:12:08,553 - INFO     - Starting cleanup for queue 7, queue size: 0.
2026-05-03 18:12:08,553 - INFO     - Cleanup complete.
2026-05-03 18:12:08,553 - INFO     - Cleaned up resources in MAIN process
2026-05-03 18:12:08,555 - INFO     - Summary written to ./profile_exp/mix/r0.10/sys_batch_conf/seed3/SUMMARY.json

======================================================================
PROFILING SUMMARY
======================================================================
  Total wall time:    1010.85s
  Images processed:   100
  Throughput:         0.0989 img/s
  Avg E2E latency:    53.9174s
  Min E2E latency:    0.0217s
  Max E2E latency:    382.5381s

  Component          Count  Dropped     FLOPs/call    Total FLOPs
  --------------- -------- -------- -------------- --------------
  odStream             100        0   153844849936 15384484993600
  frStream             221        0     2837404864   627066474944
  lprStream           7532        0    55083533056 414889170977792
  capStream             43        0   248859413613 10700954785359
  krStream            7753        0            n/a            n/a
  udpStream           7796        0            n/a            n/a

  Total FLOPs:        441601677231695
======================================================================
