2026-05-03 19:38:18,754 - INFO     - imgStream    : internal profiling set to False
2026-05-03 19:38:18,754 - INFO     - odStream     : internal profiling set to False
2026-05-03 19:38:18,754 - INFO     - frStream     : internal profiling set to False
2026-05-03 19:38:18,754 - INFO     - lprStream    : internal profiling set to False
2026-05-03 19:38:18,754 - INFO     - capStream    : internal profiling set to False
2026-05-03 19:38:18,754 - INFO     - krStream     : internal profiling set to False
2026-05-03 19:38:18,754 - INFO     - udpStream    : internal profiling set to False


================================================================================
|                                                                              |
|                     Running: Traffic Monitoring Pipeline                     |
|                                                                              |
|                         Algorithm: None, Model ID: 0                         |
|                                                                              |
|                             Target Indices: none                             |
|                                                                              |
|                             2026-05-03 19:38:18                              |
|                                                                              |
================================================================================


Number of CUDA devices: 1
2026-05-03 19:38:22,271 - INFO     - imgStream    : mix mode ratio=0.1 seed=2 -> 90 clean / 10 attack
2026-05-03 19:38:22,271 - INFO     - imgStream    : started
2026-05-03 19:38:22,337 - INFO     - img2od: 1 | od2fr: 0 | od2lpr: 0 | od2cap: 0 | fr2kr: 0 | lpr2kr: 0 | cap2udp: 0 | kr2udp: 0 | 
/home/lxt230026/.conda/envs/dyndl/lib/python3.10/site-packages/facenet_pytorch/models/inception_resnet_v1.py:329: FutureWarning: You are using `torch.load` with `weights_only=False` (the current default value), which uses the default pickle module implicitly. It is possible to construct malicious pickle data which will execute arbitrary code during unpickling (See https://github.com/pytorch/pytorch/blob/main/SECURITY.md#untrusted-models for more details). In a future release, the default value for `weights_only` will be flipped to `True`. This limits the functions that could be executed during unpickling. Arbitrary objects will no longer be allowed to be loaded via this mode unless they are explicitly allowlisted by the user via `torch.serialization.add_safe_globals`. We recommend you start setting `weights_only=True` for any use case where you don't have full control of the loaded file. Please open an issue on GitHub for any issues related to this experimental feature.
  state_dict = torch.load(cached_file)
2026-05-03 19:38:22,794 - INFO     - krStream     : face embeddings loaded, found 1000 embeddings
2026-05-03 19:38:22,794 - INFO     - krStream     : started
2026-05-03 19:38:23,201 - INFO     - odStream     : OD model loaded, model_id = 0
2026-05-03 19:38:23,202 - INFO     - odStream     : started
2026-05-03 19:38:23,338 - INFO     - img2od: 5 | od2fr: 0 | od2lpr: 0 | od2cap: 0 | fr2kr: 0 | lpr2kr: 0 | cap2udp: 0 | kr2udp: 0 | 
2026-05-03 19:38:23,673 - INFO     - frStream     : FR model loaded, model_id = vggface2
2026-05-03 19:38:23,673 - INFO     - frStream     : started
2026-05-03 19:38:24,242 - INFO     - udpStream    : LM model loaded, model_id = gpt2
2026-05-03 19:38:24,243 - INFO     - udpStream    : started
/home/lxt230026/EfficiencyAttack/traffic/cmpnt/c4_lpr.py:145: FutureWarning: You are using `torch.load` with `weights_only=False` (the current default value), which uses the default pickle module implicitly. It is possible to construct malicious pickle data which will execute arbitrary code during unpickling (See https://github.com/pytorch/pytorch/blob/main/SECURITY.md#untrusted-models for more details). In a future release, the default value for `weights_only` will be flipped to `True`. This limits the functions that could be executed during unpickling. Arbitrary objects will no longer be allowed to be loaded via this mode unless they are explicitly allowlisted by the user via `torch.serialization.add_safe_globals`. We recommend you start setting `weights_only=True` for any use case where you don't have full control of the loaded file. Please open an issue on GitHub for any issues related to this experimental feature.
  self.checkpoint = torch.load(self.model_id, map_location='cpu')
2026-05-03 19:38:24,339 - INFO     - img2od: 10 | od2fr: 0 | od2lpr: 0 | od2cap: 0 | fr2kr: 0 | lpr2kr: 0 | cap2udp: 0 | kr2udp: 0 | 
2026-05-03 19:38:24,385 - INFO     - capStream    : CAP model loaded, model_id = microsoft/git-base
2026-05-03 19:38:24,386 - INFO     - capStream    : started
2026-05-03 19:38:25,340 - INFO     - img2od: 13 | od2fr: 34 | od2lpr: 6 | od2cap: 2 | fr2kr: 0 | lpr2kr: 0 | cap2udp: 0 | kr2udp: 0 | 
2026-05-03 19:38:25,483 - INFO     - Using custom providers: ['CPUExecutionProvider']
2026-05-03 19:38:25,484 - INFO     - Skipping download of 'argentinian-plates-cnn-model' model, already exists at /home/lxt230026/.cache/fast-plate-ocr/argentinian-plates-cnn-model
2026-05-03 19:38:25,499 - INFO     - lprStream    : LPR model loaded, model_id = model_v2.pth
2026-05-03 19:38:25,499 - INFO     - lprStream    : started
2026-05-03 19:38:26,341 - INFO     - img2od: 13 | od2fr: 49 | od2lpr: 2 | od2cap: 4 | fr2kr: 3 | lpr2kr: 3 | cap2udp: 0 | kr2udp: 0 | 
2026-05-03 19:38:27,342 - INFO     - img2od: 15 | od2fr: 47 | od2lpr: 926 | od2cap: 5 | fr2kr: 5 | lpr2kr: 23 | cap2udp: 1 | kr2udp: 1 | 
2026-05-03 19:38:28,343 - INFO     - img2od: 15 | od2fr: 110 | od2lpr: 908 | od2cap: 6 | fr2kr: 7 | lpr2kr: 42 | cap2udp: 0 | kr2udp: 1 | 
2026-05-03 19:38:29,344 - INFO     - img2od: 16 | od2fr: 197 | od2lpr: 895 | od2cap: 2 | fr2kr: 10 | lpr2kr: 67 | cap2udp: 0 | kr2udp: 0 | 
2026-05-03 19:38:30,345 - INFO     - img2od: 16 | od2fr: 244 | od2lpr: 876 | od2cap: 0 | fr2kr: 12 | lpr2kr: 94 | cap2udp: 0 | kr2udp: 0 | 
2026-05-03 19:38:31,346 - INFO     - img2od: 17 | od2fr: 246 | od2lpr: 842 | od2cap: 1 | fr2kr: 14 | lpr2kr: 126 | cap2udp: 0 | kr2udp: 0 | 
2026-05-03 19:38:32,347 - INFO     - img2od: 18 | od2fr: 244 | od2lpr: 817 | od2cap: 0 | fr2kr: 18 | lpr2kr: 150 | cap2udp: 1 | kr2udp: 1 | 
2026-05-03 19:38:33,348 - INFO     - img2od: 21 | od2fr: 240 | od2lpr: 1000 | od2cap: 0 | fr2kr: 20 | lpr2kr: 196 | cap2udp: 0 | kr2udp: 1 | 
2026-05-03 19:38:34,349 - INFO     - img2od: 25 | od2fr: 236 | od2lpr: 1000 | od2cap: 0 | fr2kr: 23 | lpr2kr: 247 | cap2udp: 0 | kr2udp: 1 | 
2026-05-03 19:38:35,350 - INFO     - img2od: 30 | od2fr: 231 | od2lpr: 1000 | od2cap: 0 | fr2kr: 26 | lpr2kr: 304 | cap2udp: 0 | kr2udp: 0 | 
2026-05-03 19:38:36,351 - INFO     - img2od: 34 | od2fr: 227 | od2lpr: 1000 | od2cap: 0 | fr2kr: 28 | lpr2kr: 361 | cap2udp: 0 | kr2udp: 1 | 
2026-05-03 19:38:37,352 - INFO     - img2od: 38 | od2fr: 222 | od2lpr: 999 | od2cap: 0 | fr2kr: 32 | lpr2kr: 412 | cap2udp: 0 | kr2udp: 1 | 
2026-05-03 19:38:38,353 - INFO     - img2od: 42 | od2fr: 218 | od2lpr: 999 | od2cap: 0 | fr2kr: 34 | lpr2kr: 468 | cap2udp: 0 | kr2udp: 1 | 
2026-05-03 19:38:39,354 - INFO     - img2od: 46 | od2fr: 213 | od2lpr: 1000 | od2cap: 0 | fr2kr: 37 | lpr2kr: 521 | cap2udp: 0 | kr2udp: 0 | 
2026-05-03 19:38:40,355 - INFO     - img2od: 50 | od2fr: 209 | od2lpr: 1000 | od2cap: 0 | fr2kr: 39 | lpr2kr: 564 | cap2udp: 0 | kr2udp: 0 | 
2026-05-03 19:38:41,356 - INFO     - img2od: 55 | od2fr: 204 | od2lpr: 1000 | od2cap: 0 | fr2kr: 42 | lpr2kr: 625 | cap2udp: 0 | kr2udp: 1 | 
2026-05-03 19:38:42,357 - INFO     - img2od: 59 | od2fr: 200 | od2lpr: 1000 | od2cap: 0 | fr2kr: 45 | lpr2kr: 683 | cap2udp: 0 | kr2udp: 1 | 
2026-05-03 19:38:43,358 - INFO     - img2od: 63 | od2fr: 196 | od2lpr: 1000 | od2cap: 0 | fr2kr: 47 | lpr2kr: 729 | cap2udp: 0 | kr2udp: 1 | 
2026-05-03 19:38:44,359 - INFO     - img2od: 67 | od2fr: 192 | od2lpr: 999 | od2cap: 0 | fr2kr: 49 | lpr2kr: 781 | cap2udp: 0 | kr2udp: 0 | 
2026-05-03 19:38:45,360 - INFO     - img2od: 71 | od2fr: 187 | od2lpr: 999 | od2cap: 0 | fr2kr: 53 | lpr2kr: 819 | cap2udp: 0 | kr2udp: 0 | 
2026-05-03 19:38:45,632 - INFO     - imgStream    : completed, sending END signal
2026-05-03 19:38:45,632 - INFO     - imgStream    : shutdown
2026-05-03 19:38:45,887 - INFO     - imgStream    : shutdown successful
2026-05-03 19:38:46,361 - INFO     - img2od: 73 | od2fr: 181 | od2lpr: 1000 | od2cap: 0 | fr2kr: 57 | lpr2kr: 861 | cap2udp: 0 | kr2udp: 0 | 
2026-05-03 19:38:47,362 - INFO     - img2od: 71 | od2fr: 179 | od2lpr: 982 | od2cap: 1 | fr2kr: 60 | lpr2kr: 888 | cap2udp: 0 | kr2udp: 1 | 
2026-05-03 19:38:48,363 - INFO     - img2od: 68 | od2fr: 175 | od2lpr: 955 | od2cap: 0 | fr2kr: 63 | lpr2kr: 913 | cap2udp: 0 | kr2udp: 1 | 
2026-05-03 19:38:49,364 - INFO     - img2od: 64 | od2fr: 177 | od2lpr: 935 | od2cap: 0 | fr2kr: 66 | lpr2kr: 931 | cap2udp: 1 | kr2udp: 1 | 
2026-05-03 19:38:50,365 - INFO     - img2od: 62 | od2fr: 178 | od2lpr: 999 | od2cap: 0 | fr2kr: 68 | lpr2kr: 953 | cap2udp: 0 | kr2udp: 2 | 
2026-05-03 19:38:51,366 - INFO     - img2od: 62 | od2fr: 173 | od2lpr: 999 | od2cap: 0 | fr2kr: 72 | lpr2kr: 1000 | cap2udp: 0 | kr2udp: 1 | 
2026-05-03 19:38:52,367 - INFO     - img2od: 62 | od2fr: 168 | od2lpr: 1000 | od2cap: 0 | fr2kr: 74 | lpr2kr: 1000 | cap2udp: 0 | kr2udp: 0 | 
2026-05-03 19:38:53,368 - INFO     - img2od: 62 | od2fr: 163 | od2lpr: 1000 | od2cap: 0 | fr2kr: 77 | lpr2kr: 1000 | cap2udp: 0 | kr2udp: 1 | 
2026-05-03 19:38:54,369 - INFO     - img2od: 62 | od2fr: 157 | od2lpr: 1000 | od2cap: 0 | fr2kr: 81 | lpr2kr: 1000 | cap2udp: 0 | kr2udp: 1 | 
2026-05-03 19:38:55,370 - INFO     - img2od: 62 | od2fr: 153 | od2lpr: 1000 | od2cap: 0 | fr2kr: 83 | lpr2kr: 1000 | cap2udp: 0 | kr2udp: 1 | 
2026-05-03 19:38:56,371 - INFO     - img2od: 62 | od2fr: 147 | od2lpr: 1000 | od2cap: 0 | fr2kr: 87 | lpr2kr: 1000 | cap2udp: 0 | kr2udp: 1 | 
2026-05-03 19:38:57,372 - INFO     - img2od: 62 | od2fr: 142 | od2lpr: 1000 | od2cap: 0 | fr2kr: 90 | lpr2kr: 1000 | cap2udp: 0 | kr2udp: 0 | 
2026-05-03 19:38:58,373 - INFO     - img2od: 62 | od2fr: 136 | od2lpr: 1000 | od2cap: 0 | fr2kr: 94 | lpr2kr: 1000 | cap2udp: 0 | kr2udp: 1 | 
2026-05-03 19:38:59,374 - INFO     - img2od: 62 | od2fr: 130 | od2lpr: 1000 | od2cap: 0 | fr2kr: 98 | lpr2kr: 1000 | cap2udp: 0 | kr2udp: 1 | 
2026-05-03 19:39:00,375 - INFO     - img2od: 62 | od2fr: 125 | od2lpr: 1000 | od2cap: 0 | fr2kr: 100 | lpr2kr: 1000 | cap2udp: 0 | kr2udp: 1 | 
2026-05-03 19:39:01,376 - INFO     - img2od: 62 | od2fr: 120 | od2lpr: 1000 | od2cap: 0 | fr2kr: 103 | lpr2kr: 1000 | cap2udp: 0 | kr2udp: 0 | 
2026-05-03 19:39:02,377 - INFO     - img2od: 62 | od2fr: 115 | od2lpr: 1000 | od2cap: 0 | fr2kr: 106 | lpr2kr: 1000 | cap2udp: 0 | kr2udp: 0 | 
2026-05-03 19:39:03,378 - INFO     - img2od: 62 | od2fr: 110 | od2lpr: 999 | od2cap: 0 | fr2kr: 109 | lpr2kr: 1000 | cap2udp: 0 | kr2udp: 1 | 
2026-05-03 19:39:04,379 - INFO     - img2od: 62 | od2fr: 104 | od2lpr: 1000 | od2cap: 0 | fr2kr: 113 | lpr2kr: 1000 | cap2udp: 0 | kr2udp: 1 | 
2026-05-03 19:39:05,380 - INFO     - img2od: 62 | od2fr: 99 | od2lpr: 1000 | od2cap: 0 | fr2kr: 116 | lpr2kr: 1000 | cap2udp: 0 | kr2udp: 1 | 
2026-05-03 19:39:06,381 - INFO     - img2od: 62 | od2fr: 94 | od2lpr: 1000 | od2cap: 0 | fr2kr: 119 | lpr2kr: 1000 | cap2udp: 0 | kr2udp: 1 | 
2026-05-03 19:39:07,382 - INFO     - img2od: 62 | od2fr: 88 | od2lpr: 1000 | od2cap: 0 | fr2kr: 122 | lpr2kr: 1000 | cap2udp: 0 | kr2udp: 1 | 
2026-05-03 19:39:08,383 - INFO     - img2od: 62 | od2fr: 83 | od2lpr: 1000 | od2cap: 0 | fr2kr: 125 | lpr2kr: 1000 | cap2udp: 0 | kr2udp: 1 | 
2026-05-03 19:39:09,384 - INFO     - img2od: 62 | od2fr: 77 | od2lpr: 1000 | od2cap: 0 | fr2kr: 129 | lpr2kr: 1000 | cap2udp: 0 | kr2udp: 0 | 
2026-05-03 19:39:10,385 - INFO     - img2od: 62 | od2fr: 72 | od2lpr: 1000 | od2cap: 0 | fr2kr: 132 | lpr2kr: 1000 | cap2udp: 0 | kr2udp: 1 | 
2026-05-03 19:39:11,386 - INFO     - img2od: 62 | od2fr: 66 | od2lpr: 1000 | od2cap: 0 | fr2kr: 136 | lpr2kr: 1000 | cap2udp: 0 | kr2udp: 0 | 
2026-05-03 19:39:12,387 - INFO     - img2od: 62 | od2fr: 60 | od2lpr: 1000 | od2cap: 0 | fr2kr: 140 | lpr2kr: 1000 | cap2udp: 0 | kr2udp: 1 | 
2026-05-03 19:39:13,388 - INFO     - img2od: 62 | od2fr: 55 | od2lpr: 1000 | od2cap: 0 | fr2kr: 143 | lpr2kr: 1000 | cap2udp: 0 | kr2udp: 1 | 
2026-05-03 19:39:14,389 - INFO     - img2od: 62 | od2fr: 49 | od2lpr: 1000 | od2cap: 0 | fr2kr: 147 | lpr2kr: 1000 | cap2udp: 0 | kr2udp: 0 | 
2026-05-03 19:39:15,390 - INFO     - img2od: 62 | od2fr: 44 | od2lpr: 1000 | od2cap: 0 | fr2kr: 150 | lpr2kr: 1000 | cap2udp: 0 | kr2udp: 1 | 
2026-05-03 19:39:16,391 - INFO     - img2od: 62 | od2fr: 39 | od2lpr: 1000 | od2cap: 0 | fr2kr: 153 | lpr2kr: 1000 | cap2udp: 0 | kr2udp: 1 | 
2026-05-03 19:39:17,392 - INFO     - img2od: 62 | od2fr: 33 | od2lpr: 1000 | od2cap: 0 | fr2kr: 157 | lpr2kr: 1000 | cap2udp: 0 | kr2udp: 1 | 
2026-05-03 19:39:18,393 - INFO     - img2od: 62 | od2fr: 28 | od2lpr: 1000 | od2cap: 0 | fr2kr: 159 | lpr2kr: 1000 | cap2udp: 0 | kr2udp: 1 | 
2026-05-03 19:39:19,394 - INFO     - img2od: 62 | od2fr: 22 | od2lpr: 1000 | od2cap: 0 | fr2kr: 163 | lpr2kr: 1000 | cap2udp: 0 | kr2udp: 0 | 
2026-05-03 19:39:20,395 - INFO     - img2od: 62 | od2fr: 16 | od2lpr: 1000 | od2cap: 0 | fr2kr: 167 | lpr2kr: 1000 | cap2udp: 0 | kr2udp: 1 | 
2026-05-03 19:39:21,396 - INFO     - img2od: 62 | od2fr: 11 | od2lpr: 1000 | od2cap: 0 | fr2kr: 170 | lpr2kr: 1000 | cap2udp: 0 | kr2udp: 1 | 
2026-05-03 19:39:22,397 - INFO     - img2od: 62 | od2fr: 6 | od2lpr: 1000 | od2cap: 0 | fr2kr: 173 | lpr2kr: 1000 | cap2udp: 0 | kr2udp: 0 | 
2026-05-03 19:39:23,398 - INFO     - img2od: 62 | od2fr: 1 | od2lpr: 1000 | od2cap: 0 | fr2kr: 176 | lpr2kr: 1000 | cap2udp: 0 | kr2udp: 1 | 
2026-05-03 19:39:24,399 - INFO     - img2od: 62 | od2fr: 0 | od2lpr: 1000 | od2cap: 0 | fr2kr: 175 | lpr2kr: 1000 | cap2udp: 0 | kr2udp: 0 | 
2026-05-03 19:39:25,400 - INFO     - img2od: 62 | od2fr: 0 | od2lpr: 1000 | od2cap: 0 | fr2kr: 173 | lpr2kr: 1000 | cap2udp: 0 | kr2udp: 1 | 
2026-05-03 19:39:26,401 - INFO     - img2od: 62 | od2fr: 0 | od2lpr: 1000 | od2cap: 0 | fr2kr: 171 | lpr2kr: 1000 | cap2udp: 0 | kr2udp: 1 | 
2026-05-03 19:39:27,402 - INFO     - img2od: 62 | od2fr: 0 | od2lpr: 1000 | od2cap: 0 | fr2kr: 169 | lpr2kr: 1000 | cap2udp: 0 | kr2udp: 1 | 
2026-05-03 19:39:28,403 - INFO     - img2od: 62 | od2fr: 0 | od2lpr: 1000 | od2cap: 0 | fr2kr: 167 | lpr2kr: 1000 | cap2udp: 0 | kr2udp: 1 | 
2026-05-03 19:39:29,404 - INFO     - img2od: 62 | od2fr: 0 | od2lpr: 1000 | od2cap: 0 | fr2kr: 165 | lpr2kr: 1000 | cap2udp: 0 | kr2udp: 1 | 
2026-05-03 19:39:30,405 - INFO     - img2od: 62 | od2fr: 0 | od2lpr: 1000 | od2cap: 0 | fr2kr: 163 | lpr2kr: 1000 | cap2udp: 0 | kr2udp: 1 | 
2026-05-03 19:39:31,406 - INFO     - img2od: 62 | od2fr: 0 | od2lpr: 1000 | od2cap: 0 | fr2kr: 160 | lpr2kr: 1000 | cap2udp: 0 | kr2udp: 0 | 
2026-05-03 19:39:32,407 - INFO     - img2od: 62 | od2fr: 0 | od2lpr: 1000 | od2cap: 0 | fr2kr: 158 | lpr2kr: 1000 | cap2udp: 0 | kr2udp: 0 | 
2026-05-03 19:39:33,408 - INFO     - img2od: 62 | od2fr: 0 | od2lpr: 1000 | od2cap: 0 | fr2kr: 157 | lpr2kr: 1000 | cap2udp: 0 | kr2udp: 1 | 
2026-05-03 19:39:34,409 - INFO     - img2od: 62 | od2fr: 0 | od2lpr: 1000 | od2cap: 0 | fr2kr: 155 | lpr2kr: 1000 | cap2udp: 0 | kr2udp: 1 | 
2026-05-03 19:39:35,410 - INFO     - img2od: 62 | od2fr: 0 | od2lpr: 1000 | od2cap: 0 | fr2kr: 152 | lpr2kr: 1000 | cap2udp: 0 | kr2udp: 1 | 
2026-05-03 19:39:36,411 - INFO     - img2od: 62 | od2fr: 0 | od2lpr: 1000 | od2cap: 0 | fr2kr: 150 | lpr2kr: 1000 | cap2udp: 0 | kr2udp: 0 | 
2026-05-03 19:39:37,412 - INFO     - img2od: 62 | od2fr: 0 | od2lpr: 999 | od2cap: 0 | fr2kr: 148 | lpr2kr: 1000 | cap2udp: 0 | kr2udp: 1 | 
2026-05-03 19:39:38,413 - INFO     - img2od: 62 | od2fr: 0 | od2lpr: 1000 | od2cap: 0 | fr2kr: 146 | lpr2kr: 1000 | cap2udp: 0 | kr2udp: 1 | 
2026-05-03 19:39:39,414 - INFO     - img2od: 62 | od2fr: 0 | od2lpr: 1000 | od2cap: 0 | fr2kr: 144 | lpr2kr: 1000 | cap2udp: 0 | kr2udp: 0 | 
2026-05-03 19:39:40,415 - INFO     - img2od: 62 | od2fr: 0 | od2lpr: 1000 | od2cap: 0 | fr2kr: 142 | lpr2kr: 1000 | cap2udp: 0 | kr2udp: 1 | 
2026-05-03 19:39:41,416 - INFO     - img2od: 62 | od2fr: 0 | od2lpr: 1000 | od2cap: 0 | fr2kr: 139 | lpr2kr: 1000 | cap2udp: 0 | kr2udp: 1 | 
2026-05-03 19:39:42,417 - INFO     - img2od: 62 | od2fr: 0 | od2lpr: 1000 | od2cap: 0 | fr2kr: 137 | lpr2kr: 1000 | cap2udp: 0 | kr2udp: 1 | 
2026-05-03 19:39:43,418 - INFO     - img2od: 62 | od2fr: 0 | od2lpr: 1000 | od2cap: 0 | fr2kr: 135 | lpr2kr: 1000 | cap2udp: 0 | kr2udp: 1 | 
2026-05-03 19:39:44,419 - INFO     - img2od: 62 | od2fr: 0 | od2lpr: 1000 | od2cap: 0 | fr2kr: 133 | lpr2kr: 1000 | cap2udp: 0 | kr2udp: 1 | 
2026-05-03 19:39:45,420 - INFO     - img2od: 62 | od2fr: 0 | od2lpr: 1000 | od2cap: 0 | fr2kr: 131 | lpr2kr: 1000 | cap2udp: 0 | kr2udp: 1 | 
2026-05-03 19:39:46,421 - INFO     - img2od: 62 | od2fr: 0 | od2lpr: 1000 | od2cap: 0 | fr2kr: 129 | lpr2kr: 1000 | cap2udp: 0 | kr2udp: 1 | 
2026-05-03 19:39:47,422 - INFO     - img2od: 62 | od2fr: 0 | od2lpr: 1000 | od2cap: 0 | fr2kr: 126 | lpr2kr: 1000 | cap2udp: 0 | kr2udp: 0 | 
2026-05-03 19:39:48,423 - INFO     - img2od: 62 | od2fr: 0 | od2lpr: 1000 | od2cap: 0 | fr2kr: 124 | lpr2kr: 1000 | cap2udp: 0 | kr2udp: 0 | 
2026-05-03 19:39:49,424 - INFO     - img2od: 62 | od2fr: 0 | od2lpr: 1000 | od2cap: 0 | fr2kr: 122 | lpr2kr: 1000 | cap2udp: 0 | kr2udp: 1 | 
2026-05-03 19:39:50,425 - INFO     - img2od: 62 | od2fr: 0 | od2lpr: 1000 | od2cap: 0 | fr2kr: 120 | lpr2kr: 1000 | cap2udp: 0 | kr2udp: 1 | 
2026-05-03 19:39:51,426 - INFO     - img2od: 62 | od2fr: 0 | od2lpr: 1000 | od2cap: 0 | fr2kr: 118 | lpr2kr: 1000 | cap2udp: 0 | kr2udp: 1 | 
2026-05-03 19:39:52,427 - INFO     - img2od: 62 | od2fr: 0 | od2lpr: 1000 | od2cap: 0 | fr2kr: 115 | lpr2kr: 1000 | cap2udp: 0 | kr2udp: 0 | 
2026-05-03 19:39:53,428 - INFO     - img2od: 62 | od2fr: 0 | od2lpr: 1000 | od2cap: 0 | fr2kr: 113 | lpr2kr: 1000 | cap2udp: 0 | kr2udp: 1 | 
2026-05-03 19:39:54,429 - INFO     - img2od: 62 | od2fr: 0 | od2lpr: 1000 | od2cap: 0 | fr2kr: 111 | lpr2kr: 1000 | cap2udp: 0 | kr2udp: 1 | 
2026-05-03 19:39:55,430 - INFO     - img2od: 62 | od2fr: 0 | od2lpr: 1000 | od2cap: 0 | fr2kr: 109 | lpr2kr: 1000 | cap2udp: 0 | kr2udp: 1 | 
2026-05-03 19:39:56,431 - INFO     - img2od: 62 | od2fr: 0 | od2lpr: 1000 | od2cap: 0 | fr2kr: 107 | lpr2kr: 1000 | cap2udp: 0 | kr2udp: 0 | 
2026-05-03 19:39:57,432 - INFO     - img2od: 62 | od2fr: 0 | od2lpr: 1000 | od2cap: 0 | fr2kr: 105 | lpr2kr: 1000 | cap2udp: 0 | kr2udp: 1 | 
2026-05-03 19:39:58,433 - INFO     - img2od: 62 | od2fr: 0 | od2lpr: 1000 | od2cap: 0 | fr2kr: 103 | lpr2kr: 1000 | cap2udp: 0 | kr2udp: 1 | 
2026-05-03 19:39:59,434 - INFO     - img2od: 62 | od2fr: 0 | od2lpr: 1000 | od2cap: 0 | fr2kr: 101 | lpr2kr: 1000 | cap2udp: 0 | kr2udp: 1 | 
2026-05-03 19:40:00,435 - INFO     - img2od: 62 | od2fr: 0 | od2lpr: 1000 | od2cap: 0 | fr2kr: 98 | lpr2kr: 1000 | cap2udp: 0 | kr2udp: 1 | 
2026-05-03 19:40:01,436 - INFO     - img2od: 62 | od2fr: 0 | od2lpr: 1000 | od2cap: 0 | fr2kr: 96 | lpr2kr: 1000 | cap2udp: 0 | kr2udp: 0 | 
2026-05-03 19:40:02,437 - INFO     - img2od: 62 | od2fr: 0 | od2lpr: 1000 | od2cap: 0 | fr2kr: 94 | lpr2kr: 1000 | cap2udp: 0 | kr2udp: 0 | 
2026-05-03 19:40:03,438 - INFO     - img2od: 62 | od2fr: 0 | od2lpr: 1000 | od2cap: 0 | fr2kr: 92 | lpr2kr: 1000 | cap2udp: 0 | kr2udp: 0 | 
2026-05-03 19:40:04,439 - INFO     - img2od: 62 | od2fr: 0 | od2lpr: 1000 | od2cap: 0 | fr2kr: 90 | lpr2kr: 1000 | cap2udp: 0 | kr2udp: 0 | 
2026-05-03 19:40:05,440 - INFO     - img2od: 62 | od2fr: 0 | od2lpr: 1000 | od2cap: 0 | fr2kr: 88 | lpr2kr: 1000 | cap2udp: 0 | kr2udp: 1 | 
2026-05-03 19:40:06,441 - INFO     - img2od: 62 | od2fr: 0 | od2lpr: 1000 | od2cap: 0 | fr2kr: 86 | lpr2kr: 1000 | cap2udp: 0 | kr2udp: 1 | 
2026-05-03 19:40:07,442 - INFO     - img2od: 62 | od2fr: 0 | od2lpr: 1000 | od2cap: 0 | fr2kr: 84 | lpr2kr: 1000 | cap2udp: 0 | kr2udp: 1 | 
2026-05-03 19:40:08,443 - INFO     - img2od: 62 | od2fr: 0 | od2lpr: 1000 | od2cap: 0 | fr2kr: 82 | lpr2kr: 1000 | cap2udp: 0 | kr2udp: 1 | 
2026-05-03 19:40:09,444 - INFO     - img2od: 62 | od2fr: 0 | od2lpr: 1000 | od2cap: 0 | fr2kr: 80 | lpr2kr: 1000 | cap2udp: 0 | kr2udp: 1 | 
2026-05-03 19:40:10,445 - INFO     - img2od: 62 | od2fr: 0 | od2lpr: 1000 | od2cap: 0 | fr2kr: 77 | lpr2kr: 1000 | cap2udp: 0 | kr2udp: 0 | 
2026-05-03 19:40:11,446 - INFO     - img2od: 62 | od2fr: 0 | od2lpr: 1000 | od2cap: 0 | fr2kr: 75 | lpr2kr: 1000 | cap2udp: 0 | kr2udp: 1 | 
2026-05-03 19:40:12,447 - INFO     - img2od: 62 | od2fr: 0 | od2lpr: 1000 | od2cap: 0 | fr2kr: 72 | lpr2kr: 1000 | cap2udp: 0 | kr2udp: 1 | 
2026-05-03 19:40:13,448 - INFO     - img2od: 62 | od2fr: 0 | od2lpr: 1000 | od2cap: 0 | fr2kr: 70 | lpr2kr: 1000 | cap2udp: 0 | kr2udp: 0 | 
2026-05-03 19:40:14,449 - INFO     - img2od: 62 | od2fr: 0 | od2lpr: 1000 | od2cap: 0 | fr2kr: 68 | lpr2kr: 1000 | cap2udp: 0 | kr2udp: 1 | 
2026-05-03 19:40:15,450 - INFO     - img2od: 62 | od2fr: 0 | od2lpr: 1000 | od2cap: 0 | fr2kr: 66 | lpr2kr: 1000 | cap2udp: 0 | kr2udp: 0 | 
2026-05-03 19:40:16,451 - INFO     - img2od: 62 | od2fr: 0 | od2lpr: 1000 | od2cap: 0 | fr2kr: 64 | lpr2kr: 1000 | cap2udp: 0 | kr2udp: 1 | 
2026-05-03 19:40:17,452 - INFO     - img2od: 62 | od2fr: 0 | od2lpr: 1000 | od2cap: 0 | fr2kr: 61 | lpr2kr: 1000 | cap2udp: 0 | kr2udp: 0 | 
2026-05-03 19:40:18,453 - INFO     - img2od: 62 | od2fr: 0 | od2lpr: 1000 | od2cap: 0 | fr2kr: 59 | lpr2kr: 1000 | cap2udp: 0 | kr2udp: 0 | 
2026-05-03 19:40:19,454 - INFO     - img2od: 62 | od2fr: 0 | od2lpr: 1000 | od2cap: 0 | fr2kr: 56 | lpr2kr: 1000 | cap2udp: 0 | kr2udp: 0 | 
2026-05-03 19:40:20,455 - INFO     - img2od: 62 | od2fr: 0 | od2lpr: 1000 | od2cap: 0 | fr2kr: 54 | lpr2kr: 1000 | cap2udp: 0 | kr2udp: 1 | 
2026-05-03 19:40:21,456 - INFO     - img2od: 62 | od2fr: 0 | od2lpr: 1000 | od2cap: 0 | fr2kr: 51 | lpr2kr: 1000 | cap2udp: 0 | kr2udp: 0 | 
2026-05-03 19:40:22,457 - INFO     - img2od: 62 | od2fr: 0 | od2lpr: 1000 | od2cap: 0 | fr2kr: 49 | lpr2kr: 1000 | cap2udp: 0 | kr2udp: 1 | 
2026-05-03 19:40:23,458 - INFO     - img2od: 62 | od2fr: 0 | od2lpr: 1000 | od2cap: 0 | fr2kr: 46 | lpr2kr: 1000 | cap2udp: 0 | kr2udp: 1 | 
2026-05-03 19:40:24,459 - INFO     - img2od: 62 | od2fr: 0 | od2lpr: 1000 | od2cap: 0 | fr2kr: 43 | lpr2kr: 1000 | cap2udp: 0 | kr2udp: 1 | 
2026-05-03 19:40:25,460 - INFO     - img2od: 62 | od2fr: 0 | od2lpr: 1000 | od2cap: 0 | fr2kr: 41 | lpr2kr: 1000 | cap2udp: 0 | kr2udp: 1 | 
2026-05-03 19:40:26,461 - INFO     - img2od: 62 | od2fr: 0 | od2lpr: 1000 | od2cap: 0 | fr2kr: 38 | lpr2kr: 1000 | cap2udp: 0 | kr2udp: 1 | 
2026-05-03 19:40:27,461 - INFO     - img2od: 62 | od2fr: 0 | od2lpr: 1000 | od2cap: 0 | fr2kr: 35 | lpr2kr: 1000 | cap2udp: 0 | kr2udp: 1 | 
2026-05-03 19:40:28,463 - INFO     - img2od: 62 | od2fr: 0 | od2lpr: 1000 | od2cap: 0 | fr2kr: 33 | lpr2kr: 1000 | cap2udp: 0 | kr2udp: 1 | 
2026-05-03 19:40:29,464 - INFO     - img2od: 62 | od2fr: 0 | od2lpr: 999 | od2cap: 0 | fr2kr: 30 | lpr2kr: 1000 | cap2udp: 0 | kr2udp: 1 | 
2026-05-03 19:40:30,465 - INFO     - img2od: 62 | od2fr: 0 | od2lpr: 1000 | od2cap: 0 | fr2kr: 28 | lpr2kr: 1000 | cap2udp: 0 | kr2udp: 1 | 
2026-05-03 19:40:31,466 - INFO     - img2od: 62 | od2fr: 0 | od2lpr: 1000 | od2cap: 0 | fr2kr: 25 | lpr2kr: 1000 | cap2udp: 0 | kr2udp: 0 | 
2026-05-03 19:40:32,467 - INFO     - img2od: 62 | od2fr: 0 | od2lpr: 1000 | od2cap: 0 | fr2kr: 22 | lpr2kr: 1000 | cap2udp: 0 | kr2udp: 0 | 
2026-05-03 19:40:33,468 - INFO     - img2od: 62 | od2fr: 0 | od2lpr: 1000 | od2cap: 0 | fr2kr: 20 | lpr2kr: 1000 | cap2udp: 0 | kr2udp: 1 | 
2026-05-03 19:40:34,469 - INFO     - img2od: 62 | od2fr: 0 | od2lpr: 1000 | od2cap: 0 | fr2kr: 17 | lpr2kr: 1000 | cap2udp: 0 | kr2udp: 1 | 
2026-05-03 19:40:35,470 - INFO     - img2od: 62 | od2fr: 0 | od2lpr: 1000 | od2cap: 0 | fr2kr: 14 | lpr2kr: 1000 | cap2udp: 0 | kr2udp: 0 | 
2026-05-03 19:40:36,471 - INFO     - img2od: 62 | od2fr: 0 | od2lpr: 1000 | od2cap: 0 | fr2kr: 12 | lpr2kr: 1000 | cap2udp: 0 | kr2udp: 1 | 
2026-05-03 19:40:37,471 - INFO     - img2od: 62 | od2fr: 0 | od2lpr: 1000 | od2cap: 0 | fr2kr: 9 | lpr2kr: 1000 | cap2udp: 0 | kr2udp: 1 | 
2026-05-03 19:40:38,472 - INFO     - img2od: 62 | od2fr: 0 | od2lpr: 1000 | od2cap: 0 | fr2kr: 7 | lpr2kr: 1000 | cap2udp: 0 | kr2udp: 1 | 
2026-05-03 19:40:39,473 - INFO     - img2od: 62 | od2fr: 0 | od2lpr: 1000 | od2cap: 0 | fr2kr: 4 | lpr2kr: 1000 | cap2udp: 0 | kr2udp: 1 | 
2026-05-03 19:40:40,474 - INFO     - img2od: 62 | od2fr: 0 | od2lpr: 1000 | od2cap: 0 | fr2kr: 1 | lpr2kr: 1000 | cap2udp: 0 | kr2udp: 1 | 
2026-05-03 19:40:41,475 - INFO     - img2od: 62 | od2fr: 0 | od2lpr: 1000 | od2cap: 0 | fr2kr: 0 | lpr2kr: 1000 | cap2udp: 0 | kr2udp: 0 | 
2026-05-03 19:40:42,477 - INFO     - img2od: 62 | od2fr: 0 | od2lpr: 1000 | od2cap: 0 | fr2kr: 0 | lpr2kr: 1000 | cap2udp: 0 | kr2udp: 0 | 
2026-05-03 19:40:43,478 - INFO     - img2od: 62 | od2fr: 0 | od2lpr: 1000 | od2cap: 0 | fr2kr: 0 | lpr2kr: 1000 | cap2udp: 0 | kr2udp: 0 | 
2026-05-03 19:40:44,479 - INFO     - img2od: 62 | od2fr: 0 | od2lpr: 1000 | od2cap: 0 | fr2kr: 0 | lpr2kr: 1000 | cap2udp: 0 | kr2udp: 0 | 
2026-05-03 19:40:45,480 - INFO     - img2od: 62 | od2fr: 0 | od2lpr: 1000 | od2cap: 0 | fr2kr: 0 | lpr2kr: 1000 | cap2udp: 0 | kr2udp: 0 | 
2026-05-03 19:40:46,482 - INFO     - img2od: 62 | od2fr: 0 | od2lpr: 1000 | od2cap: 0 | fr2kr: 0 | lpr2kr: 1000 | cap2udp: 0 | kr2udp: 0 | 
2026-05-03 19:40:47,483 - INFO     - img2od: 62 | od2fr: 0 | od2lpr: 1000 | od2cap: 0 | fr2kr: 0 | lpr2kr: 1000 | cap2udp: 0 | kr2udp: 0 | 
2026-05-03 19:40:48,484 - INFO     - img2od: 62 | od2fr: 0 | od2lpr: 1000 | od2cap: 0 | fr2kr: 0 | lpr2kr: 1000 | cap2udp: 0 | kr2udp: 0 | 
2026-05-03 19:40:49,485 - INFO     - img2od: 62 | od2fr: 0 | od2lpr: 1000 | od2cap: 0 | fr2kr: 0 | lpr2kr: 999 | cap2udp: 0 | kr2udp: 1 | 
2026-05-03 19:40:50,486 - INFO     - img2od: 62 | od2fr: 0 | od2lpr: 1000 | od2cap: 0 | fr2kr: 0 | lpr2kr: 1000 | cap2udp: 0 | kr2udp: 1 | 
2026-05-03 19:40:51,487 - INFO     - img2od: 62 | od2fr: 0 | od2lpr: 1000 | od2cap: 0 | fr2kr: 0 | lpr2kr: 1000 | cap2udp: 0 | kr2udp: 1 | 
2026-05-03 19:40:52,488 - INFO     - img2od: 62 | od2fr: 0 | od2lpr: 1000 | od2cap: 0 | fr2kr: 0 | lpr2kr: 1000 | cap2udp: 0 | kr2udp: 1 | 
2026-05-03 19:40:53,490 - INFO     - img2od: 62 | od2fr: 0 | od2lpr: 1000 | od2cap: 0 | fr2kr: 0 | lpr2kr: 1000 | cap2udp: 0 | kr2udp: 1 | 
2026-05-03 19:40:54,491 - INFO     - img2od: 62 | od2fr: 0 | od2lpr: 1000 | od2cap: 0 | fr2kr: 0 | lpr2kr: 1000 | cap2udp: 0 | kr2udp: 1 | 
2026-05-03 19:40:55,492 - INFO     - img2od: 62 | od2fr: 0 | od2lpr: 1000 | od2cap: 0 | fr2kr: 0 | lpr2kr: 1000 | cap2udp: 0 | kr2udp: 1 | 
2026-05-03 19:40:56,493 - INFO     - img2od: 62 | od2fr: 0 | od2lpr: 1000 | od2cap: 0 | fr2kr: 0 | lpr2kr: 1000 | cap2udp: 0 | kr2udp: 1 | 
2026-05-03 19:40:57,495 - INFO     - img2od: 62 | od2fr: 0 | od2lpr: 1000 | od2cap: 0 | fr2kr: 0 | lpr2kr: 1000 | cap2udp: 0 | kr2udp: 1 | 
2026-05-03 19:40:58,496 - INFO     - img2od: 62 | od2fr: 0 | od2lpr: 1000 | od2cap: 0 | fr2kr: 0 | lpr2kr: 1000 | cap2udp: 0 | kr2udp: 1 | 
2026-05-03 19:40:59,497 - INFO     - img2od: 62 | od2fr: 0 | od2lpr: 1000 | od2cap: 0 | fr2kr: 0 | lpr2kr: 1000 | cap2udp: 0 | kr2udp: 1 | 
2026-05-03 19:41:00,498 - INFO     - img2od: 62 | od2fr: 0 | od2lpr: 1000 | od2cap: 0 | fr2kr: 0 | lpr2kr: 1000 | cap2udp: 0 | kr2udp: 1 | 
2026-05-03 19:41:01,498 - INFO     - img2od: 62 | od2fr: 0 | od2lpr: 1000 | od2cap: 0 | fr2kr: 0 | lpr2kr: 1000 | cap2udp: 0 | kr2udp: 1 | 
2026-05-03 19:41:02,499 - INFO     - img2od: 62 | od2fr: 0 | od2lpr: 1000 | od2cap: 0 | fr2kr: 0 | lpr2kr: 1000 | cap2udp: 0 | kr2udp: 1 | 
2026-05-03 19:41:03,501 - INFO     - img2od: 62 | od2fr: 0 | od2lpr: 1000 | od2cap: 0 | fr2kr: 0 | lpr2kr: 1000 | cap2udp: 0 | kr2udp: 0 | 
2026-05-03 19:41:04,502 - INFO     - img2od: 62 | od2fr: 0 | od2lpr: 1000 | od2cap: 0 | fr2kr: 0 | lpr2kr: 1000 | cap2udp: 0 | kr2udp: 0 | 
2026-05-03 19:41:05,503 - INFO     - img2od: 62 | od2fr: 0 | od2lpr: 1000 | od2cap: 0 | fr2kr: 0 | lpr2kr: 1000 | cap2udp: 0 | kr2udp: 0 | 
2026-05-03 19:41:06,503 - INFO     - img2od: 62 | od2fr: 0 | od2lpr: 1000 | od2cap: 0 | fr2kr: 0 | lpr2kr: 1000 | cap2udp: 0 | kr2udp: 0 | 
2026-05-03 19:41:07,505 - INFO     - img2od: 62 | od2fr: 0 | od2lpr: 1000 | od2cap: 0 | fr2kr: 0 | lpr2kr: 1000 | cap2udp: 0 | kr2udp: 0 | 
2026-05-03 19:41:08,506 - INFO     - img2od: 62 | od2fr: 0 | od2lpr: 1000 | od2cap: 0 | fr2kr: 0 | lpr2kr: 1000 | cap2udp: 0 | kr2udp: 0 | 
2026-05-03 19:41:09,507 - INFO     - img2od: 62 | od2fr: 0 | od2lpr: 1000 | od2cap: 0 | fr2kr: 0 | lpr2kr: 1000 | cap2udp: 0 | kr2udp: 0 | 
2026-05-03 19:41:10,508 - INFO     - img2od: 62 | od2fr: 0 | od2lpr: 1000 | od2cap: 0 | fr2kr: 0 | lpr2kr: 1000 | cap2udp: 0 | kr2udp: 0 | 
2026-05-03 19:41:11,509 - INFO     - img2od: 62 | od2fr: 0 | od2lpr: 1000 | od2cap: 0 | fr2kr: 0 | lpr2kr: 1000 | cap2udp: 0 | kr2udp: 0 | 
2026-05-03 19:41:12,510 - INFO     - img2od: 62 | od2fr: 0 | od2lpr: 1000 | od2cap: 0 | fr2kr: 0 | lpr2kr: 1000 | cap2udp: 0 | kr2udp: 0 | 
2026-05-03 19:41:13,511 - INFO     - img2od: 62 | od2fr: 0 | od2lpr: 1000 | od2cap: 0 | fr2kr: 0 | lpr2kr: 1000 | cap2udp: 0 | kr2udp: 0 | 
2026-05-03 19:41:14,512 - INFO     - img2od: 62 | od2fr: 0 | od2lpr: 1000 | od2cap: 0 | fr2kr: 0 | lpr2kr: 1000 | cap2udp: 0 | kr2udp: 0 | 
2026-05-03 19:41:15,514 - INFO     - img2od: 62 | od2fr: 0 | od2lpr: 999 | od2cap: 0 | fr2kr: 0 | lpr2kr: 1000 | cap2udp: 0 | kr2udp: 0 | 
2026-05-03 19:41:16,515 - INFO     - img2od: 62 | od2fr: 0 | od2lpr: 1000 | od2cap: 0 | fr2kr: 0 | lpr2kr: 1000 | cap2udp: 0 | kr2udp: 1 | 
2026-05-03 19:41:17,516 - INFO     - img2od: 62 | od2fr: 0 | od2lpr: 1000 | od2cap: 0 | fr2kr: 0 | lpr2kr: 1000 | cap2udp: 0 | kr2udp: 1 | 
2026-05-03 19:41:18,517 - INFO     - img2od: 62 | od2fr: 0 | od2lpr: 1000 | od2cap: 0 | fr2kr: 0 | lpr2kr: 1000 | cap2udp: 0 | kr2udp: 1 | 
2026-05-03 19:41:19,518 - INFO     - img2od: 62 | od2fr: 0 | od2lpr: 1000 | od2cap: 0 | fr2kr: 0 | lpr2kr: 1000 | cap2udp: 0 | kr2udp: 1 | 
2026-05-03 19:41:20,519 - INFO     - img2od: 62 | od2fr: 0 | od2lpr: 1000 | od2cap: 0 | fr2kr: 0 | lpr2kr: 1000 | cap2udp: 0 | kr2udp: 1 | 
2026-05-03 19:41:21,520 - INFO     - img2od: 62 | od2fr: 0 | od2lpr: 1000 | od2cap: 0 | fr2kr: 0 | lpr2kr: 1000 | cap2udp: 0 | kr2udp: 1 | 
2026-05-03 19:41:22,522 - INFO     - img2od: 62 | od2fr: 0 | od2lpr: 1000 | od2cap: 0 | fr2kr: 0 | lpr2kr: 1000 | cap2udp: 0 | kr2udp: 1 | 
2026-05-03 19:41:23,523 - INFO     - img2od: 62 | od2fr: 0 | od2lpr: 1000 | od2cap: 0 | fr2kr: 0 | lpr2kr: 1000 | cap2udp: 0 | kr2udp: 1 | 
2026-05-03 19:41:24,524 - INFO     - img2od: 62 | od2fr: 0 | od2lpr: 1000 | od2cap: 0 | fr2kr: 0 | lpr2kr: 1000 | cap2udp: 0 | kr2udp: 1 | 
2026-05-03 19:41:25,525 - INFO     - img2od: 62 | od2fr: 0 | od2lpr: 1000 | od2cap: 0 | fr2kr: 0 | lpr2kr: 1000 | cap2udp: 0 | kr2udp: 1 | 
2026-05-03 19:41:26,526 - INFO     - img2od: 62 | od2fr: 0 | od2lpr: 1000 | od2cap: 0 | fr2kr: 0 | lpr2kr: 1000 | cap2udp: 0 | kr2udp: 1 | 
2026-05-03 19:41:27,528 - INFO     - img2od: 62 | od2fr: 0 | od2lpr: 1000 | od2cap: 0 | fr2kr: 0 | lpr2kr: 1000 | cap2udp: 0 | kr2udp: 1 | 
2026-05-03 19:41:28,529 - INFO     - img2od: 62 | od2fr: 0 | od2lpr: 1000 | od2cap: 0 | fr2kr: 0 | lpr2kr: 1000 | cap2udp: 0 | kr2udp: 1 | 
2026-05-03 19:41:29,530 - INFO     - img2od: 62 | od2fr: 0 | od2lpr: 1000 | od2cap: 0 | fr2kr: 0 | lpr2kr: 1000 | cap2udp: 0 | kr2udp: 0 | 
2026-05-03 19:41:30,531 - INFO     - img2od: 62 | od2fr: 0 | od2lpr: 1000 | od2cap: 0 | fr2kr: 0 | lpr2kr: 1000 | cap2udp: 0 | kr2udp: 0 | 
2026-05-03 19:41:31,532 - INFO     - img2od: 62 | od2fr: 0 | od2lpr: 1000 | od2cap: 0 | fr2kr: 0 | lpr2kr: 1000 | cap2udp: 0 | kr2udp: 0 | 
2026-05-03 19:41:32,533 - INFO     - img2od: 62 | od2fr: 0 | od2lpr: 1000 | od2cap: 0 | fr2kr: 0 | lpr2kr: 1000 | cap2udp: 0 | kr2udp: 0 | 
2026-05-03 19:41:33,534 - INFO     - img2od: 62 | od2fr: 0 | od2lpr: 1000 | od2cap: 0 | fr2kr: 0 | lpr2kr: 1000 | cap2udp: 0 | kr2udp: 0 | 
2026-05-03 19:41:34,535 - INFO     - img2od: 62 | od2fr: 0 | od2lpr: 1000 | od2cap: 0 | fr2kr: 0 | lpr2kr: 1000 | cap2udp: 0 | kr2udp: 0 | 
2026-05-03 19:41:35,536 - INFO     - img2od: 62 | od2fr: 0 | od2lpr: 1000 | od2cap: 0 | fr2kr: 0 | lpr2kr: 1000 | cap2udp: 0 | kr2udp: 0 | 
2026-05-03 19:41:36,537 - INFO     - img2od: 62 | od2fr: 0 | od2lpr: 1000 | od2cap: 0 | fr2kr: 0 | lpr2kr: 1000 | cap2udp: 0 | kr2udp: 0 | 
2026-05-03 19:41:37,538 - INFO     - img2od: 62 | od2fr: 0 | od2lpr: 999 | od2cap: 0 | fr2kr: 0 | lpr2kr: 1000 | cap2udp: 0 | kr2udp: 1 | 
2026-05-03 19:41:38,539 - INFO     - img2od: 62 | od2fr: 0 | od2lpr: 1000 | od2cap: 0 | fr2kr: 0 | lpr2kr: 1000 | cap2udp: 0 | kr2udp: 1 | 
2026-05-03 19:41:39,540 - INFO     - img2od: 62 | od2fr: 0 | od2lpr: 1000 | od2cap: 0 | fr2kr: 0 | lpr2kr: 1000 | cap2udp: 0 | kr2udp: 1 | 
2026-05-03 19:41:40,541 - INFO     - img2od: 62 | od2fr: 0 | od2lpr: 1000 | od2cap: 0 | fr2kr: 0 | lpr2kr: 1000 | cap2udp: 0 | kr2udp: 1 | 
2026-05-03 19:41:41,543 - INFO     - img2od: 62 | od2fr: 0 | od2lpr: 1000 | od2cap: 0 | fr2kr: 0 | lpr2kr: 1000 | cap2udp: 0 | kr2udp: 1 | 
2026-05-03 19:41:42,544 - INFO     - img2od: 62 | od2fr: 0 | od2lpr: 1000 | od2cap: 0 | fr2kr: 0 | lpr2kr: 1000 | cap2udp: 0 | kr2udp: 1 | 
2026-05-03 19:41:43,545 - INFO     - img2od: 62 | od2fr: 0 | od2lpr: 1000 | od2cap: 0 | fr2kr: 0 | lpr2kr: 1000 | cap2udp: 0 | kr2udp: 1 | 
2026-05-03 19:41:44,546 - INFO     - img2od: 62 | od2fr: 0 | od2lpr: 1000 | od2cap: 0 | fr2kr: 0 | lpr2kr: 1000 | cap2udp: 0 | kr2udp: 1 | 
2026-05-03 19:41:45,548 - INFO     - img2od: 62 | od2fr: 0 | od2lpr: 1000 | od2cap: 0 | fr2kr: 0 | lpr2kr: 1000 | cap2udp: 0 | kr2udp: 1 | 
2026-05-03 19:41:46,549 - INFO     - img2od: 62 | od2fr: 0 | od2lpr: 1000 | od2cap: 0 | fr2kr: 0 | lpr2kr: 1000 | cap2udp: 0 | kr2udp: 1 | 
2026-05-03 19:41:47,550 - INFO     - img2od: 62 | od2fr: 0 | od2lpr: 1000 | od2cap: 0 | fr2kr: 0 | lpr2kr: 1000 | cap2udp: 0 | kr2udp: 1 | 
2026-05-03 19:41:48,551 - INFO     - img2od: 62 | od2fr: 0 | od2lpr: 1000 | od2cap: 0 | fr2kr: 0 | lpr2kr: 1000 | cap2udp: 0 | kr2udp: 1 | 
2026-05-03 19:41:49,552 - INFO     - img2od: 62 | od2fr: 0 | od2lpr: 1000 | od2cap: 0 | fr2kr: 0 | lpr2kr: 1000 | cap2udp: 0 | kr2udp: 1 | 
2026-05-03 19:41:50,553 - INFO     - img2od: 62 | od2fr: 0 | od2lpr: 1000 | od2cap: 0 | fr2kr: 0 | lpr2kr: 1000 | cap2udp: 0 | kr2udp: 1 | 
2026-05-03 19:41:51,554 - INFO     - img2od: 62 | od2fr: 0 | od2lpr: 1000 | od2cap: 0 | fr2kr: 0 | lpr2kr: 1000 | cap2udp: 0 | kr2udp: 0 | 
2026-05-03 19:41:52,555 - INFO     - img2od: 62 | od2fr: 0 | od2lpr: 1000 | od2cap: 0 | fr2kr: 0 | lpr2kr: 1000 | cap2udp: 0 | kr2udp: 0 | 
2026-05-03 19:41:53,556 - INFO     - img2od: 62 | od2fr: 0 | od2lpr: 1000 | od2cap: 0 | fr2kr: 0 | lpr2kr: 1000 | cap2udp: 0 | kr2udp: 0 | 
2026-05-03 19:41:54,557 - INFO     - img2od: 62 | od2fr: 0 | od2lpr: 1000 | od2cap: 0 | fr2kr: 0 | lpr2kr: 1000 | cap2udp: 0 | kr2udp: 0 | 
2026-05-03 19:41:55,558 - INFO     - img2od: 62 | od2fr: 0 | od2lpr: 1000 | od2cap: 0 | fr2kr: 0 | lpr2kr: 1000 | cap2udp: 0 | kr2udp: 0 | 
2026-05-03 19:41:56,559 - INFO     - img2od: 62 | od2fr: 0 | od2lpr: 1000 | od2cap: 0 | fr2kr: 0 | lpr2kr: 1000 | cap2udp: 0 | kr2udp: 1 | 
2026-05-03 19:41:57,560 - INFO     - img2od: 62 | od2fr: 0 | od2lpr: 1000 | od2cap: 0 | fr2kr: 0 | lpr2kr: 1000 | cap2udp: 0 | kr2udp: 1 | 
2026-05-03 19:41:58,561 - INFO     - img2od: 62 | od2fr: 0 | od2lpr: 1000 | od2cap: 0 | fr2kr: 0 | lpr2kr: 1000 | cap2udp: 0 | kr2udp: 1 | 
2026-05-03 19:41:59,562 - INFO     - img2od: 62 | od2fr: 0 | od2lpr: 1000 | od2cap: 0 | fr2kr: 0 | lpr2kr: 1000 | cap2udp: 0 | kr2udp: 1 | 
2026-05-03 19:42:00,563 - INFO     - img2od: 62 | od2fr: 0 | od2lpr: 1000 | od2cap: 0 | fr2kr: 0 | lpr2kr: 1000 | cap2udp: 0 | kr2udp: 1 | 
2026-05-03 19:42:01,564 - INFO     - img2od: 62 | od2fr: 0 | od2lpr: 999 | od2cap: 0 | fr2kr: 0 | lpr2kr: 1000 | cap2udp: 0 | kr2udp: 1 | 
2026-05-03 19:42:02,565 - INFO     - img2od: 62 | od2fr: 0 | od2lpr: 1000 | od2cap: 0 | fr2kr: 0 | lpr2kr: 1000 | cap2udp: 0 | kr2udp: 1 | 
2026-05-03 19:42:03,566 - INFO     - img2od: 62 | od2fr: 0 | od2lpr: 1000 | od2cap: 0 | fr2kr: 0 | lpr2kr: 1000 | cap2udp: 0 | kr2udp: 1 | 
2026-05-03 19:42:04,567 - INFO     - img2od: 62 | od2fr: 0 | od2lpr: 1000 | od2cap: 0 | fr2kr: 0 | lpr2kr: 1000 | cap2udp: 0 | kr2udp: 1 | 
2026-05-03 19:42:05,568 - INFO     - img2od: 62 | od2fr: 0 | od2lpr: 1000 | od2cap: 0 | fr2kr: 0 | lpr2kr: 1000 | cap2udp: 0 | kr2udp: 1 | 
2026-05-03 19:42:06,569 - INFO     - img2od: 62 | od2fr: 0 | od2lpr: 1000 | od2cap: 0 | fr2kr: 0 | lpr2kr: 1000 | cap2udp: 0 | kr2udp: 1 | 
2026-05-03 19:42:07,570 - INFO     - img2od: 62 | od2fr: 0 | od2lpr: 1000 | od2cap: 0 | fr2kr: 0 | lpr2kr: 1000 | cap2udp: 0 | kr2udp: 1 | 
2026-05-03 19:42:08,572 - INFO     - img2od: 62 | od2fr: 0 | od2lpr: 1000 | od2cap: 0 | fr2kr: 0 | lpr2kr: 1000 | cap2udp: 0 | kr2udp: 1 | 
2026-05-03 19:42:09,573 - INFO     - img2od: 62 | od2fr: 0 | od2lpr: 1000 | od2cap: 0 | fr2kr: 0 | lpr2kr: 1000 | cap2udp: 0 | kr2udp: 1 | 
2026-05-03 19:42:10,574 - INFO     - img2od: 62 | od2fr: 0 | od2lpr: 1000 | od2cap: 0 | fr2kr: 0 | lpr2kr: 1000 | cap2udp: 0 | kr2udp: 0 | 
2026-05-03 19:42:11,575 - INFO     - img2od: 62 | od2fr: 0 | od2lpr: 1000 | od2cap: 0 | fr2kr: 0 | lpr2kr: 1000 | cap2udp: 0 | kr2udp: 0 | 
2026-05-03 19:42:12,577 - INFO     - img2od: 62 | od2fr: 0 | od2lpr: 1000 | od2cap: 0 | fr2kr: 0 | lpr2kr: 1000 | cap2udp: 0 | kr2udp: 0 | 
2026-05-03 19:42:13,578 - INFO     - img2od: 62 | od2fr: 0 | od2lpr: 1000 | od2cap: 0 | fr2kr: 0 | lpr2kr: 1000 | cap2udp: 0 | kr2udp: 0 | 
2026-05-03 19:42:14,579 - INFO     - img2od: 62 | od2fr: 0 | od2lpr: 1000 | od2cap: 0 | fr2kr: 0 | lpr2kr: 1000 | cap2udp: 0 | kr2udp: 1 | 
2026-05-03 19:42:15,580 - INFO     - img2od: 62 | od2fr: 0 | od2lpr: 1000 | od2cap: 0 | fr2kr: 0 | lpr2kr: 1000 | cap2udp: 0 | kr2udp: 1 | 
2026-05-03 19:42:16,581 - INFO     - img2od: 62 | od2fr: 0 | od2lpr: 1000 | od2cap: 0 | fr2kr: 0 | lpr2kr: 1000 | cap2udp: 0 | kr2udp: 1 | 
2026-05-03 19:42:17,582 - INFO     - img2od: 62 | od2fr: 0 | od2lpr: 1000 | od2cap: 0 | fr2kr: 0 | lpr2kr: 1000 | cap2udp: 0 | kr2udp: 1 | 
2026-05-03 19:42:18,583 - INFO     - img2od: 62 | od2fr: 0 | od2lpr: 1000 | od2cap: 0 | fr2kr: 0 | lpr2kr: 999 | cap2udp: 0 | kr2udp: 1 | 
2026-05-03 19:42:19,585 - INFO     - img2od: 62 | od2fr: 0 | od2lpr: 1000 | od2cap: 0 | fr2kr: 0 | lpr2kr: 1000 | cap2udp: 0 | kr2udp: 1 | 
2026-05-03 19:42:20,586 - INFO     - img2od: 62 | od2fr: 0 | od2lpr: 1000 | od2cap: 0 | fr2kr: 0 | lpr2kr: 1000 | cap2udp: 0 | kr2udp: 1 | 
2026-05-03 19:42:21,587 - INFO     - img2od: 62 | od2fr: 0 | od2lpr: 1000 | od2cap: 0 | fr2kr: 0 | lpr2kr: 1000 | cap2udp: 0 | kr2udp: 1 | 
2026-05-03 19:42:22,588 - INFO     - img2od: 62 | od2fr: 0 | od2lpr: 1000 | od2cap: 0 | fr2kr: 0 | lpr2kr: 1000 | cap2udp: 0 | kr2udp: 1 | 
2026-05-03 19:42:23,590 - INFO     - img2od: 62 | od2fr: 0 | od2lpr: 1000 | od2cap: 0 | fr2kr: 0 | lpr2kr: 1000 | cap2udp: 0 | kr2udp: 1 | 
2026-05-03 19:42:24,591 - INFO     - img2od: 62 | od2fr: 0 | od2lpr: 1000 | od2cap: 0 | fr2kr: 0 | lpr2kr: 1000 | cap2udp: 0 | kr2udp: 1 | 
2026-05-03 19:42:25,592 - INFO     - img2od: 62 | od2fr: 0 | od2lpr: 1000 | od2cap: 0 | fr2kr: 0 | lpr2kr: 1000 | cap2udp: 0 | kr2udp: 1 | 
2026-05-03 19:42:26,593 - INFO     - img2od: 62 | od2fr: 0 | od2lpr: 1000 | od2cap: 0 | fr2kr: 0 | lpr2kr: 1000 | cap2udp: 0 | kr2udp: 0 | 
2026-05-03 19:42:27,595 - INFO     - img2od: 62 | od2fr: 0 | od2lpr: 1000 | od2cap: 0 | fr2kr: 0 | lpr2kr: 1000 | cap2udp: 0 | kr2udp: 0 | 
2026-05-03 19:42:28,596 - INFO     - img2od: 62 | od2fr: 0 | od2lpr: 1000 | od2cap: 0 | fr2kr: 0 | lpr2kr: 1000 | cap2udp: 0 | kr2udp: 0 | 
2026-05-03 19:42:29,597 - INFO     - img2od: 62 | od2fr: 0 | od2lpr: 1000 | od2cap: 0 | fr2kr: 0 | lpr2kr: 1000 | cap2udp: 0 | kr2udp: 0 | 
2026-05-03 19:42:30,598 - INFO     - img2od: 62 | od2fr: 0 | od2lpr: 1000 | od2cap: 0 | fr2kr: 0 | lpr2kr: 1000 | cap2udp: 0 | kr2udp: 0 | 
2026-05-03 19:42:31,599 - INFO     - img2od: 62 | od2fr: 0 | od2lpr: 1000 | od2cap: 0 | fr2kr: 0 | lpr2kr: 1000 | cap2udp: 0 | kr2udp: 1 | 
2026-05-03 19:42:32,600 - INFO     - img2od: 62 | od2fr: 0 | od2lpr: 1000 | od2cap: 0 | fr2kr: 0 | lpr2kr: 1000 | cap2udp: 0 | kr2udp: 1 | 
2026-05-03 19:42:33,601 - INFO     - img2od: 62 | od2fr: 0 | od2lpr: 1000 | od2cap: 0 | fr2kr: 0 | lpr2kr: 1000 | cap2udp: 0 | kr2udp: 1 | 
2026-05-03 19:42:34,602 - INFO     - img2od: 62 | od2fr: 0 | od2lpr: 1000 | od2cap: 0 | fr2kr: 0 | lpr2kr: 1000 | cap2udp: 0 | kr2udp: 1 | 
2026-05-03 19:42:35,603 - INFO     - img2od: 62 | od2fr: 0 | od2lpr: 1000 | od2cap: 0 | fr2kr: 0 | lpr2kr: 1000 | cap2udp: 0 | kr2udp: 1 | 
2026-05-03 19:42:36,604 - INFO     - img2od: 62 | od2fr: 0 | od2lpr: 1000 | od2cap: 0 | fr2kr: 0 | lpr2kr: 1000 | cap2udp: 0 | kr2udp: 1 | 
2026-05-03 19:42:37,605 - INFO     - img2od: 62 | od2fr: 0 | od2lpr: 1000 | od2cap: 0 | fr2kr: 0 | lpr2kr: 1000 | cap2udp: 0 | kr2udp: 1 | 
2026-05-03 19:42:38,606 - INFO     - img2od: 62 | od2fr: 0 | od2lpr: 1000 | od2cap: 0 | fr2kr: 0 | lpr2kr: 1000 | cap2udp: 0 | kr2udp: 1 | 
2026-05-03 19:42:39,607 - INFO     - img2od: 62 | od2fr: 0 | od2lpr: 1000 | od2cap: 0 | fr2kr: 0 | lpr2kr: 1000 | cap2udp: 0 | kr2udp: 1 | 
2026-05-03 19:42:40,608 - INFO     - img2od: 62 | od2fr: 0 | od2lpr: 1000 | od2cap: 0 | fr2kr: 0 | lpr2kr: 1000 | cap2udp: 0 | kr2udp: 1 | 
2026-05-03 19:42:41,609 - INFO     - img2od: 62 | od2fr: 0 | od2lpr: 1000 | od2cap: 0 | fr2kr: 0 | lpr2kr: 1000 | cap2udp: 0 | kr2udp: 1 | 
2026-05-03 19:42:42,610 - INFO     - img2od: 62 | od2fr: 0 | od2lpr: 1000 | od2cap: 0 | fr2kr: 0 | lpr2kr: 1000 | cap2udp: 0 | kr2udp: 1 | 
2026-05-03 19:42:43,611 - INFO     - img2od: 62 | od2fr: 0 | od2lpr: 1000 | od2cap: 0 | fr2kr: 0 | lpr2kr: 1000 | cap2udp: 0 | kr2udp: 0 | 
2026-05-03 19:42:44,612 - INFO     - img2od: 62 | od2fr: 0 | od2lpr: 1000 | od2cap: 0 | fr2kr: 0 | lpr2kr: 1000 | cap2udp: 0 | kr2udp: 0 | 
2026-05-03 19:42:45,613 - INFO     - img2od: 62 | od2fr: 0 | od2lpr: 1000 | od2cap: 0 | fr2kr: 0 | lpr2kr: 1000 | cap2udp: 0 | kr2udp: 1 | 
2026-05-03 19:42:46,615 - INFO     - img2od: 62 | od2fr: 0 | od2lpr: 1000 | od2cap: 0 | fr2kr: 0 | lpr2kr: 1000 | cap2udp: 0 | kr2udp: 1 | 
2026-05-03 19:42:47,616 - INFO     - img2od: 62 | od2fr: 0 | od2lpr: 1000 | od2cap: 0 | fr2kr: 0 | lpr2kr: 1000 | cap2udp: 0 | kr2udp: 0 | 
2026-05-03 19:42:48,617 - INFO     - img2od: 62 | od2fr: 0 | od2lpr: 1000 | od2cap: 0 | fr2kr: 0 | lpr2kr: 1000 | cap2udp: 0 | kr2udp: 0 | 
2026-05-03 19:42:49,618 - INFO     - img2od: 62 | od2fr: 0 | od2lpr: 1000 | od2cap: 0 | fr2kr: 0 | lpr2kr: 1000 | cap2udp: 0 | kr2udp: 1 | 
2026-05-03 19:42:50,619 - INFO     - img2od: 62 | od2fr: 0 | od2lpr: 999 | od2cap: 0 | fr2kr: 0 | lpr2kr: 1000 | cap2udp: 0 | kr2udp: 1 | 
2026-05-03 19:42:51,620 - INFO     - img2od: 62 | od2fr: 0 | od2lpr: 1000 | od2cap: 0 | fr2kr: 0 | lpr2kr: 1000 | cap2udp: 0 | kr2udp: 1 | 
2026-05-03 19:42:52,621 - INFO     - img2od: 62 | od2fr: 0 | od2lpr: 1000 | od2cap: 0 | fr2kr: 0 | lpr2kr: 1000 | cap2udp: 0 | kr2udp: 1 | 
2026-05-03 19:42:53,623 - INFO     - img2od: 62 | od2fr: 0 | od2lpr: 1000 | od2cap: 0 | fr2kr: 0 | lpr2kr: 1000 | cap2udp: 0 | kr2udp: 1 | 
2026-05-03 19:42:54,624 - INFO     - img2od: 62 | od2fr: 0 | od2lpr: 1000 | od2cap: 0 | fr2kr: 0 | lpr2kr: 1000 | cap2udp: 0 | kr2udp: 1 | 
2026-05-03 19:42:55,625 - INFO     - img2od: 62 | od2fr: 0 | od2lpr: 1000 | od2cap: 0 | fr2kr: 0 | lpr2kr: 1000 | cap2udp: 0 | kr2udp: 1 | 
2026-05-03 19:42:56,626 - INFO     - img2od: 62 | od2fr: 0 | od2lpr: 1000 | od2cap: 0 | fr2kr: 0 | lpr2kr: 1000 | cap2udp: 0 | kr2udp: 1 | 
2026-05-03 19:42:57,627 - INFO     - img2od: 62 | od2fr: 0 | od2lpr: 1000 | od2cap: 0 | fr2kr: 0 | lpr2kr: 1000 | cap2udp: 0 | kr2udp: 1 | 
2026-05-03 19:42:58,628 - INFO     - img2od: 62 | od2fr: 0 | od2lpr: 1000 | od2cap: 0 | fr2kr: 0 | lpr2kr: 1000 | cap2udp: 0 | kr2udp: 1 | 
2026-05-03 19:42:59,629 - INFO     - img2od: 58 | od2fr: 7 | od2lpr: 998 | od2cap: 0 | fr2kr: 1 | lpr2kr: 1000 | cap2udp: 0 | kr2udp: 1 | 
2026-05-03 19:43:00,630 - INFO     - img2od: 55 | od2fr: 2 | od2lpr: 1000 | od2cap: 0 | fr2kr: 6 | lpr2kr: 1000 | cap2udp: 0 | kr2udp: 1 | 
2026-05-03 19:43:01,631 - INFO     - img2od: 52 | od2fr: 20 | od2lpr: 1000 | od2cap: 0 | fr2kr: 9 | lpr2kr: 1000 | cap2udp: 0 | kr2udp: 1 | 
2026-05-03 19:43:02,632 - INFO     - img2od: 52 | od2fr: 13 | od2lpr: 1000 | od2cap: 0 | fr2kr: 13 | lpr2kr: 1000 | cap2udp: 0 | kr2udp: 0 | 
2026-05-03 19:43:03,633 - INFO     - img2od: 52 | od2fr: 7 | od2lpr: 1000 | od2cap: 0 | fr2kr: 17 | lpr2kr: 1000 | cap2udp: 0 | kr2udp: 0 | 
2026-05-03 19:43:04,634 - INFO     - img2od: 52 | od2fr: 0 | od2lpr: 1000 | od2cap: 0 | fr2kr: 21 | lpr2kr: 1000 | cap2udp: 0 | kr2udp: 1 | 
2026-05-03 19:43:05,635 - INFO     - img2od: 52 | od2fr: 0 | od2lpr: 1000 | od2cap: 0 | fr2kr: 19 | lpr2kr: 1000 | cap2udp: 0 | kr2udp: 1 | 
2026-05-03 19:43:06,636 - INFO     - img2od: 52 | od2fr: 0 | od2lpr: 1000 | od2cap: 0 | fr2kr: 16 | lpr2kr: 1000 | cap2udp: 0 | kr2udp: 0 | 
2026-05-03 19:43:07,638 - INFO     - img2od: 52 | od2fr: 0 | od2lpr: 1000 | od2cap: 0 | fr2kr: 13 | lpr2kr: 1000 | cap2udp: 0 | kr2udp: 1 | 
2026-05-03 19:43:08,639 - INFO     - img2od: 52 | od2fr: 0 | od2lpr: 1000 | od2cap: 0 | fr2kr: 11 | lpr2kr: 1000 | cap2udp: 0 | kr2udp: 0 | 
2026-05-03 19:43:09,640 - INFO     - img2od: 52 | od2fr: 0 | od2lpr: 1000 | od2cap: 0 | fr2kr: 8 | lpr2kr: 1000 | cap2udp: 0 | kr2udp: 0 | 
2026-05-03 19:43:10,641 - INFO     - img2od: 52 | od2fr: 0 | od2lpr: 1000 | od2cap: 0 | fr2kr: 6 | lpr2kr: 1000 | cap2udp: 0 | kr2udp: 1 | 
2026-05-03 19:43:11,642 - INFO     - img2od: 52 | od2fr: 0 | od2lpr: 1000 | od2cap: 0 | fr2kr: 3 | lpr2kr: 1000 | cap2udp: 0 | kr2udp: 1 | 
2026-05-03 19:43:12,644 - INFO     - img2od: 52 | od2fr: 0 | od2lpr: 1000 | od2cap: 0 | fr2kr: 0 | lpr2kr: 1000 | cap2udp: 0 | kr2udp: 1 | 
2026-05-03 19:43:13,645 - INFO     - img2od: 52 | od2fr: 0 | od2lpr: 1000 | od2cap: 0 | fr2kr: 0 | lpr2kr: 1000 | cap2udp: 0 | kr2udp: 1 | 
2026-05-03 19:43:14,646 - INFO     - img2od: 52 | od2fr: 0 | od2lpr: 1000 | od2cap: 0 | fr2kr: 0 | lpr2kr: 1000 | cap2udp: 0 | kr2udp: 1 | 
2026-05-03 19:43:15,647 - INFO     - img2od: 52 | od2fr: 0 | od2lpr: 1000 | od2cap: 0 | fr2kr: 0 | lpr2kr: 1000 | cap2udp: 0 | kr2udp: 0 | 
2026-05-03 19:43:16,649 - INFO     - img2od: 52 | od2fr: 0 | od2lpr: 1000 | od2cap: 0 | fr2kr: 0 | lpr2kr: 1000 | cap2udp: 0 | kr2udp: 0 | 
2026-05-03 19:43:17,650 - INFO     - img2od: 52 | od2fr: 0 | od2lpr: 1000 | od2cap: 0 | fr2kr: 0 | lpr2kr: 1000 | cap2udp: 0 | kr2udp: 0 | 
2026-05-03 19:43:18,651 - INFO     - img2od: 52 | od2fr: 0 | od2lpr: 1000 | od2cap: 0 | fr2kr: 0 | lpr2kr: 1000 | cap2udp: 0 | kr2udp: 0 | 
2026-05-03 19:43:19,652 - INFO     - img2od: 52 | od2fr: 0 | od2lpr: 1000 | od2cap: 0 | fr2kr: 0 | lpr2kr: 1000 | cap2udp: 0 | kr2udp: 1 | 
2026-05-03 19:43:20,653 - INFO     - img2od: 52 | od2fr: 0 | od2lpr: 1000 | od2cap: 0 | fr2kr: 0 | lpr2kr: 1000 | cap2udp: 0 | kr2udp: 1 | 
2026-05-03 19:43:21,654 - INFO     - img2od: 52 | od2fr: 0 | od2lpr: 1000 | od2cap: 0 | fr2kr: 0 | lpr2kr: 1000 | cap2udp: 0 | kr2udp: 1 | 
2026-05-03 19:43:22,655 - INFO     - img2od: 52 | od2fr: 0 | od2lpr: 1000 | od2cap: 0 | fr2kr: 0 | lpr2kr: 1000 | cap2udp: 0 | kr2udp: 1 | 
2026-05-03 19:43:23,656 - INFO     - img2od: 52 | od2fr: 0 | od2lpr: 999 | od2cap: 0 | fr2kr: 0 | lpr2kr: 1000 | cap2udp: 0 | kr2udp: 1 | 
2026-05-03 19:43:24,657 - INFO     - img2od: 52 | od2fr: 0 | od2lpr: 999 | od2cap: 0 | fr2kr: 0 | lpr2kr: 1000 | cap2udp: 0 | kr2udp: 1 | 
2026-05-03 19:43:25,658 - INFO     - img2od: 52 | od2fr: 0 | od2lpr: 1000 | od2cap: 0 | fr2kr: 0 | lpr2kr: 1000 | cap2udp: 0 | kr2udp: 0 | 
2026-05-03 19:43:26,659 - INFO     - img2od: 52 | od2fr: 0 | od2lpr: 1000 | od2cap: 0 | fr2kr: 0 | lpr2kr: 1000 | cap2udp: 0 | kr2udp: 1 | 
2026-05-03 19:43:27,660 - INFO     - img2od: 52 | od2fr: 0 | od2lpr: 1000 | od2cap: 0 | fr2kr: 0 | lpr2kr: 1000 | cap2udp: 0 | kr2udp: 1 | 
2026-05-03 19:43:28,661 - INFO     - img2od: 52 | od2fr: 0 | od2lpr: 1000 | od2cap: 0 | fr2kr: 0 | lpr2kr: 999 | cap2udp: 0 | kr2udp: 1 | 
2026-05-03 19:43:29,661 - INFO     - img2od: 52 | od2fr: 0 | od2lpr: 1000 | od2cap: 0 | fr2kr: 0 | lpr2kr: 1000 | cap2udp: 0 | kr2udp: 1 | 
2026-05-03 19:43:30,662 - INFO     - img2od: 52 | od2fr: 0 | od2lpr: 1000 | od2cap: 0 | fr2kr: 0 | lpr2kr: 1000 | cap2udp: 0 | kr2udp: 1 | 
2026-05-03 19:43:31,664 - INFO     - img2od: 52 | od2fr: 0 | od2lpr: 1000 | od2cap: 0 | fr2kr: 0 | lpr2kr: 1000 | cap2udp: 0 | kr2udp: 1 | 
2026-05-03 19:43:32,665 - INFO     - img2od: 52 | od2fr: 0 | od2lpr: 1000 | od2cap: 0 | fr2kr: 0 | lpr2kr: 1000 | cap2udp: 0 | kr2udp: 1 | 
2026-05-03 19:43:33,666 - INFO     - img2od: 52 | od2fr: 0 | od2lpr: 1000 | od2cap: 0 | fr2kr: 0 | lpr2kr: 1000 | cap2udp: 0 | kr2udp: 1 | 
2026-05-03 19:43:34,667 - INFO     - img2od: 52 | od2fr: 0 | od2lpr: 1000 | od2cap: 0 | fr2kr: 0 | lpr2kr: 1000 | cap2udp: 0 | kr2udp: 1 | 
2026-05-03 19:43:35,669 - INFO     - img2od: 52 | od2fr: 0 | od2lpr: 1000 | od2cap: 0 | fr2kr: 0 | lpr2kr: 1000 | cap2udp: 0 | kr2udp: 1 | 
2026-05-03 19:43:36,670 - INFO     - img2od: 52 | od2fr: 0 | od2lpr: 1000 | od2cap: 0 | fr2kr: 0 | lpr2kr: 1000 | cap2udp: 0 | kr2udp: 1 | 
2026-05-03 19:43:37,671 - INFO     - img2od: 52 | od2fr: 0 | od2lpr: 1000 | od2cap: 0 | fr2kr: 0 | lpr2kr: 1000 | cap2udp: 0 | kr2udp: 1 | 
2026-05-03 19:43:38,672 - INFO     - img2od: 52 | od2fr: 0 | od2lpr: 1000 | od2cap: 0 | fr2kr: 0 | lpr2kr: 1000 | cap2udp: 0 | kr2udp: 1 | 
2026-05-03 19:43:39,673 - INFO     - img2od: 52 | od2fr: 0 | od2lpr: 1000 | od2cap: 0 | fr2kr: 0 | lpr2kr: 1000 | cap2udp: 0 | kr2udp: 1 | 
2026-05-03 19:43:40,674 - INFO     - img2od: 52 | od2fr: 0 | od2lpr: 1000 | od2cap: 0 | fr2kr: 0 | lpr2kr: 1000 | cap2udp: 0 | kr2udp: 1 | 
2026-05-03 19:43:41,676 - INFO     - img2od: 52 | od2fr: 0 | od2lpr: 1000 | od2cap: 0 | fr2kr: 0 | lpr2kr: 1000 | cap2udp: 0 | kr2udp: 1 | 
2026-05-03 19:43:42,677 - INFO     - img2od: 52 | od2fr: 0 | od2lpr: 1000 | od2cap: 0 | fr2kr: 0 | lpr2kr: 1000 | cap2udp: 0 | kr2udp: 1 | 
2026-05-03 19:43:43,678 - INFO     - img2od: 52 | od2fr: 0 | od2lpr: 1000 | od2cap: 0 | fr2kr: 0 | lpr2kr: 1000 | cap2udp: 0 | kr2udp: 1 | 
2026-05-03 19:43:44,679 - INFO     - img2od: 52 | od2fr: 0 | od2lpr: 1000 | od2cap: 0 | fr2kr: 0 | lpr2kr: 1000 | cap2udp: 0 | kr2udp: 1 | 
2026-05-03 19:43:45,681 - INFO     - img2od: 52 | od2fr: 0 | od2lpr: 1000 | od2cap: 0 | fr2kr: 0 | lpr2kr: 1000 | cap2udp: 0 | kr2udp: 1 | 
2026-05-03 19:43:46,682 - INFO     - img2od: 52 | od2fr: 0 | od2lpr: 1000 | od2cap: 0 | fr2kr: 0 | lpr2kr: 1000 | cap2udp: 0 | kr2udp: 1 | 
2026-05-03 19:43:47,683 - INFO     - img2od: 52 | od2fr: 0 | od2lpr: 1000 | od2cap: 0 | fr2kr: 0 | lpr2kr: 1000 | cap2udp: 0 | kr2udp: 0 | 
2026-05-03 19:43:48,684 - INFO     - img2od: 52 | od2fr: 0 | od2lpr: 1000 | od2cap: 0 | fr2kr: 0 | lpr2kr: 1000 | cap2udp: 0 | kr2udp: 1 | 
2026-05-03 19:43:49,685 - INFO     - img2od: 52 | od2fr: 0 | od2lpr: 1000 | od2cap: 0 | fr2kr: 0 | lpr2kr: 1000 | cap2udp: 0 | kr2udp: 1 | 
2026-05-03 19:43:50,686 - INFO     - img2od: 52 | od2fr: 0 | od2lpr: 1000 | od2cap: 0 | fr2kr: 0 | lpr2kr: 1000 | cap2udp: 0 | kr2udp: 0 | 
2026-05-03 19:43:51,687 - INFO     - img2od: 52 | od2fr: 0 | od2lpr: 1000 | od2cap: 0 | fr2kr: 0 | lpr2kr: 1000 | cap2udp: 0 | kr2udp: 0 | 
2026-05-03 19:43:52,688 - INFO     - img2od: 52 | od2fr: 0 | od2lpr: 1000 | od2cap: 0 | fr2kr: 0 | lpr2kr: 1000 | cap2udp: 0 | kr2udp: 0 | 
2026-05-03 19:43:53,690 - INFO     - img2od: 52 | od2fr: 0 | od2lpr: 1000 | od2cap: 0 | fr2kr: 0 | lpr2kr: 1000 | cap2udp: 0 | kr2udp: 0 | 
2026-05-03 19:43:54,691 - INFO     - img2od: 52 | od2fr: 0 | od2lpr: 1000 | od2cap: 0 | fr2kr: 0 | lpr2kr: 1000 | cap2udp: 0 | kr2udp: 1 | 
2026-05-03 19:43:55,692 - INFO     - img2od: 52 | od2fr: 0 | od2lpr: 1000 | od2cap: 0 | fr2kr: 0 | lpr2kr: 1000 | cap2udp: 0 | kr2udp: 0 | 
2026-05-03 19:43:56,693 - INFO     - img2od: 52 | od2fr: 0 | od2lpr: 1000 | od2cap: 0 | fr2kr: 0 | lpr2kr: 1000 | cap2udp: 0 | kr2udp: 1 | 
2026-05-03 19:43:57,695 - INFO     - img2od: 52 | od2fr: 0 | od2lpr: 1000 | od2cap: 0 | fr2kr: 0 | lpr2kr: 1000 | cap2udp: 0 | kr2udp: 1 | 
2026-05-03 19:43:58,696 - INFO     - img2od: 52 | od2fr: 0 | od2lpr: 1000 | od2cap: 0 | fr2kr: 0 | lpr2kr: 1000 | cap2udp: 0 | kr2udp: 0 | 
2026-05-03 19:43:59,697 - INFO     - img2od: 52 | od2fr: 0 | od2lpr: 1000 | od2cap: 0 | fr2kr: 0 | lpr2kr: 1000 | cap2udp: 0 | kr2udp: 1 | 
2026-05-03 19:44:00,698 - INFO     - img2od: 52 | od2fr: 0 | od2lpr: 1000 | od2cap: 0 | fr2kr: 0 | lpr2kr: 1000 | cap2udp: 0 | kr2udp: 0 | 
2026-05-03 19:44:01,699 - INFO     - img2od: 52 | od2fr: 0 | od2lpr: 1000 | od2cap: 0 | fr2kr: 0 | lpr2kr: 1000 | cap2udp: 0 | kr2udp: 1 | 
2026-05-03 19:44:02,700 - INFO     - img2od: 52 | od2fr: 0 | od2lpr: 1000 | od2cap: 0 | fr2kr: 0 | lpr2kr: 1000 | cap2udp: 0 | kr2udp: 1 | 
2026-05-03 19:44:03,702 - INFO     - img2od: 52 | od2fr: 0 | od2lpr: 999 | od2cap: 0 | fr2kr: 0 | lpr2kr: 1000 | cap2udp: 0 | kr2udp: 1 | 
2026-05-03 19:44:04,703 - INFO     - img2od: 52 | od2fr: 0 | od2lpr: 999 | od2cap: 0 | fr2kr: 0 | lpr2kr: 1000 | cap2udp: 0 | kr2udp: 1 | 
2026-05-03 19:44:05,704 - INFO     - img2od: 52 | od2fr: 0 | od2lpr: 1000 | od2cap: 0 | fr2kr: 0 | lpr2kr: 1000 | cap2udp: 0 | kr2udp: 1 | 
2026-05-03 19:44:06,705 - INFO     - img2od: 52 | od2fr: 0 | od2lpr: 1000 | od2cap: 0 | fr2kr: 0 | lpr2kr: 1000 | cap2udp: 0 | kr2udp: 1 | 
2026-05-03 19:44:07,706 - INFO     - img2od: 52 | od2fr: 0 | od2lpr: 1000 | od2cap: 0 | fr2kr: 0 | lpr2kr: 1000 | cap2udp: 0 | kr2udp: 1 | 
2026-05-03 19:44:08,708 - INFO     - img2od: 52 | od2fr: 0 | od2lpr: 1000 | od2cap: 0 | fr2kr: 0 | lpr2kr: 1000 | cap2udp: 0 | kr2udp: 1 | 
2026-05-03 19:44:09,709 - INFO     - img2od: 52 | od2fr: 0 | od2lpr: 1000 | od2cap: 0 | fr2kr: 0 | lpr2kr: 1000 | cap2udp: 0 | kr2udp: 1 | 
2026-05-03 19:44:10,710 - INFO     - img2od: 52 | od2fr: 0 | od2lpr: 1000 | od2cap: 0 | fr2kr: 0 | lpr2kr: 1000 | cap2udp: 0 | kr2udp: 1 | 
2026-05-03 19:44:11,711 - INFO     - img2od: 52 | od2fr: 0 | od2lpr: 1000 | od2cap: 0 | fr2kr: 0 | lpr2kr: 1000 | cap2udp: 0 | kr2udp: 1 | 
2026-05-03 19:44:12,713 - INFO     - img2od: 52 | od2fr: 0 | od2lpr: 1000 | od2cap: 0 | fr2kr: 0 | lpr2kr: 1000 | cap2udp: 0 | kr2udp: 1 | 
2026-05-03 19:44:13,714 - INFO     - img2od: 52 | od2fr: 0 | od2lpr: 1000 | od2cap: 0 | fr2kr: 0 | lpr2kr: 1000 | cap2udp: 0 | kr2udp: 1 | 
2026-05-03 19:44:14,715 - INFO     - img2od: 52 | od2fr: 0 | od2lpr: 1000 | od2cap: 0 | fr2kr: 0 | lpr2kr: 1000 | cap2udp: 0 | kr2udp: 1 | 
2026-05-03 19:44:15,716 - INFO     - img2od: 52 | od2fr: 0 | od2lpr: 1000 | od2cap: 0 | fr2kr: 0 | lpr2kr: 1000 | cap2udp: 0 | kr2udp: 1 | 
2026-05-03 19:44:16,718 - INFO     - img2od: 52 | od2fr: 0 | od2lpr: 1000 | od2cap: 0 | fr2kr: 0 | lpr2kr: 1000 | cap2udp: 0 | kr2udp: 1 | 
2026-05-03 19:44:17,719 - INFO     - img2od: 52 | od2fr: 0 | od2lpr: 1000 | od2cap: 0 | fr2kr: 0 | lpr2kr: 1000 | cap2udp: 0 | kr2udp: 1 | 
2026-05-03 19:44:18,720 - INFO     - img2od: 52 | od2fr: 0 | od2lpr: 1000 | od2cap: 0 | fr2kr: 0 | lpr2kr: 1000 | cap2udp: 0 | kr2udp: 1 | 
2026-05-03 19:44:19,721 - INFO     - img2od: 52 | od2fr: 0 | od2lpr: 1000 | od2cap: 0 | fr2kr: 0 | lpr2kr: 1000 | cap2udp: 0 | kr2udp: 1 | 
2026-05-03 19:44:20,722 - INFO     - img2od: 52 | od2fr: 0 | od2lpr: 1000 | od2cap: 0 | fr2kr: 0 | lpr2kr: 1000 | cap2udp: 0 | kr2udp: 1 | 
2026-05-03 19:44:21,723 - INFO     - img2od: 52 | od2fr: 0 | od2lpr: 1000 | od2cap: 0 | fr2kr: 0 | lpr2kr: 1000 | cap2udp: 0 | kr2udp: 1 | 
2026-05-03 19:44:22,725 - INFO     - img2od: 52 | od2fr: 0 | od2lpr: 1000 | od2cap: 0 | fr2kr: 0 | lpr2kr: 1000 | cap2udp: 0 | kr2udp: 1 | 
2026-05-03 19:44:23,726 - INFO     - img2od: 52 | od2fr: 0 | od2lpr: 1000 | od2cap: 0 | fr2kr: 0 | lpr2kr: 1000 | cap2udp: 0 | kr2udp: 1 | 
2026-05-03 19:44:24,727 - INFO     - img2od: 52 | od2fr: 0 | od2lpr: 1000 | od2cap: 0 | fr2kr: 0 | lpr2kr: 1000 | cap2udp: 0 | kr2udp: 1 | 
2026-05-03 19:44:25,728 - INFO     - img2od: 52 | od2fr: 0 | od2lpr: 1000 | od2cap: 0 | fr2kr: 0 | lpr2kr: 1000 | cap2udp: 0 | kr2udp: 1 | 
2026-05-03 19:44:26,729 - INFO     - img2od: 52 | od2fr: 0 | od2lpr: 1000 | od2cap: 0 | fr2kr: 0 | lpr2kr: 1000 | cap2udp: 0 | kr2udp: 0 | 
2026-05-03 19:44:27,730 - INFO     - img2od: 52 | od2fr: 0 | od2lpr: 1000 | od2cap: 0 | fr2kr: 0 | lpr2kr: 1000 | cap2udp: 0 | kr2udp: 0 | 
2026-05-03 19:44:28,731 - INFO     - img2od: 52 | od2fr: 0 | od2lpr: 1000 | od2cap: 0 | fr2kr: 0 | lpr2kr: 1000 | cap2udp: 0 | kr2udp: 0 | 
2026-05-03 19:44:29,732 - INFO     - img2od: 52 | od2fr: 0 | od2lpr: 1000 | od2cap: 0 | fr2kr: 0 | lpr2kr: 1000 | cap2udp: 0 | kr2udp: 1 | 
2026-05-03 19:44:30,733 - INFO     - img2od: 52 | od2fr: 0 | od2lpr: 1000 | od2cap: 0 | fr2kr: 0 | lpr2kr: 1000 | cap2udp: 0 | kr2udp: 1 | 
2026-05-03 19:44:31,734 - INFO     - img2od: 52 | od2fr: 0 | od2lpr: 1000 | od2cap: 0 | fr2kr: 0 | lpr2kr: 1000 | cap2udp: 0 | kr2udp: 0 | 
2026-05-03 19:44:32,736 - INFO     - img2od: 52 | od2fr: 0 | od2lpr: 1000 | od2cap: 0 | fr2kr: 0 | lpr2kr: 1000 | cap2udp: 0 | kr2udp: 1 | 
2026-05-03 19:44:33,737 - INFO     - img2od: 52 | od2fr: 0 | od2lpr: 1000 | od2cap: 0 | fr2kr: 0 | lpr2kr: 1000 | cap2udp: 0 | kr2udp: 0 | 
2026-05-03 19:44:34,738 - INFO     - img2od: 52 | od2fr: 0 | od2lpr: 1000 | od2cap: 0 | fr2kr: 0 | lpr2kr: 1000 | cap2udp: 0 | kr2udp: 1 | 
2026-05-03 19:44:35,739 - INFO     - img2od: 52 | od2fr: 0 | od2lpr: 1000 | od2cap: 0 | fr2kr: 0 | lpr2kr: 1000 | cap2udp: 0 | kr2udp: 1 | 
2026-05-03 19:44:36,741 - INFO     - img2od: 52 | od2fr: 0 | od2lpr: 1000 | od2cap: 0 | fr2kr: 0 | lpr2kr: 1000 | cap2udp: 0 | kr2udp: 0 | 
2026-05-03 19:44:37,742 - INFO     - img2od: 52 | od2fr: 0 | od2lpr: 1000 | od2cap: 0 | fr2kr: 0 | lpr2kr: 1000 | cap2udp: 0 | kr2udp: 1 | 
2026-05-03 19:44:38,743 - INFO     - img2od: 52 | od2fr: 0 | od2lpr: 1000 | od2cap: 0 | fr2kr: 0 | lpr2kr: 1000 | cap2udp: 0 | kr2udp: 0 | 
2026-05-03 19:44:39,744 - INFO     - img2od: 52 | od2fr: 0 | od2lpr: 1000 | od2cap: 0 | fr2kr: 0 | lpr2kr: 1000 | cap2udp: 0 | kr2udp: 1 | 
2026-05-03 19:44:40,745 - INFO     - img2od: 52 | od2fr: 0 | od2lpr: 1000 | od2cap: 0 | fr2kr: 0 | lpr2kr: 1000 | cap2udp: 0 | kr2udp: 0 | 
2026-05-03 19:44:41,747 - INFO     - img2od: 52 | od2fr: 0 | od2lpr: 1000 | od2cap: 0 | fr2kr: 0 | lpr2kr: 1000 | cap2udp: 0 | kr2udp: 1 | 
2026-05-03 19:44:42,748 - INFO     - img2od: 52 | od2fr: 0 | od2lpr: 1000 | od2cap: 0 | fr2kr: 0 | lpr2kr: 1000 | cap2udp: 0 | kr2udp: 1 | 
2026-05-03 19:44:43,749 - INFO     - img2od: 52 | od2fr: 0 | od2lpr: 1000 | od2cap: 0 | fr2kr: 0 | lpr2kr: 1000 | cap2udp: 0 | kr2udp: 1 | 
2026-05-03 19:44:44,750 - INFO     - img2od: 52 | od2fr: 0 | od2lpr: 1000 | od2cap: 0 | fr2kr: 0 | lpr2kr: 1000 | cap2udp: 0 | kr2udp: 1 | 
2026-05-03 19:44:45,750 - INFO     - img2od: 52 | od2fr: 0 | od2lpr: 1000 | od2cap: 0 | fr2kr: 0 | lpr2kr: 1000 | cap2udp: 0 | kr2udp: 1 | 
2026-05-03 19:44:46,751 - INFO     - img2od: 52 | od2fr: 0 | od2lpr: 1000 | od2cap: 0 | fr2kr: 0 | lpr2kr: 1000 | cap2udp: 0 | kr2udp: 1 | 
2026-05-03 19:44:47,753 - INFO     - img2od: 52 | od2fr: 0 | od2lpr: 1000 | od2cap: 0 | fr2kr: 0 | lpr2kr: 1000 | cap2udp: 0 | kr2udp: 1 | 
2026-05-03 19:44:48,754 - INFO     - img2od: 52 | od2fr: 0 | od2lpr: 1000 | od2cap: 0 | fr2kr: 0 | lpr2kr: 1000 | cap2udp: 0 | kr2udp: 1 | 
2026-05-03 19:44:49,755 - INFO     - img2od: 52 | od2fr: 0 | od2lpr: 1000 | od2cap: 0 | fr2kr: 0 | lpr2kr: 1000 | cap2udp: 0 | kr2udp: 0 | 
2026-05-03 19:44:50,756 - INFO     - img2od: 52 | od2fr: 0 | od2lpr: 1000 | od2cap: 0 | fr2kr: 0 | lpr2kr: 1000 | cap2udp: 0 | kr2udp: 1 | 
2026-05-03 19:44:51,757 - INFO     - img2od: 52 | od2fr: 0 | od2lpr: 1000 | od2cap: 0 | fr2kr: 0 | lpr2kr: 1000 | cap2udp: 0 | kr2udp: 0 | 
2026-05-03 19:44:52,758 - INFO     - img2od: 52 | od2fr: 0 | od2lpr: 1000 | od2cap: 0 | fr2kr: 0 | lpr2kr: 1000 | cap2udp: 0 | kr2udp: 1 | 
2026-05-03 19:44:53,759 - INFO     - img2od: 52 | od2fr: 0 | od2lpr: 1000 | od2cap: 0 | fr2kr: 0 | lpr2kr: 1000 | cap2udp: 0 | kr2udp: 1 | 
2026-05-03 19:44:54,760 - INFO     - img2od: 52 | od2fr: 0 | od2lpr: 1000 | od2cap: 0 | fr2kr: 0 | lpr2kr: 1000 | cap2udp: 0 | kr2udp: 1 | 
2026-05-03 19:44:55,761 - INFO     - img2od: 52 | od2fr: 0 | od2lpr: 1000 | od2cap: 0 | fr2kr: 0 | lpr2kr: 1000 | cap2udp: 0 | kr2udp: 1 | 
2026-05-03 19:44:56,762 - INFO     - img2od: 52 | od2fr: 0 | od2lpr: 1000 | od2cap: 0 | fr2kr: 0 | lpr2kr: 1000 | cap2udp: 0 | kr2udp: 1 | 
2026-05-03 19:44:57,763 - INFO     - img2od: 52 | od2fr: 0 | od2lpr: 1000 | od2cap: 0 | fr2kr: 0 | lpr2kr: 1000 | cap2udp: 0 | kr2udp: 1 | 
2026-05-03 19:44:58,764 - INFO     - img2od: 52 | od2fr: 0 | od2lpr: 1000 | od2cap: 0 | fr2kr: 0 | lpr2kr: 1000 | cap2udp: 0 | kr2udp: 1 | 
2026-05-03 19:44:59,765 - INFO     - img2od: 52 | od2fr: 0 | od2lpr: 1000 | od2cap: 0 | fr2kr: 0 | lpr2kr: 1000 | cap2udp: 0 | kr2udp: 1 | 
2026-05-03 19:45:00,766 - INFO     - img2od: 52 | od2fr: 0 | od2lpr: 1000 | od2cap: 0 | fr2kr: 0 | lpr2kr: 1000 | cap2udp: 0 | kr2udp: 0 | 
2026-05-03 19:45:01,767 - INFO     - img2od: 52 | od2fr: 0 | od2lpr: 1000 | od2cap: 0 | fr2kr: 0 | lpr2kr: 1000 | cap2udp: 0 | kr2udp: 1 | 
2026-05-03 19:45:02,768 - INFO     - img2od: 52 | od2fr: 0 | od2lpr: 1000 | od2cap: 0 | fr2kr: 0 | lpr2kr: 1000 | cap2udp: 0 | kr2udp: 1 | 
2026-05-03 19:45:03,769 - INFO     - img2od: 52 | od2fr: 0 | od2lpr: 1000 | od2cap: 0 | fr2kr: 0 | lpr2kr: 1000 | cap2udp: 0 | kr2udp: 0 | 
2026-05-03 19:45:04,770 - INFO     - img2od: 52 | od2fr: 0 | od2lpr: 1000 | od2cap: 0 | fr2kr: 0 | lpr2kr: 1000 | cap2udp: 0 | kr2udp: 1 | 
2026-05-03 19:45:05,771 - INFO     - img2od: 52 | od2fr: 0 | od2lpr: 1000 | od2cap: 0 | fr2kr: 0 | lpr2kr: 1000 | cap2udp: 0 | kr2udp: 1 | 
2026-05-03 19:45:06,772 - INFO     - img2od: 52 | od2fr: 0 | od2lpr: 1000 | od2cap: 0 | fr2kr: 0 | lpr2kr: 1000 | cap2udp: 0 | kr2udp: 1 | 
2026-05-03 19:45:07,773 - INFO     - img2od: 52 | od2fr: 0 | od2lpr: 1000 | od2cap: 0 | fr2kr: 0 | lpr2kr: 1000 | cap2udp: 0 | kr2udp: 1 | 
2026-05-03 19:45:08,774 - INFO     - img2od: 52 | od2fr: 0 | od2lpr: 1000 | od2cap: 0 | fr2kr: 0 | lpr2kr: 1000 | cap2udp: 0 | kr2udp: 0 | 
2026-05-03 19:45:09,775 - INFO     - img2od: 52 | od2fr: 0 | od2lpr: 1000 | od2cap: 0 | fr2kr: 0 | lpr2kr: 999 | cap2udp: 0 | kr2udp: 1 | 
2026-05-03 19:45:10,776 - INFO     - img2od: 52 | od2fr: 0 | od2lpr: 1000 | od2cap: 0 | fr2kr: 0 | lpr2kr: 1000 | cap2udp: 0 | kr2udp: 0 | 
2026-05-03 19:45:11,777 - INFO     - img2od: 52 | od2fr: 0 | od2lpr: 1000 | od2cap: 0 | fr2kr: 0 | lpr2kr: 1000 | cap2udp: 0 | kr2udp: 0 | 
2026-05-03 19:45:12,778 - INFO     - img2od: 52 | od2fr: 0 | od2lpr: 1000 | od2cap: 0 | fr2kr: 0 | lpr2kr: 1000 | cap2udp: 0 | kr2udp: 1 | 
2026-05-03 19:45:13,779 - INFO     - img2od: 52 | od2fr: 0 | od2lpr: 1000 | od2cap: 0 | fr2kr: 0 | lpr2kr: 1000 | cap2udp: 0 | kr2udp: 0 | 
2026-05-03 19:45:14,780 - INFO     - img2od: 52 | od2fr: 0 | od2lpr: 1000 | od2cap: 0 | fr2kr: 0 | lpr2kr: 1000 | cap2udp: 0 | kr2udp: 1 | 
2026-05-03 19:45:15,781 - INFO     - img2od: 52 | od2fr: 0 | od2lpr: 1000 | od2cap: 0 | fr2kr: 0 | lpr2kr: 1000 | cap2udp: 0 | kr2udp: 0 | 
2026-05-03 19:45:16,782 - INFO     - img2od: 52 | od2fr: 0 | od2lpr: 1000 | od2cap: 0 | fr2kr: 0 | lpr2kr: 1000 | cap2udp: 0 | kr2udp: 1 | 
2026-05-03 19:45:17,783 - INFO     - img2od: 52 | od2fr: 0 | od2lpr: 1000 | od2cap: 0 | fr2kr: 0 | lpr2kr: 1000 | cap2udp: 0 | kr2udp: 0 | 
2026-05-03 19:45:18,784 - INFO     - img2od: 52 | od2fr: 0 | od2lpr: 1000 | od2cap: 0 | fr2kr: 0 | lpr2kr: 1000 | cap2udp: 0 | kr2udp: 1 | 
2026-05-03 19:45:19,785 - INFO     - img2od: 52 | od2fr: 0 | od2lpr: 1000 | od2cap: 0 | fr2kr: 0 | lpr2kr: 1000 | cap2udp: 0 | kr2udp: 1 | 
2026-05-03 19:45:20,786 - INFO     - img2od: 52 | od2fr: 0 | od2lpr: 1000 | od2cap: 0 | fr2kr: 0 | lpr2kr: 1000 | cap2udp: 0 | kr2udp: 0 | 
2026-05-03 19:45:21,787 - INFO     - img2od: 52 | od2fr: 0 | od2lpr: 1000 | od2cap: 0 | fr2kr: 0 | lpr2kr: 1000 | cap2udp: 0 | kr2udp: 1 | 
2026-05-03 19:45:22,788 - INFO     - img2od: 52 | od2fr: 0 | od2lpr: 1000 | od2cap: 0 | fr2kr: 0 | lpr2kr: 1000 | cap2udp: 0 | kr2udp: 1 | 
2026-05-03 19:45:23,789 - INFO     - img2od: 52 | od2fr: 0 | od2lpr: 1000 | od2cap: 0 | fr2kr: 0 | lpr2kr: 1000 | cap2udp: 0 | kr2udp: 1 | 
2026-05-03 19:45:24,790 - INFO     - img2od: 52 | od2fr: 0 | od2lpr: 1000 | od2cap: 0 | fr2kr: 0 | lpr2kr: 1000 | cap2udp: 0 | kr2udp: 1 | 
2026-05-03 19:45:25,791 - INFO     - img2od: 52 | od2fr: 0 | od2lpr: 1000 | od2cap: 0 | fr2kr: 0 | lpr2kr: 1000 | cap2udp: 0 | kr2udp: 1 | 
2026-05-03 19:45:26,792 - INFO     - img2od: 52 | od2fr: 0 | od2lpr: 1000 | od2cap: 0 | fr2kr: 0 | lpr2kr: 999 | cap2udp: 0 | kr2udp: 1 | 
2026-05-03 19:45:27,793 - INFO     - img2od: 52 | od2fr: 0 | od2lpr: 1000 | od2cap: 0 | fr2kr: 0 | lpr2kr: 1000 | cap2udp: 0 | kr2udp: 1 | 
2026-05-03 19:45:28,794 - INFO     - img2od: 52 | od2fr: 0 | od2lpr: 1000 | od2cap: 0 | fr2kr: 0 | lpr2kr: 1000 | cap2udp: 0 | kr2udp: 1 | 
2026-05-03 19:45:29,795 - INFO     - img2od: 52 | od2fr: 0 | od2lpr: 1000 | od2cap: 0 | fr2kr: 0 | lpr2kr: 1000 | cap2udp: 0 | kr2udp: 1 | 
2026-05-03 19:45:30,796 - INFO     - img2od: 52 | od2fr: 0 | od2lpr: 1000 | od2cap: 0 | fr2kr: 0 | lpr2kr: 1000 | cap2udp: 0 | kr2udp: 1 | 
2026-05-03 19:45:31,797 - INFO     - img2od: 52 | od2fr: 0 | od2lpr: 1000 | od2cap: 0 | fr2kr: 0 | lpr2kr: 1000 | cap2udp: 0 | kr2udp: 1 | 
2026-05-03 19:45:32,798 - INFO     - img2od: 52 | od2fr: 0 | od2lpr: 1000 | od2cap: 0 | fr2kr: 0 | lpr2kr: 1000 | cap2udp: 0 | kr2udp: 0 | 
2026-05-03 19:45:33,799 - INFO     - img2od: 52 | od2fr: 0 | od2lpr: 1000 | od2cap: 0 | fr2kr: 0 | lpr2kr: 1000 | cap2udp: 0 | kr2udp: 1 | 
2026-05-03 19:45:34,800 - INFO     - img2od: 52 | od2fr: 0 | od2lpr: 1000 | od2cap: 0 | fr2kr: 0 | lpr2kr: 1000 | cap2udp: 0 | kr2udp: 1 | 
2026-05-03 19:45:35,801 - INFO     - img2od: 52 | od2fr: 0 | od2lpr: 1000 | od2cap: 0 | fr2kr: 0 | lpr2kr: 1000 | cap2udp: 0 | kr2udp: 1 | 
2026-05-03 19:45:36,802 - INFO     - img2od: 52 | od2fr: 0 | od2lpr: 1000 | od2cap: 0 | fr2kr: 0 | lpr2kr: 1000 | cap2udp: 0 | kr2udp: 1 | 
2026-05-03 19:45:37,803 - INFO     - img2od: 52 | od2fr: 0 | od2lpr: 1000 | od2cap: 0 | fr2kr: 0 | lpr2kr: 1000 | cap2udp: 0 | kr2udp: 1 | 
2026-05-03 19:45:38,804 - INFO     - img2od: 52 | od2fr: 0 | od2lpr: 1000 | od2cap: 0 | fr2kr: 0 | lpr2kr: 1000 | cap2udp: 0 | kr2udp: 0 | 
2026-05-03 19:45:39,805 - INFO     - img2od: 52 | od2fr: 0 | od2lpr: 1000 | od2cap: 0 | fr2kr: 0 | lpr2kr: 1000 | cap2udp: 0 | kr2udp: 0 | 
2026-05-03 19:45:40,806 - INFO     - img2od: 52 | od2fr: 0 | od2lpr: 1000 | od2cap: 0 | fr2kr: 0 | lpr2kr: 1000 | cap2udp: 0 | kr2udp: 0 | 
2026-05-03 19:45:41,807 - INFO     - img2od: 52 | od2fr: 0 | od2lpr: 1000 | od2cap: 0 | fr2kr: 0 | lpr2kr: 1000 | cap2udp: 0 | kr2udp: 0 | 
2026-05-03 19:45:42,808 - INFO     - img2od: 52 | od2fr: 0 | od2lpr: 1000 | od2cap: 0 | fr2kr: 0 | lpr2kr: 1000 | cap2udp: 0 | kr2udp: 0 | 
2026-05-03 19:45:43,809 - INFO     - img2od: 52 | od2fr: 0 | od2lpr: 1000 | od2cap: 0 | fr2kr: 0 | lpr2kr: 1000 | cap2udp: 0 | kr2udp: 0 | 
2026-05-03 19:45:44,810 - INFO     - img2od: 52 | od2fr: 0 | od2lpr: 1000 | od2cap: 0 | fr2kr: 0 | lpr2kr: 1000 | cap2udp: 0 | kr2udp: 1 | 
2026-05-03 19:45:45,811 - INFO     - img2od: 52 | od2fr: 0 | od2lpr: 1000 | od2cap: 0 | fr2kr: 0 | lpr2kr: 1000 | cap2udp: 0 | kr2udp: 1 | 
2026-05-03 19:45:46,812 - INFO     - img2od: 52 | od2fr: 0 | od2lpr: 1000 | od2cap: 0 | fr2kr: 0 | lpr2kr: 1000 | cap2udp: 0 | kr2udp: 0 | 
2026-05-03 19:45:47,813 - INFO     - img2od: 52 | od2fr: 0 | od2lpr: 1000 | od2cap: 0 | fr2kr: 0 | lpr2kr: 1000 | cap2udp: 0 | kr2udp: 1 | 
2026-05-03 19:45:48,814 - INFO     - img2od: 52 | od2fr: 0 | od2lpr: 1000 | od2cap: 0 | fr2kr: 0 | lpr2kr: 1000 | cap2udp: 0 | kr2udp: 1 | 
2026-05-03 19:45:49,815 - INFO     - img2od: 52 | od2fr: 0 | od2lpr: 1000 | od2cap: 0 | fr2kr: 0 | lpr2kr: 1000 | cap2udp: 0 | kr2udp: 1 | 
2026-05-03 19:45:50,816 - INFO     - img2od: 52 | od2fr: 0 | od2lpr: 1000 | od2cap: 0 | fr2kr: 0 | lpr2kr: 1000 | cap2udp: 0 | kr2udp: 1 | 
2026-05-03 19:45:51,817 - INFO     - img2od: 52 | od2fr: 0 | od2lpr: 1000 | od2cap: 0 | fr2kr: 0 | lpr2kr: 1000 | cap2udp: 0 | kr2udp: 0 | 
2026-05-03 19:45:52,818 - INFO     - img2od: 52 | od2fr: 0 | od2lpr: 1000 | od2cap: 0 | fr2kr: 0 | lpr2kr: 1000 | cap2udp: 0 | kr2udp: 0 | 
2026-05-03 19:45:53,819 - INFO     - img2od: 52 | od2fr: 0 | od2lpr: 1000 | od2cap: 0 | fr2kr: 0 | lpr2kr: 1000 | cap2udp: 0 | kr2udp: 1 | 
2026-05-03 19:45:54,820 - INFO     - img2od: 52 | od2fr: 0 | od2lpr: 1000 | od2cap: 0 | fr2kr: 0 | lpr2kr: 1000 | cap2udp: 0 | kr2udp: 0 | 
2026-05-03 19:45:55,821 - INFO     - img2od: 52 | od2fr: 0 | od2lpr: 1000 | od2cap: 0 | fr2kr: 0 | lpr2kr: 1000 | cap2udp: 0 | kr2udp: 1 | 
2026-05-03 19:45:56,822 - INFO     - img2od: 52 | od2fr: 0 | od2lpr: 1000 | od2cap: 0 | fr2kr: 0 | lpr2kr: 1000 | cap2udp: 0 | kr2udp: 1 | 
2026-05-03 19:45:57,823 - INFO     - img2od: 52 | od2fr: 0 | od2lpr: 1000 | od2cap: 0 | fr2kr: 0 | lpr2kr: 1000 | cap2udp: 0 | kr2udp: 1 | 
2026-05-03 19:45:58,824 - INFO     - img2od: 52 | od2fr: 0 | od2lpr: 1000 | od2cap: 0 | fr2kr: 0 | lpr2kr: 1000 | cap2udp: 0 | kr2udp: 1 | 
2026-05-03 19:45:59,825 - INFO     - img2od: 52 | od2fr: 0 | od2lpr: 1000 | od2cap: 0 | fr2kr: 0 | lpr2kr: 1000 | cap2udp: 0 | kr2udp: 0 | 
2026-05-03 19:46:00,826 - INFO     - img2od: 52 | od2fr: 0 | od2lpr: 1000 | od2cap: 0 | fr2kr: 0 | lpr2kr: 1000 | cap2udp: 0 | kr2udp: 1 | 
2026-05-03 19:46:01,827 - INFO     - img2od: 52 | od2fr: 0 | od2lpr: 1000 | od2cap: 0 | fr2kr: 0 | lpr2kr: 1000 | cap2udp: 0 | kr2udp: 0 | 
2026-05-03 19:46:02,828 - INFO     - img2od: 52 | od2fr: 0 | od2lpr: 1000 | od2cap: 0 | fr2kr: 0 | lpr2kr: 1000 | cap2udp: 0 | kr2udp: 1 | 
2026-05-03 19:46:03,829 - INFO     - img2od: 52 | od2fr: 0 | od2lpr: 1000 | od2cap: 0 | fr2kr: 0 | lpr2kr: 1000 | cap2udp: 0 | kr2udp: 1 | 
2026-05-03 19:46:04,830 - INFO     - img2od: 52 | od2fr: 0 | od2lpr: 1000 | od2cap: 0 | fr2kr: 0 | lpr2kr: 1000 | cap2udp: 0 | kr2udp: 0 | 
2026-05-03 19:46:05,831 - INFO     - img2od: 52 | od2fr: 0 | od2lpr: 1000 | od2cap: 0 | fr2kr: 0 | lpr2kr: 1000 | cap2udp: 0 | kr2udp: 1 | 
2026-05-03 19:46:06,832 - INFO     - img2od: 52 | od2fr: 0 | od2lpr: 1000 | od2cap: 0 | fr2kr: 0 | lpr2kr: 1000 | cap2udp: 0 | kr2udp: 1 | 
2026-05-03 19:46:07,833 - INFO     - img2od: 52 | od2fr: 0 | od2lpr: 1000 | od2cap: 0 | fr2kr: 0 | lpr2kr: 1000 | cap2udp: 0 | kr2udp: 0 | 
2026-05-03 19:46:08,834 - INFO     - img2od: 52 | od2fr: 0 | od2lpr: 1000 | od2cap: 0 | fr2kr: 0 | lpr2kr: 1000 | cap2udp: 0 | kr2udp: 1 | 
2026-05-03 19:46:09,835 - INFO     - img2od: 52 | od2fr: 0 | od2lpr: 1000 | od2cap: 0 | fr2kr: 0 | lpr2kr: 1000 | cap2udp: 0 | kr2udp: 1 | 
2026-05-03 19:46:10,836 - INFO     - img2od: 52 | od2fr: 0 | od2lpr: 1000 | od2cap: 0 | fr2kr: 0 | lpr2kr: 1000 | cap2udp: 0 | kr2udp: 1 | 
2026-05-03 19:46:11,837 - INFO     - img2od: 52 | od2fr: 0 | od2lpr: 1000 | od2cap: 0 | fr2kr: 0 | lpr2kr: 1000 | cap2udp: 0 | kr2udp: 1 | 
2026-05-03 19:46:12,838 - INFO     - img2od: 52 | od2fr: 0 | od2lpr: 1000 | od2cap: 0 | fr2kr: 0 | lpr2kr: 1000 | cap2udp: 0 | kr2udp: 1 | 
2026-05-03 19:46:13,839 - INFO     - img2od: 52 | od2fr: 0 | od2lpr: 1000 | od2cap: 0 | fr2kr: 0 | lpr2kr: 1000 | cap2udp: 0 | kr2udp: 1 | 
2026-05-03 19:46:14,840 - INFO     - img2od: 52 | od2fr: 0 | od2lpr: 1000 | od2cap: 0 | fr2kr: 0 | lpr2kr: 1000 | cap2udp: 0 | kr2udp: 0 | 
2026-05-03 19:46:15,841 - INFO     - img2od: 52 | od2fr: 0 | od2lpr: 1000 | od2cap: 0 | fr2kr: 0 | lpr2kr: 1000 | cap2udp: 0 | kr2udp: 1 | 
2026-05-03 19:46:16,842 - INFO     - img2od: 52 | od2fr: 0 | od2lpr: 1000 | od2cap: 0 | fr2kr: 0 | lpr2kr: 1000 | cap2udp: 0 | kr2udp: 1 | 
2026-05-03 19:46:17,843 - INFO     - img2od: 52 | od2fr: 0 | od2lpr: 1000 | od2cap: 0 | fr2kr: 0 | lpr2kr: 1000 | cap2udp: 0 | kr2udp: 1 | 
2026-05-03 19:46:18,844 - INFO     - img2od: 52 | od2fr: 0 | od2lpr: 1000 | od2cap: 0 | fr2kr: 0 | lpr2kr: 1000 | cap2udp: 0 | kr2udp: 1 | 
2026-05-03 19:46:19,845 - INFO     - img2od: 52 | od2fr: 0 | od2lpr: 1000 | od2cap: 0 | fr2kr: 0 | lpr2kr: 1000 | cap2udp: 0 | kr2udp: 1 | 
2026-05-03 19:46:20,846 - INFO     - img2od: 52 | od2fr: 0 | od2lpr: 1000 | od2cap: 0 | fr2kr: 0 | lpr2kr: 1000 | cap2udp: 0 | kr2udp: 1 | 
2026-05-03 19:46:21,847 - INFO     - img2od: 52 | od2fr: 0 | od2lpr: 1000 | od2cap: 0 | fr2kr: 0 | lpr2kr: 1000 | cap2udp: 0 | kr2udp: 0 | 
2026-05-03 19:46:22,848 - INFO     - img2od: 52 | od2fr: 0 | od2lpr: 1000 | od2cap: 0 | fr2kr: 0 | lpr2kr: 1000 | cap2udp: 0 | kr2udp: 1 | 
2026-05-03 19:46:23,849 - INFO     - img2od: 52 | od2fr: 0 | od2lpr: 1000 | od2cap: 0 | fr2kr: 0 | lpr2kr: 1000 | cap2udp: 0 | kr2udp: 0 | 
2026-05-03 19:46:24,850 - INFO     - img2od: 52 | od2fr: 0 | od2lpr: 1000 | od2cap: 0 | fr2kr: 0 | lpr2kr: 1000 | cap2udp: 0 | kr2udp: 1 | 
2026-05-03 19:46:25,851 - INFO     - img2od: 52 | od2fr: 0 | od2lpr: 1000 | od2cap: 0 | fr2kr: 0 | lpr2kr: 1000 | cap2udp: 0 | kr2udp: 0 | 
2026-05-03 19:46:26,852 - INFO     - img2od: 52 | od2fr: 0 | od2lpr: 1000 | od2cap: 0 | fr2kr: 0 | lpr2kr: 1000 | cap2udp: 0 | kr2udp: 1 | 
2026-05-03 19:46:27,853 - INFO     - img2od: 52 | od2fr: 0 | od2lpr: 1000 | od2cap: 0 | fr2kr: 0 | lpr2kr: 1000 | cap2udp: 0 | kr2udp: 1 | 
2026-05-03 19:46:28,854 - INFO     - img2od: 52 | od2fr: 0 | od2lpr: 1000 | od2cap: 0 | fr2kr: 0 | lpr2kr: 1000 | cap2udp: 0 | kr2udp: 1 | 
2026-05-03 19:46:29,855 - INFO     - img2od: 52 | od2fr: 0 | od2lpr: 1000 | od2cap: 0 | fr2kr: 0 | lpr2kr: 1000 | cap2udp: 0 | kr2udp: 0 | 
2026-05-03 19:46:30,856 - INFO     - img2od: 52 | od2fr: 0 | od2lpr: 1000 | od2cap: 0 | fr2kr: 0 | lpr2kr: 1000 | cap2udp: 0 | kr2udp: 1 | 
2026-05-03 19:46:31,857 - INFO     - img2od: 52 | od2fr: 0 | od2lpr: 1000 | od2cap: 0 | fr2kr: 0 | lpr2kr: 1000 | cap2udp: 0 | kr2udp: 1 | 
2026-05-03 19:46:32,858 - INFO     - img2od: 52 | od2fr: 0 | od2lpr: 1000 | od2cap: 0 | fr2kr: 0 | lpr2kr: 1000 | cap2udp: 0 | kr2udp: 1 | 
2026-05-03 19:46:33,859 - INFO     - img2od: 52 | od2fr: 0 | od2lpr: 1000 | od2cap: 0 | fr2kr: 0 | lpr2kr: 1000 | cap2udp: 0 | kr2udp: 1 | 
2026-05-03 19:46:34,860 - INFO     - img2od: 52 | od2fr: 0 | od2lpr: 1000 | od2cap: 0 | fr2kr: 0 | lpr2kr: 1000 | cap2udp: 0 | kr2udp: 0 | 
2026-05-03 19:46:35,861 - INFO     - img2od: 52 | od2fr: 0 | od2lpr: 1000 | od2cap: 0 | fr2kr: 0 | lpr2kr: 1000 | cap2udp: 0 | kr2udp: 0 | 
2026-05-03 19:46:36,862 - INFO     - img2od: 52 | od2fr: 0 | od2lpr: 1000 | od2cap: 0 | fr2kr: 0 | lpr2kr: 1000 | cap2udp: 0 | kr2udp: 0 | 
2026-05-03 19:46:37,863 - INFO     - img2od: 52 | od2fr: 0 | od2lpr: 1000 | od2cap: 0 | fr2kr: 0 | lpr2kr: 1000 | cap2udp: 0 | kr2udp: 1 | 
2026-05-03 19:46:38,864 - INFO     - img2od: 52 | od2fr: 0 | od2lpr: 1000 | od2cap: 0 | fr2kr: 0 | lpr2kr: 1000 | cap2udp: 0 | kr2udp: 1 | 
2026-05-03 19:46:39,865 - INFO     - img2od: 52 | od2fr: 0 | od2lpr: 1000 | od2cap: 0 | fr2kr: 0 | lpr2kr: 1000 | cap2udp: 0 | kr2udp: 1 | 
2026-05-03 19:46:40,866 - INFO     - img2od: 52 | od2fr: 0 | od2lpr: 1000 | od2cap: 0 | fr2kr: 0 | lpr2kr: 1000 | cap2udp: 0 | kr2udp: 1 | 
2026-05-03 19:46:41,867 - INFO     - img2od: 52 | od2fr: 0 | od2lpr: 1000 | od2cap: 0 | fr2kr: 0 | lpr2kr: 1000 | cap2udp: 0 | kr2udp: 0 | 
2026-05-03 19:46:42,868 - INFO     - img2od: 52 | od2fr: 0 | od2lpr: 1000 | od2cap: 0 | fr2kr: 0 | lpr2kr: 1000 | cap2udp: 0 | kr2udp: 1 | 
2026-05-03 19:46:43,869 - INFO     - img2od: 52 | od2fr: 0 | od2lpr: 1000 | od2cap: 0 | fr2kr: 0 | lpr2kr: 1000 | cap2udp: 0 | kr2udp: 1 | 
2026-05-03 19:46:44,870 - INFO     - img2od: 52 | od2fr: 0 | od2lpr: 1000 | od2cap: 0 | fr2kr: 0 | lpr2kr: 1000 | cap2udp: 0 | kr2udp: 1 | 
2026-05-03 19:46:45,871 - INFO     - img2od: 52 | od2fr: 0 | od2lpr: 1000 | od2cap: 0 | fr2kr: 0 | lpr2kr: 1000 | cap2udp: 0 | kr2udp: 1 | 
2026-05-03 19:46:46,872 - INFO     - img2od: 52 | od2fr: 0 | od2lpr: 1000 | od2cap: 0 | fr2kr: 0 | lpr2kr: 1000 | cap2udp: 0 | kr2udp: 1 | 
2026-05-03 19:46:47,873 - INFO     - img2od: 52 | od2fr: 0 | od2lpr: 1000 | od2cap: 0 | fr2kr: 0 | lpr2kr: 1000 | cap2udp: 0 | kr2udp: 1 | 
2026-05-03 19:46:48,874 - INFO     - img2od: 52 | od2fr: 0 | od2lpr: 1000 | od2cap: 0 | fr2kr: 0 | lpr2kr: 1000 | cap2udp: 0 | kr2udp: 1 | 
2026-05-03 19:46:49,875 - INFO     - img2od: 52 | od2fr: 0 | od2lpr: 1000 | od2cap: 0 | fr2kr: 0 | lpr2kr: 1000 | cap2udp: 0 | kr2udp: 0 | 
2026-05-03 19:46:50,876 - INFO     - img2od: 52 | od2fr: 0 | od2lpr: 1000 | od2cap: 0 | fr2kr: 0 | lpr2kr: 1000 | cap2udp: 0 | kr2udp: 0 | 
2026-05-03 19:46:51,877 - INFO     - img2od: 52 | od2fr: 0 | od2lpr: 1000 | od2cap: 0 | fr2kr: 0 | lpr2kr: 1000 | cap2udp: 0 | kr2udp: 1 | 
2026-05-03 19:46:52,878 - INFO     - img2od: 52 | od2fr: 0 | od2lpr: 1000 | od2cap: 0 | fr2kr: 0 | lpr2kr: 1000 | cap2udp: 0 | kr2udp: 1 | 
2026-05-03 19:46:53,879 - INFO     - img2od: 52 | od2fr: 0 | od2lpr: 1000 | od2cap: 0 | fr2kr: 0 | lpr2kr: 1000 | cap2udp: 0 | kr2udp: 1 | 
2026-05-03 19:46:54,880 - INFO     - img2od: 52 | od2fr: 0 | od2lpr: 1000 | od2cap: 0 | fr2kr: 0 | lpr2kr: 1000 | cap2udp: 0 | kr2udp: 1 | 
2026-05-03 19:46:55,881 - INFO     - img2od: 52 | od2fr: 0 | od2lpr: 1000 | od2cap: 0 | fr2kr: 0 | lpr2kr: 1000 | cap2udp: 0 | kr2udp: 1 | 
2026-05-03 19:46:56,882 - INFO     - img2od: 52 | od2fr: 0 | od2lpr: 1000 | od2cap: 0 | fr2kr: 0 | lpr2kr: 1000 | cap2udp: 0 | kr2udp: 1 | 
2026-05-03 19:46:57,883 - INFO     - img2od: 52 | od2fr: 0 | od2lpr: 1000 | od2cap: 0 | fr2kr: 0 | lpr2kr: 1000 | cap2udp: 0 | kr2udp: 1 | 
2026-05-03 19:46:58,884 - INFO     - img2od: 52 | od2fr: 0 | od2lpr: 1000 | od2cap: 0 | fr2kr: 0 | lpr2kr: 1000 | cap2udp: 0 | kr2udp: 0 | 
2026-05-03 19:46:59,885 - INFO     - img2od: 52 | od2fr: 0 | od2lpr: 1000 | od2cap: 0 | fr2kr: 0 | lpr2kr: 1000 | cap2udp: 0 | kr2udp: 0 | 
2026-05-03 19:47:00,886 - INFO     - img2od: 52 | od2fr: 0 | od2lpr: 1000 | od2cap: 0 | fr2kr: 0 | lpr2kr: 1000 | cap2udp: 0 | kr2udp: 0 | 
2026-05-03 19:47:01,887 - INFO     - img2od: 52 | od2fr: 0 | od2lpr: 1000 | od2cap: 0 | fr2kr: 0 | lpr2kr: 1000 | cap2udp: 0 | kr2udp: 1 | 
2026-05-03 19:47:02,888 - INFO     - img2od: 52 | od2fr: 0 | od2lpr: 1000 | od2cap: 0 | fr2kr: 0 | lpr2kr: 1000 | cap2udp: 0 | kr2udp: 1 | 
2026-05-03 19:47:03,889 - INFO     - img2od: 52 | od2fr: 0 | od2lpr: 1000 | od2cap: 0 | fr2kr: 0 | lpr2kr: 1000 | cap2udp: 0 | kr2udp: 1 | 
2026-05-03 19:47:04,890 - INFO     - img2od: 52 | od2fr: 0 | od2lpr: 1000 | od2cap: 0 | fr2kr: 0 | lpr2kr: 1000 | cap2udp: 0 | kr2udp: 1 | 
2026-05-03 19:47:05,891 - INFO     - img2od: 52 | od2fr: 0 | od2lpr: 1000 | od2cap: 0 | fr2kr: 0 | lpr2kr: 1000 | cap2udp: 0 | kr2udp: 1 | 
2026-05-03 19:47:06,892 - INFO     - img2od: 52 | od2fr: 0 | od2lpr: 1000 | od2cap: 0 | fr2kr: 0 | lpr2kr: 1000 | cap2udp: 0 | kr2udp: 1 | 
2026-05-03 19:47:07,893 - INFO     - img2od: 52 | od2fr: 0 | od2lpr: 1000 | od2cap: 0 | fr2kr: 0 | lpr2kr: 1000 | cap2udp: 0 | kr2udp: 1 | 
2026-05-03 19:47:08,894 - INFO     - img2od: 52 | od2fr: 0 | od2lpr: 1000 | od2cap: 0 | fr2kr: 0 | lpr2kr: 1000 | cap2udp: 0 | kr2udp: 0 | 
2026-05-03 19:47:09,895 - INFO     - img2od: 52 | od2fr: 0 | od2lpr: 1000 | od2cap: 0 | fr2kr: 0 | lpr2kr: 1000 | cap2udp: 0 | kr2udp: 0 | 
2026-05-03 19:47:10,896 - INFO     - img2od: 52 | od2fr: 0 | od2lpr: 1000 | od2cap: 0 | fr2kr: 0 | lpr2kr: 1000 | cap2udp: 0 | kr2udp: 1 | 
2026-05-03 19:47:11,897 - INFO     - img2od: 52 | od2fr: 0 | od2lpr: 1000 | od2cap: 0 | fr2kr: 0 | lpr2kr: 1000 | cap2udp: 0 | kr2udp: 1 | 
2026-05-03 19:47:12,898 - INFO     - img2od: 52 | od2fr: 0 | od2lpr: 1000 | od2cap: 0 | fr2kr: 0 | lpr2kr: 1000 | cap2udp: 0 | kr2udp: 1 | 
2026-05-03 19:47:13,899 - INFO     - img2od: 52 | od2fr: 0 | od2lpr: 1000 | od2cap: 0 | fr2kr: 0 | lpr2kr: 1000 | cap2udp: 0 | kr2udp: 1 | 
2026-05-03 19:47:14,900 - INFO     - img2od: 52 | od2fr: 0 | od2lpr: 1000 | od2cap: 0 | fr2kr: 0 | lpr2kr: 1000 | cap2udp: 0 | kr2udp: 1 | 
2026-05-03 19:47:15,901 - INFO     - img2od: 52 | od2fr: 0 | od2lpr: 1000 | od2cap: 0 | fr2kr: 0 | lpr2kr: 1000 | cap2udp: 0 | kr2udp: 0 | 
2026-05-03 19:47:16,902 - INFO     - img2od: 52 | od2fr: 0 | od2lpr: 1000 | od2cap: 0 | fr2kr: 0 | lpr2kr: 1000 | cap2udp: 0 | kr2udp: 1 | 
2026-05-03 19:47:17,903 - INFO     - img2od: 52 | od2fr: 0 | od2lpr: 1000 | od2cap: 0 | fr2kr: 0 | lpr2kr: 1000 | cap2udp: 0 | kr2udp: 1 | 
2026-05-03 19:47:18,904 - INFO     - img2od: 52 | od2fr: 0 | od2lpr: 1000 | od2cap: 0 | fr2kr: 0 | lpr2kr: 1000 | cap2udp: 0 | kr2udp: 1 | 
2026-05-03 19:47:19,905 - INFO     - img2od: 52 | od2fr: 0 | od2lpr: 1000 | od2cap: 0 | fr2kr: 0 | lpr2kr: 1000 | cap2udp: 0 | kr2udp: 1 | 
2026-05-03 19:47:20,906 - INFO     - img2od: 52 | od2fr: 0 | od2lpr: 1000 | od2cap: 0 | fr2kr: 0 | lpr2kr: 1000 | cap2udp: 0 | kr2udp: 1 | 
2026-05-03 19:47:21,907 - INFO     - img2od: 52 | od2fr: 0 | od2lpr: 1000 | od2cap: 0 | fr2kr: 0 | lpr2kr: 1000 | cap2udp: 0 | kr2udp: 1 | 
2026-05-03 19:47:22,908 - INFO     - img2od: 52 | od2fr: 0 | od2lpr: 1000 | od2cap: 0 | fr2kr: 0 | lpr2kr: 1000 | cap2udp: 0 | kr2udp: 1 | 
2026-05-03 19:47:23,909 - INFO     - img2od: 52 | od2fr: 0 | od2lpr: 1000 | od2cap: 0 | fr2kr: 0 | lpr2kr: 1000 | cap2udp: 0 | kr2udp: 1 | 
2026-05-03 19:47:24,910 - INFO     - img2od: 52 | od2fr: 0 | od2lpr: 1000 | od2cap: 0 | fr2kr: 0 | lpr2kr: 1000 | cap2udp: 0 | kr2udp: 1 | 
2026-05-03 19:47:25,911 - INFO     - img2od: 52 | od2fr: 0 | od2lpr: 1000 | od2cap: 0 | fr2kr: 0 | lpr2kr: 1000 | cap2udp: 0 | kr2udp: 1 | 
2026-05-03 19:47:26,912 - INFO     - img2od: 52 | od2fr: 0 | od2lpr: 1000 | od2cap: 0 | fr2kr: 0 | lpr2kr: 1000 | cap2udp: 0 | kr2udp: 1 | 
2026-05-03 19:47:27,913 - INFO     - img2od: 52 | od2fr: 0 | od2lpr: 1000 | od2cap: 0 | fr2kr: 0 | lpr2kr: 1000 | cap2udp: 0 | kr2udp: 1 | 
2026-05-03 19:47:28,914 - INFO     - img2od: 52 | od2fr: 0 | od2lpr: 1000 | od2cap: 0 | fr2kr: 0 | lpr2kr: 1000 | cap2udp: 0 | kr2udp: 1 | 
2026-05-03 19:47:29,915 - INFO     - img2od: 52 | od2fr: 0 | od2lpr: 1000 | od2cap: 0 | fr2kr: 0 | lpr2kr: 1000 | cap2udp: 0 | kr2udp: 1 | 
2026-05-03 19:47:30,916 - INFO     - img2od: 52 | od2fr: 0 | od2lpr: 1000 | od2cap: 0 | fr2kr: 0 | lpr2kr: 1000 | cap2udp: 0 | kr2udp: 0 | 
2026-05-03 19:47:31,917 - INFO     - img2od: 52 | od2fr: 0 | od2lpr: 1000 | od2cap: 0 | fr2kr: 0 | lpr2kr: 1000 | cap2udp: 0 | kr2udp: 1 | 
2026-05-03 19:47:32,918 - INFO     - img2od: 52 | od2fr: 0 | od2lpr: 1000 | od2cap: 0 | fr2kr: 0 | lpr2kr: 1000 | cap2udp: 0 | kr2udp: 1 | 
2026-05-03 19:47:33,919 - INFO     - img2od: 52 | od2fr: 0 | od2lpr: 1000 | od2cap: 0 | fr2kr: 0 | lpr2kr: 999 | cap2udp: 0 | kr2udp: 1 | 
2026-05-03 19:47:34,920 - INFO     - img2od: 52 | od2fr: 0 | od2lpr: 1000 | od2cap: 0 | fr2kr: 0 | lpr2kr: 1000 | cap2udp: 0 | kr2udp: 1 | 
2026-05-03 19:47:35,921 - INFO     - img2od: 52 | od2fr: 0 | od2lpr: 1000 | od2cap: 0 | fr2kr: 0 | lpr2kr: 1000 | cap2udp: 0 | kr2udp: 1 | 
2026-05-03 19:47:36,922 - INFO     - img2od: 52 | od2fr: 0 | od2lpr: 1000 | od2cap: 0 | fr2kr: 0 | lpr2kr: 1000 | cap2udp: 0 | kr2udp: 0 | 
2026-05-03 19:47:37,923 - INFO     - img2od: 52 | od2fr: 0 | od2lpr: 1000 | od2cap: 0 | fr2kr: 0 | lpr2kr: 1000 | cap2udp: 0 | kr2udp: 1 | 
2026-05-03 19:47:38,924 - INFO     - img2od: 52 | od2fr: 0 | od2lpr: 1000 | od2cap: 0 | fr2kr: 0 | lpr2kr: 1000 | cap2udp: 0 | kr2udp: 1 | 
2026-05-03 19:47:39,925 - INFO     - img2od: 52 | od2fr: 0 | od2lpr: 1000 | od2cap: 0 | fr2kr: 0 | lpr2kr: 1000 | cap2udp: 0 | kr2udp: 1 | 
2026-05-03 19:47:40,926 - INFO     - img2od: 49 | od2fr: 0 | od2lpr: 998 | od2cap: 0 | fr2kr: 0 | lpr2kr: 1000 | cap2udp: 0 | kr2udp: 0 | 
2026-05-03 19:47:41,927 - INFO     - img2od: 48 | od2fr: 0 | od2lpr: 1000 | od2cap: 0 | fr2kr: 0 | lpr2kr: 1000 | cap2udp: 0 | kr2udp: 1 | 
2026-05-03 19:47:42,928 - INFO     - img2od: 48 | od2fr: 0 | od2lpr: 1000 | od2cap: 0 | fr2kr: 0 | lpr2kr: 1000 | cap2udp: 0 | kr2udp: 0 | 
2026-05-03 19:47:43,929 - INFO     - img2od: 48 | od2fr: 0 | od2lpr: 1000 | od2cap: 0 | fr2kr: 0 | lpr2kr: 1000 | cap2udp: 0 | kr2udp: 1 | 
2026-05-03 19:47:44,930 - INFO     - img2od: 48 | od2fr: 0 | od2lpr: 1000 | od2cap: 0 | fr2kr: 0 | lpr2kr: 1000 | cap2udp: 0 | kr2udp: 1 | 
2026-05-03 19:47:45,931 - INFO     - img2od: 48 | od2fr: 0 | od2lpr: 1000 | od2cap: 0 | fr2kr: 0 | lpr2kr: 1000 | cap2udp: 0 | kr2udp: 1 | 
2026-05-03 19:47:46,932 - INFO     - img2od: 48 | od2fr: 0 | od2lpr: 1000 | od2cap: 0 | fr2kr: 0 | lpr2kr: 1000 | cap2udp: 0 | kr2udp: 1 | 
2026-05-03 19:47:47,933 - INFO     - img2od: 48 | od2fr: 0 | od2lpr: 1000 | od2cap: 0 | fr2kr: 0 | lpr2kr: 1000 | cap2udp: 0 | kr2udp: 0 | 
2026-05-03 19:47:48,934 - INFO     - img2od: 48 | od2fr: 0 | od2lpr: 1000 | od2cap: 0 | fr2kr: 0 | lpr2kr: 1000 | cap2udp: 0 | kr2udp: 0 | 
2026-05-03 19:47:49,935 - INFO     - img2od: 48 | od2fr: 0 | od2lpr: 1000 | od2cap: 0 | fr2kr: 0 | lpr2kr: 1000 | cap2udp: 0 | kr2udp: 1 | 
2026-05-03 19:47:50,936 - INFO     - img2od: 48 | od2fr: 0 | od2lpr: 1000 | od2cap: 0 | fr2kr: 0 | lpr2kr: 1000 | cap2udp: 0 | kr2udp: 1 | 
2026-05-03 19:47:51,937 - INFO     - img2od: 48 | od2fr: 0 | od2lpr: 1000 | od2cap: 0 | fr2kr: 0 | lpr2kr: 1000 | cap2udp: 0 | kr2udp: 1 | 
2026-05-03 19:47:52,938 - INFO     - img2od: 48 | od2fr: 0 | od2lpr: 1000 | od2cap: 0 | fr2kr: 0 | lpr2kr: 1000 | cap2udp: 0 | kr2udp: 1 | 
2026-05-03 19:47:53,939 - INFO     - img2od: 48 | od2fr: 0 | od2lpr: 1000 | od2cap: 0 | fr2kr: 0 | lpr2kr: 1000 | cap2udp: 0 | kr2udp: 1 | 
2026-05-03 19:47:54,940 - INFO     - img2od: 48 | od2fr: 0 | od2lpr: 1000 | od2cap: 0 | fr2kr: 0 | lpr2kr: 1000 | cap2udp: 0 | kr2udp: 1 | 
2026-05-03 19:47:55,941 - INFO     - img2od: 48 | od2fr: 0 | od2lpr: 1000 | od2cap: 0 | fr2kr: 0 | lpr2kr: 1000 | cap2udp: 0 | kr2udp: 0 | 
2026-05-03 19:47:56,942 - INFO     - img2od: 48 | od2fr: 0 | od2lpr: 1000 | od2cap: 0 | fr2kr: 0 | lpr2kr: 1000 | cap2udp: 0 | kr2udp: 1 | 
2026-05-03 19:47:57,943 - INFO     - img2od: 48 | od2fr: 0 | od2lpr: 1000 | od2cap: 0 | fr2kr: 0 | lpr2kr: 1000 | cap2udp: 0 | kr2udp: 0 | 
2026-05-03 19:47:58,944 - INFO     - img2od: 48 | od2fr: 0 | od2lpr: 1000 | od2cap: 0 | fr2kr: 0 | lpr2kr: 1000 | cap2udp: 0 | kr2udp: 1 | 
2026-05-03 19:47:59,945 - INFO     - img2od: 48 | od2fr: 0 | od2lpr: 1000 | od2cap: 0 | fr2kr: 0 | lpr2kr: 1000 | cap2udp: 0 | kr2udp: 1 | 
2026-05-03 19:48:00,946 - INFO     - img2od: 48 | od2fr: 0 | od2lpr: 1000 | od2cap: 0 | fr2kr: 0 | lpr2kr: 1000 | cap2udp: 0 | kr2udp: 0 | 
2026-05-03 19:48:01,947 - INFO     - img2od: 48 | od2fr: 0 | od2lpr: 1000 | od2cap: 0 | fr2kr: 0 | lpr2kr: 1000 | cap2udp: 0 | kr2udp: 1 | 
2026-05-03 19:48:02,948 - INFO     - img2od: 48 | od2fr: 0 | od2lpr: 1000 | od2cap: 0 | fr2kr: 0 | lpr2kr: 1000 | cap2udp: 0 | kr2udp: 1 | 
2026-05-03 19:48:03,949 - INFO     - img2od: 48 | od2fr: 0 | od2lpr: 1000 | od2cap: 0 | fr2kr: 0 | lpr2kr: 1000 | cap2udp: 0 | kr2udp: 1 | 
2026-05-03 19:48:04,950 - INFO     - img2od: 48 | od2fr: 0 | od2lpr: 1000 | od2cap: 0 | fr2kr: 0 | lpr2kr: 1000 | cap2udp: 0 | kr2udp: 1 | 
2026-05-03 19:48:05,951 - INFO     - img2od: 48 | od2fr: 0 | od2lpr: 1000 | od2cap: 0 | fr2kr: 0 | lpr2kr: 1000 | cap2udp: 0 | kr2udp: 1 | 
2026-05-03 19:48:06,952 - INFO     - img2od: 48 | od2fr: 0 | od2lpr: 1000 | od2cap: 0 | fr2kr: 0 | lpr2kr: 1000 | cap2udp: 0 | kr2udp: 1 | 
2026-05-03 19:48:07,953 - INFO     - img2od: 48 | od2fr: 0 | od2lpr: 1000 | od2cap: 0 | fr2kr: 0 | lpr2kr: 1000 | cap2udp: 0 | kr2udp: 0 | 
2026-05-03 19:48:08,954 - INFO     - img2od: 48 | od2fr: 0 | od2lpr: 1000 | od2cap: 0 | fr2kr: 0 | lpr2kr: 1000 | cap2udp: 0 | kr2udp: 1 | 
2026-05-03 19:48:09,955 - INFO     - img2od: 48 | od2fr: 0 | od2lpr: 1000 | od2cap: 0 | fr2kr: 0 | lpr2kr: 1000 | cap2udp: 0 | kr2udp: 1 | 
2026-05-03 19:48:10,956 - INFO     - img2od: 48 | od2fr: 0 | od2lpr: 1000 | od2cap: 0 | fr2kr: 0 | lpr2kr: 1000 | cap2udp: 0 | kr2udp: 0 | 
2026-05-03 19:48:11,957 - INFO     - img2od: 48 | od2fr: 0 | od2lpr: 1000 | od2cap: 0 | fr2kr: 0 | lpr2kr: 1000 | cap2udp: 0 | kr2udp: 1 | 
2026-05-03 19:48:12,958 - INFO     - img2od: 48 | od2fr: 0 | od2lpr: 1000 | od2cap: 0 | fr2kr: 0 | lpr2kr: 1000 | cap2udp: 0 | kr2udp: 1 | 
2026-05-03 19:48:13,959 - INFO     - img2od: 48 | od2fr: 0 | od2lpr: 1000 | od2cap: 0 | fr2kr: 0 | lpr2kr: 1000 | cap2udp: 0 | kr2udp: 1 | 
2026-05-03 19:48:14,960 - INFO     - img2od: 48 | od2fr: 0 | od2lpr: 1000 | od2cap: 0 | fr2kr: 0 | lpr2kr: 1000 | cap2udp: 0 | kr2udp: 1 | 
2026-05-03 19:48:15,961 - INFO     - img2od: 48 | od2fr: 0 | od2lpr: 1000 | od2cap: 0 | fr2kr: 0 | lpr2kr: 1000 | cap2udp: 0 | kr2udp: 1 | 
2026-05-03 19:48:16,962 - INFO     - img2od: 48 | od2fr: 0 | od2lpr: 1000 | od2cap: 0 | fr2kr: 0 | lpr2kr: 1000 | cap2udp: 0 | kr2udp: 1 | 
2026-05-03 19:48:17,963 - INFO     - img2od: 48 | od2fr: 0 | od2lpr: 1000 | od2cap: 0 | fr2kr: 0 | lpr2kr: 1000 | cap2udp: 0 | kr2udp: 1 | 
2026-05-03 19:48:18,964 - INFO     - img2od: 48 | od2fr: 0 | od2lpr: 1000 | od2cap: 0 | fr2kr: 0 | lpr2kr: 1000 | cap2udp: 0 | kr2udp: 1 | 
2026-05-03 19:48:19,965 - INFO     - img2od: 48 | od2fr: 0 | od2lpr: 1000 | od2cap: 0 | fr2kr: 0 | lpr2kr: 1000 | cap2udp: 0 | kr2udp: 1 | 
2026-05-03 19:48:20,966 - INFO     - img2od: 48 | od2fr: 0 | od2lpr: 1000 | od2cap: 0 | fr2kr: 0 | lpr2kr: 1000 | cap2udp: 0 | kr2udp: 1 | 
2026-05-03 19:48:21,967 - INFO     - img2od: 48 | od2fr: 0 | od2lpr: 1000 | od2cap: 0 | fr2kr: 0 | lpr2kr: 1000 | cap2udp: 0 | kr2udp: 0 | 
2026-05-03 19:48:22,968 - INFO     - img2od: 48 | od2fr: 0 | od2lpr: 1000 | od2cap: 0 | fr2kr: 0 | lpr2kr: 1000 | cap2udp: 0 | kr2udp: 0 | 
2026-05-03 19:48:23,969 - INFO     - img2od: 48 | od2fr: 0 | od2lpr: 1000 | od2cap: 0 | fr2kr: 0 | lpr2kr: 1000 | cap2udp: 0 | kr2udp: 0 | 
2026-05-03 19:48:24,970 - INFO     - img2od: 48 | od2fr: 0 | od2lpr: 1000 | od2cap: 0 | fr2kr: 0 | lpr2kr: 1000 | cap2udp: 0 | kr2udp: 1 | 
2026-05-03 19:48:25,971 - INFO     - img2od: 48 | od2fr: 0 | od2lpr: 1000 | od2cap: 0 | fr2kr: 0 | lpr2kr: 1000 | cap2udp: 0 | kr2udp: 1 | 
2026-05-03 19:48:26,972 - INFO     - img2od: 48 | od2fr: 0 | od2lpr: 1000 | od2cap: 0 | fr2kr: 0 | lpr2kr: 1000 | cap2udp: 0 | kr2udp: 1 | 
2026-05-03 19:48:27,973 - INFO     - img2od: 48 | od2fr: 0 | od2lpr: 1000 | od2cap: 0 | fr2kr: 0 | lpr2kr: 1000 | cap2udp: 0 | kr2udp: 1 | 
2026-05-03 19:48:28,974 - INFO     - img2od: 48 | od2fr: 0 | od2lpr: 1000 | od2cap: 0 | fr2kr: 0 | lpr2kr: 1000 | cap2udp: 0 | kr2udp: 1 | 
2026-05-03 19:48:29,975 - INFO     - img2od: 48 | od2fr: 0 | od2lpr: 1000 | od2cap: 0 | fr2kr: 0 | lpr2kr: 1000 | cap2udp: 0 | kr2udp: 1 | 
2026-05-03 19:48:30,976 - INFO     - img2od: 48 | od2fr: 0 | od2lpr: 999 | od2cap: 0 | fr2kr: 0 | lpr2kr: 1000 | cap2udp: 0 | kr2udp: 0 | 
2026-05-03 19:48:31,977 - INFO     - img2od: 48 | od2fr: 0 | od2lpr: 1000 | od2cap: 0 | fr2kr: 0 | lpr2kr: 1000 | cap2udp: 0 | kr2udp: 1 | 
2026-05-03 19:48:32,978 - INFO     - img2od: 48 | od2fr: 0 | od2lpr: 1000 | od2cap: 0 | fr2kr: 0 | lpr2kr: 1000 | cap2udp: 0 | kr2udp: 1 | 
2026-05-03 19:48:33,979 - INFO     - img2od: 48 | od2fr: 0 | od2lpr: 1000 | od2cap: 0 | fr2kr: 0 | lpr2kr: 1000 | cap2udp: 0 | kr2udp: 1 | 
2026-05-03 19:48:34,980 - INFO     - img2od: 48 | od2fr: 0 | od2lpr: 1000 | od2cap: 0 | fr2kr: 0 | lpr2kr: 1000 | cap2udp: 0 | kr2udp: 0 | 
2026-05-03 19:48:35,981 - INFO     - img2od: 48 | od2fr: 0 | od2lpr: 1000 | od2cap: 0 | fr2kr: 0 | lpr2kr: 1000 | cap2udp: 0 | kr2udp: 0 | 
2026-05-03 19:48:36,982 - INFO     - img2od: 48 | od2fr: 0 | od2lpr: 1000 | od2cap: 0 | fr2kr: 0 | lpr2kr: 1000 | cap2udp: 0 | kr2udp: 1 | 
2026-05-03 19:48:37,983 - INFO     - img2od: 48 | od2fr: 0 | od2lpr: 1000 | od2cap: 0 | fr2kr: 0 | lpr2kr: 1000 | cap2udp: 0 | kr2udp: 1 | 
2026-05-03 19:48:38,984 - INFO     - img2od: 48 | od2fr: 0 | od2lpr: 1000 | od2cap: 0 | fr2kr: 0 | lpr2kr: 1000 | cap2udp: 0 | kr2udp: 1 | 
2026-05-03 19:48:39,985 - INFO     - img2od: 48 | od2fr: 0 | od2lpr: 1000 | od2cap: 0 | fr2kr: 0 | lpr2kr: 1000 | cap2udp: 0 | kr2udp: 2 | 
2026-05-03 19:48:40,986 - INFO     - img2od: 48 | od2fr: 0 | od2lpr: 1000 | od2cap: 0 | fr2kr: 0 | lpr2kr: 1000 | cap2udp: 0 | kr2udp: 0 | 
2026-05-03 19:48:41,987 - INFO     - img2od: 48 | od2fr: 0 | od2lpr: 1000 | od2cap: 0 | fr2kr: 0 | lpr2kr: 1000 | cap2udp: 0 | kr2udp: 1 | 
2026-05-03 19:48:42,988 - INFO     - img2od: 48 | od2fr: 0 | od2lpr: 1000 | od2cap: 0 | fr2kr: 0 | lpr2kr: 1000 | cap2udp: 0 | kr2udp: 0 | 
2026-05-03 19:48:43,989 - INFO     - img2od: 48 | od2fr: 0 | od2lpr: 1000 | od2cap: 0 | fr2kr: 0 | lpr2kr: 1000 | cap2udp: 0 | kr2udp: 0 | 
2026-05-03 19:48:44,990 - INFO     - img2od: 48 | od2fr: 0 | od2lpr: 1000 | od2cap: 0 | fr2kr: 0 | lpr2kr: 1000 | cap2udp: 0 | kr2udp: 1 | 
2026-05-03 19:48:45,991 - INFO     - img2od: 48 | od2fr: 0 | od2lpr: 1000 | od2cap: 0 | fr2kr: 0 | lpr2kr: 1000 | cap2udp: 0 | kr2udp: 1 | 
2026-05-03 19:48:46,992 - INFO     - img2od: 48 | od2fr: 0 | od2lpr: 1000 | od2cap: 0 | fr2kr: 0 | lpr2kr: 1000 | cap2udp: 0 | kr2udp: 1 | 
2026-05-03 19:48:47,993 - INFO     - img2od: 48 | od2fr: 0 | od2lpr: 1000 | od2cap: 0 | fr2kr: 0 | lpr2kr: 1000 | cap2udp: 0 | kr2udp: 1 | 
2026-05-03 19:48:48,994 - INFO     - img2od: 48 | od2fr: 0 | od2lpr: 1000 | od2cap: 0 | fr2kr: 0 | lpr2kr: 1000 | cap2udp: 0 | kr2udp: 1 | 
2026-05-03 19:48:49,995 - INFO     - img2od: 48 | od2fr: 0 | od2lpr: 1000 | od2cap: 0 | fr2kr: 0 | lpr2kr: 1000 | cap2udp: 0 | kr2udp: 1 | 
2026-05-03 19:48:50,996 - INFO     - img2od: 48 | od2fr: 0 | od2lpr: 1000 | od2cap: 0 | fr2kr: 0 | lpr2kr: 1000 | cap2udp: 0 | kr2udp: 0 | 
2026-05-03 19:48:51,997 - INFO     - img2od: 48 | od2fr: 0 | od2lpr: 1000 | od2cap: 0 | fr2kr: 0 | lpr2kr: 1000 | cap2udp: 0 | kr2udp: 1 | 
2026-05-03 19:48:52,998 - INFO     - img2od: 48 | od2fr: 0 | od2lpr: 1000 | od2cap: 0 | fr2kr: 0 | lpr2kr: 1000 | cap2udp: 0 | kr2udp: 0 | 
2026-05-03 19:48:53,999 - INFO     - img2od: 48 | od2fr: 0 | od2lpr: 1000 | od2cap: 0 | fr2kr: 0 | lpr2kr: 1000 | cap2udp: 0 | kr2udp: 0 | 
2026-05-03 19:48:55,000 - INFO     - img2od: 48 | od2fr: 0 | od2lpr: 1000 | od2cap: 0 | fr2kr: 0 | lpr2kr: 1000 | cap2udp: 0 | kr2udp: 1 | 
2026-05-03 19:48:56,001 - INFO     - img2od: 48 | od2fr: 0 | od2lpr: 1000 | od2cap: 0 | fr2kr: 0 | lpr2kr: 1000 | cap2udp: 0 | kr2udp: 1 | 
2026-05-03 19:48:57,002 - INFO     - img2od: 48 | od2fr: 0 | od2lpr: 1000 | od2cap: 0 | fr2kr: 0 | lpr2kr: 1000 | cap2udp: 0 | kr2udp: 0 | 
2026-05-03 19:48:58,003 - INFO     - img2od: 48 | od2fr: 0 | od2lpr: 1000 | od2cap: 0 | fr2kr: 0 | lpr2kr: 1000 | cap2udp: 0 | kr2udp: 0 | 
2026-05-03 19:48:59,004 - INFO     - img2od: 48 | od2fr: 0 | od2lpr: 1000 | od2cap: 0 | fr2kr: 0 | lpr2kr: 1000 | cap2udp: 0 | kr2udp: 1 | 
2026-05-03 19:49:00,005 - INFO     - img2od: 48 | od2fr: 0 | od2lpr: 1000 | od2cap: 0 | fr2kr: 0 | lpr2kr: 1000 | cap2udp: 0 | kr2udp: 1 | 
2026-05-03 19:49:01,006 - INFO     - img2od: 48 | od2fr: 0 | od2lpr: 1000 | od2cap: 0 | fr2kr: 0 | lpr2kr: 1000 | cap2udp: 0 | kr2udp: 1 | 
2026-05-03 19:49:02,007 - INFO     - img2od: 48 | od2fr: 0 | od2lpr: 1000 | od2cap: 0 | fr2kr: 0 | lpr2kr: 1000 | cap2udp: 0 | kr2udp: 0 | 
2026-05-03 19:49:03,008 - INFO     - img2od: 48 | od2fr: 0 | od2lpr: 1000 | od2cap: 0 | fr2kr: 0 | lpr2kr: 1000 | cap2udp: 0 | kr2udp: 1 | 
2026-05-03 19:49:04,009 - INFO     - img2od: 48 | od2fr: 0 | od2lpr: 1000 | od2cap: 0 | fr2kr: 0 | lpr2kr: 1000 | cap2udp: 0 | kr2udp: 1 | 
2026-05-03 19:49:05,010 - INFO     - img2od: 48 | od2fr: 0 | od2lpr: 1000 | od2cap: 0 | fr2kr: 0 | lpr2kr: 1000 | cap2udp: 0 | kr2udp: 1 | 
2026-05-03 19:49:06,011 - INFO     - img2od: 48 | od2fr: 0 | od2lpr: 1000 | od2cap: 0 | fr2kr: 0 | lpr2kr: 1000 | cap2udp: 0 | kr2udp: 1 | 
2026-05-03 19:49:07,012 - INFO     - img2od: 48 | od2fr: 0 | od2lpr: 1000 | od2cap: 0 | fr2kr: 0 | lpr2kr: 1000 | cap2udp: 0 | kr2udp: 0 | 
2026-05-03 19:49:08,013 - INFO     - img2od: 48 | od2fr: 0 | od2lpr: 1000 | od2cap: 0 | fr2kr: 0 | lpr2kr: 1000 | cap2udp: 0 | kr2udp: 1 | 
2026-05-03 19:49:09,014 - INFO     - img2od: 48 | od2fr: 0 | od2lpr: 1000 | od2cap: 0 | fr2kr: 0 | lpr2kr: 1000 | cap2udp: 0 | kr2udp: 1 | 
2026-05-03 19:49:10,015 - INFO     - img2od: 48 | od2fr: 0 | od2lpr: 1000 | od2cap: 0 | fr2kr: 0 | lpr2kr: 1000 | cap2udp: 0 | kr2udp: 1 | 
2026-05-03 19:49:11,016 - INFO     - img2od: 48 | od2fr: 0 | od2lpr: 1000 | od2cap: 0 | fr2kr: 0 | lpr2kr: 1000 | cap2udp: 0 | kr2udp: 1 | 
2026-05-03 19:49:12,017 - INFO     - img2od: 48 | od2fr: 0 | od2lpr: 1000 | od2cap: 0 | fr2kr: 0 | lpr2kr: 1000 | cap2udp: 0 | kr2udp: 0 | 
2026-05-03 19:49:13,018 - INFO     - img2od: 48 | od2fr: 0 | od2lpr: 1000 | od2cap: 0 | fr2kr: 0 | lpr2kr: 1000 | cap2udp: 0 | kr2udp: 1 | 
2026-05-03 19:49:14,019 - INFO     - img2od: 48 | od2fr: 0 | od2lpr: 1000 | od2cap: 0 | fr2kr: 0 | lpr2kr: 1000 | cap2udp: 0 | kr2udp: 1 | 
2026-05-03 19:49:15,020 - INFO     - img2od: 48 | od2fr: 0 | od2lpr: 1000 | od2cap: 0 | fr2kr: 0 | lpr2kr: 1000 | cap2udp: 0 | kr2udp: 1 | 
2026-05-03 19:49:16,021 - INFO     - img2od: 48 | od2fr: 0 | od2lpr: 1000 | od2cap: 0 | fr2kr: 0 | lpr2kr: 1000 | cap2udp: 0 | kr2udp: 1 | 
2026-05-03 19:49:17,022 - INFO     - img2od: 48 | od2fr: 0 | od2lpr: 1000 | od2cap: 0 | fr2kr: 0 | lpr2kr: 1000 | cap2udp: 0 | kr2udp: 0 | 
2026-05-03 19:49:18,023 - INFO     - img2od: 48 | od2fr: 0 | od2lpr: 1000 | od2cap: 0 | fr2kr: 0 | lpr2kr: 1000 | cap2udp: 0 | kr2udp: 1 | 
2026-05-03 19:49:19,024 - INFO     - img2od: 48 | od2fr: 0 | od2lpr: 1000 | od2cap: 0 | fr2kr: 0 | lpr2kr: 1000 | cap2udp: 0 | kr2udp: 0 | 
2026-05-03 19:49:20,025 - INFO     - img2od: 48 | od2fr: 0 | od2lpr: 1000 | od2cap: 0 | fr2kr: 0 | lpr2kr: 1000 | cap2udp: 0 | kr2udp: 1 | 
2026-05-03 19:49:21,026 - INFO     - img2od: 48 | od2fr: 0 | od2lpr: 1000 | od2cap: 0 | fr2kr: 0 | lpr2kr: 1000 | cap2udp: 0 | kr2udp: 1 | 
2026-05-03 19:49:22,027 - INFO     - img2od: 48 | od2fr: 0 | od2lpr: 1000 | od2cap: 0 | fr2kr: 0 | lpr2kr: 1000 | cap2udp: 0 | kr2udp: 1 | 
2026-05-03 19:49:23,028 - INFO     - img2od: 48 | od2fr: 0 | od2lpr: 1000 | od2cap: 0 | fr2kr: 0 | lpr2kr: 1000 | cap2udp: 0 | kr2udp: 1 | 
2026-05-03 19:49:24,029 - INFO     - img2od: 48 | od2fr: 0 | od2lpr: 1000 | od2cap: 0 | fr2kr: 0 | lpr2kr: 1000 | cap2udp: 0 | kr2udp: 0 | 
2026-05-03 19:49:25,030 - INFO     - img2od: 48 | od2fr: 0 | od2lpr: 1000 | od2cap: 0 | fr2kr: 0 | lpr2kr: 1000 | cap2udp: 0 | kr2udp: 1 | 
2026-05-03 19:49:26,031 - INFO     - img2od: 48 | od2fr: 0 | od2lpr: 1000 | od2cap: 0 | fr2kr: 0 | lpr2kr: 1000 | cap2udp: 0 | kr2udp: 1 | 
2026-05-03 19:49:27,032 - INFO     - img2od: 48 | od2fr: 0 | od2lpr: 1000 | od2cap: 0 | fr2kr: 0 | lpr2kr: 1000 | cap2udp: 0 | kr2udp: 1 | 
2026-05-03 19:49:28,033 - INFO     - img2od: 48 | od2fr: 0 | od2lpr: 1000 | od2cap: 0 | fr2kr: 0 | lpr2kr: 1000 | cap2udp: 0 | kr2udp: 1 | 
2026-05-03 19:49:29,034 - INFO     - img2od: 48 | od2fr: 0 | od2lpr: 1000 | od2cap: 0 | fr2kr: 0 | lpr2kr: 1000 | cap2udp: 0 | kr2udp: 1 | 
2026-05-03 19:49:30,035 - INFO     - img2od: 48 | od2fr: 0 | od2lpr: 1000 | od2cap: 0 | fr2kr: 0 | lpr2kr: 1000 | cap2udp: 0 | kr2udp: 0 | 
2026-05-03 19:49:31,036 - INFO     - img2od: 48 | od2fr: 0 | od2lpr: 1000 | od2cap: 0 | fr2kr: 0 | lpr2kr: 1000 | cap2udp: 0 | kr2udp: 1 | 
2026-05-03 19:49:32,037 - INFO     - img2od: 48 | od2fr: 0 | od2lpr: 1000 | od2cap: 0 | fr2kr: 0 | lpr2kr: 1000 | cap2udp: 0 | kr2udp: 0 | 
2026-05-03 19:49:33,038 - INFO     - img2od: 48 | od2fr: 0 | od2lpr: 1000 | od2cap: 0 | fr2kr: 0 | lpr2kr: 1000 | cap2udp: 0 | kr2udp: 1 | 
2026-05-03 19:49:34,039 - INFO     - img2od: 48 | od2fr: 0 | od2lpr: 1000 | od2cap: 0 | fr2kr: 0 | lpr2kr: 1000 | cap2udp: 0 | kr2udp: 1 | 
2026-05-03 19:49:35,040 - INFO     - img2od: 48 | od2fr: 0 | od2lpr: 1000 | od2cap: 0 | fr2kr: 0 | lpr2kr: 1000 | cap2udp: 0 | kr2udp: 1 | 
2026-05-03 19:49:36,041 - INFO     - img2od: 48 | od2fr: 0 | od2lpr: 1000 | od2cap: 0 | fr2kr: 0 | lpr2kr: 1000 | cap2udp: 0 | kr2udp: 1 | 
2026-05-03 19:49:37,042 - INFO     - img2od: 48 | od2fr: 0 | od2lpr: 1000 | od2cap: 0 | fr2kr: 0 | lpr2kr: 1000 | cap2udp: 0 | kr2udp: 2 | 
2026-05-03 19:49:38,043 - INFO     - img2od: 48 | od2fr: 0 | od2lpr: 1000 | od2cap: 0 | fr2kr: 0 | lpr2kr: 1000 | cap2udp: 0 | kr2udp: 1 | 
2026-05-03 19:49:39,044 - INFO     - img2od: 48 | od2fr: 0 | od2lpr: 1000 | od2cap: 0 | fr2kr: 0 | lpr2kr: 1000 | cap2udp: 0 | kr2udp: 0 | 
2026-05-03 19:49:40,045 - INFO     - img2od: 48 | od2fr: 0 | od2lpr: 1000 | od2cap: 0 | fr2kr: 0 | lpr2kr: 1000 | cap2udp: 0 | kr2udp: 1 | 
2026-05-03 19:49:41,046 - INFO     - img2od: 48 | od2fr: 0 | od2lpr: 1000 | od2cap: 0 | fr2kr: 0 | lpr2kr: 1000 | cap2udp: 0 | kr2udp: 2 | 
2026-05-03 19:49:42,047 - INFO     - img2od: 48 | od2fr: 0 | od2lpr: 1000 | od2cap: 0 | fr2kr: 0 | lpr2kr: 1000 | cap2udp: 0 | kr2udp: 1 | 
2026-05-03 19:49:43,048 - INFO     - img2od: 48 | od2fr: 0 | od2lpr: 1000 | od2cap: 0 | fr2kr: 0 | lpr2kr: 1000 | cap2udp: 0 | kr2udp: 1 | 
2026-05-03 19:49:44,049 - INFO     - img2od: 48 | od2fr: 0 | od2lpr: 1000 | od2cap: 0 | fr2kr: 0 | lpr2kr: 1000 | cap2udp: 0 | kr2udp: 1 | 
2026-05-03 19:49:45,050 - INFO     - img2od: 48 | od2fr: 0 | od2lpr: 1000 | od2cap: 0 | fr2kr: 0 | lpr2kr: 1000 | cap2udp: 0 | kr2udp: 0 | 
2026-05-03 19:49:46,051 - INFO     - img2od: 48 | od2fr: 0 | od2lpr: 1000 | od2cap: 0 | fr2kr: 0 | lpr2kr: 1000 | cap2udp: 0 | kr2udp: 1 | 
2026-05-03 19:49:47,052 - INFO     - img2od: 48 | od2fr: 0 | od2lpr: 1000 | od2cap: 0 | fr2kr: 0 | lpr2kr: 1000 | cap2udp: 0 | kr2udp: 1 | 
2026-05-03 19:49:48,053 - INFO     - img2od: 48 | od2fr: 0 | od2lpr: 1000 | od2cap: 0 | fr2kr: 0 | lpr2kr: 1000 | cap2udp: 0 | kr2udp: 0 | 
2026-05-03 19:49:49,054 - INFO     - img2od: 48 | od2fr: 0 | od2lpr: 1000 | od2cap: 0 | fr2kr: 0 | lpr2kr: 1000 | cap2udp: 0 | kr2udp: 1 | 
2026-05-03 19:49:50,055 - INFO     - img2od: 48 | od2fr: 0 | od2lpr: 1000 | od2cap: 0 | fr2kr: 0 | lpr2kr: 1000 | cap2udp: 0 | kr2udp: 0 | 
2026-05-03 19:49:51,056 - INFO     - img2od: 48 | od2fr: 0 | od2lpr: 1000 | od2cap: 0 | fr2kr: 0 | lpr2kr: 1000 | cap2udp: 0 | kr2udp: 0 | 
2026-05-03 19:49:52,057 - INFO     - img2od: 48 | od2fr: 0 | od2lpr: 1000 | od2cap: 0 | fr2kr: 0 | lpr2kr: 1000 | cap2udp: 0 | kr2udp: 1 | 
2026-05-03 19:49:53,058 - INFO     - img2od: 48 | od2fr: 0 | od2lpr: 1000 | od2cap: 0 | fr2kr: 0 | lpr2kr: 1000 | cap2udp: 0 | kr2udp: 1 | 
2026-05-03 19:49:54,059 - INFO     - img2od: 48 | od2fr: 0 | od2lpr: 1000 | od2cap: 0 | fr2kr: 0 | lpr2kr: 1000 | cap2udp: 0 | kr2udp: 1 | 
2026-05-03 19:49:55,060 - INFO     - img2od: 48 | od2fr: 0 | od2lpr: 1000 | od2cap: 0 | fr2kr: 0 | lpr2kr: 1000 | cap2udp: 0 | kr2udp: 1 | 
2026-05-03 19:49:56,061 - INFO     - img2od: 48 | od2fr: 0 | od2lpr: 1000 | od2cap: 0 | fr2kr: 0 | lpr2kr: 1000 | cap2udp: 0 | kr2udp: 0 | 
2026-05-03 19:49:57,062 - INFO     - img2od: 48 | od2fr: 0 | od2lpr: 1000 | od2cap: 0 | fr2kr: 0 | lpr2kr: 1000 | cap2udp: 0 | kr2udp: 1 | 
2026-05-03 19:49:58,063 - INFO     - img2od: 48 | od2fr: 0 | od2lpr: 999 | od2cap: 0 | fr2kr: 0 | lpr2kr: 1000 | cap2udp: 0 | kr2udp: 1 | 
2026-05-03 19:49:59,064 - INFO     - img2od: 48 | od2fr: 0 | od2lpr: 1000 | od2cap: 0 | fr2kr: 0 | lpr2kr: 1000 | cap2udp: 0 | kr2udp: 1 | 
2026-05-03 19:50:00,065 - INFO     - img2od: 48 | od2fr: 0 | od2lpr: 1000 | od2cap: 0 | fr2kr: 0 | lpr2kr: 1000 | cap2udp: 0 | kr2udp: 1 | 
2026-05-03 19:50:01,066 - INFO     - img2od: 48 | od2fr: 0 | od2lpr: 1000 | od2cap: 0 | fr2kr: 0 | lpr2kr: 1000 | cap2udp: 0 | kr2udp: 0 | 
2026-05-03 19:50:02,067 - INFO     - img2od: 48 | od2fr: 0 | od2lpr: 1000 | od2cap: 0 | fr2kr: 0 | lpr2kr: 1000 | cap2udp: 0 | kr2udp: 0 | 
2026-05-03 19:50:03,068 - INFO     - img2od: 48 | od2fr: 0 | od2lpr: 1000 | od2cap: 0 | fr2kr: 0 | lpr2kr: 1000 | cap2udp: 0 | kr2udp: 1 | 
2026-05-03 19:50:04,069 - INFO     - img2od: 48 | od2fr: 0 | od2lpr: 1000 | od2cap: 0 | fr2kr: 0 | lpr2kr: 1000 | cap2udp: 0 | kr2udp: 1 | 
2026-05-03 19:50:05,070 - INFO     - img2od: 48 | od2fr: 0 | od2lpr: 1000 | od2cap: 0 | fr2kr: 0 | lpr2kr: 1000 | cap2udp: 0 | kr2udp: 1 | 
2026-05-03 19:50:06,071 - INFO     - img2od: 48 | od2fr: 0 | od2lpr: 1000 | od2cap: 0 | fr2kr: 0 | lpr2kr: 1000 | cap2udp: 0 | kr2udp: 0 | 
2026-05-03 19:50:07,072 - INFO     - img2od: 48 | od2fr: 0 | od2lpr: 1000 | od2cap: 0 | fr2kr: 0 | lpr2kr: 1000 | cap2udp: 0 | kr2udp: 1 | 
2026-05-03 19:50:08,073 - INFO     - img2od: 48 | od2fr: 0 | od2lpr: 999 | od2cap: 0 | fr2kr: 0 | lpr2kr: 1000 | cap2udp: 0 | kr2udp: 1 | 
2026-05-03 19:50:09,074 - INFO     - img2od: 48 | od2fr: 0 | od2lpr: 1000 | od2cap: 0 | fr2kr: 0 | lpr2kr: 1000 | cap2udp: 0 | kr2udp: 1 | 
2026-05-03 19:50:10,075 - INFO     - img2od: 48 | od2fr: 0 | od2lpr: 1000 | od2cap: 0 | fr2kr: 0 | lpr2kr: 1000 | cap2udp: 0 | kr2udp: 1 | 
2026-05-03 19:50:11,076 - INFO     - img2od: 48 | od2fr: 0 | od2lpr: 1000 | od2cap: 0 | fr2kr: 0 | lpr2kr: 1000 | cap2udp: 0 | kr2udp: 1 | 
2026-05-03 19:50:12,077 - INFO     - img2od: 48 | od2fr: 0 | od2lpr: 1000 | od2cap: 0 | fr2kr: 0 | lpr2kr: 1000 | cap2udp: 0 | kr2udp: 0 | 
2026-05-03 19:50:13,078 - INFO     - img2od: 48 | od2fr: 0 | od2lpr: 1000 | od2cap: 0 | fr2kr: 0 | lpr2kr: 1000 | cap2udp: 0 | kr2udp: 1 | 
2026-05-03 19:50:14,079 - INFO     - img2od: 48 | od2fr: 0 | od2lpr: 1000 | od2cap: 0 | fr2kr: 0 | lpr2kr: 1000 | cap2udp: 0 | kr2udp: 1 | 
2026-05-03 19:50:15,080 - INFO     - img2od: 48 | od2fr: 0 | od2lpr: 1000 | od2cap: 0 | fr2kr: 0 | lpr2kr: 1000 | cap2udp: 0 | kr2udp: 1 | 
2026-05-03 19:50:16,081 - INFO     - img2od: 48 | od2fr: 0 | od2lpr: 1000 | od2cap: 0 | fr2kr: 0 | lpr2kr: 1000 | cap2udp: 0 | kr2udp: 1 | 
2026-05-03 19:50:17,082 - INFO     - img2od: 48 | od2fr: 0 | od2lpr: 1000 | od2cap: 0 | fr2kr: 0 | lpr2kr: 1000 | cap2udp: 0 | kr2udp: 0 | 
2026-05-03 19:50:18,083 - INFO     - img2od: 48 | od2fr: 0 | od2lpr: 1000 | od2cap: 0 | fr2kr: 0 | lpr2kr: 1000 | cap2udp: 0 | kr2udp: 0 | 
2026-05-03 19:50:19,084 - INFO     - img2od: 48 | od2fr: 0 | od2lpr: 1000 | od2cap: 0 | fr2kr: 0 | lpr2kr: 1000 | cap2udp: 0 | kr2udp: 1 | 
2026-05-03 19:50:20,085 - INFO     - img2od: 48 | od2fr: 0 | od2lpr: 1000 | od2cap: 0 | fr2kr: 0 | lpr2kr: 1000 | cap2udp: 0 | kr2udp: 1 | 
2026-05-03 19:50:21,086 - INFO     - img2od: 48 | od2fr: 0 | od2lpr: 1000 | od2cap: 0 | fr2kr: 0 | lpr2kr: 1000 | cap2udp: 0 | kr2udp: 0 | 
2026-05-03 19:50:22,087 - INFO     - img2od: 48 | od2fr: 0 | od2lpr: 1000 | od2cap: 0 | fr2kr: 0 | lpr2kr: 1000 | cap2udp: 0 | kr2udp: 0 | 
2026-05-03 19:50:23,088 - INFO     - img2od: 48 | od2fr: 0 | od2lpr: 1000 | od2cap: 0 | fr2kr: 0 | lpr2kr: 1000 | cap2udp: 0 | kr2udp: 1 | 
2026-05-03 19:50:24,089 - INFO     - img2od: 48 | od2fr: 0 | od2lpr: 1000 | od2cap: 0 | fr2kr: 0 | lpr2kr: 1000 | cap2udp: 0 | kr2udp: 0 | 
2026-05-03 19:50:25,090 - INFO     - img2od: 48 | od2fr: 0 | od2lpr: 1000 | od2cap: 0 | fr2kr: 0 | lpr2kr: 1000 | cap2udp: 0 | kr2udp: 2 | 
2026-05-03 19:50:26,091 - INFO     - img2od: 48 | od2fr: 0 | od2lpr: 1000 | od2cap: 0 | fr2kr: 0 | lpr2kr: 1000 | cap2udp: 0 | kr2udp: 1 | 
2026-05-03 19:50:27,092 - INFO     - img2od: 48 | od2fr: 0 | od2lpr: 1000 | od2cap: 0 | fr2kr: 0 | lpr2kr: 1000 | cap2udp: 0 | kr2udp: 1 | 
2026-05-03 19:50:28,093 - INFO     - img2od: 48 | od2fr: 0 | od2lpr: 1000 | od2cap: 0 | fr2kr: 0 | lpr2kr: 1000 | cap2udp: 0 | kr2udp: 1 | 
2026-05-03 19:50:29,094 - INFO     - img2od: 48 | od2fr: 0 | od2lpr: 1000 | od2cap: 0 | fr2kr: 0 | lpr2kr: 1000 | cap2udp: 0 | kr2udp: 1 | 
2026-05-03 19:50:30,095 - INFO     - img2od: 48 | od2fr: 0 | od2lpr: 1000 | od2cap: 0 | fr2kr: 0 | lpr2kr: 1000 | cap2udp: 0 | kr2udp: 1 | 
2026-05-03 19:50:31,096 - INFO     - img2od: 48 | od2fr: 0 | od2lpr: 1000 | od2cap: 0 | fr2kr: 0 | lpr2kr: 1000 | cap2udp: 0 | kr2udp: 1 | 
2026-05-03 19:50:32,097 - INFO     - img2od: 48 | od2fr: 0 | od2lpr: 1000 | od2cap: 0 | fr2kr: 0 | lpr2kr: 1000 | cap2udp: 0 | kr2udp: 1 | 
2026-05-03 19:50:33,098 - INFO     - img2od: 48 | od2fr: 0 | od2lpr: 1000 | od2cap: 0 | fr2kr: 0 | lpr2kr: 1000 | cap2udp: 0 | kr2udp: 0 | 
2026-05-03 19:50:34,099 - INFO     - img2od: 48 | od2fr: 0 | od2lpr: 1000 | od2cap: 0 | fr2kr: 0 | lpr2kr: 1000 | cap2udp: 0 | kr2udp: 1 | 
2026-05-03 19:50:35,100 - INFO     - img2od: 48 | od2fr: 0 | od2lpr: 1000 | od2cap: 0 | fr2kr: 0 | lpr2kr: 1000 | cap2udp: 0 | kr2udp: 1 | 
2026-05-03 19:50:36,101 - INFO     - img2od: 48 | od2fr: 0 | od2lpr: 1000 | od2cap: 0 | fr2kr: 0 | lpr2kr: 1000 | cap2udp: 0 | kr2udp: 1 | 
2026-05-03 19:50:37,102 - INFO     - img2od: 48 | od2fr: 0 | od2lpr: 1000 | od2cap: 0 | fr2kr: 0 | lpr2kr: 1000 | cap2udp: 0 | kr2udp: 1 | 
2026-05-03 19:50:38,103 - INFO     - img2od: 48 | od2fr: 0 | od2lpr: 1000 | od2cap: 0 | fr2kr: 0 | lpr2kr: 1000 | cap2udp: 0 | kr2udp: 0 | 
2026-05-03 19:50:39,104 - INFO     - img2od: 48 | od2fr: 0 | od2lpr: 1000 | od2cap: 0 | fr2kr: 0 | lpr2kr: 1000 | cap2udp: 0 | kr2udp: 1 | 
2026-05-03 19:50:40,105 - INFO     - img2od: 48 | od2fr: 0 | od2lpr: 1000 | od2cap: 0 | fr2kr: 0 | lpr2kr: 1000 | cap2udp: 0 | kr2udp: 1 | 
2026-05-03 19:50:41,106 - INFO     - img2od: 48 | od2fr: 0 | od2lpr: 1000 | od2cap: 0 | fr2kr: 0 | lpr2kr: 1000 | cap2udp: 0 | kr2udp: 1 | 
2026-05-03 19:50:42,107 - INFO     - img2od: 48 | od2fr: 0 | od2lpr: 1000 | od2cap: 0 | fr2kr: 0 | lpr2kr: 1000 | cap2udp: 0 | kr2udp: 1 | 
2026-05-03 19:50:43,108 - INFO     - img2od: 48 | od2fr: 0 | od2lpr: 1000 | od2cap: 0 | fr2kr: 0 | lpr2kr: 1000 | cap2udp: 0 | kr2udp: 0 | 
2026-05-03 19:50:44,109 - INFO     - img2od: 48 | od2fr: 0 | od2lpr: 1000 | od2cap: 0 | fr2kr: 0 | lpr2kr: 1000 | cap2udp: 0 | kr2udp: 0 | 
2026-05-03 19:50:45,110 - INFO     - img2od: 48 | od2fr: 0 | od2lpr: 1000 | od2cap: 0 | fr2kr: 0 | lpr2kr: 1000 | cap2udp: 0 | kr2udp: 1 | 
2026-05-03 19:50:46,111 - INFO     - img2od: 48 | od2fr: 0 | od2lpr: 1000 | od2cap: 0 | fr2kr: 0 | lpr2kr: 1000 | cap2udp: 0 | kr2udp: 1 | 
2026-05-03 19:50:47,112 - INFO     - img2od: 48 | od2fr: 0 | od2lpr: 1000 | od2cap: 0 | fr2kr: 0 | lpr2kr: 1000 | cap2udp: 0 | kr2udp: 1 | 
2026-05-03 19:50:48,113 - INFO     - img2od: 48 | od2fr: 0 | od2lpr: 1000 | od2cap: 0 | fr2kr: 0 | lpr2kr: 1000 | cap2udp: 0 | kr2udp: 1 | 
2026-05-03 19:50:49,114 - INFO     - img2od: 48 | od2fr: 0 | od2lpr: 1000 | od2cap: 0 | fr2kr: 0 | lpr2kr: 1000 | cap2udp: 0 | kr2udp: 1 | 
2026-05-03 19:50:50,115 - INFO     - img2od: 48 | od2fr: 0 | od2lpr: 1000 | od2cap: 0 | fr2kr: 0 | lpr2kr: 999 | cap2udp: 0 | kr2udp: 1 | 
2026-05-03 19:50:51,116 - INFO     - img2od: 48 | od2fr: 0 | od2lpr: 1000 | od2cap: 0 | fr2kr: 0 | lpr2kr: 1000 | cap2udp: 0 | kr2udp: 1 | 
2026-05-03 19:50:52,117 - INFO     - img2od: 48 | od2fr: 0 | od2lpr: 1000 | od2cap: 0 | fr2kr: 0 | lpr2kr: 1000 | cap2udp: 0 | kr2udp: 0 | 
2026-05-03 19:50:53,118 - INFO     - img2od: 48 | od2fr: 0 | od2lpr: 1000 | od2cap: 0 | fr2kr: 0 | lpr2kr: 1000 | cap2udp: 0 | kr2udp: 1 | 
2026-05-03 19:50:54,119 - INFO     - img2od: 48 | od2fr: 0 | od2lpr: 1000 | od2cap: 0 | fr2kr: 0 | lpr2kr: 1000 | cap2udp: 0 | kr2udp: 1 | 
2026-05-03 19:50:55,120 - INFO     - img2od: 48 | od2fr: 0 | od2lpr: 999 | od2cap: 0 | fr2kr: 0 | lpr2kr: 1000 | cap2udp: 0 | kr2udp: 1 | 
2026-05-03 19:50:56,121 - INFO     - img2od: 48 | od2fr: 0 | od2lpr: 1000 | od2cap: 0 | fr2kr: 0 | lpr2kr: 1000 | cap2udp: 0 | kr2udp: 0 | 
2026-05-03 19:50:57,122 - INFO     - img2od: 48 | od2fr: 0 | od2lpr: 1000 | od2cap: 0 | fr2kr: 0 | lpr2kr: 1000 | cap2udp: 0 | kr2udp: 0 | 
2026-05-03 19:50:58,123 - INFO     - img2od: 48 | od2fr: 0 | od2lpr: 1000 | od2cap: 0 | fr2kr: 0 | lpr2kr: 1000 | cap2udp: 0 | kr2udp: 1 | 
2026-05-03 19:50:59,124 - INFO     - img2od: 48 | od2fr: 0 | od2lpr: 1000 | od2cap: 0 | fr2kr: 0 | lpr2kr: 1000 | cap2udp: 0 | kr2udp: 0 | 
2026-05-03 19:51:00,125 - INFO     - img2od: 48 | od2fr: 0 | od2lpr: 1000 | od2cap: 0 | fr2kr: 0 | lpr2kr: 1000 | cap2udp: 0 | kr2udp: 1 | 
2026-05-03 19:51:01,126 - INFO     - img2od: 48 | od2fr: 0 | od2lpr: 1000 | od2cap: 0 | fr2kr: 0 | lpr2kr: 1000 | cap2udp: 0 | kr2udp: 0 | 
2026-05-03 19:51:02,127 - INFO     - img2od: 48 | od2fr: 0 | od2lpr: 1000 | od2cap: 0 | fr2kr: 0 | lpr2kr: 1000 | cap2udp: 0 | kr2udp: 1 | 
2026-05-03 19:51:03,128 - INFO     - img2od: 48 | od2fr: 0 | od2lpr: 1000 | od2cap: 0 | fr2kr: 0 | lpr2kr: 1000 | cap2udp: 0 | kr2udp: 0 | 
2026-05-03 19:51:04,129 - INFO     - img2od: 48 | od2fr: 0 | od2lpr: 1000 | od2cap: 0 | fr2kr: 0 | lpr2kr: 1000 | cap2udp: 0 | kr2udp: 1 | 
2026-05-03 19:51:05,130 - INFO     - img2od: 48 | od2fr: 0 | od2lpr: 1000 | od2cap: 0 | fr2kr: 0 | lpr2kr: 1000 | cap2udp: 0 | kr2udp: 2 | 
2026-05-03 19:51:06,131 - INFO     - img2od: 48 | od2fr: 0 | od2lpr: 1000 | od2cap: 0 | fr2kr: 0 | lpr2kr: 1000 | cap2udp: 0 | kr2udp: 0 | 
2026-05-03 19:51:07,132 - INFO     - img2od: 48 | od2fr: 0 | od2lpr: 1000 | od2cap: 0 | fr2kr: 0 | lpr2kr: 1000 | cap2udp: 0 | kr2udp: 1 | 
2026-05-03 19:51:08,133 - INFO     - img2od: 48 | od2fr: 0 | od2lpr: 1000 | od2cap: 0 | fr2kr: 0 | lpr2kr: 1000 | cap2udp: 0 | kr2udp: 1 | 
2026-05-03 19:51:09,134 - INFO     - img2od: 48 | od2fr: 0 | od2lpr: 1000 | od2cap: 0 | fr2kr: 0 | lpr2kr: 1000 | cap2udp: 0 | kr2udp: 1 | 
2026-05-03 19:51:10,135 - INFO     - img2od: 48 | od2fr: 0 | od2lpr: 1000 | od2cap: 0 | fr2kr: 0 | lpr2kr: 999 | cap2udp: 0 | kr2udp: 1 | 
2026-05-03 19:51:11,136 - INFO     - img2od: 48 | od2fr: 0 | od2lpr: 1000 | od2cap: 0 | fr2kr: 0 | lpr2kr: 1000 | cap2udp: 0 | kr2udp: 1 | 
2026-05-03 19:51:12,137 - INFO     - img2od: 48 | od2fr: 0 | od2lpr: 1000 | od2cap: 0 | fr2kr: 0 | lpr2kr: 1000 | cap2udp: 0 | kr2udp: 1 | 
2026-05-03 19:51:13,138 - INFO     - img2od: 48 | od2fr: 0 | od2lpr: 1000 | od2cap: 0 | fr2kr: 0 | lpr2kr: 1000 | cap2udp: 0 | kr2udp: 0 | 
2026-05-03 19:51:14,139 - INFO     - img2od: 48 | od2fr: 0 | od2lpr: 1000 | od2cap: 0 | fr2kr: 0 | lpr2kr: 1000 | cap2udp: 0 | kr2udp: 0 | 
2026-05-03 19:51:15,140 - INFO     - img2od: 48 | od2fr: 0 | od2lpr: 1000 | od2cap: 0 | fr2kr: 0 | lpr2kr: 1000 | cap2udp: 0 | kr2udp: 1 | 
2026-05-03 19:51:16,141 - INFO     - img2od: 48 | od2fr: 0 | od2lpr: 1000 | od2cap: 0 | fr2kr: 0 | lpr2kr: 1000 | cap2udp: 0 | kr2udp: 1 | 
2026-05-03 19:51:17,142 - INFO     - img2od: 48 | od2fr: 0 | od2lpr: 1000 | od2cap: 0 | fr2kr: 0 | lpr2kr: 999 | cap2udp: 0 | kr2udp: 1 | 
2026-05-03 19:51:18,143 - INFO     - img2od: 48 | od2fr: 0 | od2lpr: 1000 | od2cap: 0 | fr2kr: 0 | lpr2kr: 1000 | cap2udp: 0 | kr2udp: 1 | 
2026-05-03 19:51:19,144 - INFO     - img2od: 48 | od2fr: 0 | od2lpr: 1000 | od2cap: 0 | fr2kr: 0 | lpr2kr: 1000 | cap2udp: 0 | kr2udp: 0 | 
2026-05-03 19:51:20,145 - INFO     - img2od: 48 | od2fr: 0 | od2lpr: 1000 | od2cap: 0 | fr2kr: 0 | lpr2kr: 999 | cap2udp: 0 | kr2udp: 1 | 
2026-05-03 19:51:21,146 - INFO     - img2od: 48 | od2fr: 0 | od2lpr: 1000 | od2cap: 0 | fr2kr: 0 | lpr2kr: 1000 | cap2udp: 0 | kr2udp: 1 | 
2026-05-03 19:51:22,147 - INFO     - img2od: 48 | od2fr: 0 | od2lpr: 1000 | od2cap: 0 | fr2kr: 0 | lpr2kr: 1000 | cap2udp: 0 | kr2udp: 1 | 
2026-05-03 19:51:23,148 - INFO     - img2od: 48 | od2fr: 0 | od2lpr: 1000 | od2cap: 0 | fr2kr: 0 | lpr2kr: 1000 | cap2udp: 0 | kr2udp: 1 | 
2026-05-03 19:51:24,149 - INFO     - img2od: 48 | od2fr: 0 | od2lpr: 1000 | od2cap: 0 | fr2kr: 0 | lpr2kr: 1000 | cap2udp: 0 | kr2udp: 1 | 
2026-05-03 19:51:25,150 - INFO     - img2od: 48 | od2fr: 0 | od2lpr: 1000 | od2cap: 0 | fr2kr: 0 | lpr2kr: 1000 | cap2udp: 0 | kr2udp: 1 | 
2026-05-03 19:51:26,151 - INFO     - img2od: 48 | od2fr: 0 | od2lpr: 1000 | od2cap: 0 | fr2kr: 0 | lpr2kr: 1000 | cap2udp: 0 | kr2udp: 1 | 
2026-05-03 19:51:27,152 - INFO     - img2od: 48 | od2fr: 0 | od2lpr: 1000 | od2cap: 0 | fr2kr: 0 | lpr2kr: 1000 | cap2udp: 0 | kr2udp: 1 | 
2026-05-03 19:51:28,153 - INFO     - img2od: 48 | od2fr: 0 | od2lpr: 1000 | od2cap: 0 | fr2kr: 0 | lpr2kr: 1000 | cap2udp: 0 | kr2udp: 1 | 
2026-05-03 19:51:29,154 - INFO     - img2od: 48 | od2fr: 0 | od2lpr: 1000 | od2cap: 0 | fr2kr: 0 | lpr2kr: 1000 | cap2udp: 0 | kr2udp: 1 | 
2026-05-03 19:51:30,155 - INFO     - img2od: 48 | od2fr: 0 | od2lpr: 1000 | od2cap: 0 | fr2kr: 0 | lpr2kr: 1000 | cap2udp: 0 | kr2udp: 1 | 
2026-05-03 19:51:31,156 - INFO     - img2od: 48 | od2fr: 0 | od2lpr: 1000 | od2cap: 0 | fr2kr: 0 | lpr2kr: 1000 | cap2udp: 0 | kr2udp: 1 | 
2026-05-03 19:51:32,157 - INFO     - img2od: 48 | od2fr: 0 | od2lpr: 1000 | od2cap: 0 | fr2kr: 0 | lpr2kr: 1000 | cap2udp: 0 | kr2udp: 1 | 
2026-05-03 19:51:33,158 - INFO     - img2od: 48 | od2fr: 0 | od2lpr: 1000 | od2cap: 0 | fr2kr: 0 | lpr2kr: 1000 | cap2udp: 0 | kr2udp: 1 | 
2026-05-03 19:51:34,159 - INFO     - img2od: 48 | od2fr: 0 | od2lpr: 1000 | od2cap: 0 | fr2kr: 0 | lpr2kr: 1000 | cap2udp: 0 | kr2udp: 1 | 
2026-05-03 19:51:35,160 - INFO     - img2od: 48 | od2fr: 0 | od2lpr: 1000 | od2cap: 0 | fr2kr: 0 | lpr2kr: 1000 | cap2udp: 0 | kr2udp: 1 | 
2026-05-03 19:51:36,161 - INFO     - img2od: 48 | od2fr: 0 | od2lpr: 1000 | od2cap: 0 | fr2kr: 0 | lpr2kr: 1000 | cap2udp: 0 | kr2udp: 0 | 
2026-05-03 19:51:37,162 - INFO     - img2od: 48 | od2fr: 0 | od2lpr: 1000 | od2cap: 0 | fr2kr: 0 | lpr2kr: 1000 | cap2udp: 0 | kr2udp: 1 | 
2026-05-03 19:51:38,163 - INFO     - img2od: 48 | od2fr: 0 | od2lpr: 1000 | od2cap: 0 | fr2kr: 0 | lpr2kr: 1000 | cap2udp: 0 | kr2udp: 0 | 
2026-05-03 19:51:39,164 - INFO     - img2od: 48 | od2fr: 0 | od2lpr: 1000 | od2cap: 0 | fr2kr: 0 | lpr2kr: 1000 | cap2udp: 0 | kr2udp: 0 | 
2026-05-03 19:51:40,165 - INFO     - img2od: 48 | od2fr: 0 | od2lpr: 1000 | od2cap: 0 | fr2kr: 0 | lpr2kr: 1000 | cap2udp: 0 | kr2udp: 0 | 
2026-05-03 19:51:41,166 - INFO     - img2od: 48 | od2fr: 0 | od2lpr: 1000 | od2cap: 0 | fr2kr: 0 | lpr2kr: 1000 | cap2udp: 0 | kr2udp: 1 | 
2026-05-03 19:51:42,167 - INFO     - img2od: 48 | od2fr: 0 | od2lpr: 1000 | od2cap: 0 | fr2kr: 0 | lpr2kr: 1000 | cap2udp: 0 | kr2udp: 1 | 
2026-05-03 19:51:43,168 - INFO     - img2od: 48 | od2fr: 0 | od2lpr: 1000 | od2cap: 0 | fr2kr: 0 | lpr2kr: 1000 | cap2udp: 0 | kr2udp: 1 | 
2026-05-03 19:51:44,169 - INFO     - img2od: 48 | od2fr: 0 | od2lpr: 1000 | od2cap: 0 | fr2kr: 0 | lpr2kr: 1000 | cap2udp: 0 | kr2udp: 1 | 
2026-05-03 19:51:45,170 - INFO     - img2od: 48 | od2fr: 0 | od2lpr: 1000 | od2cap: 0 | fr2kr: 0 | lpr2kr: 1000 | cap2udp: 0 | kr2udp: 1 | 
2026-05-03 19:51:46,171 - INFO     - img2od: 48 | od2fr: 0 | od2lpr: 1000 | od2cap: 0 | fr2kr: 0 | lpr2kr: 1000 | cap2udp: 0 | kr2udp: 0 | 
2026-05-03 19:51:47,172 - INFO     - img2od: 48 | od2fr: 0 | od2lpr: 1000 | od2cap: 0 | fr2kr: 0 | lpr2kr: 1000 | cap2udp: 0 | kr2udp: 1 | 
2026-05-03 19:51:48,173 - INFO     - img2od: 48 | od2fr: 0 | od2lpr: 1000 | od2cap: 0 | fr2kr: 0 | lpr2kr: 1000 | cap2udp: 0 | kr2udp: 0 | 
2026-05-03 19:51:49,174 - INFO     - img2od: 48 | od2fr: 0 | od2lpr: 1000 | od2cap: 0 | fr2kr: 0 | lpr2kr: 1000 | cap2udp: 0 | kr2udp: 0 | 
2026-05-03 19:51:50,175 - INFO     - img2od: 48 | od2fr: 0 | od2lpr: 1000 | od2cap: 0 | fr2kr: 0 | lpr2kr: 1000 | cap2udp: 0 | kr2udp: 0 | 
2026-05-03 19:51:51,176 - INFO     - img2od: 48 | od2fr: 0 | od2lpr: 1000 | od2cap: 0 | fr2kr: 0 | lpr2kr: 1000 | cap2udp: 0 | kr2udp: 1 | 
2026-05-03 19:51:52,177 - INFO     - img2od: 48 | od2fr: 0 | od2lpr: 1000 | od2cap: 0 | fr2kr: 0 | lpr2kr: 1000 | cap2udp: 0 | kr2udp: 1 | 
2026-05-03 19:51:53,178 - INFO     - img2od: 48 | od2fr: 0 | od2lpr: 1000 | od2cap: 0 | fr2kr: 0 | lpr2kr: 1000 | cap2udp: 0 | kr2udp: 1 | 
2026-05-03 19:51:54,179 - INFO     - img2od: 48 | od2fr: 0 | od2lpr: 1000 | od2cap: 0 | fr2kr: 0 | lpr2kr: 1000 | cap2udp: 0 | kr2udp: 1 | 
2026-05-03 19:51:55,180 - INFO     - img2od: 48 | od2fr: 0 | od2lpr: 999 | od2cap: 0 | fr2kr: 0 | lpr2kr: 1000 | cap2udp: 0 | kr2udp: 1 | 
2026-05-03 19:51:56,181 - INFO     - img2od: 48 | od2fr: 0 | od2lpr: 1000 | od2cap: 0 | fr2kr: 0 | lpr2kr: 1000 | cap2udp: 0 | kr2udp: 1 | 
2026-05-03 19:51:57,182 - INFO     - img2od: 48 | od2fr: 0 | od2lpr: 1000 | od2cap: 0 | fr2kr: 0 | lpr2kr: 1000 | cap2udp: 0 | kr2udp: 1 | 
2026-05-03 19:51:58,183 - INFO     - img2od: 48 | od2fr: 0 | od2lpr: 1000 | od2cap: 0 | fr2kr: 0 | lpr2kr: 1000 | cap2udp: 0 | kr2udp: 1 | 
2026-05-03 19:51:59,184 - INFO     - img2od: 48 | od2fr: 0 | od2lpr: 1000 | od2cap: 0 | fr2kr: 0 | lpr2kr: 1000 | cap2udp: 0 | kr2udp: 1 | 
2026-05-03 19:52:00,185 - INFO     - img2od: 48 | od2fr: 0 | od2lpr: 1000 | od2cap: 0 | fr2kr: 0 | lpr2kr: 1000 | cap2udp: 0 | kr2udp: 0 | 
2026-05-03 19:52:01,186 - INFO     - img2od: 48 | od2fr: 0 | od2lpr: 1000 | od2cap: 0 | fr2kr: 0 | lpr2kr: 1000 | cap2udp: 0 | kr2udp: 1 | 
2026-05-03 19:52:02,187 - INFO     - img2od: 48 | od2fr: 0 | od2lpr: 1000 | od2cap: 0 | fr2kr: 0 | lpr2kr: 1000 | cap2udp: 0 | kr2udp: 1 | 
2026-05-03 19:52:03,188 - INFO     - img2od: 48 | od2fr: 0 | od2lpr: 1000 | od2cap: 0 | fr2kr: 0 | lpr2kr: 1000 | cap2udp: 0 | kr2udp: 1 | 
2026-05-03 19:52:04,189 - INFO     - img2od: 48 | od2fr: 0 | od2lpr: 1000 | od2cap: 0 | fr2kr: 0 | lpr2kr: 1000 | cap2udp: 0 | kr2udp: 1 | 
2026-05-03 19:52:05,190 - INFO     - img2od: 48 | od2fr: 0 | od2lpr: 1000 | od2cap: 0 | fr2kr: 0 | lpr2kr: 1000 | cap2udp: 0 | kr2udp: 1 | 
2026-05-03 19:52:06,191 - INFO     - img2od: 48 | od2fr: 0 | od2lpr: 1000 | od2cap: 0 | fr2kr: 0 | lpr2kr: 1000 | cap2udp: 0 | kr2udp: 1 | 
2026-05-03 19:52:07,192 - INFO     - img2od: 48 | od2fr: 0 | od2lpr: 1000 | od2cap: 0 | fr2kr: 0 | lpr2kr: 1000 | cap2udp: 0 | kr2udp: 1 | 
2026-05-03 19:52:08,193 - INFO     - img2od: 48 | od2fr: 0 | od2lpr: 1000 | od2cap: 0 | fr2kr: 0 | lpr2kr: 1000 | cap2udp: 0 | kr2udp: 1 | 
2026-05-03 19:52:09,194 - INFO     - img2od: 48 | od2fr: 0 | od2lpr: 1000 | od2cap: 0 | fr2kr: 0 | lpr2kr: 1000 | cap2udp: 0 | kr2udp: 0 | 
2026-05-03 19:52:10,195 - INFO     - img2od: 48 | od2fr: 0 | od2lpr: 1000 | od2cap: 0 | fr2kr: 0 | lpr2kr: 1000 | cap2udp: 0 | kr2udp: 1 | 
2026-05-03 19:52:11,196 - INFO     - img2od: 48 | od2fr: 0 | od2lpr: 1000 | od2cap: 0 | fr2kr: 0 | lpr2kr: 1000 | cap2udp: 0 | kr2udp: 1 | 
2026-05-03 19:52:12,197 - INFO     - img2od: 48 | od2fr: 0 | od2lpr: 1000 | od2cap: 0 | fr2kr: 0 | lpr2kr: 1000 | cap2udp: 0 | kr2udp: 1 | 
2026-05-03 19:52:13,198 - INFO     - img2od: 48 | od2fr: 0 | od2lpr: 1000 | od2cap: 0 | fr2kr: 0 | lpr2kr: 1000 | cap2udp: 0 | kr2udp: 1 | 
2026-05-03 19:52:14,199 - INFO     - img2od: 48 | od2fr: 0 | od2lpr: 1000 | od2cap: 0 | fr2kr: 0 | lpr2kr: 1000 | cap2udp: 0 | kr2udp: 1 | 
2026-05-03 19:52:15,200 - INFO     - img2od: 48 | od2fr: 0 | od2lpr: 1000 | od2cap: 0 | fr2kr: 0 | lpr2kr: 1000 | cap2udp: 0 | kr2udp: 0 | 
2026-05-03 19:52:16,201 - INFO     - img2od: 48 | od2fr: 0 | od2lpr: 1000 | od2cap: 0 | fr2kr: 0 | lpr2kr: 1000 | cap2udp: 0 | kr2udp: 1 | 
2026-05-03 19:52:17,202 - INFO     - img2od: 48 | od2fr: 0 | od2lpr: 1000 | od2cap: 0 | fr2kr: 0 | lpr2kr: 1000 | cap2udp: 0 | kr2udp: 1 | 
2026-05-03 19:52:18,203 - INFO     - img2od: 48 | od2fr: 0 | od2lpr: 1000 | od2cap: 0 | fr2kr: 0 | lpr2kr: 1000 | cap2udp: 0 | kr2udp: 1 | 
2026-05-03 19:52:19,204 - INFO     - img2od: 48 | od2fr: 0 | od2lpr: 1000 | od2cap: 0 | fr2kr: 0 | lpr2kr: 1000 | cap2udp: 0 | kr2udp: 0 | 
2026-05-03 19:52:20,205 - INFO     - img2od: 48 | od2fr: 0 | od2lpr: 1000 | od2cap: 0 | fr2kr: 0 | lpr2kr: 1000 | cap2udp: 0 | kr2udp: 0 | 
2026-05-03 19:52:21,206 - INFO     - img2od: 48 | od2fr: 0 | od2lpr: 1000 | od2cap: 0 | fr2kr: 0 | lpr2kr: 1000 | cap2udp: 0 | kr2udp: 1 | 
2026-05-03 19:52:22,207 - INFO     - img2od: 45 | od2fr: 1 | od2lpr: 999 | od2cap: 0 | fr2kr: 2 | lpr2kr: 1000 | cap2udp: 0 | kr2udp: 1 | 
2026-05-03 19:52:23,208 - INFO     - img2od: 41 | od2fr: 5 | od2lpr: 999 | od2cap: 0 | fr2kr: 5 | lpr2kr: 1000 | cap2udp: 0 | kr2udp: 1 | 
2026-05-03 19:52:24,209 - INFO     - img2od: 37 | od2fr: 16 | od2lpr: 997 | od2cap: 1 | fr2kr: 8 | lpr2kr: 1000 | cap2udp: 0 | kr2udp: 0 | 
2026-05-03 19:52:25,210 - INFO     - img2od: 33 | od2fr: 36 | od2lpr: 997 | od2cap: 0 | fr2kr: 11 | lpr2kr: 1000 | cap2udp: 0 | kr2udp: 1 | 
2026-05-03 19:52:26,211 - INFO     - img2od: 30 | od2fr: 38 | od2lpr: 1000 | od2cap: 0 | fr2kr: 14 | lpr2kr: 1000 | cap2udp: 0 | kr2udp: 0 | 
2026-05-03 19:52:27,212 - INFO     - img2od: 30 | od2fr: 33 | od2lpr: 1000 | od2cap: 0 | fr2kr: 17 | lpr2kr: 1000 | cap2udp: 0 | kr2udp: 1 | 
2026-05-03 19:52:28,213 - INFO     - img2od: 30 | od2fr: 27 | od2lpr: 1000 | od2cap: 0 | fr2kr: 21 | lpr2kr: 1000 | cap2udp: 0 | kr2udp: 0 | 
2026-05-03 19:52:29,214 - INFO     - img2od: 30 | od2fr: 22 | od2lpr: 1000 | od2cap: 0 | fr2kr: 24 | lpr2kr: 1000 | cap2udp: 0 | kr2udp: 0 | 
2026-05-03 19:52:30,215 - INFO     - img2od: 30 | od2fr: 17 | od2lpr: 1000 | od2cap: 0 | fr2kr: 27 | lpr2kr: 1000 | cap2udp: 0 | kr2udp: 0 | 
2026-05-03 19:52:31,216 - INFO     - img2od: 30 | od2fr: 11 | od2lpr: 1000 | od2cap: 0 | fr2kr: 31 | lpr2kr: 1000 | cap2udp: 0 | kr2udp: 0 | 
2026-05-03 19:52:32,217 - INFO     - img2od: 30 | od2fr: 5 | od2lpr: 1000 | od2cap: 0 | fr2kr: 35 | lpr2kr: 1000 | cap2udp: 0 | kr2udp: 0 | 
2026-05-03 19:52:33,218 - INFO     - img2od: 30 | od2fr: 0 | od2lpr: 1000 | od2cap: 0 | fr2kr: 38 | lpr2kr: 1000 | cap2udp: 0 | kr2udp: 0 | 
2026-05-03 19:52:34,219 - INFO     - img2od: 30 | od2fr: 0 | od2lpr: 1000 | od2cap: 0 | fr2kr: 36 | lpr2kr: 1000 | cap2udp: 0 | kr2udp: 1 | 
2026-05-03 19:52:35,220 - INFO     - img2od: 30 | od2fr: 0 | od2lpr: 1000 | od2cap: 0 | fr2kr: 34 | lpr2kr: 1000 | cap2udp: 0 | kr2udp: 0 | 
2026-05-03 19:52:36,221 - INFO     - img2od: 30 | od2fr: 0 | od2lpr: 1000 | od2cap: 0 | fr2kr: 32 | lpr2kr: 1000 | cap2udp: 0 | kr2udp: 1 | 
2026-05-03 19:52:37,222 - INFO     - img2od: 30 | od2fr: 0 | od2lpr: 1000 | od2cap: 0 | fr2kr: 30 | lpr2kr: 1000 | cap2udp: 0 | kr2udp: 1 | 
2026-05-03 19:52:38,223 - INFO     - img2od: 30 | od2fr: 0 | od2lpr: 1000 | od2cap: 0 | fr2kr: 27 | lpr2kr: 1000 | cap2udp: 0 | kr2udp: 1 | 
2026-05-03 19:52:39,224 - INFO     - img2od: 30 | od2fr: 0 | od2lpr: 1000 | od2cap: 0 | fr2kr: 25 | lpr2kr: 1000 | cap2udp: 0 | kr2udp: 1 | 
2026-05-03 19:52:40,225 - INFO     - img2od: 30 | od2fr: 0 | od2lpr: 1000 | od2cap: 0 | fr2kr: 22 | lpr2kr: 1000 | cap2udp: 0 | kr2udp: 1 | 
2026-05-03 19:52:41,226 - INFO     - img2od: 30 | od2fr: 0 | od2lpr: 1000 | od2cap: 0 | fr2kr: 20 | lpr2kr: 1000 | cap2udp: 0 | kr2udp: 2 | 
2026-05-03 19:52:42,227 - INFO     - img2od: 30 | od2fr: 0 | od2lpr: 1000 | od2cap: 0 | fr2kr: 17 | lpr2kr: 1000 | cap2udp: 0 | kr2udp: 1 | 
2026-05-03 19:52:43,228 - INFO     - img2od: 30 | od2fr: 0 | od2lpr: 1000 | od2cap: 0 | fr2kr: 15 | lpr2kr: 1000 | cap2udp: 0 | kr2udp: 2 | 
2026-05-03 19:52:44,229 - INFO     - img2od: 30 | od2fr: 0 | od2lpr: 1000 | od2cap: 0 | fr2kr: 12 | lpr2kr: 1000 | cap2udp: 0 | kr2udp: 0 | 
2026-05-03 19:52:45,230 - INFO     - img2od: 30 | od2fr: 0 | od2lpr: 1000 | od2cap: 0 | fr2kr: 10 | lpr2kr: 1000 | cap2udp: 0 | kr2udp: 1 | 
2026-05-03 19:52:46,231 - INFO     - img2od: 30 | od2fr: 0 | od2lpr: 1000 | od2cap: 0 | fr2kr: 8 | lpr2kr: 1000 | cap2udp: 0 | kr2udp: 1 | 
2026-05-03 19:52:47,232 - INFO     - img2od: 30 | od2fr: 0 | od2lpr: 1000 | od2cap: 0 | fr2kr: 5 | lpr2kr: 1000 | cap2udp: 0 | kr2udp: 0 | 
2026-05-03 19:52:48,233 - INFO     - img2od: 30 | od2fr: 0 | od2lpr: 1000 | od2cap: 0 | fr2kr: 3 | lpr2kr: 1000 | cap2udp: 0 | kr2udp: 1 | 
2026-05-03 19:52:49,234 - INFO     - img2od: 30 | od2fr: 0 | od2lpr: 1000 | od2cap: 0 | fr2kr: 1 | lpr2kr: 1000 | cap2udp: 0 | kr2udp: 0 | 
2026-05-03 19:52:50,235 - INFO     - img2od: 30 | od2fr: 0 | od2lpr: 1000 | od2cap: 0 | fr2kr: 0 | lpr2kr: 1000 | cap2udp: 0 | kr2udp: 1 | 
2026-05-03 19:52:51,236 - INFO     - img2od: 30 | od2fr: 0 | od2lpr: 1000 | od2cap: 0 | fr2kr: 0 | lpr2kr: 1000 | cap2udp: 0 | kr2udp: 1 | 
2026-05-03 19:52:52,237 - INFO     - img2od: 30 | od2fr: 0 | od2lpr: 1000 | od2cap: 0 | fr2kr: 0 | lpr2kr: 1000 | cap2udp: 0 | kr2udp: 1 | 
2026-05-03 19:52:53,238 - INFO     - img2od: 30 | od2fr: 0 | od2lpr: 1000 | od2cap: 0 | fr2kr: 0 | lpr2kr: 1000 | cap2udp: 0 | kr2udp: 1 | 
2026-05-03 19:52:54,239 - INFO     - img2od: 30 | od2fr: 0 | od2lpr: 1000 | od2cap: 0 | fr2kr: 0 | lpr2kr: 1000 | cap2udp: 0 | kr2udp: 1 | 
2026-05-03 19:52:55,240 - INFO     - img2od: 30 | od2fr: 0 | od2lpr: 1000 | od2cap: 0 | fr2kr: 0 | lpr2kr: 1000 | cap2udp: 0 | kr2udp: 0 | 
2026-05-03 19:52:56,241 - INFO     - img2od: 30 | od2fr: 0 | od2lpr: 1000 | od2cap: 0 | fr2kr: 0 | lpr2kr: 1000 | cap2udp: 0 | kr2udp: 0 | 
2026-05-03 19:52:57,242 - INFO     - img2od: 30 | od2fr: 0 | od2lpr: 1000 | od2cap: 0 | fr2kr: 0 | lpr2kr: 1000 | cap2udp: 0 | kr2udp: 0 | 
2026-05-03 19:52:58,243 - INFO     - img2od: 30 | od2fr: 0 | od2lpr: 1000 | od2cap: 0 | fr2kr: 0 | lpr2kr: 1000 | cap2udp: 0 | kr2udp: 1 | 
2026-05-03 19:52:59,244 - INFO     - img2od: 30 | od2fr: 0 | od2lpr: 1000 | od2cap: 0 | fr2kr: 0 | lpr2kr: 1000 | cap2udp: 0 | kr2udp: 1 | 
2026-05-03 19:53:00,245 - INFO     - img2od: 30 | od2fr: 0 | od2lpr: 1000 | od2cap: 0 | fr2kr: 0 | lpr2kr: 1000 | cap2udp: 0 | kr2udp: 1 | 
2026-05-03 19:53:01,246 - INFO     - img2od: 30 | od2fr: 0 | od2lpr: 1000 | od2cap: 0 | fr2kr: 0 | lpr2kr: 1000 | cap2udp: 0 | kr2udp: 1 | 
2026-05-03 19:53:02,247 - INFO     - img2od: 30 | od2fr: 0 | od2lpr: 1000 | od2cap: 0 | fr2kr: 0 | lpr2kr: 1000 | cap2udp: 0 | kr2udp: 1 | 
2026-05-03 19:53:03,248 - INFO     - img2od: 30 | od2fr: 0 | od2lpr: 1000 | od2cap: 0 | fr2kr: 0 | lpr2kr: 1000 | cap2udp: 0 | kr2udp: 1 | 
2026-05-03 19:53:04,249 - INFO     - img2od: 30 | od2fr: 0 | od2lpr: 1000 | od2cap: 0 | fr2kr: 0 | lpr2kr: 1000 | cap2udp: 0 | kr2udp: 0 | 
2026-05-03 19:53:05,250 - INFO     - img2od: 30 | od2fr: 0 | od2lpr: 1000 | od2cap: 0 | fr2kr: 0 | lpr2kr: 1000 | cap2udp: 0 | kr2udp: 1 | 
2026-05-03 19:53:06,251 - INFO     - img2od: 30 | od2fr: 0 | od2lpr: 1000 | od2cap: 0 | fr2kr: 0 | lpr2kr: 1000 | cap2udp: 0 | kr2udp: 1 | 
2026-05-03 19:53:07,252 - INFO     - img2od: 30 | od2fr: 0 | od2lpr: 1000 | od2cap: 0 | fr2kr: 0 | lpr2kr: 1000 | cap2udp: 0 | kr2udp: 1 | 
2026-05-03 19:53:08,253 - INFO     - img2od: 30 | od2fr: 0 | od2lpr: 1000 | od2cap: 0 | fr2kr: 0 | lpr2kr: 1000 | cap2udp: 0 | kr2udp: 1 | 
2026-05-03 19:53:09,254 - INFO     - img2od: 30 | od2fr: 0 | od2lpr: 1000 | od2cap: 0 | fr2kr: 0 | lpr2kr: 1000 | cap2udp: 0 | kr2udp: 1 | 
2026-05-03 19:53:10,255 - INFO     - img2od: 30 | od2fr: 0 | od2lpr: 1000 | od2cap: 0 | fr2kr: 0 | lpr2kr: 1000 | cap2udp: 0 | kr2udp: 0 | 
2026-05-03 19:53:11,256 - INFO     - img2od: 30 | od2fr: 0 | od2lpr: 1000 | od2cap: 0 | fr2kr: 0 | lpr2kr: 1000 | cap2udp: 0 | kr2udp: 1 | 
2026-05-03 19:53:12,257 - INFO     - img2od: 30 | od2fr: 0 | od2lpr: 1000 | od2cap: 0 | fr2kr: 0 | lpr2kr: 1000 | cap2udp: 0 | kr2udp: 1 | 
2026-05-03 19:53:13,258 - INFO     - img2od: 30 | od2fr: 0 | od2lpr: 1000 | od2cap: 0 | fr2kr: 0 | lpr2kr: 1000 | cap2udp: 0 | kr2udp: 0 | 
2026-05-03 19:53:14,259 - INFO     - img2od: 30 | od2fr: 0 | od2lpr: 1000 | od2cap: 0 | fr2kr: 0 | lpr2kr: 1000 | cap2udp: 0 | kr2udp: 1 | 
2026-05-03 19:53:15,260 - INFO     - img2od: 30 | od2fr: 0 | od2lpr: 1000 | od2cap: 0 | fr2kr: 0 | lpr2kr: 1000 | cap2udp: 0 | kr2udp: 1 | 
2026-05-03 19:53:16,261 - INFO     - img2od: 30 | od2fr: 0 | od2lpr: 1000 | od2cap: 0 | fr2kr: 0 | lpr2kr: 1000 | cap2udp: 0 | kr2udp: 0 | 
2026-05-03 19:53:17,262 - INFO     - img2od: 30 | od2fr: 0 | od2lpr: 1000 | od2cap: 0 | fr2kr: 0 | lpr2kr: 1000 | cap2udp: 0 | kr2udp: 1 | 
2026-05-03 19:53:18,263 - INFO     - img2od: 30 | od2fr: 0 | od2lpr: 1000 | od2cap: 0 | fr2kr: 0 | lpr2kr: 1000 | cap2udp: 0 | kr2udp: 1 | 
2026-05-03 19:53:19,264 - INFO     - img2od: 30 | od2fr: 0 | od2lpr: 1000 | od2cap: 0 | fr2kr: 0 | lpr2kr: 1000 | cap2udp: 0 | kr2udp: 1 | 
2026-05-03 19:53:20,265 - INFO     - img2od: 30 | od2fr: 0 | od2lpr: 1000 | od2cap: 0 | fr2kr: 0 | lpr2kr: 1000 | cap2udp: 0 | kr2udp: 1 | 
2026-05-03 19:53:21,266 - INFO     - img2od: 30 | od2fr: 0 | od2lpr: 1000 | od2cap: 0 | fr2kr: 0 | lpr2kr: 1000 | cap2udp: 0 | kr2udp: 1 | 
2026-05-03 19:53:22,267 - INFO     - img2od: 30 | od2fr: 0 | od2lpr: 1000 | od2cap: 0 | fr2kr: 0 | lpr2kr: 1000 | cap2udp: 0 | kr2udp: 1 | 
2026-05-03 19:53:23,268 - INFO     - img2od: 30 | od2fr: 0 | od2lpr: 999 | od2cap: 0 | fr2kr: 0 | lpr2kr: 1000 | cap2udp: 0 | kr2udp: 1 | 
2026-05-03 19:53:24,269 - INFO     - img2od: 30 | od2fr: 0 | od2lpr: 1000 | od2cap: 0 | fr2kr: 0 | lpr2kr: 1000 | cap2udp: 0 | kr2udp: 1 | 
2026-05-03 19:53:25,270 - INFO     - img2od: 30 | od2fr: 0 | od2lpr: 1000 | od2cap: 0 | fr2kr: 0 | lpr2kr: 1000 | cap2udp: 0 | kr2udp: 1 | 
2026-05-03 19:53:26,271 - INFO     - img2od: 30 | od2fr: 0 | od2lpr: 1000 | od2cap: 0 | fr2kr: 0 | lpr2kr: 1000 | cap2udp: 0 | kr2udp: 1 | 
2026-05-03 19:53:27,272 - INFO     - img2od: 30 | od2fr: 0 | od2lpr: 1000 | od2cap: 0 | fr2kr: 0 | lpr2kr: 1000 | cap2udp: 0 | kr2udp: 1 | 
2026-05-03 19:53:28,273 - INFO     - img2od: 30 | od2fr: 0 | od2lpr: 1000 | od2cap: 0 | fr2kr: 0 | lpr2kr: 1000 | cap2udp: 0 | kr2udp: 1 | 
2026-05-03 19:53:29,274 - INFO     - img2od: 30 | od2fr: 0 | od2lpr: 1000 | od2cap: 0 | fr2kr: 0 | lpr2kr: 1000 | cap2udp: 0 | kr2udp: 0 | 
2026-05-03 19:53:30,275 - INFO     - img2od: 30 | od2fr: 0 | od2lpr: 1000 | od2cap: 0 | fr2kr: 0 | lpr2kr: 1000 | cap2udp: 0 | kr2udp: 1 | 
2026-05-03 19:53:31,276 - INFO     - img2od: 30 | od2fr: 0 | od2lpr: 1000 | od2cap: 0 | fr2kr: 0 | lpr2kr: 1000 | cap2udp: 0 | kr2udp: 1 | 
2026-05-03 19:53:32,277 - INFO     - img2od: 30 | od2fr: 0 | od2lpr: 1000 | od2cap: 0 | fr2kr: 0 | lpr2kr: 1000 | cap2udp: 0 | kr2udp: 2 | 
2026-05-03 19:53:33,278 - INFO     - img2od: 30 | od2fr: 0 | od2lpr: 1000 | od2cap: 0 | fr2kr: 0 | lpr2kr: 1000 | cap2udp: 0 | kr2udp: 1 | 
2026-05-03 19:53:34,279 - INFO     - img2od: 30 | od2fr: 0 | od2lpr: 1000 | od2cap: 0 | fr2kr: 0 | lpr2kr: 1000 | cap2udp: 0 | kr2udp: 1 | 
2026-05-03 19:53:35,280 - INFO     - img2od: 30 | od2fr: 0 | od2lpr: 1000 | od2cap: 0 | fr2kr: 0 | lpr2kr: 1000 | cap2udp: 0 | kr2udp: 1 | 
2026-05-03 19:53:36,281 - INFO     - img2od: 30 | od2fr: 0 | od2lpr: 1000 | od2cap: 0 | fr2kr: 0 | lpr2kr: 1000 | cap2udp: 0 | kr2udp: 1 | 
2026-05-03 19:53:37,282 - INFO     - img2od: 30 | od2fr: 0 | od2lpr: 1000 | od2cap: 0 | fr2kr: 0 | lpr2kr: 1000 | cap2udp: 0 | kr2udp: 0 | 
2026-05-03 19:53:38,283 - INFO     - img2od: 30 | od2fr: 0 | od2lpr: 1000 | od2cap: 0 | fr2kr: 0 | lpr2kr: 1000 | cap2udp: 0 | kr2udp: 1 | 
2026-05-03 19:53:39,284 - INFO     - img2od: 30 | od2fr: 0 | od2lpr: 1000 | od2cap: 0 | fr2kr: 0 | lpr2kr: 1000 | cap2udp: 0 | kr2udp: 1 | 
2026-05-03 19:53:40,285 - INFO     - img2od: 30 | od2fr: 0 | od2lpr: 1000 | od2cap: 0 | fr2kr: 0 | lpr2kr: 1000 | cap2udp: 0 | kr2udp: 1 | 
2026-05-03 19:53:41,286 - INFO     - img2od: 30 | od2fr: 0 | od2lpr: 1000 | od2cap: 0 | fr2kr: 0 | lpr2kr: 1000 | cap2udp: 0 | kr2udp: 1 | 
2026-05-03 19:53:42,287 - INFO     - img2od: 30 | od2fr: 0 | od2lpr: 1000 | od2cap: 0 | fr2kr: 0 | lpr2kr: 1000 | cap2udp: 0 | kr2udp: 0 | 
2026-05-03 19:53:43,288 - INFO     - img2od: 30 | od2fr: 0 | od2lpr: 1000 | od2cap: 0 | fr2kr: 0 | lpr2kr: 1000 | cap2udp: 0 | kr2udp: 1 | 
2026-05-03 19:53:44,289 - INFO     - img2od: 30 | od2fr: 0 | od2lpr: 1000 | od2cap: 0 | fr2kr: 0 | lpr2kr: 1000 | cap2udp: 0 | kr2udp: 1 | 
2026-05-03 19:53:45,290 - INFO     - img2od: 30 | od2fr: 0 | od2lpr: 1000 | od2cap: 0 | fr2kr: 0 | lpr2kr: 1000 | cap2udp: 0 | kr2udp: 1 | 
2026-05-03 19:53:46,291 - INFO     - img2od: 30 | od2fr: 0 | od2lpr: 1000 | od2cap: 0 | fr2kr: 0 | lpr2kr: 1000 | cap2udp: 0 | kr2udp: 1 | 
2026-05-03 19:53:47,292 - INFO     - img2od: 30 | od2fr: 0 | od2lpr: 1000 | od2cap: 0 | fr2kr: 0 | lpr2kr: 1000 | cap2udp: 0 | kr2udp: 1 | 
2026-05-03 19:53:48,293 - INFO     - img2od: 30 | od2fr: 0 | od2lpr: 1000 | od2cap: 0 | fr2kr: 0 | lpr2kr: 1000 | cap2udp: 0 | kr2udp: 1 | 
2026-05-03 19:53:49,294 - INFO     - img2od: 30 | od2fr: 0 | od2lpr: 1000 | od2cap: 0 | fr2kr: 0 | lpr2kr: 1000 | cap2udp: 0 | kr2udp: 1 | 
2026-05-03 19:53:50,295 - INFO     - img2od: 30 | od2fr: 0 | od2lpr: 1000 | od2cap: 0 | fr2kr: 0 | lpr2kr: 1000 | cap2udp: 0 | kr2udp: 0 | 
2026-05-03 19:53:51,296 - INFO     - img2od: 30 | od2fr: 0 | od2lpr: 1000 | od2cap: 0 | fr2kr: 0 | lpr2kr: 1000 | cap2udp: 0 | kr2udp: 1 | 
2026-05-03 19:53:52,297 - INFO     - img2od: 30 | od2fr: 0 | od2lpr: 1000 | od2cap: 0 | fr2kr: 0 | lpr2kr: 1000 | cap2udp: 0 | kr2udp: 1 | 
2026-05-03 19:53:53,298 - INFO     - img2od: 30 | od2fr: 0 | od2lpr: 1000 | od2cap: 0 | fr2kr: 0 | lpr2kr: 1000 | cap2udp: 0 | kr2udp: 1 | 
2026-05-03 19:53:54,299 - INFO     - img2od: 30 | od2fr: 0 | od2lpr: 1000 | od2cap: 0 | fr2kr: 0 | lpr2kr: 1000 | cap2udp: 0 | kr2udp: 0 | 
2026-05-03 19:53:55,300 - INFO     - img2od: 30 | od2fr: 0 | od2lpr: 1000 | od2cap: 0 | fr2kr: 0 | lpr2kr: 1000 | cap2udp: 0 | kr2udp: 1 | 
2026-05-03 19:53:56,301 - INFO     - img2od: 30 | od2fr: 0 | od2lpr: 1000 | od2cap: 0 | fr2kr: 0 | lpr2kr: 1000 | cap2udp: 0 | kr2udp: 0 | 
2026-05-03 19:53:57,302 - INFO     - img2od: 30 | od2fr: 0 | od2lpr: 1000 | od2cap: 0 | fr2kr: 0 | lpr2kr: 1000 | cap2udp: 0 | kr2udp: 0 | 
2026-05-03 19:53:58,303 - INFO     - img2od: 30 | od2fr: 0 | od2lpr: 1000 | od2cap: 0 | fr2kr: 0 | lpr2kr: 1000 | cap2udp: 0 | kr2udp: 0 | 
2026-05-03 19:53:59,304 - INFO     - img2od: 30 | od2fr: 0 | od2lpr: 1000 | od2cap: 0 | fr2kr: 0 | lpr2kr: 1000 | cap2udp: 0 | kr2udp: 1 | 
2026-05-03 19:54:00,305 - INFO     - img2od: 30 | od2fr: 0 | od2lpr: 1000 | od2cap: 0 | fr2kr: 0 | lpr2kr: 1000 | cap2udp: 0 | kr2udp: 0 | 
2026-05-03 19:54:01,306 - INFO     - img2od: 30 | od2fr: 0 | od2lpr: 1000 | od2cap: 0 | fr2kr: 0 | lpr2kr: 1000 | cap2udp: 0 | kr2udp: 1 | 
2026-05-03 19:54:02,307 - INFO     - img2od: 30 | od2fr: 0 | od2lpr: 1000 | od2cap: 0 | fr2kr: 0 | lpr2kr: 1000 | cap2udp: 0 | kr2udp: 1 | 
2026-05-03 19:54:03,308 - INFO     - img2od: 30 | od2fr: 0 | od2lpr: 1000 | od2cap: 0 | fr2kr: 0 | lpr2kr: 1000 | cap2udp: 0 | kr2udp: 1 | 
2026-05-03 19:54:04,309 - INFO     - img2od: 30 | od2fr: 0 | od2lpr: 1000 | od2cap: 0 | fr2kr: 0 | lpr2kr: 1000 | cap2udp: 0 | kr2udp: 1 | 
2026-05-03 19:54:05,310 - INFO     - img2od: 30 | od2fr: 0 | od2lpr: 1000 | od2cap: 0 | fr2kr: 0 | lpr2kr: 1000 | cap2udp: 0 | kr2udp: 0 | 
2026-05-03 19:54:06,311 - INFO     - img2od: 30 | od2fr: 0 | od2lpr: 1000 | od2cap: 0 | fr2kr: 0 | lpr2kr: 1000 | cap2udp: 0 | kr2udp: 1 | 
2026-05-03 19:54:07,312 - INFO     - img2od: 30 | od2fr: 0 | od2lpr: 1000 | od2cap: 0 | fr2kr: 0 | lpr2kr: 1000 | cap2udp: 0 | kr2udp: 1 | 
2026-05-03 19:54:08,313 - INFO     - img2od: 30 | od2fr: 0 | od2lpr: 1000 | od2cap: 0 | fr2kr: 0 | lpr2kr: 1000 | cap2udp: 0 | kr2udp: 1 | 
2026-05-03 19:54:09,314 - INFO     - img2od: 30 | od2fr: 0 | od2lpr: 1000 | od2cap: 0 | fr2kr: 0 | lpr2kr: 1000 | cap2udp: 0 | kr2udp: 1 | 
2026-05-03 19:54:10,315 - INFO     - img2od: 30 | od2fr: 0 | od2lpr: 1000 | od2cap: 0 | fr2kr: 0 | lpr2kr: 1000 | cap2udp: 0 | kr2udp: 1 | 
2026-05-03 19:54:11,316 - INFO     - img2od: 30 | od2fr: 0 | od2lpr: 1000 | od2cap: 0 | fr2kr: 0 | lpr2kr: 1000 | cap2udp: 0 | kr2udp: 1 | 
2026-05-03 19:54:12,317 - INFO     - img2od: 30 | od2fr: 0 | od2lpr: 1000 | od2cap: 0 | fr2kr: 0 | lpr2kr: 1000 | cap2udp: 0 | kr2udp: 1 | 
2026-05-03 19:54:13,318 - INFO     - img2od: 30 | od2fr: 0 | od2lpr: 1000 | od2cap: 0 | fr2kr: 0 | lpr2kr: 1000 | cap2udp: 0 | kr2udp: 1 | 
2026-05-03 19:54:14,319 - INFO     - img2od: 30 | od2fr: 0 | od2lpr: 1000 | od2cap: 0 | fr2kr: 0 | lpr2kr: 1000 | cap2udp: 0 | kr2udp: 1 | 
2026-05-03 19:54:15,320 - INFO     - img2od: 30 | od2fr: 0 | od2lpr: 1000 | od2cap: 0 | fr2kr: 0 | lpr2kr: 1000 | cap2udp: 0 | kr2udp: 0 | 
2026-05-03 19:54:16,321 - INFO     - img2od: 30 | od2fr: 0 | od2lpr: 1000 | od2cap: 0 | fr2kr: 0 | lpr2kr: 1000 | cap2udp: 0 | kr2udp: 1 | 
2026-05-03 19:54:17,322 - INFO     - img2od: 30 | od2fr: 0 | od2lpr: 1000 | od2cap: 0 | fr2kr: 0 | lpr2kr: 1000 | cap2udp: 0 | kr2udp: 0 | 
2026-05-03 19:54:18,323 - INFO     - img2od: 30 | od2fr: 0 | od2lpr: 1000 | od2cap: 0 | fr2kr: 0 | lpr2kr: 1000 | cap2udp: 0 | kr2udp: 1 | 
2026-05-03 19:54:19,324 - INFO     - img2od: 30 | od2fr: 0 | od2lpr: 1000 | od2cap: 0 | fr2kr: 0 | lpr2kr: 1000 | cap2udp: 0 | kr2udp: 1 | 
2026-05-03 19:54:20,325 - INFO     - img2od: 30 | od2fr: 0 | od2lpr: 1000 | od2cap: 0 | fr2kr: 0 | lpr2kr: 1000 | cap2udp: 0 | kr2udp: 1 | 
2026-05-03 19:54:21,326 - INFO     - img2od: 30 | od2fr: 0 | od2lpr: 999 | od2cap: 0 | fr2kr: 0 | lpr2kr: 1000 | cap2udp: 0 | kr2udp: 1 | 
2026-05-03 19:54:22,327 - INFO     - img2od: 30 | od2fr: 0 | od2lpr: 1000 | od2cap: 0 | fr2kr: 0 | lpr2kr: 1000 | cap2udp: 0 | kr2udp: 1 | 
2026-05-03 19:54:23,328 - INFO     - img2od: 30 | od2fr: 0 | od2lpr: 1000 | od2cap: 0 | fr2kr: 0 | lpr2kr: 1000 | cap2udp: 0 | kr2udp: 0 | 
2026-05-03 19:54:24,329 - INFO     - img2od: 30 | od2fr: 0 | od2lpr: 1000 | od2cap: 0 | fr2kr: 0 | lpr2kr: 1000 | cap2udp: 0 | kr2udp: 1 | 
2026-05-03 19:54:25,330 - INFO     - img2od: 30 | od2fr: 0 | od2lpr: 1000 | od2cap: 0 | fr2kr: 0 | lpr2kr: 1000 | cap2udp: 0 | kr2udp: 0 | 
2026-05-03 19:54:26,331 - INFO     - img2od: 30 | od2fr: 0 | od2lpr: 1000 | od2cap: 0 | fr2kr: 0 | lpr2kr: 1000 | cap2udp: 0 | kr2udp: 1 | 
2026-05-03 19:54:27,332 - INFO     - img2od: 30 | od2fr: 0 | od2lpr: 1000 | od2cap: 0 | fr2kr: 0 | lpr2kr: 1000 | cap2udp: 0 | kr2udp: 0 | 
2026-05-03 19:54:28,333 - INFO     - img2od: 30 | od2fr: 0 | od2lpr: 999 | od2cap: 0 | fr2kr: 0 | lpr2kr: 1000 | cap2udp: 0 | kr2udp: 0 | 
2026-05-03 19:54:29,334 - INFO     - img2od: 30 | od2fr: 0 | od2lpr: 1000 | od2cap: 0 | fr2kr: 0 | lpr2kr: 1000 | cap2udp: 0 | kr2udp: 1 | 
2026-05-03 19:54:30,335 - INFO     - img2od: 30 | od2fr: 0 | od2lpr: 1000 | od2cap: 0 | fr2kr: 0 | lpr2kr: 1000 | cap2udp: 0 | kr2udp: 1 | 
2026-05-03 19:54:31,336 - INFO     - img2od: 30 | od2fr: 0 | od2lpr: 1000 | od2cap: 0 | fr2kr: 0 | lpr2kr: 1000 | cap2udp: 0 | kr2udp: 1 | 
2026-05-03 19:54:32,337 - INFO     - img2od: 30 | od2fr: 0 | od2lpr: 1000 | od2cap: 0 | fr2kr: 0 | lpr2kr: 1000 | cap2udp: 0 | kr2udp: 0 | 
2026-05-03 19:54:33,338 - INFO     - img2od: 30 | od2fr: 0 | od2lpr: 1000 | od2cap: 0 | fr2kr: 0 | lpr2kr: 1000 | cap2udp: 0 | kr2udp: 0 | 
2026-05-03 19:54:34,339 - INFO     - img2od: 30 | od2fr: 0 | od2lpr: 1000 | od2cap: 0 | fr2kr: 0 | lpr2kr: 1000 | cap2udp: 0 | kr2udp: 1 | 
2026-05-03 19:54:35,340 - INFO     - img2od: 30 | od2fr: 0 | od2lpr: 1000 | od2cap: 0 | fr2kr: 0 | lpr2kr: 1000 | cap2udp: 0 | kr2udp: 1 | 
2026-05-03 19:54:36,341 - INFO     - img2od: 30 | od2fr: 0 | od2lpr: 1000 | od2cap: 0 | fr2kr: 0 | lpr2kr: 1000 | cap2udp: 0 | kr2udp: 0 | 
2026-05-03 19:54:37,342 - INFO     - img2od: 30 | od2fr: 0 | od2lpr: 1000 | od2cap: 0 | fr2kr: 0 | lpr2kr: 1000 | cap2udp: 0 | kr2udp: 1 | 
2026-05-03 19:54:38,343 - INFO     - img2od: 30 | od2fr: 0 | od2lpr: 999 | od2cap: 0 | fr2kr: 0 | lpr2kr: 1000 | cap2udp: 0 | kr2udp: 1 | 
2026-05-03 19:54:39,344 - INFO     - img2od: 30 | od2fr: 0 | od2lpr: 1000 | od2cap: 0 | fr2kr: 0 | lpr2kr: 1000 | cap2udp: 0 | kr2udp: 1 | 
2026-05-03 19:54:40,345 - INFO     - img2od: 30 | od2fr: 0 | od2lpr: 1000 | od2cap: 0 | fr2kr: 0 | lpr2kr: 1000 | cap2udp: 0 | kr2udp: 1 | 
2026-05-03 19:54:41,346 - INFO     - img2od: 30 | od2fr: 0 | od2lpr: 1000 | od2cap: 0 | fr2kr: 0 | lpr2kr: 1000 | cap2udp: 0 | kr2udp: 1 | 
2026-05-03 19:54:42,347 - INFO     - img2od: 30 | od2fr: 0 | od2lpr: 1000 | od2cap: 0 | fr2kr: 0 | lpr2kr: 1000 | cap2udp: 0 | kr2udp: 0 | 
2026-05-03 19:54:43,348 - INFO     - img2od: 30 | od2fr: 0 | od2lpr: 1000 | od2cap: 0 | fr2kr: 0 | lpr2kr: 1000 | cap2udp: 0 | kr2udp: 1 | 
2026-05-03 19:54:44,349 - INFO     - img2od: 30 | od2fr: 0 | od2lpr: 1000 | od2cap: 0 | fr2kr: 0 | lpr2kr: 1000 | cap2udp: 0 | kr2udp: 0 | 
2026-05-03 19:54:45,350 - INFO     - img2od: 30 | od2fr: 0 | od2lpr: 1000 | od2cap: 0 | fr2kr: 0 | lpr2kr: 1000 | cap2udp: 0 | kr2udp: 0 | 
2026-05-03 19:54:46,351 - INFO     - img2od: 30 | od2fr: 0 | od2lpr: 1000 | od2cap: 0 | fr2kr: 0 | lpr2kr: 1000 | cap2udp: 0 | kr2udp: 0 | 
2026-05-03 19:54:47,352 - INFO     - img2od: 30 | od2fr: 0 | od2lpr: 1000 | od2cap: 0 | fr2kr: 0 | lpr2kr: 1000 | cap2udp: 0 | kr2udp: 1 | 
2026-05-03 19:54:48,353 - INFO     - img2od: 30 | od2fr: 0 | od2lpr: 1000 | od2cap: 0 | fr2kr: 0 | lpr2kr: 1000 | cap2udp: 0 | kr2udp: 2 | 
2026-05-03 19:54:49,354 - INFO     - img2od: 30 | od2fr: 0 | od2lpr: 1000 | od2cap: 0 | fr2kr: 0 | lpr2kr: 1000 | cap2udp: 0 | kr2udp: 1 | 
2026-05-03 19:54:50,355 - INFO     - img2od: 30 | od2fr: 0 | od2lpr: 1000 | od2cap: 0 | fr2kr: 0 | lpr2kr: 1000 | cap2udp: 0 | kr2udp: 1 | 
2026-05-03 19:54:51,356 - INFO     - img2od: 30 | od2fr: 0 | od2lpr: 1000 | od2cap: 0 | fr2kr: 0 | lpr2kr: 1000 | cap2udp: 0 | kr2udp: 1 | 
2026-05-03 19:54:52,357 - INFO     - img2od: 30 | od2fr: 0 | od2lpr: 1000 | od2cap: 0 | fr2kr: 0 | lpr2kr: 1000 | cap2udp: 0 | kr2udp: 1 | 
2026-05-03 19:54:53,358 - INFO     - img2od: 30 | od2fr: 0 | od2lpr: 1000 | od2cap: 0 | fr2kr: 0 | lpr2kr: 1000 | cap2udp: 0 | kr2udp: 0 | 
2026-05-03 19:54:54,359 - INFO     - img2od: 30 | od2fr: 0 | od2lpr: 1000 | od2cap: 0 | fr2kr: 0 | lpr2kr: 1000 | cap2udp: 0 | kr2udp: 0 | 
2026-05-03 19:54:55,360 - INFO     - img2od: 30 | od2fr: 0 | od2lpr: 1000 | od2cap: 0 | fr2kr: 0 | lpr2kr: 1000 | cap2udp: 0 | kr2udp: 0 | 
2026-05-03 19:54:56,361 - INFO     - img2od: 30 | od2fr: 0 | od2lpr: 1000 | od2cap: 0 | fr2kr: 0 | lpr2kr: 1000 | cap2udp: 0 | kr2udp: 1 | 
2026-05-03 19:54:57,362 - INFO     - img2od: 30 | od2fr: 0 | od2lpr: 1000 | od2cap: 0 | fr2kr: 0 | lpr2kr: 1000 | cap2udp: 0 | kr2udp: 1 | 
2026-05-03 19:54:58,363 - INFO     - img2od: 30 | od2fr: 0 | od2lpr: 1000 | od2cap: 0 | fr2kr: 0 | lpr2kr: 1000 | cap2udp: 0 | kr2udp: 1 | 
2026-05-03 19:54:59,364 - INFO     - img2od: 30 | od2fr: 0 | od2lpr: 1000 | od2cap: 0 | fr2kr: 0 | lpr2kr: 1000 | cap2udp: 0 | kr2udp: 0 | 
2026-05-03 19:55:00,365 - INFO     - img2od: 30 | od2fr: 0 | od2lpr: 1000 | od2cap: 0 | fr2kr: 0 | lpr2kr: 1000 | cap2udp: 0 | kr2udp: 1 | 
2026-05-03 19:55:01,366 - INFO     - img2od: 30 | od2fr: 0 | od2lpr: 1000 | od2cap: 0 | fr2kr: 0 | lpr2kr: 1000 | cap2udp: 0 | kr2udp: 0 | 
2026-05-03 19:55:02,367 - INFO     - img2od: 30 | od2fr: 0 | od2lpr: 1000 | od2cap: 0 | fr2kr: 0 | lpr2kr: 1000 | cap2udp: 0 | kr2udp: 1 | 
2026-05-03 19:55:03,368 - INFO     - img2od: 30 | od2fr: 0 | od2lpr: 1000 | od2cap: 0 | fr2kr: 0 | lpr2kr: 1000 | cap2udp: 0 | kr2udp: 0 | 
2026-05-03 19:55:04,369 - INFO     - img2od: 30 | od2fr: 0 | od2lpr: 1000 | od2cap: 0 | fr2kr: 0 | lpr2kr: 1000 | cap2udp: 0 | kr2udp: 0 | 
2026-05-03 19:55:05,370 - INFO     - img2od: 30 | od2fr: 0 | od2lpr: 1000 | od2cap: 0 | fr2kr: 0 | lpr2kr: 1000 | cap2udp: 0 | kr2udp: 1 | 
2026-05-03 19:55:06,371 - INFO     - img2od: 30 | od2fr: 0 | od2lpr: 1000 | od2cap: 0 | fr2kr: 0 | lpr2kr: 1000 | cap2udp: 0 | kr2udp: 1 | 
2026-05-03 19:55:07,372 - INFO     - img2od: 30 | od2fr: 0 | od2lpr: 1000 | od2cap: 0 | fr2kr: 0 | lpr2kr: 1000 | cap2udp: 0 | kr2udp: 0 | 
2026-05-03 19:55:08,373 - INFO     - img2od: 30 | od2fr: 0 | od2lpr: 1000 | od2cap: 0 | fr2kr: 0 | lpr2kr: 1000 | cap2udp: 0 | kr2udp: 0 | 
2026-05-03 19:55:09,374 - INFO     - img2od: 30 | od2fr: 0 | od2lpr: 1000 | od2cap: 0 | fr2kr: 0 | lpr2kr: 1000 | cap2udp: 0 | kr2udp: 1 | 
2026-05-03 19:55:10,375 - INFO     - img2od: 30 | od2fr: 0 | od2lpr: 1000 | od2cap: 0 | fr2kr: 0 | lpr2kr: 1000 | cap2udp: 0 | kr2udp: 1 | 
2026-05-03 19:55:11,376 - INFO     - img2od: 30 | od2fr: 0 | od2lpr: 1000 | od2cap: 0 | fr2kr: 0 | lpr2kr: 1000 | cap2udp: 0 | kr2udp: 1 | 
2026-05-03 19:55:12,377 - INFO     - img2od: 30 | od2fr: 0 | od2lpr: 1000 | od2cap: 0 | fr2kr: 0 | lpr2kr: 1000 | cap2udp: 0 | kr2udp: 1 | 
2026-05-03 19:55:13,378 - INFO     - img2od: 30 | od2fr: 0 | od2lpr: 1000 | od2cap: 0 | fr2kr: 0 | lpr2kr: 1000 | cap2udp: 0 | kr2udp: 0 | 
2026-05-03 19:55:14,379 - INFO     - img2od: 30 | od2fr: 0 | od2lpr: 1000 | od2cap: 0 | fr2kr: 0 | lpr2kr: 1000 | cap2udp: 0 | kr2udp: 0 | 
2026-05-03 19:55:15,380 - INFO     - img2od: 30 | od2fr: 0 | od2lpr: 1000 | od2cap: 0 | fr2kr: 0 | lpr2kr: 1000 | cap2udp: 0 | kr2udp: 1 | 
2026-05-03 19:55:16,381 - INFO     - img2od: 30 | od2fr: 0 | od2lpr: 1000 | od2cap: 0 | fr2kr: 0 | lpr2kr: 1000 | cap2udp: 0 | kr2udp: 1 | 
2026-05-03 19:55:17,382 - INFO     - img2od: 30 | od2fr: 0 | od2lpr: 1000 | od2cap: 0 | fr2kr: 0 | lpr2kr: 1000 | cap2udp: 0 | kr2udp: 1 | 
2026-05-03 19:55:18,383 - INFO     - img2od: 30 | od2fr: 0 | od2lpr: 1000 | od2cap: 0 | fr2kr: 0 | lpr2kr: 1000 | cap2udp: 0 | kr2udp: 0 | 
2026-05-03 19:55:19,384 - INFO     - img2od: 30 | od2fr: 0 | od2lpr: 1000 | od2cap: 0 | fr2kr: 0 | lpr2kr: 1000 | cap2udp: 0 | kr2udp: 1 | 
2026-05-03 19:55:20,385 - INFO     - img2od: 30 | od2fr: 0 | od2lpr: 1000 | od2cap: 0 | fr2kr: 0 | lpr2kr: 1000 | cap2udp: 0 | kr2udp: 1 | 
2026-05-03 19:55:21,386 - INFO     - img2od: 30 | od2fr: 0 | od2lpr: 1000 | od2cap: 0 | fr2kr: 0 | lpr2kr: 1000 | cap2udp: 0 | kr2udp: 1 | 
2026-05-03 19:55:22,387 - INFO     - img2od: 30 | od2fr: 0 | od2lpr: 1000 | od2cap: 0 | fr2kr: 0 | lpr2kr: 1000 | cap2udp: 0 | kr2udp: 1 | 
2026-05-03 19:55:23,388 - INFO     - img2od: 30 | od2fr: 0 | od2lpr: 1000 | od2cap: 0 | fr2kr: 0 | lpr2kr: 1000 | cap2udp: 0 | kr2udp: 1 | 
2026-05-03 19:55:24,389 - INFO     - img2od: 30 | od2fr: 0 | od2lpr: 1000 | od2cap: 0 | fr2kr: 0 | lpr2kr: 1000 | cap2udp: 0 | kr2udp: 1 | 
2026-05-03 19:55:25,390 - INFO     - img2od: 30 | od2fr: 0 | od2lpr: 1000 | od2cap: 0 | fr2kr: 0 | lpr2kr: 1000 | cap2udp: 0 | kr2udp: 0 | 
2026-05-03 19:55:26,391 - INFO     - img2od: 30 | od2fr: 0 | od2lpr: 1000 | od2cap: 0 | fr2kr: 0 | lpr2kr: 1000 | cap2udp: 0 | kr2udp: 1 | 
2026-05-03 19:55:27,392 - INFO     - img2od: 30 | od2fr: 0 | od2lpr: 1000 | od2cap: 0 | fr2kr: 0 | lpr2kr: 1000 | cap2udp: 0 | kr2udp: 1 | 
2026-05-03 19:55:28,393 - INFO     - img2od: 30 | od2fr: 0 | od2lpr: 1000 | od2cap: 0 | fr2kr: 0 | lpr2kr: 1000 | cap2udp: 0 | kr2udp: 1 | 
2026-05-03 19:55:29,394 - INFO     - img2od: 30 | od2fr: 0 | od2lpr: 1000 | od2cap: 0 | fr2kr: 0 | lpr2kr: 1000 | cap2udp: 0 | kr2udp: 1 | 
2026-05-03 19:55:30,395 - INFO     - img2od: 30 | od2fr: 0 | od2lpr: 1000 | od2cap: 0 | fr2kr: 0 | lpr2kr: 1000 | cap2udp: 0 | kr2udp: 1 | 
2026-05-03 19:55:31,396 - INFO     - img2od: 30 | od2fr: 0 | od2lpr: 1000 | od2cap: 0 | fr2kr: 0 | lpr2kr: 1000 | cap2udp: 0 | kr2udp: 1 | 
2026-05-03 19:55:32,397 - INFO     - img2od: 30 | od2fr: 0 | od2lpr: 999 | od2cap: 0 | fr2kr: 0 | lpr2kr: 1000 | cap2udp: 0 | kr2udp: 1 | 
2026-05-03 19:55:33,398 - INFO     - img2od: 30 | od2fr: 0 | od2lpr: 1000 | od2cap: 0 | fr2kr: 0 | lpr2kr: 1000 | cap2udp: 0 | kr2udp: 1 | 
2026-05-03 19:55:34,399 - INFO     - img2od: 30 | od2fr: 0 | od2lpr: 1000 | od2cap: 0 | fr2kr: 0 | lpr2kr: 1000 | cap2udp: 0 | kr2udp: 1 | 
2026-05-03 19:55:35,400 - INFO     - img2od: 30 | od2fr: 0 | od2lpr: 1000 | od2cap: 0 | fr2kr: 0 | lpr2kr: 1000 | cap2udp: 0 | kr2udp: 1 | 
2026-05-03 19:55:36,401 - INFO     - img2od: 30 | od2fr: 0 | od2lpr: 1000 | od2cap: 0 | fr2kr: 0 | lpr2kr: 1000 | cap2udp: 0 | kr2udp: 1 | 
2026-05-03 19:55:37,402 - INFO     - img2od: 30 | od2fr: 0 | od2lpr: 1000 | od2cap: 0 | fr2kr: 0 | lpr2kr: 1000 | cap2udp: 0 | kr2udp: 1 | 
2026-05-03 19:55:38,403 - INFO     - img2od: 30 | od2fr: 0 | od2lpr: 1000 | od2cap: 0 | fr2kr: 0 | lpr2kr: 1000 | cap2udp: 0 | kr2udp: 1 | 
2026-05-03 19:55:39,404 - INFO     - img2od: 30 | od2fr: 0 | od2lpr: 1000 | od2cap: 0 | fr2kr: 0 | lpr2kr: 1000 | cap2udp: 0 | kr2udp: 1 | 
2026-05-03 19:55:40,405 - INFO     - img2od: 30 | od2fr: 0 | od2lpr: 1000 | od2cap: 0 | fr2kr: 0 | lpr2kr: 1000 | cap2udp: 0 | kr2udp: 1 | 
2026-05-03 19:55:41,406 - INFO     - img2od: 30 | od2fr: 0 | od2lpr: 1000 | od2cap: 0 | fr2kr: 0 | lpr2kr: 1000 | cap2udp: 0 | kr2udp: 0 | 
2026-05-03 19:55:42,407 - INFO     - img2od: 30 | od2fr: 0 | od2lpr: 1000 | od2cap: 0 | fr2kr: 0 | lpr2kr: 1000 | cap2udp: 0 | kr2udp: 1 | 
2026-05-03 19:55:43,408 - INFO     - img2od: 30 | od2fr: 0 | od2lpr: 1000 | od2cap: 0 | fr2kr: 0 | lpr2kr: 1000 | cap2udp: 0 | kr2udp: 1 | 
2026-05-03 19:55:44,409 - INFO     - img2od: 30 | od2fr: 0 | od2lpr: 1000 | od2cap: 0 | fr2kr: 0 | lpr2kr: 1000 | cap2udp: 0 | kr2udp: 1 | 
2026-05-03 19:55:45,410 - INFO     - img2od: 30 | od2fr: 0 | od2lpr: 1000 | od2cap: 0 | fr2kr: 0 | lpr2kr: 1000 | cap2udp: 0 | kr2udp: 1 | 
2026-05-03 19:55:46,411 - INFO     - img2od: 30 | od2fr: 0 | od2lpr: 1000 | od2cap: 0 | fr2kr: 0 | lpr2kr: 1000 | cap2udp: 0 | kr2udp: 0 | 
2026-05-03 19:55:47,412 - INFO     - img2od: 30 | od2fr: 0 | od2lpr: 999 | od2cap: 0 | fr2kr: 0 | lpr2kr: 1000 | cap2udp: 0 | kr2udp: 1 | 
2026-05-03 19:55:48,413 - INFO     - img2od: 30 | od2fr: 0 | od2lpr: 1000 | od2cap: 0 | fr2kr: 0 | lpr2kr: 1000 | cap2udp: 0 | kr2udp: 2 | 
2026-05-03 19:55:49,414 - INFO     - img2od: 30 | od2fr: 0 | od2lpr: 1000 | od2cap: 0 | fr2kr: 0 | lpr2kr: 1000 | cap2udp: 0 | kr2udp: 1 | 
2026-05-03 19:55:50,415 - INFO     - img2od: 30 | od2fr: 0 | od2lpr: 1000 | od2cap: 0 | fr2kr: 0 | lpr2kr: 1000 | cap2udp: 0 | kr2udp: 0 | 
2026-05-03 19:55:51,416 - INFO     - img2od: 30 | od2fr: 0 | od2lpr: 1000 | od2cap: 0 | fr2kr: 0 | lpr2kr: 1000 | cap2udp: 0 | kr2udp: 0 | 
2026-05-03 19:55:52,417 - INFO     - img2od: 30 | od2fr: 0 | od2lpr: 1000 | od2cap: 0 | fr2kr: 0 | lpr2kr: 1000 | cap2udp: 0 | kr2udp: 0 | 
2026-05-03 19:55:53,418 - INFO     - img2od: 30 | od2fr: 0 | od2lpr: 1000 | od2cap: 0 | fr2kr: 0 | lpr2kr: 1000 | cap2udp: 0 | kr2udp: 1 | 
2026-05-03 19:55:54,419 - INFO     - img2od: 30 | od2fr: 0 | od2lpr: 1000 | od2cap: 0 | fr2kr: 0 | lpr2kr: 1000 | cap2udp: 0 | kr2udp: 1 | 
2026-05-03 19:55:55,420 - INFO     - img2od: 30 | od2fr: 0 | od2lpr: 1000 | od2cap: 0 | fr2kr: 0 | lpr2kr: 1000 | cap2udp: 0 | kr2udp: 1 | 
2026-05-03 19:55:56,421 - INFO     - img2od: 30 | od2fr: 0 | od2lpr: 1000 | od2cap: 0 | fr2kr: 0 | lpr2kr: 1000 | cap2udp: 0 | kr2udp: 1 | 
2026-05-03 19:55:57,422 - INFO     - img2od: 30 | od2fr: 0 | od2lpr: 1000 | od2cap: 0 | fr2kr: 0 | lpr2kr: 1000 | cap2udp: 0 | kr2udp: 1 | 
2026-05-03 19:55:58,423 - INFO     - img2od: 30 | od2fr: 0 | od2lpr: 1000 | od2cap: 0 | fr2kr: 0 | lpr2kr: 1000 | cap2udp: 0 | kr2udp: 0 | 
2026-05-03 19:55:59,424 - INFO     - img2od: 30 | od2fr: 0 | od2lpr: 1000 | od2cap: 0 | fr2kr: 0 | lpr2kr: 1000 | cap2udp: 0 | kr2udp: 0 | 
2026-05-03 19:56:00,425 - INFO     - img2od: 30 | od2fr: 0 | od2lpr: 1000 | od2cap: 0 | fr2kr: 0 | lpr2kr: 1000 | cap2udp: 0 | kr2udp: 1 | 
2026-05-03 19:56:01,426 - INFO     - img2od: 30 | od2fr: 0 | od2lpr: 1000 | od2cap: 0 | fr2kr: 0 | lpr2kr: 1000 | cap2udp: 0 | kr2udp: 1 | 
2026-05-03 19:56:02,427 - INFO     - img2od: 30 | od2fr: 0 | od2lpr: 1000 | od2cap: 0 | fr2kr: 0 | lpr2kr: 1000 | cap2udp: 0 | kr2udp: 1 | 
2026-05-03 19:56:03,428 - INFO     - img2od: 30 | od2fr: 0 | od2lpr: 1000 | od2cap: 0 | fr2kr: 0 | lpr2kr: 1000 | cap2udp: 0 | kr2udp: 1 | 
2026-05-03 19:56:04,429 - INFO     - img2od: 30 | od2fr: 0 | od2lpr: 999 | od2cap: 0 | fr2kr: 0 | lpr2kr: 1000 | cap2udp: 0 | kr2udp: 1 | 
2026-05-03 19:56:05,430 - INFO     - img2od: 30 | od2fr: 0 | od2lpr: 1000 | od2cap: 0 | fr2kr: 0 | lpr2kr: 1000 | cap2udp: 0 | kr2udp: 0 | 
2026-05-03 19:56:06,431 - INFO     - img2od: 30 | od2fr: 0 | od2lpr: 1000 | od2cap: 0 | fr2kr: 0 | lpr2kr: 1000 | cap2udp: 0 | kr2udp: 1 | 
2026-05-03 19:56:07,432 - INFO     - img2od: 30 | od2fr: 0 | od2lpr: 1000 | od2cap: 0 | fr2kr: 0 | lpr2kr: 1000 | cap2udp: 0 | kr2udp: 1 | 
2026-05-03 19:56:08,433 - INFO     - img2od: 30 | od2fr: 0 | od2lpr: 1000 | od2cap: 0 | fr2kr: 0 | lpr2kr: 1000 | cap2udp: 0 | kr2udp: 1 | 
2026-05-03 19:56:09,434 - INFO     - img2od: 30 | od2fr: 0 | od2lpr: 1000 | od2cap: 0 | fr2kr: 0 | lpr2kr: 1000 | cap2udp: 0 | kr2udp: 1 | 
2026-05-03 19:56:10,435 - INFO     - img2od: 30 | od2fr: 0 | od2lpr: 1000 | od2cap: 0 | fr2kr: 0 | lpr2kr: 1000 | cap2udp: 0 | kr2udp: 0 | 
2026-05-03 19:56:11,436 - INFO     - img2od: 30 | od2fr: 0 | od2lpr: 1000 | od2cap: 0 | fr2kr: 0 | lpr2kr: 1000 | cap2udp: 0 | kr2udp: 1 | 
2026-05-03 19:56:12,437 - INFO     - img2od: 30 | od2fr: 0 | od2lpr: 1000 | od2cap: 0 | fr2kr: 0 | lpr2kr: 1000 | cap2udp: 0 | kr2udp: 0 | 
2026-05-03 19:56:13,438 - INFO     - img2od: 30 | od2fr: 0 | od2lpr: 1000 | od2cap: 0 | fr2kr: 0 | lpr2kr: 1000 | cap2udp: 0 | kr2udp: 1 | 
2026-05-03 19:56:14,439 - INFO     - img2od: 30 | od2fr: 0 | od2lpr: 1000 | od2cap: 0 | fr2kr: 0 | lpr2kr: 1000 | cap2udp: 0 | kr2udp: 1 | 
2026-05-03 19:56:15,440 - INFO     - img2od: 30 | od2fr: 0 | od2lpr: 1000 | od2cap: 0 | fr2kr: 0 | lpr2kr: 1000 | cap2udp: 0 | kr2udp: 1 | 
2026-05-03 19:56:16,441 - INFO     - img2od: 30 | od2fr: 0 | od2lpr: 1000 | od2cap: 0 | fr2kr: 0 | lpr2kr: 1000 | cap2udp: 0 | kr2udp: 0 | 
2026-05-03 19:56:17,442 - INFO     - img2od: 30 | od2fr: 0 | od2lpr: 1000 | od2cap: 0 | fr2kr: 0 | lpr2kr: 1000 | cap2udp: 0 | kr2udp: 1 | 
2026-05-03 19:56:18,443 - INFO     - img2od: 30 | od2fr: 0 | od2lpr: 1000 | od2cap: 0 | fr2kr: 0 | lpr2kr: 999 | cap2udp: 0 | kr2udp: 1 | 
2026-05-03 19:56:19,444 - INFO     - img2od: 30 | od2fr: 0 | od2lpr: 1000 | od2cap: 0 | fr2kr: 0 | lpr2kr: 1000 | cap2udp: 0 | kr2udp: 0 | 
2026-05-03 19:56:20,445 - INFO     - img2od: 30 | od2fr: 0 | od2lpr: 1000 | od2cap: 0 | fr2kr: 0 | lpr2kr: 1000 | cap2udp: 0 | kr2udp: 1 | 
2026-05-03 19:56:21,446 - INFO     - img2od: 30 | od2fr: 0 | od2lpr: 1000 | od2cap: 0 | fr2kr: 0 | lpr2kr: 1000 | cap2udp: 0 | kr2udp: 1 | 
2026-05-03 19:56:22,447 - INFO     - img2od: 30 | od2fr: 0 | od2lpr: 1000 | od2cap: 0 | fr2kr: 0 | lpr2kr: 1000 | cap2udp: 0 | kr2udp: 1 | 
2026-05-03 19:56:23,448 - INFO     - img2od: 30 | od2fr: 0 | od2lpr: 1000 | od2cap: 0 | fr2kr: 0 | lpr2kr: 1000 | cap2udp: 0 | kr2udp: 1 | 
2026-05-03 19:56:24,449 - INFO     - img2od: 30 | od2fr: 0 | od2lpr: 1000 | od2cap: 0 | fr2kr: 0 | lpr2kr: 1000 | cap2udp: 0 | kr2udp: 1 | 
2026-05-03 19:56:25,450 - INFO     - img2od: 30 | od2fr: 0 | od2lpr: 1000 | od2cap: 0 | fr2kr: 0 | lpr2kr: 1000 | cap2udp: 0 | kr2udp: 0 | 
2026-05-03 19:56:26,451 - INFO     - img2od: 30 | od2fr: 0 | od2lpr: 1000 | od2cap: 0 | fr2kr: 0 | lpr2kr: 1000 | cap2udp: 0 | kr2udp: 0 | 
2026-05-03 19:56:27,452 - INFO     - img2od: 30 | od2fr: 0 | od2lpr: 1000 | od2cap: 0 | fr2kr: 0 | lpr2kr: 1000 | cap2udp: 0 | kr2udp: 1 | 
2026-05-03 19:56:28,453 - INFO     - img2od: 30 | od2fr: 0 | od2lpr: 1000 | od2cap: 0 | fr2kr: 0 | lpr2kr: 1000 | cap2udp: 0 | kr2udp: 1 | 
2026-05-03 19:56:29,454 - INFO     - img2od: 30 | od2fr: 0 | od2lpr: 1000 | od2cap: 0 | fr2kr: 0 | lpr2kr: 1000 | cap2udp: 0 | kr2udp: 1 | 
2026-05-03 19:56:30,455 - INFO     - img2od: 30 | od2fr: 0 | od2lpr: 1000 | od2cap: 0 | fr2kr: 0 | lpr2kr: 1000 | cap2udp: 0 | kr2udp: 1 | 
2026-05-03 19:56:31,456 - INFO     - img2od: 30 | od2fr: 0 | od2lpr: 1000 | od2cap: 0 | fr2kr: 0 | lpr2kr: 1000 | cap2udp: 0 | kr2udp: 0 | 
2026-05-03 19:56:32,457 - INFO     - img2od: 30 | od2fr: 0 | od2lpr: 1000 | od2cap: 0 | fr2kr: 0 | lpr2kr: 1000 | cap2udp: 0 | kr2udp: 1 | 
2026-05-03 19:56:33,458 - INFO     - img2od: 30 | od2fr: 0 | od2lpr: 1000 | od2cap: 0 | fr2kr: 0 | lpr2kr: 1000 | cap2udp: 0 | kr2udp: 1 | 
2026-05-03 19:56:34,459 - INFO     - img2od: 30 | od2fr: 0 | od2lpr: 1000 | od2cap: 0 | fr2kr: 0 | lpr2kr: 1000 | cap2udp: 0 | kr2udp: 1 | 
2026-05-03 19:56:35,460 - INFO     - img2od: 30 | od2fr: 0 | od2lpr: 1000 | od2cap: 0 | fr2kr: 0 | lpr2kr: 1000 | cap2udp: 0 | kr2udp: 1 | 
2026-05-03 19:56:36,461 - INFO     - img2od: 30 | od2fr: 0 | od2lpr: 1000 | od2cap: 0 | fr2kr: 0 | lpr2kr: 1000 | cap2udp: 0 | kr2udp: 0 | 
2026-05-03 19:56:37,462 - INFO     - img2od: 30 | od2fr: 0 | od2lpr: 1000 | od2cap: 0 | fr2kr: 0 | lpr2kr: 1000 | cap2udp: 0 | kr2udp: 0 | 
2026-05-03 19:56:38,463 - INFO     - img2od: 30 | od2fr: 0 | od2lpr: 1000 | od2cap: 0 | fr2kr: 0 | lpr2kr: 1000 | cap2udp: 0 | kr2udp: 0 | 
2026-05-03 19:56:39,464 - INFO     - img2od: 30 | od2fr: 0 | od2lpr: 1000 | od2cap: 0 | fr2kr: 0 | lpr2kr: 1000 | cap2udp: 0 | kr2udp: 1 | 
2026-05-03 19:56:40,465 - INFO     - img2od: 30 | od2fr: 0 | od2lpr: 1000 | od2cap: 0 | fr2kr: 0 | lpr2kr: 1000 | cap2udp: 0 | kr2udp: 0 | 
2026-05-03 19:56:41,466 - INFO     - img2od: 30 | od2fr: 0 | od2lpr: 1000 | od2cap: 0 | fr2kr: 0 | lpr2kr: 1000 | cap2udp: 0 | kr2udp: 0 | 
2026-05-03 19:56:42,467 - INFO     - img2od: 30 | od2fr: 0 | od2lpr: 1000 | od2cap: 0 | fr2kr: 0 | lpr2kr: 1000 | cap2udp: 0 | kr2udp: 0 | 
2026-05-03 19:56:43,468 - INFO     - img2od: 30 | od2fr: 0 | od2lpr: 1000 | od2cap: 0 | fr2kr: 0 | lpr2kr: 1000 | cap2udp: 0 | kr2udp: 1 | 
2026-05-03 19:56:44,469 - INFO     - img2od: 30 | od2fr: 0 | od2lpr: 1000 | od2cap: 0 | fr2kr: 0 | lpr2kr: 1000 | cap2udp: 0 | kr2udp: 1 | 
2026-05-03 19:56:45,470 - INFO     - img2od: 30 | od2fr: 0 | od2lpr: 1000 | od2cap: 0 | fr2kr: 0 | lpr2kr: 1000 | cap2udp: 0 | kr2udp: 0 | 
2026-05-03 19:56:46,471 - INFO     - img2od: 30 | od2fr: 0 | od2lpr: 1000 | od2cap: 0 | fr2kr: 0 | lpr2kr: 1000 | cap2udp: 0 | kr2udp: 1 | 
2026-05-03 19:56:47,472 - INFO     - img2od: 30 | od2fr: 0 | od2lpr: 1000 | od2cap: 0 | fr2kr: 0 | lpr2kr: 1000 | cap2udp: 0 | kr2udp: 1 | 
2026-05-03 19:56:48,473 - INFO     - img2od: 30 | od2fr: 0 | od2lpr: 1000 | od2cap: 0 | fr2kr: 0 | lpr2kr: 1000 | cap2udp: 0 | kr2udp: 0 | 
2026-05-03 19:56:49,474 - INFO     - img2od: 30 | od2fr: 0 | od2lpr: 1000 | od2cap: 0 | fr2kr: 0 | lpr2kr: 1000 | cap2udp: 0 | kr2udp: 1 | 
2026-05-03 19:56:50,475 - INFO     - img2od: 30 | od2fr: 0 | od2lpr: 1000 | od2cap: 0 | fr2kr: 0 | lpr2kr: 1000 | cap2udp: 0 | kr2udp: 0 | 
2026-05-03 19:56:51,476 - INFO     - img2od: 30 | od2fr: 0 | od2lpr: 1000 | od2cap: 0 | fr2kr: 0 | lpr2kr: 1000 | cap2udp: 0 | kr2udp: 1 | 
2026-05-03 19:56:52,477 - INFO     - img2od: 30 | od2fr: 0 | od2lpr: 1000 | od2cap: 0 | fr2kr: 0 | lpr2kr: 1000 | cap2udp: 0 | kr2udp: 1 | 
2026-05-03 19:56:53,478 - INFO     - img2od: 30 | od2fr: 0 | od2lpr: 1000 | od2cap: 0 | fr2kr: 0 | lpr2kr: 1000 | cap2udp: 0 | kr2udp: 1 | 
2026-05-03 19:56:54,479 - INFO     - img2od: 30 | od2fr: 0 | od2lpr: 1000 | od2cap: 0 | fr2kr: 0 | lpr2kr: 1000 | cap2udp: 0 | kr2udp: 0 | 
2026-05-03 19:56:55,480 - INFO     - img2od: 30 | od2fr: 0 | od2lpr: 1000 | od2cap: 0 | fr2kr: 0 | lpr2kr: 1000 | cap2udp: 0 | kr2udp: 1 | 
2026-05-03 19:56:56,481 - INFO     - img2od: 30 | od2fr: 0 | od2lpr: 1000 | od2cap: 0 | fr2kr: 0 | lpr2kr: 1000 | cap2udp: 0 | kr2udp: 1 | 
2026-05-03 19:56:57,482 - INFO     - img2od: 30 | od2fr: 0 | od2lpr: 1000 | od2cap: 0 | fr2kr: 0 | lpr2kr: 1000 | cap2udp: 0 | kr2udp: 1 | 
2026-05-03 19:56:58,483 - INFO     - img2od: 30 | od2fr: 0 | od2lpr: 1000 | od2cap: 0 | fr2kr: 0 | lpr2kr: 1000 | cap2udp: 0 | kr2udp: 1 | 
2026-05-03 19:56:59,484 - INFO     - img2od: 30 | od2fr: 0 | od2lpr: 1000 | od2cap: 0 | fr2kr: 0 | lpr2kr: 1000 | cap2udp: 0 | kr2udp: 1 | 
2026-05-03 19:57:00,485 - INFO     - img2od: 30 | od2fr: 0 | od2lpr: 1000 | od2cap: 0 | fr2kr: 0 | lpr2kr: 1000 | cap2udp: 0 | kr2udp: 1 | 
2026-05-03 19:57:01,486 - INFO     - img2od: 30 | od2fr: 0 | od2lpr: 1000 | od2cap: 0 | fr2kr: 0 | lpr2kr: 1000 | cap2udp: 0 | kr2udp: 1 | 
2026-05-03 19:57:02,487 - INFO     - img2od: 30 | od2fr: 0 | od2lpr: 1000 | od2cap: 0 | fr2kr: 0 | lpr2kr: 1000 | cap2udp: 0 | kr2udp: 1 | 
2026-05-03 19:57:03,488 - INFO     - img2od: 30 | od2fr: 0 | od2lpr: 1000 | od2cap: 0 | fr2kr: 0 | lpr2kr: 1000 | cap2udp: 0 | kr2udp: 1 | 
2026-05-03 19:57:04,489 - INFO     - img2od: 30 | od2fr: 0 | od2lpr: 1000 | od2cap: 0 | fr2kr: 0 | lpr2kr: 1000 | cap2udp: 0 | kr2udp: 0 | 
2026-05-03 19:57:05,490 - INFO     - img2od: 30 | od2fr: 0 | od2lpr: 1000 | od2cap: 0 | fr2kr: 0 | lpr2kr: 1000 | cap2udp: 0 | kr2udp: 1 | 
2026-05-03 19:57:06,491 - INFO     - img2od: 30 | od2fr: 0 | od2lpr: 1000 | od2cap: 0 | fr2kr: 0 | lpr2kr: 1000 | cap2udp: 0 | kr2udp: 1 | 
2026-05-03 19:57:07,492 - INFO     - img2od: 30 | od2fr: 0 | od2lpr: 1000 | od2cap: 0 | fr2kr: 0 | lpr2kr: 1000 | cap2udp: 0 | kr2udp: 1 | 
2026-05-03 19:57:08,493 - INFO     - img2od: 30 | od2fr: 0 | od2lpr: 1000 | od2cap: 0 | fr2kr: 0 | lpr2kr: 1000 | cap2udp: 0 | kr2udp: 1 | 
2026-05-03 19:57:09,494 - INFO     - img2od: 30 | od2fr: 0 | od2lpr: 999 | od2cap: 0 | fr2kr: 0 | lpr2kr: 1000 | cap2udp: 0 | kr2udp: 1 | 
2026-05-03 19:57:10,495 - INFO     - img2od: 30 | od2fr: 0 | od2lpr: 1000 | od2cap: 0 | fr2kr: 0 | lpr2kr: 1000 | cap2udp: 0 | kr2udp: 1 | 
2026-05-03 19:57:11,496 - INFO     - img2od: 30 | od2fr: 0 | od2lpr: 1000 | od2cap: 0 | fr2kr: 0 | lpr2kr: 1000 | cap2udp: 0 | kr2udp: 0 | 
2026-05-03 19:57:12,497 - INFO     - img2od: 30 | od2fr: 0 | od2lpr: 1000 | od2cap: 0 | fr2kr: 0 | lpr2kr: 1000 | cap2udp: 0 | kr2udp: 1 | 
2026-05-03 19:57:13,498 - INFO     - img2od: 30 | od2fr: 0 | od2lpr: 1000 | od2cap: 0 | fr2kr: 0 | lpr2kr: 1000 | cap2udp: 0 | kr2udp: 1 | 
2026-05-03 19:57:14,499 - INFO     - img2od: 30 | od2fr: 0 | od2lpr: 1000 | od2cap: 0 | fr2kr: 0 | lpr2kr: 1000 | cap2udp: 0 | kr2udp: 0 | 
2026-05-03 19:57:15,500 - INFO     - img2od: 30 | od2fr: 0 | od2lpr: 1000 | od2cap: 0 | fr2kr: 0 | lpr2kr: 1000 | cap2udp: 0 | kr2udp: 1 | 
2026-05-03 19:57:16,501 - INFO     - img2od: 29 | od2fr: 0 | od2lpr: 1000 | od2cap: 0 | fr2kr: 0 | lpr2kr: 1000 | cap2udp: 0 | kr2udp: 1 | 
2026-05-03 19:57:17,502 - INFO     - img2od: 27 | od2fr: 0 | od2lpr: 1000 | od2cap: 0 | fr2kr: 0 | lpr2kr: 1000 | cap2udp: 0 | kr2udp: 0 | 
2026-05-03 19:57:18,503 - INFO     - img2od: 27 | od2fr: 0 | od2lpr: 1000 | od2cap: 0 | fr2kr: 0 | lpr2kr: 1000 | cap2udp: 0 | kr2udp: 0 | 
2026-05-03 19:57:19,504 - INFO     - img2od: 27 | od2fr: 0 | od2lpr: 1000 | od2cap: 0 | fr2kr: 0 | lpr2kr: 1000 | cap2udp: 0 | kr2udp: 1 | 
2026-05-03 19:57:20,505 - INFO     - img2od: 27 | od2fr: 0 | od2lpr: 1000 | od2cap: 0 | fr2kr: 0 | lpr2kr: 1000 | cap2udp: 0 | kr2udp: 1 | 
2026-05-03 19:57:21,506 - INFO     - img2od: 27 | od2fr: 0 | od2lpr: 1000 | od2cap: 0 | fr2kr: 0 | lpr2kr: 1000 | cap2udp: 0 | kr2udp: 0 | 
2026-05-03 19:57:22,507 - INFO     - img2od: 27 | od2fr: 0 | od2lpr: 1000 | od2cap: 0 | fr2kr: 0 | lpr2kr: 1000 | cap2udp: 0 | kr2udp: 0 | 
2026-05-03 19:57:23,508 - INFO     - img2od: 27 | od2fr: 0 | od2lpr: 1000 | od2cap: 0 | fr2kr: 0 | lpr2kr: 1000 | cap2udp: 0 | kr2udp: 1 | 
2026-05-03 19:57:24,509 - INFO     - img2od: 27 | od2fr: 0 | od2lpr: 1000 | od2cap: 0 | fr2kr: 0 | lpr2kr: 1000 | cap2udp: 0 | kr2udp: 0 | 
2026-05-03 19:57:25,510 - INFO     - img2od: 27 | od2fr: 0 | od2lpr: 1000 | od2cap: 0 | fr2kr: 0 | lpr2kr: 1000 | cap2udp: 0 | kr2udp: 1 | 
2026-05-03 19:57:26,511 - INFO     - img2od: 27 | od2fr: 0 | od2lpr: 1000 | od2cap: 0 | fr2kr: 0 | lpr2kr: 1000 | cap2udp: 0 | kr2udp: 1 | 
2026-05-03 19:57:27,512 - INFO     - img2od: 27 | od2fr: 0 | od2lpr: 1000 | od2cap: 0 | fr2kr: 0 | lpr2kr: 1000 | cap2udp: 0 | kr2udp: 1 | 
2026-05-03 19:57:28,513 - INFO     - img2od: 27 | od2fr: 0 | od2lpr: 1000 | od2cap: 0 | fr2kr: 0 | lpr2kr: 1000 | cap2udp: 0 | kr2udp: 1 | 
2026-05-03 19:57:29,514 - INFO     - img2od: 27 | od2fr: 0 | od2lpr: 1000 | od2cap: 0 | fr2kr: 0 | lpr2kr: 1000 | cap2udp: 0 | kr2udp: 1 | 
2026-05-03 19:57:30,515 - INFO     - img2od: 27 | od2fr: 0 | od2lpr: 1000 | od2cap: 0 | fr2kr: 0 | lpr2kr: 1000 | cap2udp: 0 | kr2udp: 0 | 
2026-05-03 19:57:31,516 - INFO     - img2od: 27 | od2fr: 0 | od2lpr: 1000 | od2cap: 0 | fr2kr: 0 | lpr2kr: 1000 | cap2udp: 0 | kr2udp: 1 | 
2026-05-03 19:57:32,517 - INFO     - img2od: 27 | od2fr: 0 | od2lpr: 1000 | od2cap: 0 | fr2kr: 0 | lpr2kr: 1000 | cap2udp: 0 | kr2udp: 1 | 
2026-05-03 19:57:33,518 - INFO     - img2od: 27 | od2fr: 0 | od2lpr: 1000 | od2cap: 0 | fr2kr: 0 | lpr2kr: 1000 | cap2udp: 0 | kr2udp: 0 | 
2026-05-03 19:57:34,519 - INFO     - img2od: 27 | od2fr: 0 | od2lpr: 1000 | od2cap: 0 | fr2kr: 0 | lpr2kr: 1000 | cap2udp: 0 | kr2udp: 1 | 
2026-05-03 19:57:35,520 - INFO     - img2od: 27 | od2fr: 0 | od2lpr: 1000 | od2cap: 0 | fr2kr: 0 | lpr2kr: 1000 | cap2udp: 0 | kr2udp: 1 | 
2026-05-03 19:57:36,521 - INFO     - img2od: 27 | od2fr: 0 | od2lpr: 1000 | od2cap: 0 | fr2kr: 0 | lpr2kr: 1000 | cap2udp: 0 | kr2udp: 1 | 
2026-05-03 19:57:37,522 - INFO     - img2od: 27 | od2fr: 0 | od2lpr: 1000 | od2cap: 0 | fr2kr: 0 | lpr2kr: 1000 | cap2udp: 0 | kr2udp: 1 | 
2026-05-03 19:57:38,523 - INFO     - img2od: 27 | od2fr: 0 | od2lpr: 1000 | od2cap: 0 | fr2kr: 0 | lpr2kr: 1000 | cap2udp: 0 | kr2udp: 1 | 
2026-05-03 19:57:39,524 - INFO     - img2od: 27 | od2fr: 0 | od2lpr: 1000 | od2cap: 0 | fr2kr: 0 | lpr2kr: 1000 | cap2udp: 0 | kr2udp: 1 | 
2026-05-03 19:57:40,525 - INFO     - img2od: 27 | od2fr: 0 | od2lpr: 1000 | od2cap: 0 | fr2kr: 0 | lpr2kr: 1000 | cap2udp: 0 | kr2udp: 2 | 
2026-05-03 19:57:41,526 - INFO     - img2od: 27 | od2fr: 0 | od2lpr: 1000 | od2cap: 0 | fr2kr: 0 | lpr2kr: 1000 | cap2udp: 0 | kr2udp: 0 | 
2026-05-03 19:57:42,527 - INFO     - img2od: 27 | od2fr: 0 | od2lpr: 1000 | od2cap: 0 | fr2kr: 0 | lpr2kr: 1000 | cap2udp: 0 | kr2udp: 1 | 
2026-05-03 19:57:43,528 - INFO     - img2od: 27 | od2fr: 0 | od2lpr: 1000 | od2cap: 0 | fr2kr: 0 | lpr2kr: 1000 | cap2udp: 0 | kr2udp: 1 | 
2026-05-03 19:57:44,529 - INFO     - img2od: 27 | od2fr: 0 | od2lpr: 1000 | od2cap: 0 | fr2kr: 0 | lpr2kr: 1000 | cap2udp: 0 | kr2udp: 1 | 
2026-05-03 19:57:45,530 - INFO     - img2od: 27 | od2fr: 0 | od2lpr: 1000 | od2cap: 0 | fr2kr: 0 | lpr2kr: 1000 | cap2udp: 0 | kr2udp: 1 | 
2026-05-03 19:57:46,531 - INFO     - img2od: 27 | od2fr: 0 | od2lpr: 1000 | od2cap: 0 | fr2kr: 0 | lpr2kr: 1000 | cap2udp: 0 | kr2udp: 1 | 
2026-05-03 19:57:47,532 - INFO     - img2od: 27 | od2fr: 0 | od2lpr: 1000 | od2cap: 0 | fr2kr: 0 | lpr2kr: 1000 | cap2udp: 0 | kr2udp: 2 | 
2026-05-03 19:57:48,533 - INFO     - img2od: 27 | od2fr: 0 | od2lpr: 1000 | od2cap: 0 | fr2kr: 0 | lpr2kr: 1000 | cap2udp: 0 | kr2udp: 0 | 
2026-05-03 19:57:49,534 - INFO     - img2od: 27 | od2fr: 0 | od2lpr: 1000 | od2cap: 0 | fr2kr: 0 | lpr2kr: 1000 | cap2udp: 0 | kr2udp: 0 | 
2026-05-03 19:57:50,535 - INFO     - img2od: 27 | od2fr: 0 | od2lpr: 1000 | od2cap: 0 | fr2kr: 0 | lpr2kr: 1000 | cap2udp: 0 | kr2udp: 1 | 
2026-05-03 19:57:51,536 - INFO     - img2od: 27 | od2fr: 0 | od2lpr: 1000 | od2cap: 0 | fr2kr: 0 | lpr2kr: 1000 | cap2udp: 0 | kr2udp: 0 | 
2026-05-03 19:57:52,537 - INFO     - img2od: 27 | od2fr: 0 | od2lpr: 1000 | od2cap: 0 | fr2kr: 0 | lpr2kr: 1000 | cap2udp: 0 | kr2udp: 1 | 
2026-05-03 19:57:53,538 - INFO     - img2od: 27 | od2fr: 0 | od2lpr: 1000 | od2cap: 0 | fr2kr: 0 | lpr2kr: 1000 | cap2udp: 0 | kr2udp: 1 | 
2026-05-03 19:57:54,539 - INFO     - img2od: 27 | od2fr: 0 | od2lpr: 1000 | od2cap: 0 | fr2kr: 0 | lpr2kr: 1000 | cap2udp: 0 | kr2udp: 1 | 
2026-05-03 19:57:55,540 - INFO     - img2od: 27 | od2fr: 0 | od2lpr: 1000 | od2cap: 0 | fr2kr: 0 | lpr2kr: 1000 | cap2udp: 0 | kr2udp: 1 | 
2026-05-03 19:57:56,541 - INFO     - img2od: 27 | od2fr: 0 | od2lpr: 1000 | od2cap: 0 | fr2kr: 0 | lpr2kr: 1000 | cap2udp: 0 | kr2udp: 0 | 
2026-05-03 19:57:57,542 - INFO     - img2od: 27 | od2fr: 0 | od2lpr: 1000 | od2cap: 0 | fr2kr: 0 | lpr2kr: 1000 | cap2udp: 0 | kr2udp: 1 | 
2026-05-03 19:57:58,543 - INFO     - img2od: 27 | od2fr: 0 | od2lpr: 1000 | od2cap: 0 | fr2kr: 0 | lpr2kr: 1000 | cap2udp: 0 | kr2udp: 0 | 
2026-05-03 19:57:59,544 - INFO     - img2od: 27 | od2fr: 0 | od2lpr: 1000 | od2cap: 0 | fr2kr: 0 | lpr2kr: 1000 | cap2udp: 0 | kr2udp: 0 | 
2026-05-03 19:58:00,545 - INFO     - img2od: 27 | od2fr: 0 | od2lpr: 1000 | od2cap: 0 | fr2kr: 0 | lpr2kr: 1000 | cap2udp: 0 | kr2udp: 0 | 
2026-05-03 19:58:01,546 - INFO     - img2od: 27 | od2fr: 0 | od2lpr: 1000 | od2cap: 0 | fr2kr: 0 | lpr2kr: 1000 | cap2udp: 0 | kr2udp: 0 | 
2026-05-03 19:58:02,547 - INFO     - img2od: 27 | od2fr: 0 | od2lpr: 1000 | od2cap: 0 | fr2kr: 0 | lpr2kr: 1000 | cap2udp: 0 | kr2udp: 1 | 
2026-05-03 19:58:03,548 - INFO     - img2od: 27 | od2fr: 0 | od2lpr: 1000 | od2cap: 0 | fr2kr: 0 | lpr2kr: 1000 | cap2udp: 0 | kr2udp: 1 | 
2026-05-03 19:58:04,549 - INFO     - img2od: 27 | od2fr: 0 | od2lpr: 1000 | od2cap: 0 | fr2kr: 0 | lpr2kr: 1000 | cap2udp: 0 | kr2udp: 1 | 
2026-05-03 19:58:05,550 - INFO     - img2od: 27 | od2fr: 0 | od2lpr: 1000 | od2cap: 0 | fr2kr: 0 | lpr2kr: 1000 | cap2udp: 0 | kr2udp: 0 | 
2026-05-03 19:58:06,551 - INFO     - img2od: 27 | od2fr: 0 | od2lpr: 1000 | od2cap: 0 | fr2kr: 0 | lpr2kr: 1000 | cap2udp: 0 | kr2udp: 0 | 
2026-05-03 19:58:07,552 - INFO     - img2od: 27 | od2fr: 0 | od2lpr: 1000 | od2cap: 0 | fr2kr: 0 | lpr2kr: 1000 | cap2udp: 0 | kr2udp: 0 | 
2026-05-03 19:58:08,553 - INFO     - img2od: 27 | od2fr: 0 | od2lpr: 1000 | od2cap: 0 | fr2kr: 0 | lpr2kr: 1000 | cap2udp: 0 | kr2udp: 0 | 
2026-05-03 19:58:09,554 - INFO     - img2od: 27 | od2fr: 0 | od2lpr: 1000 | od2cap: 0 | fr2kr: 0 | lpr2kr: 1000 | cap2udp: 0 | kr2udp: 0 | 
2026-05-03 19:58:10,555 - INFO     - img2od: 27 | od2fr: 0 | od2lpr: 1000 | od2cap: 0 | fr2kr: 0 | lpr2kr: 1000 | cap2udp: 0 | kr2udp: 1 | 
2026-05-03 19:58:11,556 - INFO     - img2od: 27 | od2fr: 0 | od2lpr: 1000 | od2cap: 0 | fr2kr: 0 | lpr2kr: 1000 | cap2udp: 0 | kr2udp: 0 | 
2026-05-03 19:58:12,557 - INFO     - img2od: 27 | od2fr: 0 | od2lpr: 1000 | od2cap: 0 | fr2kr: 0 | lpr2kr: 1000 | cap2udp: 0 | kr2udp: 1 | 
2026-05-03 19:58:13,558 - INFO     - img2od: 27 | od2fr: 0 | od2lpr: 1000 | od2cap: 0 | fr2kr: 0 | lpr2kr: 1000 | cap2udp: 0 | kr2udp: 1 | 
2026-05-03 19:58:14,559 - INFO     - img2od: 27 | od2fr: 0 | od2lpr: 1000 | od2cap: 0 | fr2kr: 0 | lpr2kr: 1000 | cap2udp: 0 | kr2udp: 1 | 
2026-05-03 19:58:15,560 - INFO     - img2od: 27 | od2fr: 0 | od2lpr: 1000 | od2cap: 0 | fr2kr: 0 | lpr2kr: 1000 | cap2udp: 0 | kr2udp: 1 | 
2026-05-03 19:58:16,561 - INFO     - img2od: 27 | od2fr: 0 | od2lpr: 1000 | od2cap: 0 | fr2kr: 0 | lpr2kr: 1000 | cap2udp: 0 | kr2udp: 1 | 
2026-05-03 19:58:17,562 - INFO     - img2od: 27 | od2fr: 0 | od2lpr: 1000 | od2cap: 0 | fr2kr: 0 | lpr2kr: 1000 | cap2udp: 0 | kr2udp: 1 | 
2026-05-03 19:58:18,563 - INFO     - img2od: 27 | od2fr: 0 | od2lpr: 1000 | od2cap: 0 | fr2kr: 0 | lpr2kr: 1000 | cap2udp: 0 | kr2udp: 1 | 
2026-05-03 19:58:19,564 - INFO     - img2od: 27 | od2fr: 0 | od2lpr: 1000 | od2cap: 0 | fr2kr: 0 | lpr2kr: 1000 | cap2udp: 0 | kr2udp: 0 | 
2026-05-03 19:58:20,565 - INFO     - img2od: 27 | od2fr: 0 | od2lpr: 1000 | od2cap: 0 | fr2kr: 0 | lpr2kr: 1000 | cap2udp: 0 | kr2udp: 1 | 
2026-05-03 19:58:21,566 - INFO     - img2od: 27 | od2fr: 0 | od2lpr: 1000 | od2cap: 0 | fr2kr: 0 | lpr2kr: 1000 | cap2udp: 0 | kr2udp: 1 | 
2026-05-03 19:58:22,567 - INFO     - img2od: 27 | od2fr: 0 | od2lpr: 1000 | od2cap: 0 | fr2kr: 0 | lpr2kr: 999 | cap2udp: 0 | kr2udp: 0 | 
2026-05-03 19:58:23,568 - INFO     - img2od: 27 | od2fr: 0 | od2lpr: 1000 | od2cap: 0 | fr2kr: 0 | lpr2kr: 1000 | cap2udp: 0 | kr2udp: 1 | 
2026-05-03 19:58:24,569 - INFO     - img2od: 27 | od2fr: 0 | od2lpr: 1000 | od2cap: 0 | fr2kr: 0 | lpr2kr: 1000 | cap2udp: 0 | kr2udp: 1 | 
2026-05-03 19:58:25,570 - INFO     - img2od: 27 | od2fr: 0 | od2lpr: 1000 | od2cap: 0 | fr2kr: 0 | lpr2kr: 1000 | cap2udp: 0 | kr2udp: 1 | 
2026-05-03 19:58:26,571 - INFO     - img2od: 27 | od2fr: 0 | od2lpr: 1000 | od2cap: 0 | fr2kr: 0 | lpr2kr: 1000 | cap2udp: 0 | kr2udp: 1 | 
2026-05-03 19:58:27,572 - INFO     - img2od: 27 | od2fr: 0 | od2lpr: 1000 | od2cap: 0 | fr2kr: 0 | lpr2kr: 1000 | cap2udp: 0 | kr2udp: 0 | 
2026-05-03 19:58:28,573 - INFO     - img2od: 27 | od2fr: 0 | od2lpr: 1000 | od2cap: 0 | fr2kr: 0 | lpr2kr: 1000 | cap2udp: 0 | kr2udp: 1 | 
2026-05-03 19:58:29,574 - INFO     - img2od: 27 | od2fr: 0 | od2lpr: 1000 | od2cap: 0 | fr2kr: 0 | lpr2kr: 1000 | cap2udp: 0 | kr2udp: 1 | 
2026-05-03 19:58:30,575 - INFO     - img2od: 27 | od2fr: 0 | od2lpr: 1000 | od2cap: 0 | fr2kr: 0 | lpr2kr: 1000 | cap2udp: 0 | kr2udp: 1 | 
2026-05-03 19:58:31,576 - INFO     - img2od: 27 | od2fr: 0 | od2lpr: 1000 | od2cap: 0 | fr2kr: 0 | lpr2kr: 1000 | cap2udp: 0 | kr2udp: 1 | 
2026-05-03 19:58:32,577 - INFO     - img2od: 27 | od2fr: 0 | od2lpr: 1000 | od2cap: 0 | fr2kr: 0 | lpr2kr: 1000 | cap2udp: 0 | kr2udp: 1 | 
2026-05-03 19:58:33,578 - INFO     - img2od: 27 | od2fr: 0 | od2lpr: 1000 | od2cap: 0 | fr2kr: 0 | lpr2kr: 1000 | cap2udp: 0 | kr2udp: 0 | 
2026-05-03 19:58:34,579 - INFO     - img2od: 27 | od2fr: 0 | od2lpr: 1000 | od2cap: 0 | fr2kr: 0 | lpr2kr: 1000 | cap2udp: 0 | kr2udp: 1 | 
2026-05-03 19:58:35,580 - INFO     - img2od: 27 | od2fr: 0 | od2lpr: 1000 | od2cap: 0 | fr2kr: 0 | lpr2kr: 1000 | cap2udp: 0 | kr2udp: 0 | 
2026-05-03 19:58:36,581 - INFO     - img2od: 27 | od2fr: 0 | od2lpr: 999 | od2cap: 0 | fr2kr: 0 | lpr2kr: 1000 | cap2udp: 0 | kr2udp: 1 | 
2026-05-03 19:58:37,582 - INFO     - img2od: 27 | od2fr: 0 | od2lpr: 1000 | od2cap: 0 | fr2kr: 0 | lpr2kr: 999 | cap2udp: 0 | kr2udp: 1 | 
2026-05-03 19:58:38,583 - INFO     - img2od: 27 | od2fr: 0 | od2lpr: 1000 | od2cap: 0 | fr2kr: 0 | lpr2kr: 1000 | cap2udp: 0 | kr2udp: 1 | 
2026-05-03 19:58:39,584 - INFO     - img2od: 27 | od2fr: 0 | od2lpr: 1000 | od2cap: 0 | fr2kr: 0 | lpr2kr: 1000 | cap2udp: 0 | kr2udp: 0 | 
2026-05-03 19:58:40,585 - INFO     - img2od: 27 | od2fr: 0 | od2lpr: 1000 | od2cap: 0 | fr2kr: 0 | lpr2kr: 1000 | cap2udp: 0 | kr2udp: 1 | 
2026-05-03 19:58:41,586 - INFO     - img2od: 27 | od2fr: 0 | od2lpr: 1000 | od2cap: 0 | fr2kr: 0 | lpr2kr: 1000 | cap2udp: 0 | kr2udp: 0 | 
2026-05-03 19:58:42,587 - INFO     - img2od: 27 | od2fr: 0 | od2lpr: 1000 | od2cap: 0 | fr2kr: 0 | lpr2kr: 1000 | cap2udp: 0 | kr2udp: 1 | 
2026-05-03 19:58:43,588 - INFO     - img2od: 27 | od2fr: 0 | od2lpr: 1000 | od2cap: 0 | fr2kr: 0 | lpr2kr: 1000 | cap2udp: 0 | kr2udp: 1 | 
2026-05-03 19:58:44,589 - INFO     - img2od: 27 | od2fr: 0 | od2lpr: 1000 | od2cap: 0 | fr2kr: 0 | lpr2kr: 1000 | cap2udp: 0 | kr2udp: 1 | 
2026-05-03 19:58:45,590 - INFO     - img2od: 27 | od2fr: 0 | od2lpr: 1000 | od2cap: 0 | fr2kr: 0 | lpr2kr: 1000 | cap2udp: 0 | kr2udp: 1 | 
2026-05-03 19:58:46,591 - INFO     - img2od: 27 | od2fr: 0 | od2lpr: 1000 | od2cap: 0 | fr2kr: 0 | lpr2kr: 1000 | cap2udp: 0 | kr2udp: 1 | 
2026-05-03 19:58:47,592 - INFO     - img2od: 27 | od2fr: 0 | od2lpr: 1000 | od2cap: 0 | fr2kr: 0 | lpr2kr: 1000 | cap2udp: 0 | kr2udp: 0 | 
2026-05-03 19:58:48,593 - INFO     - img2od: 27 | od2fr: 0 | od2lpr: 1000 | od2cap: 0 | fr2kr: 0 | lpr2kr: 1000 | cap2udp: 0 | kr2udp: 0 | 
2026-05-03 19:58:49,594 - INFO     - img2od: 27 | od2fr: 0 | od2lpr: 1000 | od2cap: 0 | fr2kr: 0 | lpr2kr: 1000 | cap2udp: 0 | kr2udp: 0 | 
2026-05-03 19:58:50,595 - INFO     - img2od: 27 | od2fr: 0 | od2lpr: 1000 | od2cap: 0 | fr2kr: 0 | lpr2kr: 1000 | cap2udp: 0 | kr2udp: 1 | 
2026-05-03 19:58:51,596 - INFO     - img2od: 27 | od2fr: 0 | od2lpr: 1000 | od2cap: 0 | fr2kr: 0 | lpr2kr: 1000 | cap2udp: 0 | kr2udp: 0 | 
2026-05-03 19:58:52,597 - INFO     - img2od: 27 | od2fr: 0 | od2lpr: 1000 | od2cap: 0 | fr2kr: 0 | lpr2kr: 1000 | cap2udp: 0 | kr2udp: 1 | 
2026-05-03 19:58:53,598 - INFO     - img2od: 27 | od2fr: 0 | od2lpr: 1000 | od2cap: 0 | fr2kr: 0 | lpr2kr: 1000 | cap2udp: 0 | kr2udp: 0 | 
2026-05-03 19:58:54,599 - INFO     - img2od: 27 | od2fr: 0 | od2lpr: 1000 | od2cap: 0 | fr2kr: 0 | lpr2kr: 1000 | cap2udp: 0 | kr2udp: 1 | 
2026-05-03 19:58:55,600 - INFO     - img2od: 27 | od2fr: 0 | od2lpr: 1000 | od2cap: 0 | fr2kr: 0 | lpr2kr: 1000 | cap2udp: 0 | kr2udp: 1 | 
2026-05-03 19:58:56,601 - INFO     - img2od: 27 | od2fr: 0 | od2lpr: 1000 | od2cap: 0 | fr2kr: 0 | lpr2kr: 1000 | cap2udp: 0 | kr2udp: 1 | 
2026-05-03 19:58:57,602 - INFO     - img2od: 27 | od2fr: 0 | od2lpr: 1000 | od2cap: 0 | fr2kr: 0 | lpr2kr: 1000 | cap2udp: 0 | kr2udp: 1 | 
2026-05-03 19:58:58,603 - INFO     - img2od: 27 | od2fr: 0 | od2lpr: 1000 | od2cap: 0 | fr2kr: 0 | lpr2kr: 1000 | cap2udp: 0 | kr2udp: 1 | 
2026-05-03 19:58:59,604 - INFO     - img2od: 27 | od2fr: 0 | od2lpr: 1000 | od2cap: 0 | fr2kr: 0 | lpr2kr: 1000 | cap2udp: 0 | kr2udp: 1 | 
2026-05-03 19:59:00,605 - INFO     - img2od: 27 | od2fr: 0 | od2lpr: 1000 | od2cap: 0 | fr2kr: 0 | lpr2kr: 1000 | cap2udp: 0 | kr2udp: 1 | 
2026-05-03 19:59:01,606 - INFO     - img2od: 27 | od2fr: 0 | od2lpr: 1000 | od2cap: 0 | fr2kr: 0 | lpr2kr: 1000 | cap2udp: 0 | kr2udp: 1 | 
2026-05-03 19:59:02,607 - INFO     - img2od: 27 | od2fr: 0 | od2lpr: 1000 | od2cap: 0 | fr2kr: 0 | lpr2kr: 1000 | cap2udp: 0 | kr2udp: 2 | 
2026-05-03 19:59:03,608 - INFO     - img2od: 27 | od2fr: 0 | od2lpr: 1000 | od2cap: 0 | fr2kr: 0 | lpr2kr: 1000 | cap2udp: 0 | kr2udp: 1 | 
2026-05-03 19:59:04,609 - INFO     - img2od: 27 | od2fr: 0 | od2lpr: 1000 | od2cap: 0 | fr2kr: 0 | lpr2kr: 1000 | cap2udp: 0 | kr2udp: 1 | 
2026-05-03 19:59:05,610 - INFO     - img2od: 27 | od2fr: 0 | od2lpr: 1000 | od2cap: 0 | fr2kr: 0 | lpr2kr: 1000 | cap2udp: 0 | kr2udp: 1 | 
2026-05-03 19:59:06,611 - INFO     - img2od: 27 | od2fr: 0 | od2lpr: 1000 | od2cap: 0 | fr2kr: 0 | lpr2kr: 1000 | cap2udp: 0 | kr2udp: 0 | 
2026-05-03 19:59:07,612 - INFO     - img2od: 27 | od2fr: 0 | od2lpr: 1000 | od2cap: 0 | fr2kr: 0 | lpr2kr: 999 | cap2udp: 0 | kr2udp: 1 | 
2026-05-03 19:59:08,613 - INFO     - img2od: 27 | od2fr: 0 | od2lpr: 1000 | od2cap: 0 | fr2kr: 0 | lpr2kr: 1000 | cap2udp: 0 | kr2udp: 1 | 
2026-05-03 19:59:09,614 - INFO     - img2od: 27 | od2fr: 0 | od2lpr: 1000 | od2cap: 0 | fr2kr: 0 | lpr2kr: 1000 | cap2udp: 0 | kr2udp: 1 | 
2026-05-03 19:59:10,615 - INFO     - img2od: 27 | od2fr: 0 | od2lpr: 1000 | od2cap: 0 | fr2kr: 0 | lpr2kr: 1000 | cap2udp: 0 | kr2udp: 0 | 
2026-05-03 19:59:11,616 - INFO     - img2od: 27 | od2fr: 0 | od2lpr: 1000 | od2cap: 0 | fr2kr: 0 | lpr2kr: 1000 | cap2udp: 0 | kr2udp: 1 | 
2026-05-03 19:59:12,617 - INFO     - img2od: 27 | od2fr: 0 | od2lpr: 1000 | od2cap: 0 | fr2kr: 0 | lpr2kr: 1000 | cap2udp: 0 | kr2udp: 1 | 
2026-05-03 19:59:13,618 - INFO     - img2od: 27 | od2fr: 0 | od2lpr: 1000 | od2cap: 0 | fr2kr: 0 | lpr2kr: 1000 | cap2udp: 0 | kr2udp: 1 | 
2026-05-03 19:59:14,619 - INFO     - img2od: 27 | od2fr: 0 | od2lpr: 1000 | od2cap: 0 | fr2kr: 0 | lpr2kr: 1000 | cap2udp: 0 | kr2udp: 0 | 
2026-05-03 19:59:15,620 - INFO     - img2od: 27 | od2fr: 0 | od2lpr: 1000 | od2cap: 0 | fr2kr: 0 | lpr2kr: 1000 | cap2udp: 0 | kr2udp: 0 | 
2026-05-03 19:59:16,621 - INFO     - img2od: 27 | od2fr: 0 | od2lpr: 1000 | od2cap: 0 | fr2kr: 0 | lpr2kr: 1000 | cap2udp: 0 | kr2udp: 1 | 
2026-05-03 19:59:17,622 - INFO     - img2od: 27 | od2fr: 0 | od2lpr: 1000 | od2cap: 0 | fr2kr: 0 | lpr2kr: 999 | cap2udp: 0 | kr2udp: 1 | 
2026-05-03 19:59:18,623 - INFO     - img2od: 27 | od2fr: 0 | od2lpr: 1000 | od2cap: 0 | fr2kr: 0 | lpr2kr: 1000 | cap2udp: 0 | kr2udp: 1 | 
2026-05-03 19:59:19,624 - INFO     - img2od: 27 | od2fr: 0 | od2lpr: 1000 | od2cap: 0 | fr2kr: 0 | lpr2kr: 999 | cap2udp: 0 | kr2udp: 1 | 
2026-05-03 19:59:20,625 - INFO     - img2od: 27 | od2fr: 0 | od2lpr: 1000 | od2cap: 0 | fr2kr: 0 | lpr2kr: 1000 | cap2udp: 0 | kr2udp: 1 | 
2026-05-03 19:59:21,626 - INFO     - img2od: 27 | od2fr: 0 | od2lpr: 1000 | od2cap: 0 | fr2kr: 0 | lpr2kr: 1000 | cap2udp: 0 | kr2udp: 1 | 
2026-05-03 19:59:22,627 - INFO     - img2od: 27 | od2fr: 0 | od2lpr: 1000 | od2cap: 0 | fr2kr: 0 | lpr2kr: 1000 | cap2udp: 0 | kr2udp: 1 | 
2026-05-03 19:59:23,628 - INFO     - img2od: 27 | od2fr: 0 | od2lpr: 1000 | od2cap: 0 | fr2kr: 0 | lpr2kr: 1000 | cap2udp: 0 | kr2udp: 0 | 
2026-05-03 19:59:24,629 - INFO     - img2od: 27 | od2fr: 0 | od2lpr: 1000 | od2cap: 0 | fr2kr: 0 | lpr2kr: 1000 | cap2udp: 0 | kr2udp: 1 | 
2026-05-03 19:59:25,630 - INFO     - img2od: 27 | od2fr: 0 | od2lpr: 1000 | od2cap: 0 | fr2kr: 0 | lpr2kr: 1000 | cap2udp: 0 | kr2udp: 1 | 
2026-05-03 19:59:26,631 - INFO     - img2od: 27 | od2fr: 0 | od2lpr: 1000 | od2cap: 0 | fr2kr: 0 | lpr2kr: 1000 | cap2udp: 0 | kr2udp: 0 | 
2026-05-03 19:59:27,632 - INFO     - img2od: 27 | od2fr: 0 | od2lpr: 1000 | od2cap: 0 | fr2kr: 0 | lpr2kr: 1000 | cap2udp: 0 | kr2udp: 1 | 
2026-05-03 19:59:28,633 - INFO     - img2od: 27 | od2fr: 0 | od2lpr: 1000 | od2cap: 0 | fr2kr: 0 | lpr2kr: 1000 | cap2udp: 0 | kr2udp: 0 | 
2026-05-03 19:59:29,634 - INFO     - img2od: 27 | od2fr: 0 | od2lpr: 1000 | od2cap: 0 | fr2kr: 0 | lpr2kr: 1000 | cap2udp: 0 | kr2udp: 0 | 
2026-05-03 19:59:30,635 - INFO     - img2od: 27 | od2fr: 0 | od2lpr: 1000 | od2cap: 0 | fr2kr: 0 | lpr2kr: 1000 | cap2udp: 0 | kr2udp: 0 | 
2026-05-03 19:59:31,636 - INFO     - img2od: 27 | od2fr: 0 | od2lpr: 1000 | od2cap: 0 | fr2kr: 0 | lpr2kr: 1000 | cap2udp: 0 | kr2udp: 1 | 
2026-05-03 19:59:32,637 - INFO     - img2od: 27 | od2fr: 0 | od2lpr: 1000 | od2cap: 0 | fr2kr: 0 | lpr2kr: 1000 | cap2udp: 0 | kr2udp: 0 | 
2026-05-03 19:59:33,638 - INFO     - img2od: 27 | od2fr: 0 | od2lpr: 1000 | od2cap: 0 | fr2kr: 0 | lpr2kr: 1000 | cap2udp: 0 | kr2udp: 1 | 
2026-05-03 19:59:34,639 - INFO     - img2od: 27 | od2fr: 0 | od2lpr: 1000 | od2cap: 0 | fr2kr: 0 | lpr2kr: 1000 | cap2udp: 0 | kr2udp: 1 | 
2026-05-03 19:59:35,640 - INFO     - img2od: 27 | od2fr: 0 | od2lpr: 1000 | od2cap: 0 | fr2kr: 0 | lpr2kr: 1000 | cap2udp: 0 | kr2udp: 1 | 
2026-05-03 19:59:36,641 - INFO     - img2od: 27 | od2fr: 0 | od2lpr: 1000 | od2cap: 0 | fr2kr: 0 | lpr2kr: 1000 | cap2udp: 0 | kr2udp: 1 | 
2026-05-03 19:59:37,642 - INFO     - img2od: 27 | od2fr: 0 | od2lpr: 1000 | od2cap: 0 | fr2kr: 0 | lpr2kr: 1000 | cap2udp: 0 | kr2udp: 1 | 
2026-05-03 19:59:38,643 - INFO     - img2od: 27 | od2fr: 0 | od2lpr: 1000 | od2cap: 0 | fr2kr: 0 | lpr2kr: 1000 | cap2udp: 0 | kr2udp: 1 | 
2026-05-03 19:59:39,644 - INFO     - img2od: 27 | od2fr: 0 | od2lpr: 1000 | od2cap: 0 | fr2kr: 0 | lpr2kr: 1000 | cap2udp: 0 | kr2udp: 0 | 
2026-05-03 19:59:40,645 - INFO     - img2od: 27 | od2fr: 0 | od2lpr: 1000 | od2cap: 0 | fr2kr: 0 | lpr2kr: 1000 | cap2udp: 0 | kr2udp: 1 | 
2026-05-03 19:59:41,646 - INFO     - img2od: 27 | od2fr: 0 | od2lpr: 1000 | od2cap: 0 | fr2kr: 0 | lpr2kr: 1000 | cap2udp: 0 | kr2udp: 0 | 
2026-05-03 19:59:42,647 - INFO     - img2od: 27 | od2fr: 0 | od2lpr: 1000 | od2cap: 0 | fr2kr: 0 | lpr2kr: 1000 | cap2udp: 0 | kr2udp: 1 | 
2026-05-03 19:59:43,648 - INFO     - img2od: 27 | od2fr: 0 | od2lpr: 1000 | od2cap: 0 | fr2kr: 0 | lpr2kr: 1000 | cap2udp: 0 | kr2udp: 1 | 
2026-05-03 19:59:44,649 - INFO     - img2od: 27 | od2fr: 0 | od2lpr: 1000 | od2cap: 0 | fr2kr: 0 | lpr2kr: 1000 | cap2udp: 0 | kr2udp: 1 | 
2026-05-03 19:59:45,650 - INFO     - img2od: 27 | od2fr: 0 | od2lpr: 1000 | od2cap: 0 | fr2kr: 0 | lpr2kr: 1000 | cap2udp: 0 | kr2udp: 0 | 
2026-05-03 19:59:46,651 - INFO     - img2od: 27 | od2fr: 0 | od2lpr: 1000 | od2cap: 0 | fr2kr: 0 | lpr2kr: 1000 | cap2udp: 0 | kr2udp: 1 | 
2026-05-03 19:59:47,652 - INFO     - img2od: 27 | od2fr: 0 | od2lpr: 1000 | od2cap: 0 | fr2kr: 0 | lpr2kr: 1000 | cap2udp: 0 | kr2udp: 0 | 
2026-05-03 19:59:48,653 - INFO     - img2od: 27 | od2fr: 0 | od2lpr: 1000 | od2cap: 0 | fr2kr: 0 | lpr2kr: 1000 | cap2udp: 0 | kr2udp: 1 | 
2026-05-03 19:59:49,654 - INFO     - img2od: 27 | od2fr: 0 | od2lpr: 1000 | od2cap: 0 | fr2kr: 0 | lpr2kr: 1000 | cap2udp: 0 | kr2udp: 1 | 
2026-05-03 19:59:50,655 - INFO     - img2od: 27 | od2fr: 0 | od2lpr: 1000 | od2cap: 0 | fr2kr: 0 | lpr2kr: 999 | cap2udp: 0 | kr2udp: 1 | 
2026-05-03 19:59:51,656 - INFO     - img2od: 27 | od2fr: 0 | od2lpr: 1000 | od2cap: 0 | fr2kr: 0 | lpr2kr: 1000 | cap2udp: 0 | kr2udp: 1 | 
2026-05-03 19:59:52,657 - INFO     - img2od: 27 | od2fr: 0 | od2lpr: 1000 | od2cap: 0 | fr2kr: 0 | lpr2kr: 1000 | cap2udp: 0 | kr2udp: 1 | 
2026-05-03 19:59:53,658 - INFO     - img2od: 27 | od2fr: 0 | od2lpr: 1000 | od2cap: 0 | fr2kr: 0 | lpr2kr: 1000 | cap2udp: 0 | kr2udp: 1 | 
2026-05-03 19:59:54,659 - INFO     - img2od: 27 | od2fr: 0 | od2lpr: 1000 | od2cap: 0 | fr2kr: 0 | lpr2kr: 1000 | cap2udp: 0 | kr2udp: 0 | 
2026-05-03 19:59:55,660 - INFO     - img2od: 27 | od2fr: 0 | od2lpr: 1000 | od2cap: 0 | fr2kr: 0 | lpr2kr: 1000 | cap2udp: 0 | kr2udp: 0 | 
2026-05-03 19:59:56,661 - INFO     - img2od: 27 | od2fr: 0 | od2lpr: 1000 | od2cap: 0 | fr2kr: 0 | lpr2kr: 1000 | cap2udp: 0 | kr2udp: 1 | 
2026-05-03 19:59:57,662 - INFO     - img2od: 27 | od2fr: 0 | od2lpr: 1000 | od2cap: 0 | fr2kr: 0 | lpr2kr: 1000 | cap2udp: 0 | kr2udp: 0 | 
2026-05-03 19:59:58,663 - INFO     - img2od: 27 | od2fr: 0 | od2lpr: 1000 | od2cap: 0 | fr2kr: 0 | lpr2kr: 1000 | cap2udp: 0 | kr2udp: 1 | 
2026-05-03 19:59:59,664 - INFO     - img2od: 27 | od2fr: 0 | od2lpr: 1000 | od2cap: 0 | fr2kr: 0 | lpr2kr: 1000 | cap2udp: 0 | kr2udp: 0 | 
2026-05-03 20:00:00,665 - INFO     - img2od: 27 | od2fr: 0 | od2lpr: 1000 | od2cap: 0 | fr2kr: 0 | lpr2kr: 1000 | cap2udp: 0 | kr2udp: 0 | 
2026-05-03 20:00:01,666 - INFO     - img2od: 27 | od2fr: 0 | od2lpr: 1000 | od2cap: 0 | fr2kr: 0 | lpr2kr: 1000 | cap2udp: 0 | kr2udp: 1 | 
2026-05-03 20:00:02,667 - INFO     - img2od: 27 | od2fr: 0 | od2lpr: 1000 | od2cap: 0 | fr2kr: 0 | lpr2kr: 1000 | cap2udp: 0 | kr2udp: 1 | 
2026-05-03 20:00:03,668 - INFO     - img2od: 27 | od2fr: 0 | od2lpr: 1000 | od2cap: 0 | fr2kr: 0 | lpr2kr: 1000 | cap2udp: 0 | kr2udp: 1 | 
2026-05-03 20:00:04,669 - INFO     - img2od: 27 | od2fr: 0 | od2lpr: 1000 | od2cap: 0 | fr2kr: 0 | lpr2kr: 1000 | cap2udp: 0 | kr2udp: 0 | 
2026-05-03 20:00:05,670 - INFO     - img2od: 27 | od2fr: 0 | od2lpr: 1000 | od2cap: 0 | fr2kr: 0 | lpr2kr: 1000 | cap2udp: 0 | kr2udp: 0 | 
2026-05-03 20:00:06,671 - INFO     - img2od: 27 | od2fr: 0 | od2lpr: 1000 | od2cap: 0 | fr2kr: 0 | lpr2kr: 1000 | cap2udp: 0 | kr2udp: 1 | 
2026-05-03 20:00:07,672 - INFO     - img2od: 27 | od2fr: 0 | od2lpr: 1000 | od2cap: 0 | fr2kr: 0 | lpr2kr: 1000 | cap2udp: 0 | kr2udp: 1 | 
2026-05-03 20:00:08,673 - INFO     - img2od: 27 | od2fr: 0 | od2lpr: 1000 | od2cap: 0 | fr2kr: 0 | lpr2kr: 1000 | cap2udp: 0 | kr2udp: 0 | 
2026-05-03 20:00:09,674 - INFO     - img2od: 27 | od2fr: 0 | od2lpr: 1000 | od2cap: 0 | fr2kr: 0 | lpr2kr: 1000 | cap2udp: 0 | kr2udp: 0 | 
2026-05-03 20:00:10,675 - INFO     - img2od: 27 | od2fr: 0 | od2lpr: 1000 | od2cap: 0 | fr2kr: 0 | lpr2kr: 1000 | cap2udp: 0 | kr2udp: 1 | 
2026-05-03 20:00:11,676 - INFO     - img2od: 27 | od2fr: 0 | od2lpr: 1000 | od2cap: 0 | fr2kr: 0 | lpr2kr: 1000 | cap2udp: 0 | kr2udp: 0 | 
2026-05-03 20:00:12,677 - INFO     - img2od: 27 | od2fr: 0 | od2lpr: 1000 | od2cap: 0 | fr2kr: 0 | lpr2kr: 1000 | cap2udp: 0 | kr2udp: 1 | 
2026-05-03 20:00:13,678 - INFO     - img2od: 27 | od2fr: 0 | od2lpr: 1000 | od2cap: 0 | fr2kr: 0 | lpr2kr: 1000 | cap2udp: 0 | kr2udp: 1 | 
2026-05-03 20:00:14,679 - INFO     - img2od: 27 | od2fr: 0 | od2lpr: 1000 | od2cap: 0 | fr2kr: 0 | lpr2kr: 1000 | cap2udp: 0 | kr2udp: 1 | 
2026-05-03 20:00:15,680 - INFO     - img2od: 27 | od2fr: 0 | od2lpr: 1000 | od2cap: 0 | fr2kr: 0 | lpr2kr: 1000 | cap2udp: 0 | kr2udp: 1 | 
2026-05-03 20:00:16,681 - INFO     - img2od: 27 | od2fr: 0 | od2lpr: 1000 | od2cap: 0 | fr2kr: 0 | lpr2kr: 1000 | cap2udp: 0 | kr2udp: 1 | 
2026-05-03 20:00:17,682 - INFO     - img2od: 27 | od2fr: 0 | od2lpr: 1000 | od2cap: 0 | fr2kr: 0 | lpr2kr: 1000 | cap2udp: 0 | kr2udp: 1 | 
2026-05-03 20:00:18,683 - INFO     - img2od: 27 | od2fr: 0 | od2lpr: 1000 | od2cap: 0 | fr2kr: 0 | lpr2kr: 1000 | cap2udp: 0 | kr2udp: 1 | 
2026-05-03 20:00:19,684 - INFO     - img2od: 27 | od2fr: 0 | od2lpr: 1000 | od2cap: 0 | fr2kr: 0 | lpr2kr: 1000 | cap2udp: 0 | kr2udp: 1 | 
2026-05-03 20:00:20,685 - INFO     - img2od: 27 | od2fr: 0 | od2lpr: 1000 | od2cap: 0 | fr2kr: 0 | lpr2kr: 1000 | cap2udp: 0 | kr2udp: 1 | 
2026-05-03 20:00:21,686 - INFO     - img2od: 27 | od2fr: 0 | od2lpr: 1000 | od2cap: 0 | fr2kr: 0 | lpr2kr: 1000 | cap2udp: 0 | kr2udp: 0 | 
2026-05-03 20:00:22,687 - INFO     - img2od: 27 | od2fr: 0 | od2lpr: 1000 | od2cap: 0 | fr2kr: 0 | lpr2kr: 1000 | cap2udp: 0 | kr2udp: 1 | 
2026-05-03 20:00:23,688 - INFO     - img2od: 27 | od2fr: 0 | od2lpr: 1000 | od2cap: 0 | fr2kr: 0 | lpr2kr: 1000 | cap2udp: 0 | kr2udp: 1 | 
2026-05-03 20:00:24,689 - INFO     - img2od: 27 | od2fr: 0 | od2lpr: 999 | od2cap: 0 | fr2kr: 0 | lpr2kr: 1000 | cap2udp: 0 | kr2udp: 1 | 
2026-05-03 20:00:25,690 - INFO     - img2od: 27 | od2fr: 0 | od2lpr: 1000 | od2cap: 0 | fr2kr: 0 | lpr2kr: 1000 | cap2udp: 0 | kr2udp: 1 | 
2026-05-03 20:00:26,691 - INFO     - img2od: 27 | od2fr: 0 | od2lpr: 1000 | od2cap: 0 | fr2kr: 0 | lpr2kr: 1000 | cap2udp: 0 | kr2udp: 0 | 
2026-05-03 20:00:27,692 - INFO     - img2od: 27 | od2fr: 0 | od2lpr: 1000 | od2cap: 0 | fr2kr: 0 | lpr2kr: 1000 | cap2udp: 0 | kr2udp: 2 | 
2026-05-03 20:00:28,693 - INFO     - img2od: 27 | od2fr: 0 | od2lpr: 1000 | od2cap: 0 | fr2kr: 0 | lpr2kr: 1000 | cap2udp: 0 | kr2udp: 2 | 
2026-05-03 20:00:29,694 - INFO     - img2od: 27 | od2fr: 0 | od2lpr: 1000 | od2cap: 0 | fr2kr: 0 | lpr2kr: 1000 | cap2udp: 0 | kr2udp: 1 | 
2026-05-03 20:00:30,695 - INFO     - img2od: 27 | od2fr: 0 | od2lpr: 1000 | od2cap: 0 | fr2kr: 0 | lpr2kr: 1000 | cap2udp: 0 | kr2udp: 1 | 
2026-05-03 20:00:31,696 - INFO     - img2od: 27 | od2fr: 0 | od2lpr: 1000 | od2cap: 0 | fr2kr: 0 | lpr2kr: 1000 | cap2udp: 0 | kr2udp: 1 | 
2026-05-03 20:00:32,697 - INFO     - img2od: 27 | od2fr: 0 | od2lpr: 1000 | od2cap: 0 | fr2kr: 0 | lpr2kr: 1000 | cap2udp: 0 | kr2udp: 0 | 
2026-05-03 20:00:33,698 - INFO     - img2od: 27 | od2fr: 0 | od2lpr: 1000 | od2cap: 0 | fr2kr: 0 | lpr2kr: 1000 | cap2udp: 0 | kr2udp: 1 | 
2026-05-03 20:00:34,699 - INFO     - img2od: 27 | od2fr: 0 | od2lpr: 1000 | od2cap: 0 | fr2kr: 0 | lpr2kr: 1000 | cap2udp: 0 | kr2udp: 1 | 
2026-05-03 20:00:35,700 - INFO     - img2od: 27 | od2fr: 0 | od2lpr: 1000 | od2cap: 0 | fr2kr: 0 | lpr2kr: 1000 | cap2udp: 0 | kr2udp: 0 | 
2026-05-03 20:00:36,701 - INFO     - img2od: 27 | od2fr: 0 | od2lpr: 1000 | od2cap: 0 | fr2kr: 0 | lpr2kr: 1000 | cap2udp: 0 | kr2udp: 1 | 
2026-05-03 20:00:37,702 - INFO     - img2od: 27 | od2fr: 0 | od2lpr: 1000 | od2cap: 0 | fr2kr: 0 | lpr2kr: 1000 | cap2udp: 0 | kr2udp: 1 | 
2026-05-03 20:00:38,703 - INFO     - img2od: 27 | od2fr: 0 | od2lpr: 1000 | od2cap: 0 | fr2kr: 0 | lpr2kr: 1000 | cap2udp: 0 | kr2udp: 0 | 
2026-05-03 20:00:39,704 - INFO     - img2od: 27 | od2fr: 0 | od2lpr: 1000 | od2cap: 0 | fr2kr: 0 | lpr2kr: 1000 | cap2udp: 0 | kr2udp: 1 | 
2026-05-03 20:00:40,705 - INFO     - img2od: 27 | od2fr: 0 | od2lpr: 1000 | od2cap: 0 | fr2kr: 0 | lpr2kr: 1000 | cap2udp: 0 | kr2udp: 1 | 
2026-05-03 20:00:41,706 - INFO     - img2od: 27 | od2fr: 0 | od2lpr: 1000 | od2cap: 0 | fr2kr: 0 | lpr2kr: 1000 | cap2udp: 0 | kr2udp: 1 | 
2026-05-03 20:00:42,707 - INFO     - img2od: 27 | od2fr: 0 | od2lpr: 1000 | od2cap: 0 | fr2kr: 0 | lpr2kr: 1000 | cap2udp: 0 | kr2udp: 1 | 
2026-05-03 20:00:43,708 - INFO     - img2od: 27 | od2fr: 0 | od2lpr: 1000 | od2cap: 0 | fr2kr: 0 | lpr2kr: 1000 | cap2udp: 0 | kr2udp: 1 | 
2026-05-03 20:00:44,709 - INFO     - img2od: 27 | od2fr: 0 | od2lpr: 1000 | od2cap: 0 | fr2kr: 0 | lpr2kr: 1000 | cap2udp: 0 | kr2udp: 0 | 
2026-05-03 20:00:45,710 - INFO     - img2od: 27 | od2fr: 0 | od2lpr: 1000 | od2cap: 0 | fr2kr: 0 | lpr2kr: 1000 | cap2udp: 0 | kr2udp: 1 | 
2026-05-03 20:00:46,711 - INFO     - img2od: 27 | od2fr: 0 | od2lpr: 1000 | od2cap: 0 | fr2kr: 0 | lpr2kr: 1000 | cap2udp: 0 | kr2udp: 0 | 
2026-05-03 20:00:47,712 - INFO     - img2od: 27 | od2fr: 0 | od2lpr: 1000 | od2cap: 0 | fr2kr: 0 | lpr2kr: 1000 | cap2udp: 0 | kr2udp: 1 | 
2026-05-03 20:00:48,713 - INFO     - img2od: 27 | od2fr: 0 | od2lpr: 1000 | od2cap: 0 | fr2kr: 0 | lpr2kr: 1000 | cap2udp: 0 | kr2udp: 1 | 
2026-05-03 20:00:49,714 - INFO     - img2od: 27 | od2fr: 0 | od2lpr: 1000 | od2cap: 0 | fr2kr: 0 | lpr2kr: 1000 | cap2udp: 0 | kr2udp: 1 | 
2026-05-03 20:00:50,715 - INFO     - img2od: 27 | od2fr: 0 | od2lpr: 1000 | od2cap: 0 | fr2kr: 0 | lpr2kr: 1000 | cap2udp: 0 | kr2udp: 0 | 
2026-05-03 20:00:51,716 - INFO     - img2od: 27 | od2fr: 0 | od2lpr: 1000 | od2cap: 0 | fr2kr: 0 | lpr2kr: 1000 | cap2udp: 0 | kr2udp: 1 | 
2026-05-03 20:00:52,717 - INFO     - img2od: 27 | od2fr: 0 | od2lpr: 1000 | od2cap: 0 | fr2kr: 0 | lpr2kr: 1000 | cap2udp: 0 | kr2udp: 1 | 
2026-05-03 20:00:53,718 - INFO     - img2od: 27 | od2fr: 0 | od2lpr: 1000 | od2cap: 0 | fr2kr: 0 | lpr2kr: 1000 | cap2udp: 0 | kr2udp: 0 | 
2026-05-03 20:00:54,719 - INFO     - img2od: 27 | od2fr: 0 | od2lpr: 1000 | od2cap: 0 | fr2kr: 0 | lpr2kr: 1000 | cap2udp: 0 | kr2udp: 1 | 
2026-05-03 20:00:55,720 - INFO     - img2od: 27 | od2fr: 0 | od2lpr: 1000 | od2cap: 0 | fr2kr: 0 | lpr2kr: 1000 | cap2udp: 0 | kr2udp: 1 | 
2026-05-03 20:00:56,721 - INFO     - img2od: 27 | od2fr: 0 | od2lpr: 1000 | od2cap: 0 | fr2kr: 0 | lpr2kr: 1000 | cap2udp: 0 | kr2udp: 0 | 
2026-05-03 20:00:57,722 - INFO     - img2od: 27 | od2fr: 0 | od2lpr: 1000 | od2cap: 0 | fr2kr: 0 | lpr2kr: 1000 | cap2udp: 0 | kr2udp: 0 | 
2026-05-03 20:00:58,723 - INFO     - img2od: 27 | od2fr: 0 | od2lpr: 1000 | od2cap: 0 | fr2kr: 0 | lpr2kr: 1000 | cap2udp: 0 | kr2udp: 0 | 
2026-05-03 20:00:59,724 - INFO     - img2od: 27 | od2fr: 0 | od2lpr: 1000 | od2cap: 0 | fr2kr: 0 | lpr2kr: 1000 | cap2udp: 0 | kr2udp: 1 | 
2026-05-03 20:01:00,725 - INFO     - img2od: 27 | od2fr: 0 | od2lpr: 1000 | od2cap: 0 | fr2kr: 0 | lpr2kr: 1000 | cap2udp: 0 | kr2udp: 0 | 
2026-05-03 20:01:01,726 - INFO     - img2od: 27 | od2fr: 0 | od2lpr: 1000 | od2cap: 0 | fr2kr: 0 | lpr2kr: 1000 | cap2udp: 0 | kr2udp: 1 | 
2026-05-03 20:01:02,727 - INFO     - img2od: 27 | od2fr: 0 | od2lpr: 1000 | od2cap: 0 | fr2kr: 0 | lpr2kr: 1000 | cap2udp: 0 | kr2udp: 1 | 
2026-05-03 20:01:03,728 - INFO     - img2od: 27 | od2fr: 0 | od2lpr: 1000 | od2cap: 0 | fr2kr: 0 | lpr2kr: 1000 | cap2udp: 0 | kr2udp: 1 | 
2026-05-03 20:01:04,729 - INFO     - img2od: 27 | od2fr: 0 | od2lpr: 1000 | od2cap: 0 | fr2kr: 0 | lpr2kr: 1000 | cap2udp: 0 | kr2udp: 0 | 
2026-05-03 20:01:05,730 - INFO     - img2od: 27 | od2fr: 0 | od2lpr: 1000 | od2cap: 0 | fr2kr: 0 | lpr2kr: 1000 | cap2udp: 0 | kr2udp: 1 | 
2026-05-03 20:01:06,731 - INFO     - img2od: 27 | od2fr: 0 | od2lpr: 1000 | od2cap: 0 | fr2kr: 0 | lpr2kr: 1000 | cap2udp: 0 | kr2udp: 1 | 
2026-05-03 20:01:07,732 - INFO     - img2od: 27 | od2fr: 0 | od2lpr: 1000 | od2cap: 0 | fr2kr: 0 | lpr2kr: 1000 | cap2udp: 0 | kr2udp: 0 | 
2026-05-03 20:01:08,733 - INFO     - img2od: 27 | od2fr: 0 | od2lpr: 1000 | od2cap: 0 | fr2kr: 0 | lpr2kr: 1000 | cap2udp: 0 | kr2udp: 1 | 
2026-05-03 20:01:09,734 - INFO     - img2od: 27 | od2fr: 0 | od2lpr: 1000 | od2cap: 0 | fr2kr: 0 | lpr2kr: 1000 | cap2udp: 0 | kr2udp: 0 | 
2026-05-03 20:01:10,735 - INFO     - img2od: 27 | od2fr: 0 | od2lpr: 1000 | od2cap: 0 | fr2kr: 0 | lpr2kr: 1000 | cap2udp: 0 | kr2udp: 0 | 
2026-05-03 20:01:11,736 - INFO     - img2od: 27 | od2fr: 0 | od2lpr: 1000 | od2cap: 0 | fr2kr: 0 | lpr2kr: 1000 | cap2udp: 0 | kr2udp: 1 | 
2026-05-03 20:01:12,737 - INFO     - img2od: 27 | od2fr: 0 | od2lpr: 1000 | od2cap: 0 | fr2kr: 0 | lpr2kr: 1000 | cap2udp: 0 | kr2udp: 1 | 
2026-05-03 20:01:13,738 - INFO     - img2od: 27 | od2fr: 0 | od2lpr: 1000 | od2cap: 0 | fr2kr: 0 | lpr2kr: 1000 | cap2udp: 0 | kr2udp: 1 | 
2026-05-03 20:01:14,739 - INFO     - img2od: 27 | od2fr: 0 | od2lpr: 1000 | od2cap: 0 | fr2kr: 0 | lpr2kr: 1000 | cap2udp: 0 | kr2udp: 1 | 
2026-05-03 20:01:15,740 - INFO     - img2od: 27 | od2fr: 0 | od2lpr: 1000 | od2cap: 0 | fr2kr: 0 | lpr2kr: 1000 | cap2udp: 0 | kr2udp: 1 | 
2026-05-03 20:01:16,741 - INFO     - img2od: 27 | od2fr: 0 | od2lpr: 1000 | od2cap: 0 | fr2kr: 0 | lpr2kr: 1000 | cap2udp: 0 | kr2udp: 1 | 
2026-05-03 20:01:17,742 - INFO     - img2od: 27 | od2fr: 0 | od2lpr: 1000 | od2cap: 0 | fr2kr: 0 | lpr2kr: 1000 | cap2udp: 0 | kr2udp: 1 | 
2026-05-03 20:01:18,751 - INFO     - img2od: 27 | od2fr: 0 | od2lpr: 1000 | od2cap: 0 | fr2kr: 0 | lpr2kr: 1000 | cap2udp: 0 | kr2udp: 1 | 
2026-05-03 20:01:19,752 - INFO     - img2od: 27 | od2fr: 0 | od2lpr: 1000 | od2cap: 0 | fr2kr: 0 | lpr2kr: 1000 | cap2udp: 0 | kr2udp: 1 | 
2026-05-03 20:01:20,753 - INFO     - img2od: 27 | od2fr: 0 | od2lpr: 1000 | od2cap: 0 | fr2kr: 0 | lpr2kr: 1000 | cap2udp: 0 | kr2udp: 1 | 
2026-05-03 20:01:21,754 - INFO     - img2od: 27 | od2fr: 0 | od2lpr: 1000 | od2cap: 0 | fr2kr: 0 | lpr2kr: 1000 | cap2udp: 0 | kr2udp: 1 | 
2026-05-03 20:01:22,755 - INFO     - img2od: 27 | od2fr: 0 | od2lpr: 1000 | od2cap: 0 | fr2kr: 0 | lpr2kr: 1000 | cap2udp: 0 | kr2udp: 1 | 
2026-05-03 20:01:23,756 - INFO     - img2od: 27 | od2fr: 0 | od2lpr: 1000 | od2cap: 0 | fr2kr: 0 | lpr2kr: 1000 | cap2udp: 0 | kr2udp: 1 | 
2026-05-03 20:01:24,757 - INFO     - img2od: 27 | od2fr: 0 | od2lpr: 1000 | od2cap: 0 | fr2kr: 0 | lpr2kr: 1000 | cap2udp: 0 | kr2udp: 1 | 
2026-05-03 20:01:25,758 - INFO     - img2od: 27 | od2fr: 0 | od2lpr: 1000 | od2cap: 0 | fr2kr: 0 | lpr2kr: 1000 | cap2udp: 0 | kr2udp: 1 | 
2026-05-03 20:01:26,759 - INFO     - img2od: 27 | od2fr: 0 | od2lpr: 1000 | od2cap: 0 | fr2kr: 0 | lpr2kr: 1000 | cap2udp: 0 | kr2udp: 1 | 
2026-05-03 20:01:27,760 - INFO     - img2od: 27 | od2fr: 0 | od2lpr: 1000 | od2cap: 0 | fr2kr: 0 | lpr2kr: 1000 | cap2udp: 0 | kr2udp: 1 | 
2026-05-03 20:01:28,761 - INFO     - img2od: 27 | od2fr: 0 | od2lpr: 1000 | od2cap: 0 | fr2kr: 0 | lpr2kr: 1000 | cap2udp: 0 | kr2udp: 0 | 
2026-05-03 20:01:29,762 - INFO     - img2od: 27 | od2fr: 0 | od2lpr: 1000 | od2cap: 0 | fr2kr: 0 | lpr2kr: 1000 | cap2udp: 0 | kr2udp: 0 | 
2026-05-03 20:01:30,763 - INFO     - img2od: 27 | od2fr: 0 | od2lpr: 1000 | od2cap: 0 | fr2kr: 0 | lpr2kr: 1000 | cap2udp: 0 | kr2udp: 0 | 
2026-05-03 20:01:31,764 - INFO     - img2od: 27 | od2fr: 0 | od2lpr: 1000 | od2cap: 0 | fr2kr: 0 | lpr2kr: 1000 | cap2udp: 0 | kr2udp: 1 | 
2026-05-03 20:01:32,765 - INFO     - img2od: 27 | od2fr: 0 | od2lpr: 1000 | od2cap: 0 | fr2kr: 0 | lpr2kr: 1000 | cap2udp: 0 | kr2udp: 1 | 
2026-05-03 20:01:33,766 - INFO     - img2od: 27 | od2fr: 0 | od2lpr: 1000 | od2cap: 0 | fr2kr: 0 | lpr2kr: 1000 | cap2udp: 0 | kr2udp: 1 | 
2026-05-03 20:01:34,767 - INFO     - img2od: 27 | od2fr: 0 | od2lpr: 1000 | od2cap: 0 | fr2kr: 0 | lpr2kr: 1000 | cap2udp: 0 | kr2udp: 0 | 
2026-05-03 20:01:35,768 - INFO     - img2od: 27 | od2fr: 0 | od2lpr: 1000 | od2cap: 0 | fr2kr: 0 | lpr2kr: 1000 | cap2udp: 0 | kr2udp: 1 | 
2026-05-03 20:01:36,769 - INFO     - img2od: 27 | od2fr: 0 | od2lpr: 1000 | od2cap: 0 | fr2kr: 0 | lpr2kr: 1000 | cap2udp: 0 | kr2udp: 1 | 
2026-05-03 20:01:37,770 - INFO     - img2od: 27 | od2fr: 0 | od2lpr: 1000 | od2cap: 0 | fr2kr: 0 | lpr2kr: 1000 | cap2udp: 0 | kr2udp: 1 | 
2026-05-03 20:01:38,771 - INFO     - img2od: 27 | od2fr: 0 | od2lpr: 1000 | od2cap: 0 | fr2kr: 0 | lpr2kr: 1000 | cap2udp: 0 | kr2udp: 1 | 
2026-05-03 20:01:39,772 - INFO     - img2od: 27 | od2fr: 0 | od2lpr: 1000 | od2cap: 0 | fr2kr: 0 | lpr2kr: 1000 | cap2udp: 0 | kr2udp: 1 | 
2026-05-03 20:01:40,773 - INFO     - img2od: 27 | od2fr: 0 | od2lpr: 1000 | od2cap: 0 | fr2kr: 0 | lpr2kr: 1000 | cap2udp: 0 | kr2udp: 1 | 
2026-05-03 20:01:41,774 - INFO     - img2od: 27 | od2fr: 0 | od2lpr: 1000 | od2cap: 0 | fr2kr: 0 | lpr2kr: 1000 | cap2udp: 0 | kr2udp: 1 | 
2026-05-03 20:01:42,775 - INFO     - img2od: 27 | od2fr: 0 | od2lpr: 1000 | od2cap: 0 | fr2kr: 0 | lpr2kr: 1000 | cap2udp: 0 | kr2udp: 1 | 
2026-05-03 20:01:43,776 - INFO     - img2od: 27 | od2fr: 0 | od2lpr: 1000 | od2cap: 0 | fr2kr: 0 | lpr2kr: 1000 | cap2udp: 0 | kr2udp: 0 | 
2026-05-03 20:01:44,777 - INFO     - img2od: 27 | od2fr: 0 | od2lpr: 1000 | od2cap: 0 | fr2kr: 0 | lpr2kr: 1000 | cap2udp: 0 | kr2udp: 1 | 
2026-05-03 20:01:45,778 - INFO     - img2od: 27 | od2fr: 0 | od2lpr: 1000 | od2cap: 0 | fr2kr: 0 | lpr2kr: 1000 | cap2udp: 0 | kr2udp: 1 | 
2026-05-03 20:01:46,779 - INFO     - img2od: 27 | od2fr: 0 | od2lpr: 1000 | od2cap: 0 | fr2kr: 0 | lpr2kr: 1000 | cap2udp: 0 | kr2udp: 1 | 
2026-05-03 20:01:47,780 - INFO     - img2od: 27 | od2fr: 0 | od2lpr: 1000 | od2cap: 0 | fr2kr: 0 | lpr2kr: 1000 | cap2udp: 0 | kr2udp: 1 | 
2026-05-03 20:01:48,781 - INFO     - img2od: 27 | od2fr: 0 | od2lpr: 1000 | od2cap: 0 | fr2kr: 0 | lpr2kr: 1000 | cap2udp: 0 | kr2udp: 1 | 
2026-05-03 20:01:49,782 - INFO     - img2od: 27 | od2fr: 0 | od2lpr: 1000 | od2cap: 0 | fr2kr: 0 | lpr2kr: 1000 | cap2udp: 0 | kr2udp: 0 | 
2026-05-03 20:01:50,783 - INFO     - img2od: 27 | od2fr: 0 | od2lpr: 1000 | od2cap: 0 | fr2kr: 0 | lpr2kr: 1000 | cap2udp: 0 | kr2udp: 0 | 
2026-05-03 20:01:51,784 - INFO     - img2od: 27 | od2fr: 0 | od2lpr: 1000 | od2cap: 0 | fr2kr: 0 | lpr2kr: 1000 | cap2udp: 0 | kr2udp: 1 | 
2026-05-03 20:01:52,785 - INFO     - img2od: 27 | od2fr: 0 | od2lpr: 1000 | od2cap: 0 | fr2kr: 0 | lpr2kr: 1000 | cap2udp: 0 | kr2udp: 1 | 
2026-05-03 20:01:53,786 - INFO     - img2od: 27 | od2fr: 0 | od2lpr: 1000 | od2cap: 0 | fr2kr: 0 | lpr2kr: 1000 | cap2udp: 0 | kr2udp: 1 | 
2026-05-03 20:01:54,787 - INFO     - img2od: 27 | od2fr: 0 | od2lpr: 1000 | od2cap: 0 | fr2kr: 0 | lpr2kr: 1000 | cap2udp: 0 | kr2udp: 1 | 
2026-05-03 20:01:55,788 - INFO     - img2od: 27 | od2fr: 0 | od2lpr: 1000 | od2cap: 0 | fr2kr: 0 | lpr2kr: 1000 | cap2udp: 0 | kr2udp: 1 | 
2026-05-03 20:01:56,789 - INFO     - img2od: 27 | od2fr: 0 | od2lpr: 1000 | od2cap: 0 | fr2kr: 0 | lpr2kr: 1000 | cap2udp: 0 | kr2udp: 1 | 
2026-05-03 20:01:57,790 - INFO     - img2od: 27 | od2fr: 0 | od2lpr: 1000 | od2cap: 0 | fr2kr: 0 | lpr2kr: 1000 | cap2udp: 0 | kr2udp: 0 | 
2026-05-03 20:01:58,791 - INFO     - img2od: 27 | od2fr: 0 | od2lpr: 1000 | od2cap: 0 | fr2kr: 0 | lpr2kr: 1000 | cap2udp: 0 | kr2udp: 0 | 
2026-05-03 20:01:59,792 - INFO     - img2od: 27 | od2fr: 0 | od2lpr: 1000 | od2cap: 0 | fr2kr: 0 | lpr2kr: 1000 | cap2udp: 0 | kr2udp: 1 | 
2026-05-03 20:02:00,793 - INFO     - img2od: 27 | od2fr: 0 | od2lpr: 1000 | od2cap: 0 | fr2kr: 0 | lpr2kr: 1000 | cap2udp: 0 | kr2udp: 1 | 
2026-05-03 20:02:01,794 - INFO     - img2od: 27 | od2fr: 0 | od2lpr: 1000 | od2cap: 0 | fr2kr: 0 | lpr2kr: 1000 | cap2udp: 0 | kr2udp: 1 | 
2026-05-03 20:02:02,795 - INFO     - img2od: 27 | od2fr: 0 | od2lpr: 1000 | od2cap: 0 | fr2kr: 0 | lpr2kr: 1000 | cap2udp: 0 | kr2udp: 0 | 
2026-05-03 20:02:03,796 - INFO     - img2od: 27 | od2fr: 0 | od2lpr: 1000 | od2cap: 0 | fr2kr: 0 | lpr2kr: 1000 | cap2udp: 0 | kr2udp: 1 | 
2026-05-03 20:02:04,797 - INFO     - img2od: 27 | od2fr: 0 | od2lpr: 1000 | od2cap: 0 | fr2kr: 0 | lpr2kr: 1000 | cap2udp: 0 | kr2udp: 1 | 
2026-05-03 20:02:05,798 - INFO     - img2od: 27 | od2fr: 0 | od2lpr: 1000 | od2cap: 0 | fr2kr: 0 | lpr2kr: 1000 | cap2udp: 0 | kr2udp: 2 | 
2026-05-03 20:02:06,799 - INFO     - img2od: 27 | od2fr: 0 | od2lpr: 1000 | od2cap: 0 | fr2kr: 0 | lpr2kr: 1000 | cap2udp: 0 | kr2udp: 1 | 
2026-05-03 20:02:07,800 - INFO     - img2od: 27 | od2fr: 0 | od2lpr: 1000 | od2cap: 0 | fr2kr: 0 | lpr2kr: 1000 | cap2udp: 0 | kr2udp: 1 | 
2026-05-03 20:02:08,801 - INFO     - img2od: 27 | od2fr: 0 | od2lpr: 1000 | od2cap: 0 | fr2kr: 0 | lpr2kr: 1000 | cap2udp: 0 | kr2udp: 0 | 
2026-05-03 20:02:09,802 - INFO     - img2od: 27 | od2fr: 0 | od2lpr: 1000 | od2cap: 0 | fr2kr: 0 | lpr2kr: 1000 | cap2udp: 0 | kr2udp: 0 | 
2026-05-03 20:02:10,803 - INFO     - img2od: 27 | od2fr: 0 | od2lpr: 1000 | od2cap: 0 | fr2kr: 0 | lpr2kr: 1000 | cap2udp: 0 | kr2udp: 1 | 
2026-05-03 20:02:11,804 - INFO     - img2od: 27 | od2fr: 0 | od2lpr: 1000 | od2cap: 0 | fr2kr: 0 | lpr2kr: 1000 | cap2udp: 0 | kr2udp: 1 | 
2026-05-03 20:02:12,805 - INFO     - img2od: 27 | od2fr: 0 | od2lpr: 1000 | od2cap: 0 | fr2kr: 0 | lpr2kr: 1000 | cap2udp: 0 | kr2udp: 1 | 
2026-05-03 20:02:13,806 - INFO     - img2od: 27 | od2fr: 0 | od2lpr: 1000 | od2cap: 0 | fr2kr: 0 | lpr2kr: 1000 | cap2udp: 0 | kr2udp: 1 | 
2026-05-03 20:02:14,807 - INFO     - img2od: 27 | od2fr: 0 | od2lpr: 1000 | od2cap: 0 | fr2kr: 0 | lpr2kr: 1000 | cap2udp: 0 | kr2udp: 1 | 
2026-05-03 20:02:15,808 - INFO     - img2od: 27 | od2fr: 0 | od2lpr: 1000 | od2cap: 0 | fr2kr: 0 | lpr2kr: 1000 | cap2udp: 0 | kr2udp: 1 | 
2026-05-03 20:02:16,809 - INFO     - img2od: 27 | od2fr: 0 | od2lpr: 1000 | od2cap: 0 | fr2kr: 0 | lpr2kr: 1000 | cap2udp: 0 | kr2udp: 0 | 
2026-05-03 20:02:17,810 - INFO     - img2od: 27 | od2fr: 0 | od2lpr: 1000 | od2cap: 0 | fr2kr: 0 | lpr2kr: 1000 | cap2udp: 0 | kr2udp: 1 | 
2026-05-03 20:02:18,811 - INFO     - img2od: 27 | od2fr: 0 | od2lpr: 1000 | od2cap: 0 | fr2kr: 0 | lpr2kr: 1000 | cap2udp: 0 | kr2udp: 1 | 
2026-05-03 20:02:19,812 - INFO     - img2od: 27 | od2fr: 0 | od2lpr: 1000 | od2cap: 0 | fr2kr: 0 | lpr2kr: 1000 | cap2udp: 1 | kr2udp: 1 | 
2026-05-03 20:02:20,813 - INFO     - img2od: 23 | od2fr: 15 | od2lpr: 1000 | od2cap: 0 | fr2kr: 4 | lpr2kr: 1000 | cap2udp: 0 | kr2udp: 1 | 
2026-05-03 20:02:21,814 - INFO     - img2od: 23 | od2fr: 10 | od2lpr: 1000 | od2cap: 0 | fr2kr: 6 | lpr2kr: 1000 | cap2udp: 0 | kr2udp: 0 | 
2026-05-03 20:02:22,815 - INFO     - img2od: 23 | od2fr: 5 | od2lpr: 1000 | od2cap: 0 | fr2kr: 9 | lpr2kr: 1000 | cap2udp: 0 | kr2udp: 1 | 
2026-05-03 20:02:23,816 - INFO     - img2od: 23 | od2fr: 1 | od2lpr: 1000 | od2cap: 0 | fr2kr: 10 | lpr2kr: 1000 | cap2udp: 0 | kr2udp: 1 | 
2026-05-03 20:02:24,817 - INFO     - img2od: 23 | od2fr: 0 | od2lpr: 1000 | od2cap: 0 | fr2kr: 9 | lpr2kr: 1000 | cap2udp: 0 | kr2udp: 1 | 
2026-05-03 20:02:25,818 - INFO     - img2od: 23 | od2fr: 0 | od2lpr: 1000 | od2cap: 0 | fr2kr: 7 | lpr2kr: 1000 | cap2udp: 0 | kr2udp: 0 | 
2026-05-03 20:02:26,819 - INFO     - img2od: 23 | od2fr: 0 | od2lpr: 1000 | od2cap: 0 | fr2kr: 5 | lpr2kr: 1000 | cap2udp: 0 | kr2udp: 1 | 
2026-05-03 20:02:27,820 - INFO     - img2od: 23 | od2fr: 0 | od2lpr: 1000 | od2cap: 0 | fr2kr: 3 | lpr2kr: 1000 | cap2udp: 0 | kr2udp: 0 | 
2026-05-03 20:02:28,821 - INFO     - img2od: 23 | od2fr: 0 | od2lpr: 1000 | od2cap: 0 | fr2kr: 1 | lpr2kr: 1000 | cap2udp: 0 | kr2udp: 1 | 
2026-05-03 20:02:29,822 - INFO     - img2od: 23 | od2fr: 0 | od2lpr: 1000 | od2cap: 0 | fr2kr: 0 | lpr2kr: 1000 | cap2udp: 0 | kr2udp: 1 | 
2026-05-03 20:02:30,823 - INFO     - img2od: 23 | od2fr: 0 | od2lpr: 1000 | od2cap: 0 | fr2kr: 0 | lpr2kr: 1000 | cap2udp: 0 | kr2udp: 1 | 
2026-05-03 20:02:31,824 - INFO     - img2od: 23 | od2fr: 0 | od2lpr: 1000 | od2cap: 0 | fr2kr: 0 | lpr2kr: 1000 | cap2udp: 0 | kr2udp: 1 | 
2026-05-03 20:02:32,825 - INFO     - img2od: 23 | od2fr: 0 | od2lpr: 1000 | od2cap: 0 | fr2kr: 0 | lpr2kr: 1000 | cap2udp: 0 | kr2udp: 1 | 
2026-05-03 20:02:33,826 - INFO     - img2od: 23 | od2fr: 0 | od2lpr: 1000 | od2cap: 0 | fr2kr: 0 | lpr2kr: 1000 | cap2udp: 0 | kr2udp: 1 | 
2026-05-03 20:02:34,827 - INFO     - img2od: 23 | od2fr: 0 | od2lpr: 1000 | od2cap: 0 | fr2kr: 0 | lpr2kr: 1000 | cap2udp: 0 | kr2udp: 1 | 
2026-05-03 20:02:35,828 - INFO     - img2od: 23 | od2fr: 0 | od2lpr: 1000 | od2cap: 0 | fr2kr: 0 | lpr2kr: 1000 | cap2udp: 0 | kr2udp: 1 | 
2026-05-03 20:02:36,829 - INFO     - img2od: 23 | od2fr: 0 | od2lpr: 1000 | od2cap: 0 | fr2kr: 0 | lpr2kr: 1000 | cap2udp: 0 | kr2udp: 1 | 
2026-05-03 20:02:37,830 - INFO     - img2od: 23 | od2fr: 0 | od2lpr: 1000 | od2cap: 0 | fr2kr: 0 | lpr2kr: 1000 | cap2udp: 0 | kr2udp: 1 | 
2026-05-03 20:02:38,831 - INFO     - img2od: 23 | od2fr: 0 | od2lpr: 1000 | od2cap: 0 | fr2kr: 0 | lpr2kr: 1000 | cap2udp: 0 | kr2udp: 1 | 
2026-05-03 20:02:39,832 - INFO     - img2od: 23 | od2fr: 0 | od2lpr: 1000 | od2cap: 0 | fr2kr: 0 | lpr2kr: 1000 | cap2udp: 0 | kr2udp: 0 | 
2026-05-03 20:02:40,833 - INFO     - img2od: 23 | od2fr: 0 | od2lpr: 1000 | od2cap: 0 | fr2kr: 0 | lpr2kr: 1000 | cap2udp: 0 | kr2udp: 1 | 
2026-05-03 20:02:41,834 - INFO     - img2od: 23 | od2fr: 0 | od2lpr: 1000 | od2cap: 0 | fr2kr: 0 | lpr2kr: 1000 | cap2udp: 0 | kr2udp: 1 | 
2026-05-03 20:02:42,835 - INFO     - img2od: 23 | od2fr: 0 | od2lpr: 1000 | od2cap: 0 | fr2kr: 0 | lpr2kr: 1000 | cap2udp: 0 | kr2udp: 1 | 
2026-05-03 20:02:43,836 - INFO     - img2od: 23 | od2fr: 0 | od2lpr: 1000 | od2cap: 0 | fr2kr: 0 | lpr2kr: 1000 | cap2udp: 0 | kr2udp: 1 | 
2026-05-03 20:02:44,837 - INFO     - img2od: 23 | od2fr: 0 | od2lpr: 1000 | od2cap: 0 | fr2kr: 0 | lpr2kr: 1000 | cap2udp: 0 | kr2udp: 1 | 
2026-05-03 20:02:45,838 - INFO     - img2od: 23 | od2fr: 0 | od2lpr: 1000 | od2cap: 0 | fr2kr: 0 | lpr2kr: 1000 | cap2udp: 0 | kr2udp: 0 | 
2026-05-03 20:02:46,839 - INFO     - img2od: 23 | od2fr: 0 | od2lpr: 1000 | od2cap: 0 | fr2kr: 0 | lpr2kr: 1000 | cap2udp: 0 | kr2udp: 0 | 
2026-05-03 20:02:47,840 - INFO     - img2od: 23 | od2fr: 0 | od2lpr: 1000 | od2cap: 0 | fr2kr: 0 | lpr2kr: 1000 | cap2udp: 0 | kr2udp: 0 | 
2026-05-03 20:02:48,841 - INFO     - img2od: 23 | od2fr: 0 | od2lpr: 1000 | od2cap: 0 | fr2kr: 0 | lpr2kr: 1000 | cap2udp: 0 | kr2udp: 0 | 
2026-05-03 20:02:49,842 - INFO     - img2od: 23 | od2fr: 0 | od2lpr: 1000 | od2cap: 0 | fr2kr: 0 | lpr2kr: 1000 | cap2udp: 0 | kr2udp: 1 | 
2026-05-03 20:02:50,843 - INFO     - img2od: 23 | od2fr: 0 | od2lpr: 1000 | od2cap: 0 | fr2kr: 0 | lpr2kr: 1000 | cap2udp: 0 | kr2udp: 1 | 
2026-05-03 20:02:51,844 - INFO     - img2od: 23 | od2fr: 0 | od2lpr: 1000 | od2cap: 0 | fr2kr: 0 | lpr2kr: 1000 | cap2udp: 0 | kr2udp: 1 | 
2026-05-03 20:02:52,845 - INFO     - img2od: 23 | od2fr: 0 | od2lpr: 1000 | od2cap: 0 | fr2kr: 0 | lpr2kr: 1000 | cap2udp: 0 | kr2udp: 1 | 
2026-05-03 20:02:53,846 - INFO     - img2od: 23 | od2fr: 0 | od2lpr: 1000 | od2cap: 0 | fr2kr: 0 | lpr2kr: 1000 | cap2udp: 0 | kr2udp: 0 | 
2026-05-03 20:02:54,847 - INFO     - img2od: 23 | od2fr: 0 | od2lpr: 1000 | od2cap: 0 | fr2kr: 0 | lpr2kr: 1000 | cap2udp: 0 | kr2udp: 1 | 
2026-05-03 20:02:55,848 - INFO     - img2od: 23 | od2fr: 0 | od2lpr: 1000 | od2cap: 0 | fr2kr: 0 | lpr2kr: 1000 | cap2udp: 0 | kr2udp: 1 | 
2026-05-03 20:02:56,849 - INFO     - img2od: 23 | od2fr: 0 | od2lpr: 1000 | od2cap: 0 | fr2kr: 0 | lpr2kr: 1000 | cap2udp: 0 | kr2udp: 1 | 
2026-05-03 20:02:57,850 - INFO     - img2od: 23 | od2fr: 0 | od2lpr: 1000 | od2cap: 0 | fr2kr: 0 | lpr2kr: 1000 | cap2udp: 0 | kr2udp: 1 | 
2026-05-03 20:02:58,851 - INFO     - img2od: 23 | od2fr: 0 | od2lpr: 1000 | od2cap: 0 | fr2kr: 0 | lpr2kr: 1000 | cap2udp: 0 | kr2udp: 0 | 
2026-05-03 20:02:59,852 - INFO     - img2od: 23 | od2fr: 0 | od2lpr: 1000 | od2cap: 0 | fr2kr: 0 | lpr2kr: 1000 | cap2udp: 0 | kr2udp: 0 | 
2026-05-03 20:03:00,853 - INFO     - img2od: 23 | od2fr: 0 | od2lpr: 1000 | od2cap: 0 | fr2kr: 0 | lpr2kr: 1000 | cap2udp: 0 | kr2udp: 1 | 
2026-05-03 20:03:01,854 - INFO     - img2od: 23 | od2fr: 0 | od2lpr: 1000 | od2cap: 0 | fr2kr: 0 | lpr2kr: 1000 | cap2udp: 0 | kr2udp: 1 | 
2026-05-03 20:03:02,855 - INFO     - img2od: 23 | od2fr: 0 | od2lpr: 1000 | od2cap: 0 | fr2kr: 0 | lpr2kr: 1000 | cap2udp: 0 | kr2udp: 1 | 
2026-05-03 20:03:03,856 - INFO     - img2od: 23 | od2fr: 0 | od2lpr: 1000 | od2cap: 0 | fr2kr: 0 | lpr2kr: 1000 | cap2udp: 0 | kr2udp: 0 | 
2026-05-03 20:03:04,857 - INFO     - img2od: 23 | od2fr: 0 | od2lpr: 1000 | od2cap: 0 | fr2kr: 0 | lpr2kr: 1000 | cap2udp: 0 | kr2udp: 1 | 
2026-05-03 20:03:05,858 - INFO     - img2od: 23 | od2fr: 0 | od2lpr: 1000 | od2cap: 0 | fr2kr: 0 | lpr2kr: 1000 | cap2udp: 0 | kr2udp: 1 | 
2026-05-03 20:03:06,859 - INFO     - img2od: 23 | od2fr: 0 | od2lpr: 1000 | od2cap: 0 | fr2kr: 0 | lpr2kr: 1000 | cap2udp: 0 | kr2udp: 1 | 
2026-05-03 20:03:07,860 - INFO     - img2od: 23 | od2fr: 0 | od2lpr: 1000 | od2cap: 0 | fr2kr: 0 | lpr2kr: 1000 | cap2udp: 0 | kr2udp: 0 | 
2026-05-03 20:03:08,861 - INFO     - img2od: 23 | od2fr: 0 | od2lpr: 1000 | od2cap: 0 | fr2kr: 0 | lpr2kr: 1000 | cap2udp: 0 | kr2udp: 1 | 
2026-05-03 20:03:09,862 - INFO     - img2od: 23 | od2fr: 0 | od2lpr: 1000 | od2cap: 0 | fr2kr: 0 | lpr2kr: 1000 | cap2udp: 0 | kr2udp: 1 | 
2026-05-03 20:03:10,863 - INFO     - img2od: 23 | od2fr: 0 | od2lpr: 1000 | od2cap: 0 | fr2kr: 0 | lpr2kr: 1000 | cap2udp: 0 | kr2udp: 1 | 
2026-05-03 20:03:11,864 - INFO     - img2od: 23 | od2fr: 0 | od2lpr: 1000 | od2cap: 0 | fr2kr: 0 | lpr2kr: 1000 | cap2udp: 0 | kr2udp: 0 | 
2026-05-03 20:03:12,865 - INFO     - img2od: 23 | od2fr: 0 | od2lpr: 1000 | od2cap: 0 | fr2kr: 0 | lpr2kr: 1000 | cap2udp: 0 | kr2udp: 1 | 
2026-05-03 20:03:13,866 - INFO     - img2od: 23 | od2fr: 0 | od2lpr: 1000 | od2cap: 0 | fr2kr: 0 | lpr2kr: 1000 | cap2udp: 0 | kr2udp: 0 | 
2026-05-03 20:03:14,867 - INFO     - img2od: 23 | od2fr: 0 | od2lpr: 1000 | od2cap: 0 | fr2kr: 0 | lpr2kr: 1000 | cap2udp: 0 | kr2udp: 1 | 
2026-05-03 20:03:15,868 - INFO     - img2od: 23 | od2fr: 0 | od2lpr: 1000 | od2cap: 0 | fr2kr: 0 | lpr2kr: 1000 | cap2udp: 0 | kr2udp: 0 | 
2026-05-03 20:03:16,869 - INFO     - img2od: 23 | od2fr: 0 | od2lpr: 1000 | od2cap: 0 | fr2kr: 0 | lpr2kr: 1000 | cap2udp: 0 | kr2udp: 1 | 
2026-05-03 20:03:17,870 - INFO     - img2od: 23 | od2fr: 0 | od2lpr: 1000 | od2cap: 0 | fr2kr: 0 | lpr2kr: 1000 | cap2udp: 0 | kr2udp: 1 | 
2026-05-03 20:03:18,871 - INFO     - img2od: 23 | od2fr: 0 | od2lpr: 1000 | od2cap: 0 | fr2kr: 0 | lpr2kr: 1000 | cap2udp: 0 | kr2udp: 1 | 
2026-05-03 20:03:19,872 - INFO     - img2od: 23 | od2fr: 0 | od2lpr: 1000 | od2cap: 0 | fr2kr: 0 | lpr2kr: 1000 | cap2udp: 0 | kr2udp: 1 | 
2026-05-03 20:03:20,873 - INFO     - img2od: 23 | od2fr: 0 | od2lpr: 1000 | od2cap: 0 | fr2kr: 0 | lpr2kr: 1000 | cap2udp: 0 | kr2udp: 1 | 
2026-05-03 20:03:21,874 - INFO     - img2od: 23 | od2fr: 0 | od2lpr: 1000 | od2cap: 0 | fr2kr: 0 | lpr2kr: 999 | cap2udp: 0 | kr2udp: 1 | 
2026-05-03 20:03:22,875 - INFO     - img2od: 23 | od2fr: 0 | od2lpr: 1000 | od2cap: 0 | fr2kr: 0 | lpr2kr: 1000 | cap2udp: 0 | kr2udp: 1 | 
2026-05-03 20:03:23,876 - INFO     - img2od: 23 | od2fr: 0 | od2lpr: 1000 | od2cap: 0 | fr2kr: 0 | lpr2kr: 1000 | cap2udp: 0 | kr2udp: 1 | 
2026-05-03 20:03:24,877 - INFO     - img2od: 23 | od2fr: 0 | od2lpr: 1000 | od2cap: 0 | fr2kr: 0 | lpr2kr: 1000 | cap2udp: 0 | kr2udp: 0 | 
2026-05-03 20:03:25,878 - INFO     - img2od: 23 | od2fr: 0 | od2lpr: 1000 | od2cap: 0 | fr2kr: 0 | lpr2kr: 1000 | cap2udp: 0 | kr2udp: 1 | 
2026-05-03 20:03:26,879 - INFO     - img2od: 23 | od2fr: 0 | od2lpr: 1000 | od2cap: 0 | fr2kr: 0 | lpr2kr: 1000 | cap2udp: 0 | kr2udp: 0 | 
2026-05-03 20:03:27,880 - INFO     - img2od: 23 | od2fr: 0 | od2lpr: 1000 | od2cap: 0 | fr2kr: 0 | lpr2kr: 999 | cap2udp: 0 | kr2udp: 1 | 
2026-05-03 20:03:28,881 - INFO     - img2od: 23 | od2fr: 0 | od2lpr: 1000 | od2cap: 0 | fr2kr: 0 | lpr2kr: 1000 | cap2udp: 0 | kr2udp: 1 | 
2026-05-03 20:03:29,882 - INFO     - img2od: 23 | od2fr: 0 | od2lpr: 1000 | od2cap: 0 | fr2kr: 0 | lpr2kr: 1000 | cap2udp: 0 | kr2udp: 1 | 
2026-05-03 20:03:30,883 - INFO     - img2od: 23 | od2fr: 0 | od2lpr: 1000 | od2cap: 0 | fr2kr: 0 | lpr2kr: 1000 | cap2udp: 0 | kr2udp: 1 | 
2026-05-03 20:03:31,884 - INFO     - img2od: 23 | od2fr: 0 | od2lpr: 1000 | od2cap: 0 | fr2kr: 0 | lpr2kr: 999 | cap2udp: 0 | kr2udp: 1 | 
2026-05-03 20:03:32,885 - INFO     - img2od: 23 | od2fr: 0 | od2lpr: 1000 | od2cap: 0 | fr2kr: 0 | lpr2kr: 1000 | cap2udp: 0 | kr2udp: 1 | 
2026-05-03 20:03:33,886 - INFO     - img2od: 23 | od2fr: 0 | od2lpr: 1000 | od2cap: 0 | fr2kr: 0 | lpr2kr: 1000 | cap2udp: 0 | kr2udp: 1 | 
2026-05-03 20:03:34,887 - INFO     - img2od: 23 | od2fr: 0 | od2lpr: 1000 | od2cap: 0 | fr2kr: 0 | lpr2kr: 1000 | cap2udp: 0 | kr2udp: 1 | 
2026-05-03 20:03:35,888 - INFO     - img2od: 23 | od2fr: 0 | od2lpr: 1000 | od2cap: 0 | fr2kr: 0 | lpr2kr: 1000 | cap2udp: 0 | kr2udp: 1 | 
2026-05-03 20:03:36,889 - INFO     - img2od: 23 | od2fr: 0 | od2lpr: 1000 | od2cap: 0 | fr2kr: 0 | lpr2kr: 1000 | cap2udp: 0 | kr2udp: 1 | 
2026-05-03 20:03:37,890 - INFO     - img2od: 23 | od2fr: 0 | od2lpr: 1000 | od2cap: 0 | fr2kr: 0 | lpr2kr: 1000 | cap2udp: 0 | kr2udp: 1 | 
2026-05-03 20:03:38,891 - INFO     - img2od: 23 | od2fr: 0 | od2lpr: 1000 | od2cap: 0 | fr2kr: 0 | lpr2kr: 1000 | cap2udp: 0 | kr2udp: 1 | 
2026-05-03 20:03:39,892 - INFO     - img2od: 23 | od2fr: 0 | od2lpr: 1000 | od2cap: 0 | fr2kr: 0 | lpr2kr: 1000 | cap2udp: 0 | kr2udp: 1 | 
2026-05-03 20:03:40,893 - INFO     - img2od: 23 | od2fr: 0 | od2lpr: 1000 | od2cap: 0 | fr2kr: 0 | lpr2kr: 1000 | cap2udp: 0 | kr2udp: 1 | 
2026-05-03 20:03:41,894 - INFO     - img2od: 23 | od2fr: 0 | od2lpr: 1000 | od2cap: 0 | fr2kr: 0 | lpr2kr: 1000 | cap2udp: 0 | kr2udp: 1 | 
2026-05-03 20:03:42,895 - INFO     - img2od: 23 | od2fr: 0 | od2lpr: 1000 | od2cap: 0 | fr2kr: 0 | lpr2kr: 1000 | cap2udp: 0 | kr2udp: 1 | 
2026-05-03 20:03:43,896 - INFO     - img2od: 23 | od2fr: 0 | od2lpr: 1000 | od2cap: 0 | fr2kr: 0 | lpr2kr: 1000 | cap2udp: 0 | kr2udp: 1 | 
2026-05-03 20:03:44,897 - INFO     - img2od: 23 | od2fr: 0 | od2lpr: 1000 | od2cap: 0 | fr2kr: 0 | lpr2kr: 1000 | cap2udp: 0 | kr2udp: 1 | 
2026-05-03 20:03:45,898 - INFO     - img2od: 23 | od2fr: 0 | od2lpr: 1000 | od2cap: 0 | fr2kr: 0 | lpr2kr: 1000 | cap2udp: 0 | kr2udp: 1 | 
2026-05-03 20:03:46,899 - INFO     - img2od: 23 | od2fr: 0 | od2lpr: 1000 | od2cap: 0 | fr2kr: 0 | lpr2kr: 1000 | cap2udp: 0 | kr2udp: 1 | 
2026-05-03 20:03:47,900 - INFO     - img2od: 23 | od2fr: 0 | od2lpr: 1000 | od2cap: 0 | fr2kr: 0 | lpr2kr: 1000 | cap2udp: 0 | kr2udp: 1 | 
2026-05-03 20:03:48,901 - INFO     - img2od: 23 | od2fr: 0 | od2lpr: 1000 | od2cap: 0 | fr2kr: 0 | lpr2kr: 1000 | cap2udp: 0 | kr2udp: 1 | 
2026-05-03 20:03:49,902 - INFO     - img2od: 23 | od2fr: 0 | od2lpr: 1000 | od2cap: 0 | fr2kr: 0 | lpr2kr: 1000 | cap2udp: 0 | kr2udp: 0 | 
2026-05-03 20:03:50,903 - INFO     - img2od: 23 | od2fr: 0 | od2lpr: 1000 | od2cap: 0 | fr2kr: 0 | lpr2kr: 1000 | cap2udp: 0 | kr2udp: 0 | 
2026-05-03 20:03:51,904 - INFO     - img2od: 23 | od2fr: 0 | od2lpr: 1000 | od2cap: 0 | fr2kr: 0 | lpr2kr: 1000 | cap2udp: 0 | kr2udp: 1 | 
2026-05-03 20:03:52,905 - INFO     - img2od: 23 | od2fr: 0 | od2lpr: 1000 | od2cap: 0 | fr2kr: 0 | lpr2kr: 1000 | cap2udp: 0 | kr2udp: 1 | 
2026-05-03 20:03:53,906 - INFO     - img2od: 23 | od2fr: 0 | od2lpr: 1000 | od2cap: 0 | fr2kr: 0 | lpr2kr: 1000 | cap2udp: 0 | kr2udp: 1 | 
2026-05-03 20:03:54,907 - INFO     - img2od: 23 | od2fr: 0 | od2lpr: 1000 | od2cap: 0 | fr2kr: 0 | lpr2kr: 1000 | cap2udp: 0 | kr2udp: 1 | 
2026-05-03 20:03:55,908 - INFO     - img2od: 23 | od2fr: 0 | od2lpr: 1000 | od2cap: 0 | fr2kr: 0 | lpr2kr: 1000 | cap2udp: 0 | kr2udp: 1 | 
2026-05-03 20:03:56,909 - INFO     - img2od: 23 | od2fr: 0 | od2lpr: 1000 | od2cap: 0 | fr2kr: 0 | lpr2kr: 1000 | cap2udp: 0 | kr2udp: 1 | 
2026-05-03 20:03:57,910 - INFO     - img2od: 23 | od2fr: 0 | od2lpr: 1000 | od2cap: 0 | fr2kr: 0 | lpr2kr: 1000 | cap2udp: 0 | kr2udp: 1 | 
2026-05-03 20:03:58,911 - INFO     - img2od: 23 | od2fr: 0 | od2lpr: 1000 | od2cap: 0 | fr2kr: 0 | lpr2kr: 1000 | cap2udp: 0 | kr2udp: 1 | 
2026-05-03 20:03:59,912 - INFO     - img2od: 23 | od2fr: 0 | od2lpr: 1000 | od2cap: 0 | fr2kr: 0 | lpr2kr: 1000 | cap2udp: 0 | kr2udp: 1 | 
2026-05-03 20:04:00,913 - INFO     - img2od: 23 | od2fr: 0 | od2lpr: 1000 | od2cap: 0 | fr2kr: 0 | lpr2kr: 1000 | cap2udp: 0 | kr2udp: 1 | 
2026-05-03 20:04:01,914 - INFO     - img2od: 23 | od2fr: 0 | od2lpr: 1000 | od2cap: 0 | fr2kr: 0 | lpr2kr: 1000 | cap2udp: 0 | kr2udp: 1 | 
2026-05-03 20:04:02,915 - INFO     - img2od: 23 | od2fr: 0 | od2lpr: 1000 | od2cap: 0 | fr2kr: 0 | lpr2kr: 1000 | cap2udp: 0 | kr2udp: 1 | 
2026-05-03 20:04:03,916 - INFO     - img2od: 23 | od2fr: 0 | od2lpr: 1000 | od2cap: 0 | fr2kr: 0 | lpr2kr: 1000 | cap2udp: 0 | kr2udp: 1 | 
2026-05-03 20:04:04,917 - INFO     - img2od: 23 | od2fr: 0 | od2lpr: 1000 | od2cap: 0 | fr2kr: 0 | lpr2kr: 1000 | cap2udp: 0 | kr2udp: 1 | 
2026-05-03 20:04:05,918 - INFO     - img2od: 23 | od2fr: 0 | od2lpr: 1000 | od2cap: 0 | fr2kr: 0 | lpr2kr: 1000 | cap2udp: 0 | kr2udp: 1 | 
2026-05-03 20:04:06,919 - INFO     - img2od: 23 | od2fr: 0 | od2lpr: 1000 | od2cap: 0 | fr2kr: 0 | lpr2kr: 1000 | cap2udp: 0 | kr2udp: 0 | 
2026-05-03 20:04:07,920 - INFO     - img2od: 23 | od2fr: 0 | od2lpr: 1000 | od2cap: 0 | fr2kr: 0 | lpr2kr: 1000 | cap2udp: 0 | kr2udp: 0 | 
2026-05-03 20:04:08,921 - INFO     - img2od: 23 | od2fr: 0 | od2lpr: 1000 | od2cap: 0 | fr2kr: 0 | lpr2kr: 1000 | cap2udp: 0 | kr2udp: 1 | 
2026-05-03 20:04:09,922 - INFO     - img2od: 23 | od2fr: 0 | od2lpr: 1000 | od2cap: 0 | fr2kr: 0 | lpr2kr: 1000 | cap2udp: 0 | kr2udp: 1 | 
2026-05-03 20:04:10,923 - INFO     - img2od: 23 | od2fr: 0 | od2lpr: 1000 | od2cap: 0 | fr2kr: 0 | lpr2kr: 1000 | cap2udp: 0 | kr2udp: 1 | 
2026-05-03 20:04:11,924 - INFO     - img2od: 23 | od2fr: 0 | od2lpr: 1000 | od2cap: 0 | fr2kr: 0 | lpr2kr: 1000 | cap2udp: 0 | kr2udp: 1 | 
2026-05-03 20:04:12,925 - INFO     - img2od: 23 | od2fr: 0 | od2lpr: 1000 | od2cap: 0 | fr2kr: 0 | lpr2kr: 1000 | cap2udp: 0 | kr2udp: 1 | 
2026-05-03 20:04:13,926 - INFO     - img2od: 23 | od2fr: 0 | od2lpr: 1000 | od2cap: 0 | fr2kr: 0 | lpr2kr: 1000 | cap2udp: 0 | kr2udp: 1 | 
2026-05-03 20:04:14,927 - INFO     - img2od: 23 | od2fr: 0 | od2lpr: 1000 | od2cap: 0 | fr2kr: 0 | lpr2kr: 1000 | cap2udp: 0 | kr2udp: 0 | 
2026-05-03 20:04:15,928 - INFO     - img2od: 23 | od2fr: 0 | od2lpr: 1000 | od2cap: 0 | fr2kr: 0 | lpr2kr: 999 | cap2udp: 0 | kr2udp: 1 | 
2026-05-03 20:04:16,929 - INFO     - img2od: 23 | od2fr: 0 | od2lpr: 1000 | od2cap: 0 | fr2kr: 0 | lpr2kr: 1000 | cap2udp: 0 | kr2udp: 1 | 
2026-05-03 20:04:17,930 - INFO     - img2od: 23 | od2fr: 0 | od2lpr: 1000 | od2cap: 0 | fr2kr: 0 | lpr2kr: 1000 | cap2udp: 0 | kr2udp: 0 | 
2026-05-03 20:04:18,931 - INFO     - img2od: 23 | od2fr: 0 | od2lpr: 1000 | od2cap: 0 | fr2kr: 0 | lpr2kr: 1000 | cap2udp: 0 | kr2udp: 1 | 
2026-05-03 20:04:19,932 - INFO     - img2od: 23 | od2fr: 0 | od2lpr: 1000 | od2cap: 0 | fr2kr: 0 | lpr2kr: 1000 | cap2udp: 0 | kr2udp: 0 | 
2026-05-03 20:04:20,933 - INFO     - img2od: 23 | od2fr: 0 | od2lpr: 1000 | od2cap: 0 | fr2kr: 0 | lpr2kr: 1000 | cap2udp: 0 | kr2udp: 1 | 
2026-05-03 20:04:21,934 - INFO     - img2od: 23 | od2fr: 0 | od2lpr: 1000 | od2cap: 0 | fr2kr: 0 | lpr2kr: 1000 | cap2udp: 0 | kr2udp: 1 | 
2026-05-03 20:04:22,935 - INFO     - img2od: 23 | od2fr: 0 | od2lpr: 1000 | od2cap: 0 | fr2kr: 0 | lpr2kr: 1000 | cap2udp: 0 | kr2udp: 1 | 
2026-05-03 20:04:23,936 - INFO     - img2od: 23 | od2fr: 0 | od2lpr: 1000 | od2cap: 0 | fr2kr: 0 | lpr2kr: 1000 | cap2udp: 0 | kr2udp: 1 | 
2026-05-03 20:04:24,937 - INFO     - img2od: 23 | od2fr: 0 | od2lpr: 1000 | od2cap: 0 | fr2kr: 0 | lpr2kr: 1000 | cap2udp: 0 | kr2udp: 1 | 
2026-05-03 20:04:25,938 - INFO     - img2od: 23 | od2fr: 0 | od2lpr: 1000 | od2cap: 0 | fr2kr: 0 | lpr2kr: 1000 | cap2udp: 0 | kr2udp: 1 | 
2026-05-03 20:04:26,939 - INFO     - img2od: 23 | od2fr: 0 | od2lpr: 1000 | od2cap: 0 | fr2kr: 0 | lpr2kr: 1000 | cap2udp: 0 | kr2udp: 0 | 
2026-05-03 20:04:27,940 - INFO     - img2od: 23 | od2fr: 0 | od2lpr: 1000 | od2cap: 0 | fr2kr: 0 | lpr2kr: 1000 | cap2udp: 0 | kr2udp: 1 | 
2026-05-03 20:04:28,941 - INFO     - img2od: 23 | od2fr: 0 | od2lpr: 1000 | od2cap: 0 | fr2kr: 0 | lpr2kr: 1000 | cap2udp: 0 | kr2udp: 0 | 
2026-05-03 20:04:29,942 - INFO     - img2od: 23 | od2fr: 0 | od2lpr: 1000 | od2cap: 0 | fr2kr: 0 | lpr2kr: 1000 | cap2udp: 0 | kr2udp: 0 | 
2026-05-03 20:04:30,943 - INFO     - img2od: 23 | od2fr: 0 | od2lpr: 1000 | od2cap: 0 | fr2kr: 0 | lpr2kr: 1000 | cap2udp: 0 | kr2udp: 0 | 
2026-05-03 20:04:31,944 - INFO     - img2od: 23 | od2fr: 0 | od2lpr: 1000 | od2cap: 0 | fr2kr: 0 | lpr2kr: 1000 | cap2udp: 0 | kr2udp: 1 | 
2026-05-03 20:04:32,945 - INFO     - img2od: 23 | od2fr: 0 | od2lpr: 1000 | od2cap: 0 | fr2kr: 0 | lpr2kr: 1000 | cap2udp: 0 | kr2udp: 1 | 
2026-05-03 20:04:33,946 - INFO     - img2od: 23 | od2fr: 0 | od2lpr: 1000 | od2cap: 0 | fr2kr: 0 | lpr2kr: 1000 | cap2udp: 0 | kr2udp: 0 | 
2026-05-03 20:04:34,947 - INFO     - img2od: 23 | od2fr: 0 | od2lpr: 1000 | od2cap: 0 | fr2kr: 0 | lpr2kr: 1000 | cap2udp: 0 | kr2udp: 1 | 
2026-05-03 20:04:35,948 - INFO     - img2od: 23 | od2fr: 0 | od2lpr: 1000 | od2cap: 0 | fr2kr: 0 | lpr2kr: 1000 | cap2udp: 0 | kr2udp: 0 | 
2026-05-03 20:04:36,949 - INFO     - img2od: 23 | od2fr: 0 | od2lpr: 1000 | od2cap: 0 | fr2kr: 0 | lpr2kr: 1000 | cap2udp: 0 | kr2udp: 0 | 
2026-05-03 20:04:37,950 - INFO     - img2od: 23 | od2fr: 0 | od2lpr: 1000 | od2cap: 0 | fr2kr: 0 | lpr2kr: 999 | cap2udp: 0 | kr2udp: 1 | 
2026-05-03 20:04:38,951 - INFO     - img2od: 23 | od2fr: 0 | od2lpr: 1000 | od2cap: 0 | fr2kr: 0 | lpr2kr: 1000 | cap2udp: 0 | kr2udp: 1 | 
2026-05-03 20:04:39,952 - INFO     - img2od: 23 | od2fr: 0 | od2lpr: 1000 | od2cap: 0 | fr2kr: 0 | lpr2kr: 1000 | cap2udp: 0 | kr2udp: 1 | 
2026-05-03 20:04:40,953 - INFO     - img2od: 23 | od2fr: 0 | od2lpr: 1000 | od2cap: 0 | fr2kr: 0 | lpr2kr: 1000 | cap2udp: 0 | kr2udp: 1 | 
2026-05-03 20:04:41,960 - INFO     - img2od: 23 | od2fr: 0 | od2lpr: 1000 | od2cap: 0 | fr2kr: 0 | lpr2kr: 1000 | cap2udp: 0 | kr2udp: 1 | 
2026-05-03 20:04:42,962 - INFO     - img2od: 23 | od2fr: 0 | od2lpr: 1000 | od2cap: 0 | fr2kr: 0 | lpr2kr: 1000 | cap2udp: 0 | kr2udp: 0 | 
2026-05-03 20:04:43,963 - INFO     - img2od: 23 | od2fr: 0 | od2lpr: 1000 | od2cap: 0 | fr2kr: 0 | lpr2kr: 999 | cap2udp: 0 | kr2udp: 1 | 
2026-05-03 20:04:44,964 - INFO     - img2od: 23 | od2fr: 0 | od2lpr: 1000 | od2cap: 0 | fr2kr: 0 | lpr2kr: 1000 | cap2udp: 0 | kr2udp: 1 | 
2026-05-03 20:04:45,965 - INFO     - img2od: 23 | od2fr: 0 | od2lpr: 1000 | od2cap: 0 | fr2kr: 0 | lpr2kr: 1000 | cap2udp: 0 | kr2udp: 1 | 
2026-05-03 20:04:46,966 - INFO     - img2od: 23 | od2fr: 0 | od2lpr: 1000 | od2cap: 0 | fr2kr: 0 | lpr2kr: 1000 | cap2udp: 0 | kr2udp: 0 | 
2026-05-03 20:04:47,967 - INFO     - img2od: 23 | od2fr: 0 | od2lpr: 1000 | od2cap: 0 | fr2kr: 0 | lpr2kr: 1000 | cap2udp: 0 | kr2udp: 0 | 
2026-05-03 20:04:48,968 - INFO     - img2od: 23 | od2fr: 0 | od2lpr: 1000 | od2cap: 0 | fr2kr: 0 | lpr2kr: 1000 | cap2udp: 0 | kr2udp: 1 | 
2026-05-03 20:04:49,969 - INFO     - img2od: 23 | od2fr: 0 | od2lpr: 1000 | od2cap: 0 | fr2kr: 0 | lpr2kr: 1000 | cap2udp: 0 | kr2udp: 0 | 
2026-05-03 20:04:50,970 - INFO     - img2od: 23 | od2fr: 0 | od2lpr: 1000 | od2cap: 0 | fr2kr: 0 | lpr2kr: 1000 | cap2udp: 0 | kr2udp: 1 | 
2026-05-03 20:04:51,971 - INFO     - img2od: 23 | od2fr: 0 | od2lpr: 1000 | od2cap: 0 | fr2kr: 0 | lpr2kr: 1000 | cap2udp: 0 | kr2udp: 1 | 
2026-05-03 20:04:52,972 - INFO     - img2od: 23 | od2fr: 0 | od2lpr: 1000 | od2cap: 0 | fr2kr: 0 | lpr2kr: 1000 | cap2udp: 0 | kr2udp: 1 | 
2026-05-03 20:04:53,973 - INFO     - img2od: 23 | od2fr: 0 | od2lpr: 1000 | od2cap: 0 | fr2kr: 0 | lpr2kr: 1000 | cap2udp: 0 | kr2udp: 1 | 
2026-05-03 20:04:54,974 - INFO     - img2od: 23 | od2fr: 0 | od2lpr: 1000 | od2cap: 0 | fr2kr: 0 | lpr2kr: 1000 | cap2udp: 0 | kr2udp: 0 | 
2026-05-03 20:04:55,975 - INFO     - img2od: 23 | od2fr: 0 | od2lpr: 1000 | od2cap: 0 | fr2kr: 0 | lpr2kr: 1000 | cap2udp: 0 | kr2udp: 1 | 
2026-05-03 20:04:56,976 - INFO     - img2od: 23 | od2fr: 0 | od2lpr: 999 | od2cap: 0 | fr2kr: 0 | lpr2kr: 1000 | cap2udp: 0 | kr2udp: 0 | 
2026-05-03 20:04:57,977 - INFO     - img2od: 23 | od2fr: 0 | od2lpr: 1000 | od2cap: 0 | fr2kr: 0 | lpr2kr: 1000 | cap2udp: 0 | kr2udp: 1 | 
2026-05-03 20:04:58,978 - INFO     - img2od: 23 | od2fr: 0 | od2lpr: 1000 | od2cap: 0 | fr2kr: 0 | lpr2kr: 999 | cap2udp: 0 | kr2udp: 1 | 
2026-05-03 20:04:59,979 - INFO     - img2od: 23 | od2fr: 0 | od2lpr: 1000 | od2cap: 0 | fr2kr: 0 | lpr2kr: 1000 | cap2udp: 0 | kr2udp: 1 | 
2026-05-03 20:05:00,980 - INFO     - img2od: 23 | od2fr: 0 | od2lpr: 1000 | od2cap: 0 | fr2kr: 0 | lpr2kr: 1000 | cap2udp: 0 | kr2udp: 1 | 
2026-05-03 20:05:01,981 - INFO     - img2od: 23 | od2fr: 0 | od2lpr: 1000 | od2cap: 0 | fr2kr: 0 | lpr2kr: 1000 | cap2udp: 0 | kr2udp: 2 | 
2026-05-03 20:05:02,982 - INFO     - img2od: 23 | od2fr: 0 | od2lpr: 1000 | od2cap: 0 | fr2kr: 0 | lpr2kr: 1000 | cap2udp: 0 | kr2udp: 1 | 
2026-05-03 20:05:03,983 - INFO     - img2od: 23 | od2fr: 0 | od2lpr: 1000 | od2cap: 0 | fr2kr: 0 | lpr2kr: 1000 | cap2udp: 0 | kr2udp: 0 | 
2026-05-03 20:05:04,984 - INFO     - img2od: 23 | od2fr: 0 | od2lpr: 1000 | od2cap: 0 | fr2kr: 0 | lpr2kr: 1000 | cap2udp: 0 | kr2udp: 1 | 
2026-05-03 20:05:05,985 - INFO     - img2od: 23 | od2fr: 0 | od2lpr: 1000 | od2cap: 0 | fr2kr: 0 | lpr2kr: 1000 | cap2udp: 0 | kr2udp: 1 | 
2026-05-03 20:05:06,986 - INFO     - img2od: 23 | od2fr: 0 | od2lpr: 1000 | od2cap: 0 | fr2kr: 0 | lpr2kr: 1000 | cap2udp: 0 | kr2udp: 1 | 
2026-05-03 20:05:07,987 - INFO     - img2od: 23 | od2fr: 0 | od2lpr: 1000 | od2cap: 0 | fr2kr: 0 | lpr2kr: 1000 | cap2udp: 0 | kr2udp: 1 | 
2026-05-03 20:05:08,988 - INFO     - img2od: 23 | od2fr: 0 | od2lpr: 1000 | od2cap: 0 | fr2kr: 0 | lpr2kr: 1000 | cap2udp: 0 | kr2udp: 0 | 
2026-05-03 20:05:09,989 - INFO     - img2od: 23 | od2fr: 0 | od2lpr: 1000 | od2cap: 0 | fr2kr: 0 | lpr2kr: 1000 | cap2udp: 0 | kr2udp: 0 | 
2026-05-03 20:05:10,990 - INFO     - img2od: 23 | od2fr: 0 | od2lpr: 1000 | od2cap: 0 | fr2kr: 0 | lpr2kr: 1000 | cap2udp: 0 | kr2udp: 1 | 
2026-05-03 20:05:11,991 - INFO     - img2od: 23 | od2fr: 0 | od2lpr: 1000 | od2cap: 0 | fr2kr: 0 | lpr2kr: 1000 | cap2udp: 0 | kr2udp: 1 | 
2026-05-03 20:05:12,992 - INFO     - img2od: 23 | od2fr: 0 | od2lpr: 1000 | od2cap: 0 | fr2kr: 0 | lpr2kr: 1000 | cap2udp: 0 | kr2udp: 1 | 
2026-05-03 20:05:13,993 - INFO     - img2od: 23 | od2fr: 0 | od2lpr: 1000 | od2cap: 0 | fr2kr: 0 | lpr2kr: 1000 | cap2udp: 0 | kr2udp: 1 | 
2026-05-03 20:05:14,994 - INFO     - img2od: 23 | od2fr: 0 | od2lpr: 1000 | od2cap: 0 | fr2kr: 0 | lpr2kr: 1000 | cap2udp: 0 | kr2udp: 1 | 
2026-05-03 20:05:15,995 - INFO     - img2od: 23 | od2fr: 0 | od2lpr: 1000 | od2cap: 0 | fr2kr: 0 | lpr2kr: 1000 | cap2udp: 0 | kr2udp: 1 | 
2026-05-03 20:05:16,996 - INFO     - img2od: 23 | od2fr: 0 | od2lpr: 1000 | od2cap: 0 | fr2kr: 0 | lpr2kr: 1000 | cap2udp: 0 | kr2udp: 1 | 
2026-05-03 20:05:17,997 - INFO     - img2od: 23 | od2fr: 0 | od2lpr: 1000 | od2cap: 0 | fr2kr: 0 | lpr2kr: 1000 | cap2udp: 0 | kr2udp: 0 | 
2026-05-03 20:05:18,998 - INFO     - img2od: 23 | od2fr: 0 | od2lpr: 1000 | od2cap: 0 | fr2kr: 0 | lpr2kr: 1000 | cap2udp: 0 | kr2udp: 1 | 
2026-05-03 20:05:19,999 - INFO     - img2od: 23 | od2fr: 0 | od2lpr: 1000 | od2cap: 0 | fr2kr: 0 | lpr2kr: 1000 | cap2udp: 0 | kr2udp: 1 | 
2026-05-03 20:05:21,000 - INFO     - img2od: 23 | od2fr: 0 | od2lpr: 1000 | od2cap: 0 | fr2kr: 0 | lpr2kr: 1000 | cap2udp: 0 | kr2udp: 1 | 
2026-05-03 20:05:22,001 - INFO     - img2od: 23 | od2fr: 0 | od2lpr: 1000 | od2cap: 0 | fr2kr: 0 | lpr2kr: 1000 | cap2udp: 0 | kr2udp: 0 | 
2026-05-03 20:05:23,002 - INFO     - img2od: 23 | od2fr: 0 | od2lpr: 1000 | od2cap: 0 | fr2kr: 0 | lpr2kr: 1000 | cap2udp: 0 | kr2udp: 0 | 
2026-05-03 20:05:24,003 - INFO     - img2od: 23 | od2fr: 0 | od2lpr: 1000 | od2cap: 0 | fr2kr: 0 | lpr2kr: 1000 | cap2udp: 0 | kr2udp: 1 | 
2026-05-03 20:05:25,004 - INFO     - img2od: 23 | od2fr: 0 | od2lpr: 1000 | od2cap: 0 | fr2kr: 0 | lpr2kr: 1000 | cap2udp: 0 | kr2udp: 1 | 
2026-05-03 20:05:26,005 - INFO     - img2od: 23 | od2fr: 0 | od2lpr: 1000 | od2cap: 0 | fr2kr: 0 | lpr2kr: 1000 | cap2udp: 0 | kr2udp: 1 | 
2026-05-03 20:05:27,006 - INFO     - img2od: 23 | od2fr: 0 | od2lpr: 1000 | od2cap: 0 | fr2kr: 0 | lpr2kr: 1000 | cap2udp: 0 | kr2udp: 1 | 
2026-05-03 20:05:28,007 - INFO     - img2od: 23 | od2fr: 0 | od2lpr: 1000 | od2cap: 0 | fr2kr: 0 | lpr2kr: 1000 | cap2udp: 0 | kr2udp: 1 | 
2026-05-03 20:05:29,008 - INFO     - img2od: 23 | od2fr: 0 | od2lpr: 1000 | od2cap: 0 | fr2kr: 0 | lpr2kr: 1000 | cap2udp: 0 | kr2udp: 1 | 
2026-05-03 20:05:30,009 - INFO     - img2od: 23 | od2fr: 0 | od2lpr: 1000 | od2cap: 0 | fr2kr: 0 | lpr2kr: 1000 | cap2udp: 0 | kr2udp: 0 | 
2026-05-03 20:05:31,010 - INFO     - img2od: 23 | od2fr: 0 | od2lpr: 1000 | od2cap: 0 | fr2kr: 0 | lpr2kr: 1000 | cap2udp: 0 | kr2udp: 1 | 
2026-05-03 20:05:32,011 - INFO     - img2od: 23 | od2fr: 0 | od2lpr: 1000 | od2cap: 0 | fr2kr: 0 | lpr2kr: 1000 | cap2udp: 0 | kr2udp: 0 | 
2026-05-03 20:05:33,012 - INFO     - img2od: 23 | od2fr: 0 | od2lpr: 1000 | od2cap: 0 | fr2kr: 0 | lpr2kr: 1000 | cap2udp: 0 | kr2udp: 0 | 
2026-05-03 20:05:34,013 - INFO     - img2od: 23 | od2fr: 0 | od2lpr: 1000 | od2cap: 0 | fr2kr: 0 | lpr2kr: 1000 | cap2udp: 0 | kr2udp: 1 | 
2026-05-03 20:05:35,014 - INFO     - img2od: 23 | od2fr: 0 | od2lpr: 1000 | od2cap: 0 | fr2kr: 0 | lpr2kr: 1000 | cap2udp: 0 | kr2udp: 0 | 
2026-05-03 20:05:36,015 - INFO     - img2od: 23 | od2fr: 0 | od2lpr: 1000 | od2cap: 0 | fr2kr: 0 | lpr2kr: 1000 | cap2udp: 0 | kr2udp: 1 | 
2026-05-03 20:05:37,016 - INFO     - img2od: 23 | od2fr: 0 | od2lpr: 1000 | od2cap: 0 | fr2kr: 0 | lpr2kr: 1000 | cap2udp: 0 | kr2udp: 1 | 
2026-05-03 20:05:38,017 - INFO     - img2od: 23 | od2fr: 0 | od2lpr: 1000 | od2cap: 0 | fr2kr: 0 | lpr2kr: 1000 | cap2udp: 0 | kr2udp: 1 | 
2026-05-03 20:05:39,018 - INFO     - img2od: 23 | od2fr: 0 | od2lpr: 1000 | od2cap: 0 | fr2kr: 0 | lpr2kr: 1000 | cap2udp: 0 | kr2udp: 0 | 
2026-05-03 20:05:40,019 - INFO     - img2od: 23 | od2fr: 0 | od2lpr: 1000 | od2cap: 0 | fr2kr: 0 | lpr2kr: 1000 | cap2udp: 0 | kr2udp: 1 | 
2026-05-03 20:05:41,020 - INFO     - img2od: 23 | od2fr: 0 | od2lpr: 1000 | od2cap: 0 | fr2kr: 0 | lpr2kr: 1000 | cap2udp: 0 | kr2udp: 1 | 
2026-05-03 20:05:42,021 - INFO     - img2od: 23 | od2fr: 0 | od2lpr: 1000 | od2cap: 0 | fr2kr: 0 | lpr2kr: 1000 | cap2udp: 0 | kr2udp: 0 | 
2026-05-03 20:05:43,022 - INFO     - img2od: 23 | od2fr: 0 | od2lpr: 1000 | od2cap: 0 | fr2kr: 0 | lpr2kr: 1000 | cap2udp: 0 | kr2udp: 1 | 
2026-05-03 20:05:44,023 - INFO     - img2od: 23 | od2fr: 0 | od2lpr: 1000 | od2cap: 0 | fr2kr: 0 | lpr2kr: 1000 | cap2udp: 0 | kr2udp: 1 | 
2026-05-03 20:05:45,024 - INFO     - img2od: 23 | od2fr: 0 | od2lpr: 1000 | od2cap: 0 | fr2kr: 0 | lpr2kr: 1000 | cap2udp: 0 | kr2udp: 1 | 
2026-05-03 20:05:46,025 - INFO     - img2od: 23 | od2fr: 0 | od2lpr: 1000 | od2cap: 0 | fr2kr: 0 | lpr2kr: 1000 | cap2udp: 0 | kr2udp: 0 | 
2026-05-03 20:05:47,026 - INFO     - img2od: 23 | od2fr: 0 | od2lpr: 1000 | od2cap: 0 | fr2kr: 0 | lpr2kr: 1000 | cap2udp: 0 | kr2udp: 0 | 
2026-05-03 20:05:48,027 - INFO     - img2od: 23 | od2fr: 0 | od2lpr: 1000 | od2cap: 0 | fr2kr: 0 | lpr2kr: 1000 | cap2udp: 0 | kr2udp: 0 | 
2026-05-03 20:05:49,028 - INFO     - img2od: 23 | od2fr: 0 | od2lpr: 1000 | od2cap: 0 | fr2kr: 0 | lpr2kr: 1000 | cap2udp: 0 | kr2udp: 0 | 
2026-05-03 20:05:50,029 - INFO     - img2od: 23 | od2fr: 0 | od2lpr: 1000 | od2cap: 0 | fr2kr: 0 | lpr2kr: 1000 | cap2udp: 0 | kr2udp: 1 | 
2026-05-03 20:05:51,030 - INFO     - img2od: 23 | od2fr: 0 | od2lpr: 1000 | od2cap: 0 | fr2kr: 0 | lpr2kr: 1000 | cap2udp: 0 | kr2udp: 1 | 
2026-05-03 20:05:52,031 - INFO     - img2od: 23 | od2fr: 0 | od2lpr: 1000 | od2cap: 0 | fr2kr: 0 | lpr2kr: 1000 | cap2udp: 0 | kr2udp: 1 | 
2026-05-03 20:05:53,032 - INFO     - img2od: 23 | od2fr: 0 | od2lpr: 1000 | od2cap: 0 | fr2kr: 0 | lpr2kr: 1000 | cap2udp: 0 | kr2udp: 1 | 
2026-05-03 20:05:54,033 - INFO     - img2od: 23 | od2fr: 0 | od2lpr: 1000 | od2cap: 0 | fr2kr: 0 | lpr2kr: 1000 | cap2udp: 0 | kr2udp: 1 | 
2026-05-03 20:05:55,034 - INFO     - img2od: 23 | od2fr: 0 | od2lpr: 1000 | od2cap: 0 | fr2kr: 0 | lpr2kr: 1000 | cap2udp: 0 | kr2udp: 1 | 
2026-05-03 20:05:56,035 - INFO     - img2od: 23 | od2fr: 0 | od2lpr: 1000 | od2cap: 0 | fr2kr: 0 | lpr2kr: 1000 | cap2udp: 0 | kr2udp: 1 | 
2026-05-03 20:05:57,036 - INFO     - img2od: 23 | od2fr: 0 | od2lpr: 1000 | od2cap: 0 | fr2kr: 0 | lpr2kr: 1000 | cap2udp: 0 | kr2udp: 1 | 
2026-05-03 20:05:58,037 - INFO     - img2od: 23 | od2fr: 0 | od2lpr: 1000 | od2cap: 0 | fr2kr: 0 | lpr2kr: 1000 | cap2udp: 0 | kr2udp: 1 | 
2026-05-03 20:05:59,038 - INFO     - img2od: 23 | od2fr: 0 | od2lpr: 1000 | od2cap: 0 | fr2kr: 0 | lpr2kr: 1000 | cap2udp: 0 | kr2udp: 1 | 
2026-05-03 20:06:00,039 - INFO     - img2od: 23 | od2fr: 0 | od2lpr: 1000 | od2cap: 0 | fr2kr: 0 | lpr2kr: 1000 | cap2udp: 0 | kr2udp: 1 | 
2026-05-03 20:06:01,040 - INFO     - img2od: 23 | od2fr: 0 | od2lpr: 1000 | od2cap: 0 | fr2kr: 0 | lpr2kr: 1000 | cap2udp: 0 | kr2udp: 1 | 
2026-05-03 20:06:02,041 - INFO     - img2od: 23 | od2fr: 0 | od2lpr: 1000 | od2cap: 0 | fr2kr: 0 | lpr2kr: 1000 | cap2udp: 0 | kr2udp: 1 | 
2026-05-03 20:06:03,042 - INFO     - img2od: 23 | od2fr: 0 | od2lpr: 1000 | od2cap: 0 | fr2kr: 0 | lpr2kr: 1000 | cap2udp: 0 | kr2udp: 1 | 
2026-05-03 20:06:04,043 - INFO     - img2od: 23 | od2fr: 0 | od2lpr: 1000 | od2cap: 0 | fr2kr: 0 | lpr2kr: 1000 | cap2udp: 0 | kr2udp: 1 | 
2026-05-03 20:06:05,044 - INFO     - img2od: 23 | od2fr: 0 | od2lpr: 1000 | od2cap: 0 | fr2kr: 0 | lpr2kr: 1000 | cap2udp: 0 | kr2udp: 1 | 
2026-05-03 20:06:06,045 - INFO     - img2od: 23 | od2fr: 0 | od2lpr: 1000 | od2cap: 0 | fr2kr: 0 | lpr2kr: 1000 | cap2udp: 0 | kr2udp: 0 | 
2026-05-03 20:06:07,046 - INFO     - img2od: 23 | od2fr: 0 | od2lpr: 1000 | od2cap: 0 | fr2kr: 0 | lpr2kr: 1000 | cap2udp: 0 | kr2udp: 1 | 
2026-05-03 20:06:08,047 - INFO     - img2od: 23 | od2fr: 0 | od2lpr: 1000 | od2cap: 0 | fr2kr: 0 | lpr2kr: 1000 | cap2udp: 0 | kr2udp: 1 | 
2026-05-03 20:06:09,048 - INFO     - img2od: 23 | od2fr: 0 | od2lpr: 1000 | od2cap: 0 | fr2kr: 0 | lpr2kr: 1000 | cap2udp: 0 | kr2udp: 0 | 
2026-05-03 20:06:10,049 - INFO     - img2od: 23 | od2fr: 0 | od2lpr: 1000 | od2cap: 0 | fr2kr: 0 | lpr2kr: 1000 | cap2udp: 0 | kr2udp: 1 | 
2026-05-03 20:06:11,050 - INFO     - img2od: 23 | od2fr: 0 | od2lpr: 1000 | od2cap: 0 | fr2kr: 0 | lpr2kr: 1000 | cap2udp: 0 | kr2udp: 0 | 
2026-05-03 20:06:12,051 - INFO     - img2od: 23 | od2fr: 0 | od2lpr: 1000 | od2cap: 0 | fr2kr: 0 | lpr2kr: 1000 | cap2udp: 0 | kr2udp: 0 | 
2026-05-03 20:06:13,052 - INFO     - img2od: 23 | od2fr: 0 | od2lpr: 1000 | od2cap: 0 | fr2kr: 0 | lpr2kr: 1000 | cap2udp: 0 | kr2udp: 0 | 
2026-05-03 20:06:14,053 - INFO     - img2od: 23 | od2fr: 0 | od2lpr: 1000 | od2cap: 0 | fr2kr: 0 | lpr2kr: 1000 | cap2udp: 0 | kr2udp: 1 | 
2026-05-03 20:06:15,054 - INFO     - img2od: 23 | od2fr: 0 | od2lpr: 1000 | od2cap: 0 | fr2kr: 0 | lpr2kr: 1000 | cap2udp: 0 | kr2udp: 1 | 
2026-05-03 20:06:16,055 - INFO     - img2od: 23 | od2fr: 0 | od2lpr: 1000 | od2cap: 0 | fr2kr: 0 | lpr2kr: 1000 | cap2udp: 0 | kr2udp: 1 | 
2026-05-03 20:06:17,056 - INFO     - img2od: 23 | od2fr: 0 | od2lpr: 1000 | od2cap: 0 | fr2kr: 0 | lpr2kr: 1000 | cap2udp: 0 | kr2udp: 1 | 
2026-05-03 20:06:18,057 - INFO     - img2od: 23 | od2fr: 0 | od2lpr: 1000 | od2cap: 0 | fr2kr: 0 | lpr2kr: 1000 | cap2udp: 0 | kr2udp: 1 | 
2026-05-03 20:06:19,058 - INFO     - img2od: 23 | od2fr: 0 | od2lpr: 1000 | od2cap: 0 | fr2kr: 0 | lpr2kr: 1000 | cap2udp: 0 | kr2udp: 1 | 
2026-05-03 20:06:20,059 - INFO     - img2od: 23 | od2fr: 0 | od2lpr: 1000 | od2cap: 0 | fr2kr: 0 | lpr2kr: 1000 | cap2udp: 0 | kr2udp: 1 | 
2026-05-03 20:06:21,060 - INFO     - img2od: 23 | od2fr: 0 | od2lpr: 1000 | od2cap: 0 | fr2kr: 0 | lpr2kr: 1000 | cap2udp: 0 | kr2udp: 0 | 
2026-05-03 20:06:22,061 - INFO     - img2od: 23 | od2fr: 0 | od2lpr: 1000 | od2cap: 0 | fr2kr: 0 | lpr2kr: 1000 | cap2udp: 0 | kr2udp: 1 | 
2026-05-03 20:06:23,062 - INFO     - img2od: 23 | od2fr: 0 | od2lpr: 1000 | od2cap: 0 | fr2kr: 0 | lpr2kr: 1000 | cap2udp: 0 | kr2udp: 0 | 
2026-05-03 20:06:24,063 - INFO     - img2od: 23 | od2fr: 0 | od2lpr: 1000 | od2cap: 0 | fr2kr: 0 | lpr2kr: 1000 | cap2udp: 0 | kr2udp: 1 | 
2026-05-03 20:06:25,064 - INFO     - img2od: 23 | od2fr: 0 | od2lpr: 1000 | od2cap: 0 | fr2kr: 0 | lpr2kr: 1000 | cap2udp: 0 | kr2udp: 0 | 
2026-05-03 20:06:26,065 - INFO     - img2od: 23 | od2fr: 0 | od2lpr: 1000 | od2cap: 0 | fr2kr: 0 | lpr2kr: 1000 | cap2udp: 0 | kr2udp: 0 | 
2026-05-03 20:06:27,066 - INFO     - img2od: 23 | od2fr: 0 | od2lpr: 1000 | od2cap: 0 | fr2kr: 0 | lpr2kr: 1000 | cap2udp: 0 | kr2udp: 0 | 
2026-05-03 20:06:28,067 - INFO     - img2od: 23 | od2fr: 0 | od2lpr: 1000 | od2cap: 0 | fr2kr: 0 | lpr2kr: 1000 | cap2udp: 0 | kr2udp: 1 | 
2026-05-03 20:06:29,068 - INFO     - img2od: 23 | od2fr: 0 | od2lpr: 1000 | od2cap: 0 | fr2kr: 0 | lpr2kr: 1000 | cap2udp: 0 | kr2udp: 1 | 
2026-05-03 20:06:30,069 - INFO     - img2od: 23 | od2fr: 0 | od2lpr: 1000 | od2cap: 0 | fr2kr: 0 | lpr2kr: 1000 | cap2udp: 0 | kr2udp: 1 | 
2026-05-03 20:06:31,070 - INFO     - img2od: 23 | od2fr: 0 | od2lpr: 1000 | od2cap: 0 | fr2kr: 0 | lpr2kr: 1000 | cap2udp: 0 | kr2udp: 1 | 
2026-05-03 20:06:32,071 - INFO     - img2od: 23 | od2fr: 0 | od2lpr: 1000 | od2cap: 0 | fr2kr: 0 | lpr2kr: 1000 | cap2udp: 0 | kr2udp: 1 | 
2026-05-03 20:06:33,072 - INFO     - img2od: 23 | od2fr: 0 | od2lpr: 1000 | od2cap: 0 | fr2kr: 0 | lpr2kr: 1000 | cap2udp: 0 | kr2udp: 1 | 
2026-05-03 20:06:34,073 - INFO     - img2od: 23 | od2fr: 0 | od2lpr: 1000 | od2cap: 0 | fr2kr: 0 | lpr2kr: 1000 | cap2udp: 0 | kr2udp: 0 | 
2026-05-03 20:06:35,074 - INFO     - img2od: 23 | od2fr: 0 | od2lpr: 1000 | od2cap: 0 | fr2kr: 0 | lpr2kr: 1000 | cap2udp: 0 | kr2udp: 1 | 
2026-05-03 20:06:36,075 - INFO     - img2od: 23 | od2fr: 0 | od2lpr: 1000 | od2cap: 0 | fr2kr: 0 | lpr2kr: 1000 | cap2udp: 0 | kr2udp: 1 | 
2026-05-03 20:06:37,076 - INFO     - img2od: 23 | od2fr: 0 | od2lpr: 1000 | od2cap: 0 | fr2kr: 0 | lpr2kr: 1000 | cap2udp: 0 | kr2udp: 1 | 
2026-05-03 20:06:38,080 - INFO     - img2od: 23 | od2fr: 0 | od2lpr: 1000 | od2cap: 0 | fr2kr: 0 | lpr2kr: 1000 | cap2udp: 0 | kr2udp: 1 | 
2026-05-03 20:06:39,081 - INFO     - img2od: 23 | od2fr: 0 | od2lpr: 1000 | od2cap: 0 | fr2kr: 0 | lpr2kr: 1000 | cap2udp: 0 | kr2udp: 1 | 
2026-05-03 20:06:40,082 - INFO     - img2od: 23 | od2fr: 0 | od2lpr: 1000 | od2cap: 0 | fr2kr: 0 | lpr2kr: 1000 | cap2udp: 0 | kr2udp: 1 | 
2026-05-03 20:06:41,083 - INFO     - img2od: 23 | od2fr: 0 | od2lpr: 1000 | od2cap: 0 | fr2kr: 0 | lpr2kr: 1000 | cap2udp: 0 | kr2udp: 1 | 
2026-05-03 20:06:42,084 - INFO     - img2od: 23 | od2fr: 0 | od2lpr: 1000 | od2cap: 0 | fr2kr: 0 | lpr2kr: 1000 | cap2udp: 0 | kr2udp: 0 | 
2026-05-03 20:06:43,085 - INFO     - img2od: 23 | od2fr: 0 | od2lpr: 1000 | od2cap: 0 | fr2kr: 0 | lpr2kr: 1000 | cap2udp: 0 | kr2udp: 1 | 
2026-05-03 20:06:44,086 - INFO     - img2od: 23 | od2fr: 0 | od2lpr: 1000 | od2cap: 0 | fr2kr: 0 | lpr2kr: 1000 | cap2udp: 0 | kr2udp: 1 | 
2026-05-03 20:06:45,087 - INFO     - img2od: 23 | od2fr: 0 | od2lpr: 1000 | od2cap: 0 | fr2kr: 0 | lpr2kr: 1000 | cap2udp: 0 | kr2udp: 1 | 
2026-05-03 20:06:46,088 - INFO     - img2od: 23 | od2fr: 0 | od2lpr: 1000 | od2cap: 0 | fr2kr: 0 | lpr2kr: 1000 | cap2udp: 0 | kr2udp: 1 | 
2026-05-03 20:06:47,089 - INFO     - img2od: 23 | od2fr: 0 | od2lpr: 1000 | od2cap: 0 | fr2kr: 0 | lpr2kr: 1000 | cap2udp: 0 | kr2udp: 1 | 
2026-05-03 20:06:48,090 - INFO     - img2od: 23 | od2fr: 0 | od2lpr: 1000 | od2cap: 0 | fr2kr: 0 | lpr2kr: 1000 | cap2udp: 0 | kr2udp: 0 | 
2026-05-03 20:06:49,091 - INFO     - img2od: 23 | od2fr: 0 | od2lpr: 1000 | od2cap: 0 | fr2kr: 0 | lpr2kr: 1000 | cap2udp: 0 | kr2udp: 1 | 
2026-05-03 20:06:50,092 - INFO     - img2od: 23 | od2fr: 0 | od2lpr: 1000 | od2cap: 0 | fr2kr: 0 | lpr2kr: 1000 | cap2udp: 0 | kr2udp: 1 | 
2026-05-03 20:06:51,093 - INFO     - img2od: 23 | od2fr: 0 | od2lpr: 1000 | od2cap: 0 | fr2kr: 0 | lpr2kr: 1000 | cap2udp: 0 | kr2udp: 1 | 
2026-05-03 20:06:52,094 - INFO     - img2od: 23 | od2fr: 0 | od2lpr: 1000 | od2cap: 0 | fr2kr: 0 | lpr2kr: 1000 | cap2udp: 0 | kr2udp: 1 | 
2026-05-03 20:06:53,095 - INFO     - img2od: 23 | od2fr: 0 | od2lpr: 1000 | od2cap: 0 | fr2kr: 0 | lpr2kr: 1000 | cap2udp: 0 | kr2udp: 0 | 
2026-05-03 20:06:54,096 - INFO     - img2od: 23 | od2fr: 0 | od2lpr: 1000 | od2cap: 0 | fr2kr: 0 | lpr2kr: 1000 | cap2udp: 0 | kr2udp: 1 | 
2026-05-03 20:06:55,097 - INFO     - img2od: 23 | od2fr: 0 | od2lpr: 1000 | od2cap: 0 | fr2kr: 0 | lpr2kr: 1000 | cap2udp: 0 | kr2udp: 1 | 
2026-05-03 20:06:56,098 - INFO     - img2od: 23 | od2fr: 0 | od2lpr: 1000 | od2cap: 0 | fr2kr: 0 | lpr2kr: 1000 | cap2udp: 0 | kr2udp: 1 | 
2026-05-03 20:06:57,099 - INFO     - img2od: 23 | od2fr: 0 | od2lpr: 1000 | od2cap: 0 | fr2kr: 0 | lpr2kr: 1000 | cap2udp: 0 | kr2udp: 0 | 
2026-05-03 20:06:58,100 - INFO     - img2od: 23 | od2fr: 0 | od2lpr: 1000 | od2cap: 0 | fr2kr: 0 | lpr2kr: 1000 | cap2udp: 0 | kr2udp: 1 | 
2026-05-03 20:06:59,101 - INFO     - img2od: 23 | od2fr: 0 | od2lpr: 1000 | od2cap: 0 | fr2kr: 0 | lpr2kr: 1000 | cap2udp: 0 | kr2udp: 1 | 
2026-05-03 20:07:00,102 - INFO     - img2od: 23 | od2fr: 0 | od2lpr: 1000 | od2cap: 0 | fr2kr: 0 | lpr2kr: 1000 | cap2udp: 0 | kr2udp: 1 | 
2026-05-03 20:07:01,103 - INFO     - img2od: 23 | od2fr: 0 | od2lpr: 1000 | od2cap: 0 | fr2kr: 0 | lpr2kr: 1000 | cap2udp: 0 | kr2udp: 0 | 
2026-05-03 20:07:02,104 - INFO     - img2od: 23 | od2fr: 0 | od2lpr: 1000 | od2cap: 0 | fr2kr: 0 | lpr2kr: 1000 | cap2udp: 0 | kr2udp: 1 | 
2026-05-03 20:07:03,105 - INFO     - img2od: 23 | od2fr: 0 | od2lpr: 1000 | od2cap: 0 | fr2kr: 0 | lpr2kr: 1000 | cap2udp: 0 | kr2udp: 1 | 
2026-05-03 20:07:04,106 - INFO     - img2od: 23 | od2fr: 0 | od2lpr: 1000 | od2cap: 0 | fr2kr: 0 | lpr2kr: 1000 | cap2udp: 0 | kr2udp: 0 | 
2026-05-03 20:07:05,107 - INFO     - img2od: 23 | od2fr: 0 | od2lpr: 1000 | od2cap: 0 | fr2kr: 0 | lpr2kr: 1000 | cap2udp: 0 | kr2udp: 1 | 
2026-05-03 20:07:06,108 - INFO     - img2od: 23 | od2fr: 0 | od2lpr: 1000 | od2cap: 0 | fr2kr: 0 | lpr2kr: 1000 | cap2udp: 0 | kr2udp: 1 | 
2026-05-03 20:07:07,109 - INFO     - img2od: 23 | od2fr: 0 | od2lpr: 1000 | od2cap: 0 | fr2kr: 0 | lpr2kr: 1000 | cap2udp: 0 | kr2udp: 1 | 
2026-05-03 20:07:08,110 - INFO     - img2od: 23 | od2fr: 0 | od2lpr: 1000 | od2cap: 0 | fr2kr: 0 | lpr2kr: 1000 | cap2udp: 0 | kr2udp: 0 | 
2026-05-03 20:07:09,111 - INFO     - img2od: 23 | od2fr: 0 | od2lpr: 1000 | od2cap: 0 | fr2kr: 0 | lpr2kr: 1000 | cap2udp: 0 | kr2udp: 0 | 
2026-05-03 20:07:10,112 - INFO     - img2od: 23 | od2fr: 0 | od2lpr: 1000 | od2cap: 0 | fr2kr: 0 | lpr2kr: 1000 | cap2udp: 0 | kr2udp: 1 | 
2026-05-03 20:07:11,113 - INFO     - img2od: 23 | od2fr: 0 | od2lpr: 1000 | od2cap: 0 | fr2kr: 0 | lpr2kr: 1000 | cap2udp: 0 | kr2udp: 1 | 
2026-05-03 20:07:12,114 - INFO     - img2od: 23 | od2fr: 0 | od2lpr: 1000 | od2cap: 0 | fr2kr: 0 | lpr2kr: 1000 | cap2udp: 0 | kr2udp: 1 | 
2026-05-03 20:07:13,115 - INFO     - img2od: 23 | od2fr: 0 | od2lpr: 1000 | od2cap: 0 | fr2kr: 0 | lpr2kr: 1000 | cap2udp: 0 | kr2udp: 1 | 
2026-05-03 20:07:14,116 - INFO     - img2od: 23 | od2fr: 0 | od2lpr: 1000 | od2cap: 0 | fr2kr: 0 | lpr2kr: 1000 | cap2udp: 0 | kr2udp: 1 | 
2026-05-03 20:07:15,117 - INFO     - img2od: 23 | od2fr: 0 | od2lpr: 1000 | od2cap: 0 | fr2kr: 0 | lpr2kr: 1000 | cap2udp: 0 | kr2udp: 1 | 
2026-05-03 20:07:16,118 - INFO     - img2od: 23 | od2fr: 0 | od2lpr: 1000 | od2cap: 0 | fr2kr: 0 | lpr2kr: 1000 | cap2udp: 0 | kr2udp: 1 | 
2026-05-03 20:07:17,119 - INFO     - img2od: 21 | od2fr: 0 | od2lpr: 999 | od2cap: 0 | fr2kr: 0 | lpr2kr: 1000 | cap2udp: 0 | kr2udp: 0 | 
2026-05-03 20:07:18,120 - INFO     - img2od: 17 | od2fr: 3 | od2lpr: 1000 | od2cap: 0 | fr2kr: 1 | lpr2kr: 1000 | cap2udp: 0 | kr2udp: 1 | 
2026-05-03 20:07:19,121 - INFO     - img2od: 17 | od2fr: 0 | od2lpr: 1000 | od2cap: 0 | fr2kr: 2 | lpr2kr: 1000 | cap2udp: 0 | kr2udp: 1 | 
2026-05-03 20:07:20,122 - INFO     - img2od: 17 | od2fr: 0 | od2lpr: 1000 | od2cap: 0 | fr2kr: 0 | lpr2kr: 1000 | cap2udp: 0 | kr2udp: 0 | 
2026-05-03 20:07:21,123 - INFO     - img2od: 17 | od2fr: 0 | od2lpr: 1000 | od2cap: 0 | fr2kr: 0 | lpr2kr: 1000 | cap2udp: 0 | kr2udp: 1 | 
2026-05-03 20:07:22,124 - INFO     - img2od: 17 | od2fr: 0 | od2lpr: 1000 | od2cap: 0 | fr2kr: 0 | lpr2kr: 1000 | cap2udp: 0 | kr2udp: 1 | 
2026-05-03 20:07:23,125 - INFO     - img2od: 17 | od2fr: 0 | od2lpr: 1000 | od2cap: 0 | fr2kr: 0 | lpr2kr: 1000 | cap2udp: 0 | kr2udp: 1 | 
2026-05-03 20:07:24,126 - INFO     - img2od: 17 | od2fr: 0 | od2lpr: 1000 | od2cap: 0 | fr2kr: 0 | lpr2kr: 1000 | cap2udp: 0 | kr2udp: 1 | 
2026-05-03 20:07:25,127 - INFO     - img2od: 17 | od2fr: 0 | od2lpr: 1000 | od2cap: 0 | fr2kr: 0 | lpr2kr: 1000 | cap2udp: 0 | kr2udp: 1 | 
2026-05-03 20:07:26,128 - INFO     - img2od: 17 | od2fr: 0 | od2lpr: 1000 | od2cap: 0 | fr2kr: 0 | lpr2kr: 1000 | cap2udp: 0 | kr2udp: 1 | 
2026-05-03 20:07:27,129 - INFO     - img2od: 17 | od2fr: 0 | od2lpr: 1000 | od2cap: 0 | fr2kr: 0 | lpr2kr: 1000 | cap2udp: 0 | kr2udp: 0 | 
2026-05-03 20:07:28,130 - INFO     - img2od: 17 | od2fr: 0 | od2lpr: 1000 | od2cap: 0 | fr2kr: 0 | lpr2kr: 1000 | cap2udp: 0 | kr2udp: 1 | 
2026-05-03 20:07:29,131 - INFO     - img2od: 17 | od2fr: 0 | od2lpr: 1000 | od2cap: 0 | fr2kr: 0 | lpr2kr: 1000 | cap2udp: 0 | kr2udp: 2 | 
2026-05-03 20:07:30,132 - INFO     - img2od: 17 | od2fr: 0 | od2lpr: 1000 | od2cap: 0 | fr2kr: 0 | lpr2kr: 1000 | cap2udp: 0 | kr2udp: 1 | 
2026-05-03 20:07:31,133 - INFO     - img2od: 17 | od2fr: 0 | od2lpr: 1000 | od2cap: 0 | fr2kr: 0 | lpr2kr: 1000 | cap2udp: 0 | kr2udp: 1 | 
2026-05-03 20:07:32,134 - INFO     - img2od: 17 | od2fr: 0 | od2lpr: 1000 | od2cap: 0 | fr2kr: 0 | lpr2kr: 1000 | cap2udp: 0 | kr2udp: 1 | 
2026-05-03 20:07:33,135 - INFO     - img2od: 17 | od2fr: 0 | od2lpr: 1000 | od2cap: 0 | fr2kr: 0 | lpr2kr: 1000 | cap2udp: 0 | kr2udp: 1 | 
2026-05-03 20:07:34,136 - INFO     - img2od: 17 | od2fr: 0 | od2lpr: 1000 | od2cap: 0 | fr2kr: 0 | lpr2kr: 1000 | cap2udp: 0 | kr2udp: 1 | 
2026-05-03 20:07:35,137 - INFO     - img2od: 17 | od2fr: 0 | od2lpr: 1000 | od2cap: 0 | fr2kr: 0 | lpr2kr: 1000 | cap2udp: 0 | kr2udp: 1 | 
2026-05-03 20:07:36,138 - INFO     - img2od: 17 | od2fr: 0 | od2lpr: 1000 | od2cap: 0 | fr2kr: 0 | lpr2kr: 1000 | cap2udp: 0 | kr2udp: 1 | 
2026-05-03 20:07:37,139 - INFO     - img2od: 17 | od2fr: 0 | od2lpr: 1000 | od2cap: 0 | fr2kr: 0 | lpr2kr: 1000 | cap2udp: 0 | kr2udp: 0 | 
2026-05-03 20:07:38,140 - INFO     - img2od: 17 | od2fr: 0 | od2lpr: 1000 | od2cap: 0 | fr2kr: 0 | lpr2kr: 1000 | cap2udp: 0 | kr2udp: 1 | 
2026-05-03 20:07:39,141 - INFO     - img2od: 17 | od2fr: 0 | od2lpr: 1000 | od2cap: 0 | fr2kr: 0 | lpr2kr: 1000 | cap2udp: 0 | kr2udp: 1 | 
2026-05-03 20:07:40,142 - INFO     - img2od: 17 | od2fr: 0 | od2lpr: 1000 | od2cap: 0 | fr2kr: 0 | lpr2kr: 1000 | cap2udp: 0 | kr2udp: 0 | 
2026-05-03 20:07:41,143 - INFO     - img2od: 17 | od2fr: 0 | od2lpr: 1000 | od2cap: 0 | fr2kr: 0 | lpr2kr: 1000 | cap2udp: 0 | kr2udp: 1 | 
2026-05-03 20:07:42,144 - INFO     - img2od: 17 | od2fr: 0 | od2lpr: 1000 | od2cap: 0 | fr2kr: 0 | lpr2kr: 1000 | cap2udp: 0 | kr2udp: 1 | 
2026-05-03 20:07:43,145 - INFO     - img2od: 17 | od2fr: 0 | od2lpr: 1000 | od2cap: 0 | fr2kr: 0 | lpr2kr: 1000 | cap2udp: 0 | kr2udp: 1 | 
2026-05-03 20:07:44,146 - INFO     - img2od: 17 | od2fr: 0 | od2lpr: 1000 | od2cap: 0 | fr2kr: 0 | lpr2kr: 1000 | cap2udp: 0 | kr2udp: 1 | 
2026-05-03 20:07:45,147 - INFO     - img2od: 17 | od2fr: 0 | od2lpr: 1000 | od2cap: 0 | fr2kr: 0 | lpr2kr: 1000 | cap2udp: 0 | kr2udp: 1 | 
2026-05-03 20:07:46,148 - INFO     - img2od: 17 | od2fr: 0 | od2lpr: 1000 | od2cap: 0 | fr2kr: 0 | lpr2kr: 1000 | cap2udp: 0 | kr2udp: 2 | 
2026-05-03 20:07:47,149 - INFO     - img2od: 17 | od2fr: 0 | od2lpr: 1000 | od2cap: 0 | fr2kr: 0 | lpr2kr: 1000 | cap2udp: 0 | kr2udp: 0 | 
2026-05-03 20:07:48,150 - INFO     - img2od: 17 | od2fr: 0 | od2lpr: 1000 | od2cap: 0 | fr2kr: 0 | lpr2kr: 1000 | cap2udp: 0 | kr2udp: 0 | 
2026-05-03 20:07:49,151 - INFO     - img2od: 17 | od2fr: 0 | od2lpr: 999 | od2cap: 0 | fr2kr: 0 | lpr2kr: 1000 | cap2udp: 0 | kr2udp: 1 | 
2026-05-03 20:07:50,152 - INFO     - img2od: 17 | od2fr: 0 | od2lpr: 1000 | od2cap: 0 | fr2kr: 0 | lpr2kr: 1000 | cap2udp: 0 | kr2udp: 1 | 
2026-05-03 20:07:51,153 - INFO     - img2od: 17 | od2fr: 0 | od2lpr: 1000 | od2cap: 0 | fr2kr: 0 | lpr2kr: 1000 | cap2udp: 0 | kr2udp: 1 | 
2026-05-03 20:07:52,154 - INFO     - img2od: 17 | od2fr: 0 | od2lpr: 1000 | od2cap: 0 | fr2kr: 0 | lpr2kr: 1000 | cap2udp: 0 | kr2udp: 0 | 
2026-05-03 20:07:53,155 - INFO     - img2od: 17 | od2fr: 0 | od2lpr: 1000 | od2cap: 0 | fr2kr: 0 | lpr2kr: 1000 | cap2udp: 0 | kr2udp: 1 | 
2026-05-03 20:07:54,156 - INFO     - img2od: 17 | od2fr: 0 | od2lpr: 1000 | od2cap: 0 | fr2kr: 0 | lpr2kr: 1000 | cap2udp: 0 | kr2udp: 0 | 
2026-05-03 20:07:55,157 - INFO     - img2od: 17 | od2fr: 0 | od2lpr: 1000 | od2cap: 0 | fr2kr: 0 | lpr2kr: 1000 | cap2udp: 0 | kr2udp: 1 | 
2026-05-03 20:07:56,158 - INFO     - img2od: 17 | od2fr: 0 | od2lpr: 1000 | od2cap: 0 | fr2kr: 0 | lpr2kr: 1000 | cap2udp: 0 | kr2udp: 1 | 
2026-05-03 20:07:57,159 - INFO     - img2od: 17 | od2fr: 0 | od2lpr: 1000 | od2cap: 0 | fr2kr: 0 | lpr2kr: 1000 | cap2udp: 0 | kr2udp: 1 | 
2026-05-03 20:07:58,160 - INFO     - img2od: 17 | od2fr: 0 | od2lpr: 1000 | od2cap: 0 | fr2kr: 0 | lpr2kr: 1000 | cap2udp: 0 | kr2udp: 1 | 
2026-05-03 20:07:59,161 - INFO     - img2od: 17 | od2fr: 0 | od2lpr: 1000 | od2cap: 0 | fr2kr: 0 | lpr2kr: 1000 | cap2udp: 0 | kr2udp: 1 | 
2026-05-03 20:08:00,162 - INFO     - img2od: 17 | od2fr: 0 | od2lpr: 1000 | od2cap: 0 | fr2kr: 0 | lpr2kr: 1000 | cap2udp: 0 | kr2udp: 1 | 
2026-05-03 20:08:01,163 - INFO     - img2od: 17 | od2fr: 0 | od2lpr: 1000 | od2cap: 0 | fr2kr: 0 | lpr2kr: 1000 | cap2udp: 0 | kr2udp: 1 | 
2026-05-03 20:08:02,164 - INFO     - img2od: 17 | od2fr: 0 | od2lpr: 1000 | od2cap: 0 | fr2kr: 0 | lpr2kr: 1000 | cap2udp: 0 | kr2udp: 0 | 
2026-05-03 20:08:03,165 - INFO     - img2od: 17 | od2fr: 0 | od2lpr: 1000 | od2cap: 0 | fr2kr: 0 | lpr2kr: 1000 | cap2udp: 0 | kr2udp: 1 | 
2026-05-03 20:08:04,166 - INFO     - img2od: 17 | od2fr: 0 | od2lpr: 1000 | od2cap: 0 | fr2kr: 0 | lpr2kr: 1000 | cap2udp: 0 | kr2udp: 1 | 
2026-05-03 20:08:05,167 - INFO     - img2od: 17 | od2fr: 0 | od2lpr: 1000 | od2cap: 0 | fr2kr: 0 | lpr2kr: 1000 | cap2udp: 0 | kr2udp: 1 | 
2026-05-03 20:08:06,168 - INFO     - img2od: 17 | od2fr: 0 | od2lpr: 1000 | od2cap: 0 | fr2kr: 0 | lpr2kr: 1000 | cap2udp: 0 | kr2udp: 1 | 
2026-05-03 20:08:07,169 - INFO     - img2od: 17 | od2fr: 0 | od2lpr: 1000 | od2cap: 0 | fr2kr: 0 | lpr2kr: 1000 | cap2udp: 0 | kr2udp: 1 | 
2026-05-03 20:08:08,170 - INFO     - img2od: 17 | od2fr: 0 | od2lpr: 1000 | od2cap: 0 | fr2kr: 0 | lpr2kr: 1000 | cap2udp: 0 | kr2udp: 1 | 
2026-05-03 20:08:09,171 - INFO     - img2od: 17 | od2fr: 0 | od2lpr: 1000 | od2cap: 0 | fr2kr: 0 | lpr2kr: 1000 | cap2udp: 0 | kr2udp: 1 | 
2026-05-03 20:08:10,172 - INFO     - img2od: 17 | od2fr: 0 | od2lpr: 1000 | od2cap: 0 | fr2kr: 0 | lpr2kr: 1000 | cap2udp: 0 | kr2udp: 1 | 
2026-05-03 20:08:11,173 - INFO     - img2od: 17 | od2fr: 0 | od2lpr: 1000 | od2cap: 0 | fr2kr: 0 | lpr2kr: 1000 | cap2udp: 0 | kr2udp: 0 | 
2026-05-03 20:08:12,174 - INFO     - img2od: 17 | od2fr: 0 | od2lpr: 1000 | od2cap: 0 | fr2kr: 0 | lpr2kr: 1000 | cap2udp: 0 | kr2udp: 1 | 
2026-05-03 20:08:13,175 - INFO     - img2od: 17 | od2fr: 0 | od2lpr: 1000 | od2cap: 0 | fr2kr: 0 | lpr2kr: 1000 | cap2udp: 0 | kr2udp: 1 | 
2026-05-03 20:08:14,176 - INFO     - img2od: 17 | od2fr: 0 | od2lpr: 1000 | od2cap: 0 | fr2kr: 0 | lpr2kr: 1000 | cap2udp: 0 | kr2udp: 1 | 
2026-05-03 20:08:15,177 - INFO     - img2od: 17 | od2fr: 0 | od2lpr: 1000 | od2cap: 0 | fr2kr: 0 | lpr2kr: 1000 | cap2udp: 0 | kr2udp: 0 | 
2026-05-03 20:08:16,178 - INFO     - img2od: 17 | od2fr: 0 | od2lpr: 1000 | od2cap: 0 | fr2kr: 0 | lpr2kr: 1000 | cap2udp: 0 | kr2udp: 1 | 
2026-05-03 20:08:17,179 - INFO     - img2od: 17 | od2fr: 0 | od2lpr: 1000 | od2cap: 0 | fr2kr: 0 | lpr2kr: 1000 | cap2udp: 0 | kr2udp: 1 | 
2026-05-03 20:08:18,180 - INFO     - img2od: 17 | od2fr: 0 | od2lpr: 1000 | od2cap: 0 | fr2kr: 0 | lpr2kr: 1000 | cap2udp: 0 | kr2udp: 0 | 
2026-05-03 20:08:19,181 - INFO     - img2od: 17 | od2fr: 0 | od2lpr: 1000 | od2cap: 0 | fr2kr: 0 | lpr2kr: 1000 | cap2udp: 0 | kr2udp: 1 | 
2026-05-03 20:08:20,182 - INFO     - img2od: 17 | od2fr: 0 | od2lpr: 1000 | od2cap: 0 | fr2kr: 0 | lpr2kr: 1000 | cap2udp: 0 | kr2udp: 1 | 
2026-05-03 20:08:21,183 - INFO     - img2od: 17 | od2fr: 0 | od2lpr: 1000 | od2cap: 0 | fr2kr: 0 | lpr2kr: 1000 | cap2udp: 0 | kr2udp: 1 | 
2026-05-03 20:08:22,184 - INFO     - img2od: 17 | od2fr: 0 | od2lpr: 1000 | od2cap: 0 | fr2kr: 0 | lpr2kr: 1000 | cap2udp: 0 | kr2udp: 0 | 
2026-05-03 20:08:23,185 - INFO     - img2od: 17 | od2fr: 0 | od2lpr: 1000 | od2cap: 0 | fr2kr: 0 | lpr2kr: 1000 | cap2udp: 0 | kr2udp: 1 | 
2026-05-03 20:08:24,186 - INFO     - img2od: 17 | od2fr: 0 | od2lpr: 1000 | od2cap: 0 | fr2kr: 0 | lpr2kr: 1000 | cap2udp: 0 | kr2udp: 1 | 
2026-05-03 20:08:25,187 - INFO     - img2od: 17 | od2fr: 0 | od2lpr: 1000 | od2cap: 0 | fr2kr: 0 | lpr2kr: 1000 | cap2udp: 0 | kr2udp: 1 | 
2026-05-03 20:08:26,188 - INFO     - img2od: 17 | od2fr: 0 | od2lpr: 1000 | od2cap: 0 | fr2kr: 0 | lpr2kr: 1000 | cap2udp: 0 | kr2udp: 1 | 
2026-05-03 20:08:27,189 - INFO     - img2od: 17 | od2fr: 0 | od2lpr: 1000 | od2cap: 0 | fr2kr: 0 | lpr2kr: 1000 | cap2udp: 0 | kr2udp: 1 | 
2026-05-03 20:08:28,190 - INFO     - img2od: 17 | od2fr: 0 | od2lpr: 1000 | od2cap: 0 | fr2kr: 0 | lpr2kr: 1000 | cap2udp: 0 | kr2udp: 1 | 
2026-05-03 20:08:29,191 - INFO     - img2od: 17 | od2fr: 0 | od2lpr: 1000 | od2cap: 0 | fr2kr: 0 | lpr2kr: 1000 | cap2udp: 0 | kr2udp: 1 | 
2026-05-03 20:08:30,192 - INFO     - img2od: 17 | od2fr: 0 | od2lpr: 1000 | od2cap: 0 | fr2kr: 0 | lpr2kr: 1000 | cap2udp: 0 | kr2udp: 1 | 
2026-05-03 20:08:31,193 - INFO     - img2od: 17 | od2fr: 0 | od2lpr: 1000 | od2cap: 0 | fr2kr: 0 | lpr2kr: 1000 | cap2udp: 0 | kr2udp: 1 | 
2026-05-03 20:08:32,194 - INFO     - img2od: 17 | od2fr: 0 | od2lpr: 1000 | od2cap: 0 | fr2kr: 0 | lpr2kr: 1000 | cap2udp: 0 | kr2udp: 1 | 
2026-05-03 20:08:33,195 - INFO     - img2od: 17 | od2fr: 0 | od2lpr: 1000 | od2cap: 0 | fr2kr: 0 | lpr2kr: 1000 | cap2udp: 0 | kr2udp: 1 | 
2026-05-03 20:08:34,196 - INFO     - img2od: 17 | od2fr: 0 | od2lpr: 1000 | od2cap: 0 | fr2kr: 0 | lpr2kr: 1000 | cap2udp: 0 | kr2udp: 1 | 
2026-05-03 20:08:35,197 - INFO     - img2od: 17 | od2fr: 0 | od2lpr: 1000 | od2cap: 0 | fr2kr: 0 | lpr2kr: 1000 | cap2udp: 0 | kr2udp: 1 | 
2026-05-03 20:08:36,198 - INFO     - img2od: 17 | od2fr: 0 | od2lpr: 1000 | od2cap: 0 | fr2kr: 0 | lpr2kr: 1000 | cap2udp: 0 | kr2udp: 1 | 
2026-05-03 20:08:37,199 - INFO     - img2od: 17 | od2fr: 0 | od2lpr: 1000 | od2cap: 0 | fr2kr: 0 | lpr2kr: 1000 | cap2udp: 0 | kr2udp: 1 | 
2026-05-03 20:08:38,200 - INFO     - img2od: 17 | od2fr: 0 | od2lpr: 1000 | od2cap: 0 | fr2kr: 0 | lpr2kr: 1000 | cap2udp: 0 | kr2udp: 1 | 
2026-05-03 20:08:39,201 - INFO     - img2od: 17 | od2fr: 0 | od2lpr: 1000 | od2cap: 0 | fr2kr: 0 | lpr2kr: 1000 | cap2udp: 0 | kr2udp: 1 | 
2026-05-03 20:08:40,202 - INFO     - img2od: 17 | od2fr: 0 | od2lpr: 1000 | od2cap: 0 | fr2kr: 0 | lpr2kr: 1000 | cap2udp: 0 | kr2udp: 1 | 
2026-05-03 20:08:41,203 - INFO     - img2od: 17 | od2fr: 0 | od2lpr: 1000 | od2cap: 0 | fr2kr: 0 | lpr2kr: 1000 | cap2udp: 0 | kr2udp: 1 | 
2026-05-03 20:08:42,204 - INFO     - img2od: 17 | od2fr: 0 | od2lpr: 1000 | od2cap: 0 | fr2kr: 0 | lpr2kr: 1000 | cap2udp: 0 | kr2udp: 1 | 
2026-05-03 20:08:43,205 - INFO     - img2od: 17 | od2fr: 0 | od2lpr: 1000 | od2cap: 0 | fr2kr: 0 | lpr2kr: 1000 | cap2udp: 0 | kr2udp: 1 | 
2026-05-03 20:08:44,206 - INFO     - img2od: 17 | od2fr: 0 | od2lpr: 1000 | od2cap: 0 | fr2kr: 0 | lpr2kr: 1000 | cap2udp: 0 | kr2udp: 1 | 
2026-05-03 20:08:45,207 - INFO     - img2od: 17 | od2fr: 0 | od2lpr: 1000 | od2cap: 0 | fr2kr: 0 | lpr2kr: 1000 | cap2udp: 0 | kr2udp: 0 | 
2026-05-03 20:08:46,208 - INFO     - img2od: 17 | od2fr: 0 | od2lpr: 1000 | od2cap: 0 | fr2kr: 0 | lpr2kr: 1000 | cap2udp: 0 | kr2udp: 0 | 
2026-05-03 20:08:47,209 - INFO     - img2od: 17 | od2fr: 0 | od2lpr: 1000 | od2cap: 0 | fr2kr: 0 | lpr2kr: 1000 | cap2udp: 0 | kr2udp: 1 | 
2026-05-03 20:08:48,210 - INFO     - img2od: 17 | od2fr: 0 | od2lpr: 1000 | od2cap: 0 | fr2kr: 0 | lpr2kr: 1000 | cap2udp: 0 | kr2udp: 1 | 
2026-05-03 20:08:49,211 - INFO     - img2od: 17 | od2fr: 0 | od2lpr: 1000 | od2cap: 0 | fr2kr: 0 | lpr2kr: 1000 | cap2udp: 0 | kr2udp: 1 | 
2026-05-03 20:08:50,212 - INFO     - img2od: 17 | od2fr: 0 | od2lpr: 1000 | od2cap: 0 | fr2kr: 0 | lpr2kr: 1000 | cap2udp: 0 | kr2udp: 0 | 
2026-05-03 20:08:51,213 - INFO     - img2od: 17 | od2fr: 0 | od2lpr: 1000 | od2cap: 0 | fr2kr: 0 | lpr2kr: 1000 | cap2udp: 0 | kr2udp: 2 | 
2026-05-03 20:08:52,214 - INFO     - img2od: 17 | od2fr: 0 | od2lpr: 1000 | od2cap: 0 | fr2kr: 0 | lpr2kr: 1000 | cap2udp: 0 | kr2udp: 1 | 
2026-05-03 20:08:53,215 - INFO     - img2od: 17 | od2fr: 0 | od2lpr: 1000 | od2cap: 0 | fr2kr: 0 | lpr2kr: 1000 | cap2udp: 0 | kr2udp: 1 | 
2026-05-03 20:08:54,216 - INFO     - img2od: 17 | od2fr: 0 | od2lpr: 1000 | od2cap: 0 | fr2kr: 0 | lpr2kr: 1000 | cap2udp: 0 | kr2udp: 0 | 
2026-05-03 20:08:55,217 - INFO     - img2od: 17 | od2fr: 0 | od2lpr: 1000 | od2cap: 0 | fr2kr: 0 | lpr2kr: 1000 | cap2udp: 0 | kr2udp: 1 | 
2026-05-03 20:08:56,218 - INFO     - img2od: 17 | od2fr: 0 | od2lpr: 1000 | od2cap: 0 | fr2kr: 0 | lpr2kr: 1000 | cap2udp: 0 | kr2udp: 1 | 
2026-05-03 20:08:57,219 - INFO     - img2od: 17 | od2fr: 0 | od2lpr: 1000 | od2cap: 0 | fr2kr: 0 | lpr2kr: 1000 | cap2udp: 0 | kr2udp: 1 | 
2026-05-03 20:08:58,220 - INFO     - img2od: 17 | od2fr: 0 | od2lpr: 1000 | od2cap: 0 | fr2kr: 0 | lpr2kr: 1000 | cap2udp: 0 | kr2udp: 1 | 
2026-05-03 20:08:59,221 - INFO     - img2od: 17 | od2fr: 0 | od2lpr: 999 | od2cap: 0 | fr2kr: 0 | lpr2kr: 1000 | cap2udp: 0 | kr2udp: 1 | 
2026-05-03 20:09:00,222 - INFO     - img2od: 17 | od2fr: 0 | od2lpr: 1000 | od2cap: 0 | fr2kr: 0 | lpr2kr: 1000 | cap2udp: 0 | kr2udp: 0 | 
2026-05-03 20:09:01,223 - INFO     - img2od: 17 | od2fr: 0 | od2lpr: 1000 | od2cap: 0 | fr2kr: 0 | lpr2kr: 1000 | cap2udp: 0 | kr2udp: 1 | 
2026-05-03 20:09:02,224 - INFO     - img2od: 17 | od2fr: 0 | od2lpr: 1000 | od2cap: 0 | fr2kr: 0 | lpr2kr: 1000 | cap2udp: 0 | kr2udp: 1 | 
2026-05-03 20:09:03,225 - INFO     - img2od: 17 | od2fr: 0 | od2lpr: 1000 | od2cap: 0 | fr2kr: 0 | lpr2kr: 1000 | cap2udp: 0 | kr2udp: 0 | 
2026-05-03 20:09:04,226 - INFO     - img2od: 17 | od2fr: 0 | od2lpr: 1000 | od2cap: 0 | fr2kr: 0 | lpr2kr: 1000 | cap2udp: 0 | kr2udp: 1 | 
2026-05-03 20:09:05,227 - INFO     - img2od: 17 | od2fr: 0 | od2lpr: 1000 | od2cap: 0 | fr2kr: 0 | lpr2kr: 1000 | cap2udp: 0 | kr2udp: 1 | 
2026-05-03 20:09:06,228 - INFO     - img2od: 17 | od2fr: 0 | od2lpr: 1000 | od2cap: 0 | fr2kr: 0 | lpr2kr: 1000 | cap2udp: 0 | kr2udp: 0 | 
2026-05-03 20:09:07,229 - INFO     - img2od: 17 | od2fr: 0 | od2lpr: 1000 | od2cap: 0 | fr2kr: 0 | lpr2kr: 1000 | cap2udp: 0 | kr2udp: 0 | 
2026-05-03 20:09:08,230 - INFO     - img2od: 17 | od2fr: 0 | od2lpr: 1000 | od2cap: 0 | fr2kr: 0 | lpr2kr: 1000 | cap2udp: 0 | kr2udp: 1 | 
2026-05-03 20:09:09,231 - INFO     - img2od: 17 | od2fr: 0 | od2lpr: 1000 | od2cap: 0 | fr2kr: 0 | lpr2kr: 1000 | cap2udp: 0 | kr2udp: 0 | 
2026-05-03 20:09:10,232 - INFO     - img2od: 17 | od2fr: 0 | od2lpr: 1000 | od2cap: 0 | fr2kr: 0 | lpr2kr: 1000 | cap2udp: 0 | kr2udp: 0 | 
2026-05-03 20:09:11,233 - INFO     - img2od: 17 | od2fr: 0 | od2lpr: 1000 | od2cap: 0 | fr2kr: 0 | lpr2kr: 1000 | cap2udp: 0 | kr2udp: 1 | 
2026-05-03 20:09:12,234 - INFO     - img2od: 17 | od2fr: 0 | od2lpr: 1000 | od2cap: 0 | fr2kr: 0 | lpr2kr: 1000 | cap2udp: 0 | kr2udp: 1 | 
2026-05-03 20:09:13,235 - INFO     - img2od: 17 | od2fr: 0 | od2lpr: 1000 | od2cap: 0 | fr2kr: 0 | lpr2kr: 1000 | cap2udp: 0 | kr2udp: 1 | 
2026-05-03 20:09:14,236 - INFO     - img2od: 17 | od2fr: 0 | od2lpr: 1000 | od2cap: 0 | fr2kr: 0 | lpr2kr: 1000 | cap2udp: 0 | kr2udp: 1 | 
2026-05-03 20:09:15,237 - INFO     - img2od: 17 | od2fr: 0 | od2lpr: 1000 | od2cap: 0 | fr2kr: 0 | lpr2kr: 1000 | cap2udp: 0 | kr2udp: 0 | 
2026-05-03 20:09:16,238 - INFO     - img2od: 17 | od2fr: 0 | od2lpr: 1000 | od2cap: 0 | fr2kr: 0 | lpr2kr: 1000 | cap2udp: 0 | kr2udp: 0 | 
2026-05-03 20:09:17,239 - INFO     - img2od: 17 | od2fr: 0 | od2lpr: 1000 | od2cap: 0 | fr2kr: 0 | lpr2kr: 1000 | cap2udp: 0 | kr2udp: 1 | 
2026-05-03 20:09:18,240 - INFO     - img2od: 17 | od2fr: 0 | od2lpr: 1000 | od2cap: 0 | fr2kr: 0 | lpr2kr: 1000 | cap2udp: 0 | kr2udp: 0 | 
2026-05-03 20:09:19,241 - INFO     - img2od: 17 | od2fr: 0 | od2lpr: 1000 | od2cap: 0 | fr2kr: 0 | lpr2kr: 1000 | cap2udp: 0 | kr2udp: 1 | 
2026-05-03 20:09:20,242 - INFO     - img2od: 17 | od2fr: 0 | od2lpr: 1000 | od2cap: 0 | fr2kr: 0 | lpr2kr: 1000 | cap2udp: 0 | kr2udp: 1 | 
2026-05-03 20:09:21,243 - INFO     - img2od: 17 | od2fr: 0 | od2lpr: 1000 | od2cap: 0 | fr2kr: 0 | lpr2kr: 1000 | cap2udp: 0 | kr2udp: 1 | 
2026-05-03 20:09:22,244 - INFO     - img2od: 17 | od2fr: 0 | od2lpr: 1000 | od2cap: 0 | fr2kr: 0 | lpr2kr: 1000 | cap2udp: 0 | kr2udp: 1 | 
2026-05-03 20:09:23,245 - INFO     - img2od: 17 | od2fr: 0 | od2lpr: 1000 | od2cap: 0 | fr2kr: 0 | lpr2kr: 1000 | cap2udp: 0 | kr2udp: 1 | 
2026-05-03 20:09:24,246 - INFO     - img2od: 17 | od2fr: 0 | od2lpr: 1000 | od2cap: 0 | fr2kr: 0 | lpr2kr: 1000 | cap2udp: 0 | kr2udp: 1 | 
2026-05-03 20:09:25,247 - INFO     - img2od: 17 | od2fr: 0 | od2lpr: 999 | od2cap: 0 | fr2kr: 0 | lpr2kr: 1000 | cap2udp: 0 | kr2udp: 1 | 
2026-05-03 20:09:26,248 - INFO     - img2od: 17 | od2fr: 0 | od2lpr: 1000 | od2cap: 0 | fr2kr: 0 | lpr2kr: 1000 | cap2udp: 0 | kr2udp: 1 | 
2026-05-03 20:09:27,249 - INFO     - img2od: 17 | od2fr: 0 | od2lpr: 1000 | od2cap: 0 | fr2kr: 0 | lpr2kr: 1000 | cap2udp: 0 | kr2udp: 1 | 
2026-05-03 20:09:28,250 - INFO     - img2od: 17 | od2fr: 0 | od2lpr: 1000 | od2cap: 0 | fr2kr: 0 | lpr2kr: 1000 | cap2udp: 0 | kr2udp: 1 | 
2026-05-03 20:09:29,251 - INFO     - img2od: 17 | od2fr: 0 | od2lpr: 1000 | od2cap: 0 | fr2kr: 0 | lpr2kr: 1000 | cap2udp: 0 | kr2udp: 1 | 
2026-05-03 20:09:30,252 - INFO     - img2od: 17 | od2fr: 0 | od2lpr: 1000 | od2cap: 0 | fr2kr: 0 | lpr2kr: 1000 | cap2udp: 0 | kr2udp: 1 | 
2026-05-03 20:09:31,253 - INFO     - img2od: 17 | od2fr: 0 | od2lpr: 1000 | od2cap: 0 | fr2kr: 0 | lpr2kr: 1000 | cap2udp: 0 | kr2udp: 1 | 
2026-05-03 20:09:32,254 - INFO     - img2od: 17 | od2fr: 0 | od2lpr: 1000 | od2cap: 0 | fr2kr: 0 | lpr2kr: 1000 | cap2udp: 0 | kr2udp: 1 | 
2026-05-03 20:09:33,255 - INFO     - img2od: 17 | od2fr: 0 | od2lpr: 1000 | od2cap: 0 | fr2kr: 0 | lpr2kr: 1000 | cap2udp: 0 | kr2udp: 1 | 
2026-05-03 20:09:34,256 - INFO     - img2od: 17 | od2fr: 0 | od2lpr: 1000 | od2cap: 0 | fr2kr: 0 | lpr2kr: 1000 | cap2udp: 0 | kr2udp: 2 | 
2026-05-03 20:09:35,257 - INFO     - img2od: 17 | od2fr: 0 | od2lpr: 1000 | od2cap: 0 | fr2kr: 0 | lpr2kr: 1000 | cap2udp: 0 | kr2udp: 1 | 
2026-05-03 20:09:36,258 - INFO     - img2od: 17 | od2fr: 0 | od2lpr: 1000 | od2cap: 0 | fr2kr: 0 | lpr2kr: 1000 | cap2udp: 0 | kr2udp: 1 | 
2026-05-03 20:09:37,259 - INFO     - img2od: 17 | od2fr: 0 | od2lpr: 1000 | od2cap: 0 | fr2kr: 0 | lpr2kr: 1000 | cap2udp: 0 | kr2udp: 1 | 
2026-05-03 20:09:38,260 - INFO     - img2od: 17 | od2fr: 0 | od2lpr: 1000 | od2cap: 0 | fr2kr: 0 | lpr2kr: 1000 | cap2udp: 0 | kr2udp: 1 | 
2026-05-03 20:09:39,261 - INFO     - img2od: 17 | od2fr: 0 | od2lpr: 1000 | od2cap: 0 | fr2kr: 0 | lpr2kr: 1000 | cap2udp: 0 | kr2udp: 1 | 
2026-05-03 20:09:40,262 - INFO     - img2od: 17 | od2fr: 0 | od2lpr: 1000 | od2cap: 0 | fr2kr: 0 | lpr2kr: 1000 | cap2udp: 0 | kr2udp: 1 | 
2026-05-03 20:09:41,263 - INFO     - img2od: 17 | od2fr: 0 | od2lpr: 1000 | od2cap: 0 | fr2kr: 0 | lpr2kr: 1000 | cap2udp: 0 | kr2udp: 0 | 
2026-05-03 20:09:42,264 - INFO     - img2od: 17 | od2fr: 0 | od2lpr: 1000 | od2cap: 0 | fr2kr: 0 | lpr2kr: 1000 | cap2udp: 0 | kr2udp: 1 | 
2026-05-03 20:09:43,265 - INFO     - img2od: 17 | od2fr: 0 | od2lpr: 1000 | od2cap: 0 | fr2kr: 0 | lpr2kr: 1000 | cap2udp: 0 | kr2udp: 1 | 
2026-05-03 20:09:44,266 - INFO     - img2od: 17 | od2fr: 0 | od2lpr: 1000 | od2cap: 0 | fr2kr: 0 | lpr2kr: 1000 | cap2udp: 0 | kr2udp: 1 | 
2026-05-03 20:09:45,267 - INFO     - img2od: 17 | od2fr: 0 | od2lpr: 1000 | od2cap: 0 | fr2kr: 0 | lpr2kr: 1000 | cap2udp: 0 | kr2udp: 1 | 
2026-05-03 20:09:46,268 - INFO     - img2od: 17 | od2fr: 0 | od2lpr: 1000 | od2cap: 0 | fr2kr: 0 | lpr2kr: 1000 | cap2udp: 0 | kr2udp: 0 | 
2026-05-03 20:09:47,269 - INFO     - img2od: 17 | od2fr: 0 | od2lpr: 1000 | od2cap: 0 | fr2kr: 0 | lpr2kr: 1000 | cap2udp: 0 | kr2udp: 1 | 
2026-05-03 20:09:48,270 - INFO     - img2od: 17 | od2fr: 0 | od2lpr: 1000 | od2cap: 0 | fr2kr: 0 | lpr2kr: 1000 | cap2udp: 0 | kr2udp: 1 | 
2026-05-03 20:09:49,271 - INFO     - img2od: 17 | od2fr: 0 | od2lpr: 1000 | od2cap: 0 | fr2kr: 0 | lpr2kr: 1000 | cap2udp: 0 | kr2udp: 1 | 
2026-05-03 20:09:50,272 - INFO     - img2od: 17 | od2fr: 0 | od2lpr: 1000 | od2cap: 0 | fr2kr: 0 | lpr2kr: 1000 | cap2udp: 0 | kr2udp: 1 | 
2026-05-03 20:09:51,273 - INFO     - img2od: 17 | od2fr: 0 | od2lpr: 1000 | od2cap: 0 | fr2kr: 0 | lpr2kr: 1000 | cap2udp: 0 | kr2udp: 1 | 
2026-05-03 20:09:52,274 - INFO     - img2od: 17 | od2fr: 0 | od2lpr: 1000 | od2cap: 0 | fr2kr: 0 | lpr2kr: 1000 | cap2udp: 0 | kr2udp: 0 | 
2026-05-03 20:09:53,275 - INFO     - img2od: 17 | od2fr: 0 | od2lpr: 1000 | od2cap: 0 | fr2kr: 0 | lpr2kr: 1000 | cap2udp: 0 | kr2udp: 1 | 
2026-05-03 20:09:54,276 - INFO     - img2od: 17 | od2fr: 0 | od2lpr: 1000 | od2cap: 0 | fr2kr: 0 | lpr2kr: 1000 | cap2udp: 0 | kr2udp: 1 | 
2026-05-03 20:09:55,277 - INFO     - img2od: 17 | od2fr: 0 | od2lpr: 1000 | od2cap: 0 | fr2kr: 0 | lpr2kr: 1000 | cap2udp: 0 | kr2udp: 1 | 
2026-05-03 20:09:56,278 - INFO     - img2od: 17 | od2fr: 0 | od2lpr: 1000 | od2cap: 0 | fr2kr: 0 | lpr2kr: 1000 | cap2udp: 0 | kr2udp: 0 | 
2026-05-03 20:09:57,279 - INFO     - img2od: 17 | od2fr: 0 | od2lpr: 1000 | od2cap: 0 | fr2kr: 0 | lpr2kr: 1000 | cap2udp: 0 | kr2udp: 1 | 
2026-05-03 20:09:58,280 - INFO     - img2od: 17 | od2fr: 0 | od2lpr: 1000 | od2cap: 0 | fr2kr: 0 | lpr2kr: 1000 | cap2udp: 0 | kr2udp: 1 | 
2026-05-03 20:09:59,281 - INFO     - img2od: 17 | od2fr: 0 | od2lpr: 1000 | od2cap: 0 | fr2kr: 0 | lpr2kr: 1000 | cap2udp: 0 | kr2udp: 1 | 
2026-05-03 20:10:00,282 - INFO     - img2od: 17 | od2fr: 0 | od2lpr: 1000 | od2cap: 0 | fr2kr: 0 | lpr2kr: 1000 | cap2udp: 0 | kr2udp: 0 | 
2026-05-03 20:10:01,283 - INFO     - img2od: 17 | od2fr: 0 | od2lpr: 1000 | od2cap: 0 | fr2kr: 0 | lpr2kr: 1000 | cap2udp: 0 | kr2udp: 1 | 
2026-05-03 20:10:02,284 - INFO     - img2od: 17 | od2fr: 0 | od2lpr: 1000 | od2cap: 0 | fr2kr: 0 | lpr2kr: 1000 | cap2udp: 0 | kr2udp: 1 | 
2026-05-03 20:10:03,285 - INFO     - img2od: 17 | od2fr: 0 | od2lpr: 1000 | od2cap: 0 | fr2kr: 0 | lpr2kr: 1000 | cap2udp: 0 | kr2udp: 1 | 
2026-05-03 20:10:04,286 - INFO     - img2od: 17 | od2fr: 0 | od2lpr: 1000 | od2cap: 0 | fr2kr: 0 | lpr2kr: 1000 | cap2udp: 0 | kr2udp: 1 | 
2026-05-03 20:10:05,287 - INFO     - img2od: 17 | od2fr: 0 | od2lpr: 1000 | od2cap: 0 | fr2kr: 0 | lpr2kr: 1000 | cap2udp: 0 | kr2udp: 1 | 
2026-05-03 20:10:06,288 - INFO     - img2od: 17 | od2fr: 0 | od2lpr: 1000 | od2cap: 0 | fr2kr: 0 | lpr2kr: 1000 | cap2udp: 0 | kr2udp: 1 | 
2026-05-03 20:10:07,289 - INFO     - img2od: 17 | od2fr: 0 | od2lpr: 1000 | od2cap: 0 | fr2kr: 0 | lpr2kr: 1000 | cap2udp: 0 | kr2udp: 1 | 
2026-05-03 20:10:08,290 - INFO     - img2od: 17 | od2fr: 0 | od2lpr: 1000 | od2cap: 0 | fr2kr: 0 | lpr2kr: 1000 | cap2udp: 0 | kr2udp: 0 | 
2026-05-03 20:10:09,291 - INFO     - img2od: 17 | od2fr: 0 | od2lpr: 1000 | od2cap: 0 | fr2kr: 0 | lpr2kr: 1000 | cap2udp: 0 | kr2udp: 1 | 
2026-05-03 20:10:10,292 - INFO     - img2od: 17 | od2fr: 0 | od2lpr: 1000 | od2cap: 0 | fr2kr: 0 | lpr2kr: 1000 | cap2udp: 0 | kr2udp: 1 | 
2026-05-03 20:10:11,293 - INFO     - img2od: 17 | od2fr: 0 | od2lpr: 1000 | od2cap: 0 | fr2kr: 0 | lpr2kr: 1000 | cap2udp: 0 | kr2udp: 0 | 
2026-05-03 20:10:12,294 - INFO     - img2od: 17 | od2fr: 0 | od2lpr: 1000 | od2cap: 0 | fr2kr: 0 | lpr2kr: 1000 | cap2udp: 0 | kr2udp: 1 | 
2026-05-03 20:10:13,295 - INFO     - img2od: 17 | od2fr: 0 | od2lpr: 1000 | od2cap: 0 | fr2kr: 0 | lpr2kr: 1000 | cap2udp: 0 | kr2udp: 1 | 
2026-05-03 20:10:14,296 - INFO     - img2od: 17 | od2fr: 0 | od2lpr: 1000 | od2cap: 0 | fr2kr: 0 | lpr2kr: 1000 | cap2udp: 0 | kr2udp: 0 | 
2026-05-03 20:10:15,297 - INFO     - img2od: 17 | od2fr: 0 | od2lpr: 1000 | od2cap: 0 | fr2kr: 0 | lpr2kr: 1000 | cap2udp: 0 | kr2udp: 1 | 
2026-05-03 20:10:16,298 - INFO     - img2od: 17 | od2fr: 0 | od2lpr: 1000 | od2cap: 0 | fr2kr: 0 | lpr2kr: 1000 | cap2udp: 0 | kr2udp: 1 | 
2026-05-03 20:10:17,299 - INFO     - img2od: 17 | od2fr: 0 | od2lpr: 1000 | od2cap: 0 | fr2kr: 0 | lpr2kr: 1000 | cap2udp: 0 | kr2udp: 1 | 
2026-05-03 20:10:18,300 - INFO     - img2od: 17 | od2fr: 0 | od2lpr: 1000 | od2cap: 0 | fr2kr: 0 | lpr2kr: 1000 | cap2udp: 0 | kr2udp: 1 | 
2026-05-03 20:10:19,301 - INFO     - img2od: 17 | od2fr: 0 | od2lpr: 1000 | od2cap: 0 | fr2kr: 0 | lpr2kr: 1000 | cap2udp: 0 | kr2udp: 1 | 
2026-05-03 20:10:20,302 - INFO     - img2od: 17 | od2fr: 0 | od2lpr: 1000 | od2cap: 0 | fr2kr: 0 | lpr2kr: 1000 | cap2udp: 0 | kr2udp: 1 | 
2026-05-03 20:10:21,303 - INFO     - img2od: 17 | od2fr: 0 | od2lpr: 1000 | od2cap: 0 | fr2kr: 0 | lpr2kr: 1000 | cap2udp: 0 | kr2udp: 0 | 
2026-05-03 20:10:22,304 - INFO     - img2od: 17 | od2fr: 0 | od2lpr: 1000 | od2cap: 0 | fr2kr: 0 | lpr2kr: 1000 | cap2udp: 0 | kr2udp: 1 | 
2026-05-03 20:10:23,305 - INFO     - img2od: 17 | od2fr: 0 | od2lpr: 1000 | od2cap: 0 | fr2kr: 0 | lpr2kr: 1000 | cap2udp: 0 | kr2udp: 0 | 
2026-05-03 20:10:24,306 - INFO     - img2od: 17 | od2fr: 0 | od2lpr: 1000 | od2cap: 0 | fr2kr: 0 | lpr2kr: 1000 | cap2udp: 0 | kr2udp: 1 | 
2026-05-03 20:10:25,307 - INFO     - img2od: 17 | od2fr: 0 | od2lpr: 1000 | od2cap: 0 | fr2kr: 0 | lpr2kr: 1000 | cap2udp: 0 | kr2udp: 1 | 
2026-05-03 20:10:26,308 - INFO     - img2od: 17 | od2fr: 0 | od2lpr: 1000 | od2cap: 0 | fr2kr: 0 | lpr2kr: 1000 | cap2udp: 0 | kr2udp: 1 | 
2026-05-03 20:10:27,309 - INFO     - img2od: 17 | od2fr: 0 | od2lpr: 1000 | od2cap: 0 | fr2kr: 0 | lpr2kr: 1000 | cap2udp: 0 | kr2udp: 1 | 
2026-05-03 20:10:28,310 - INFO     - img2od: 17 | od2fr: 0 | od2lpr: 1000 | od2cap: 0 | fr2kr: 0 | lpr2kr: 1000 | cap2udp: 0 | kr2udp: 1 | 
2026-05-03 20:10:29,316 - INFO     - img2od: 17 | od2fr: 0 | od2lpr: 1000 | od2cap: 0 | fr2kr: 0 | lpr2kr: 1000 | cap2udp: 0 | kr2udp: 1 | 
2026-05-03 20:10:30,317 - INFO     - img2od: 17 | od2fr: 0 | od2lpr: 1000 | od2cap: 0 | fr2kr: 0 | lpr2kr: 1000 | cap2udp: 0 | kr2udp: 1 | 
2026-05-03 20:10:31,318 - INFO     - img2od: 17 | od2fr: 0 | od2lpr: 1000 | od2cap: 0 | fr2kr: 0 | lpr2kr: 1000 | cap2udp: 0 | kr2udp: 1 | 
2026-05-03 20:10:32,319 - INFO     - img2od: 17 | od2fr: 0 | od2lpr: 1000 | od2cap: 0 | fr2kr: 0 | lpr2kr: 1000 | cap2udp: 0 | kr2udp: 1 | 
2026-05-03 20:10:33,320 - INFO     - img2od: 17 | od2fr: 0 | od2lpr: 1000 | od2cap: 0 | fr2kr: 0 | lpr2kr: 1000 | cap2udp: 0 | kr2udp: 1 | 
2026-05-03 20:10:34,321 - INFO     - img2od: 17 | od2fr: 0 | od2lpr: 1000 | od2cap: 0 | fr2kr: 0 | lpr2kr: 1000 | cap2udp: 0 | kr2udp: 0 | 
2026-05-03 20:10:35,322 - INFO     - img2od: 17 | od2fr: 0 | od2lpr: 1000 | od2cap: 0 | fr2kr: 0 | lpr2kr: 1000 | cap2udp: 0 | kr2udp: 1 | 
2026-05-03 20:10:36,323 - INFO     - img2od: 17 | od2fr: 0 | od2lpr: 1000 | od2cap: 0 | fr2kr: 0 | lpr2kr: 1000 | cap2udp: 0 | kr2udp: 1 | 
2026-05-03 20:10:37,324 - INFO     - img2od: 17 | od2fr: 0 | od2lpr: 1000 | od2cap: 0 | fr2kr: 0 | lpr2kr: 1000 | cap2udp: 0 | kr2udp: 1 | 
2026-05-03 20:10:38,325 - INFO     - img2od: 17 | od2fr: 0 | od2lpr: 1000 | od2cap: 0 | fr2kr: 0 | lpr2kr: 1000 | cap2udp: 0 | kr2udp: 1 | 
2026-05-03 20:10:39,326 - INFO     - img2od: 17 | od2fr: 0 | od2lpr: 1000 | od2cap: 0 | fr2kr: 0 | lpr2kr: 1000 | cap2udp: 0 | kr2udp: 0 | 
2026-05-03 20:10:40,327 - INFO     - img2od: 17 | od2fr: 0 | od2lpr: 1000 | od2cap: 0 | fr2kr: 0 | lpr2kr: 1000 | cap2udp: 0 | kr2udp: 0 | 
2026-05-03 20:10:41,328 - INFO     - img2od: 17 | od2fr: 0 | od2lpr: 1000 | od2cap: 0 | fr2kr: 0 | lpr2kr: 1000 | cap2udp: 0 | kr2udp: 0 | 
2026-05-03 20:10:42,329 - INFO     - img2od: 17 | od2fr: 0 | od2lpr: 1000 | od2cap: 0 | fr2kr: 0 | lpr2kr: 999 | cap2udp: 0 | kr2udp: 1 | 
2026-05-03 20:10:43,330 - INFO     - img2od: 17 | od2fr: 0 | od2lpr: 1000 | od2cap: 0 | fr2kr: 0 | lpr2kr: 1000 | cap2udp: 0 | kr2udp: 1 | 
2026-05-03 20:10:44,331 - INFO     - img2od: 17 | od2fr: 0 | od2lpr: 1000 | od2cap: 0 | fr2kr: 0 | lpr2kr: 1000 | cap2udp: 0 | kr2udp: 1 | 
2026-05-03 20:10:45,332 - INFO     - img2od: 17 | od2fr: 0 | od2lpr: 1000 | od2cap: 0 | fr2kr: 0 | lpr2kr: 1000 | cap2udp: 0 | kr2udp: 1 | 
2026-05-03 20:10:46,333 - INFO     - img2od: 17 | od2fr: 0 | od2lpr: 1000 | od2cap: 0 | fr2kr: 0 | lpr2kr: 1000 | cap2udp: 0 | kr2udp: 1 | 
2026-05-03 20:10:47,334 - INFO     - img2od: 17 | od2fr: 0 | od2lpr: 1000 | od2cap: 0 | fr2kr: 0 | lpr2kr: 1000 | cap2udp: 0 | kr2udp: 0 | 
2026-05-03 20:10:48,335 - INFO     - img2od: 17 | od2fr: 0 | od2lpr: 1000 | od2cap: 0 | fr2kr: 0 | lpr2kr: 1000 | cap2udp: 0 | kr2udp: 1 | 
2026-05-03 20:10:49,336 - INFO     - img2od: 17 | od2fr: 0 | od2lpr: 1000 | od2cap: 0 | fr2kr: 0 | lpr2kr: 1000 | cap2udp: 0 | kr2udp: 1 | 
2026-05-03 20:10:50,337 - INFO     - img2od: 17 | od2fr: 0 | od2lpr: 1000 | od2cap: 0 | fr2kr: 0 | lpr2kr: 1000 | cap2udp: 0 | kr2udp: 0 | 
2026-05-03 20:10:51,338 - INFO     - img2od: 17 | od2fr: 0 | od2lpr: 1000 | od2cap: 0 | fr2kr: 0 | lpr2kr: 1000 | cap2udp: 0 | kr2udp: 1 | 
2026-05-03 20:10:52,339 - INFO     - img2od: 17 | od2fr: 0 | od2lpr: 1000 | od2cap: 0 | fr2kr: 0 | lpr2kr: 1000 | cap2udp: 0 | kr2udp: 1 | 
2026-05-03 20:10:53,340 - INFO     - img2od: 17 | od2fr: 0 | od2lpr: 1000 | od2cap: 0 | fr2kr: 0 | lpr2kr: 1000 | cap2udp: 0 | kr2udp: 1 | 
2026-05-03 20:10:54,347 - INFO     - img2od: 17 | od2fr: 0 | od2lpr: 1000 | od2cap: 0 | fr2kr: 0 | lpr2kr: 1000 | cap2udp: 0 | kr2udp: 1 | 
2026-05-03 20:10:55,348 - INFO     - img2od: 17 | od2fr: 0 | od2lpr: 1000 | od2cap: 0 | fr2kr: 0 | lpr2kr: 1000 | cap2udp: 0 | kr2udp: 1 | 
2026-05-03 20:10:56,349 - INFO     - img2od: 17 | od2fr: 0 | od2lpr: 1000 | od2cap: 0 | fr2kr: 0 | lpr2kr: 1000 | cap2udp: 0 | kr2udp: 0 | 
2026-05-03 20:10:57,350 - INFO     - img2od: 17 | od2fr: 0 | od2lpr: 1000 | od2cap: 0 | fr2kr: 0 | lpr2kr: 1000 | cap2udp: 0 | kr2udp: 1 | 
2026-05-03 20:10:58,351 - INFO     - img2od: 17 | od2fr: 0 | od2lpr: 1000 | od2cap: 0 | fr2kr: 0 | lpr2kr: 1000 | cap2udp: 0 | kr2udp: 1 | 
2026-05-03 20:10:59,352 - INFO     - img2od: 17 | od2fr: 0 | od2lpr: 1000 | od2cap: 0 | fr2kr: 0 | lpr2kr: 1000 | cap2udp: 0 | kr2udp: 0 | 
2026-05-03 20:11:00,353 - INFO     - img2od: 17 | od2fr: 0 | od2lpr: 1000 | od2cap: 0 | fr2kr: 0 | lpr2kr: 1000 | cap2udp: 0 | kr2udp: 0 | 
2026-05-03 20:11:01,354 - INFO     - img2od: 17 | od2fr: 0 | od2lpr: 1000 | od2cap: 0 | fr2kr: 0 | lpr2kr: 1000 | cap2udp: 0 | kr2udp: 1 | 
2026-05-03 20:11:02,355 - INFO     - img2od: 17 | od2fr: 0 | od2lpr: 1000 | od2cap: 0 | fr2kr: 0 | lpr2kr: 1000 | cap2udp: 0 | kr2udp: 1 | 
2026-05-03 20:11:03,356 - INFO     - img2od: 17 | od2fr: 0 | od2lpr: 1000 | od2cap: 0 | fr2kr: 0 | lpr2kr: 1000 | cap2udp: 0 | kr2udp: 1 | 
2026-05-03 20:11:04,357 - INFO     - img2od: 17 | od2fr: 0 | od2lpr: 1000 | od2cap: 0 | fr2kr: 0 | lpr2kr: 1000 | cap2udp: 0 | kr2udp: 1 | 
2026-05-03 20:11:05,358 - INFO     - img2od: 17 | od2fr: 0 | od2lpr: 1000 | od2cap: 0 | fr2kr: 0 | lpr2kr: 1000 | cap2udp: 0 | kr2udp: 1 | 
2026-05-03 20:11:06,359 - INFO     - img2od: 17 | od2fr: 0 | od2lpr: 1000 | od2cap: 0 | fr2kr: 0 | lpr2kr: 1000 | cap2udp: 0 | kr2udp: 1 | 
2026-05-03 20:11:07,360 - INFO     - img2od: 17 | od2fr: 0 | od2lpr: 1000 | od2cap: 0 | fr2kr: 0 | lpr2kr: 1000 | cap2udp: 0 | kr2udp: 1 | 
2026-05-03 20:11:08,361 - INFO     - img2od: 17 | od2fr: 0 | od2lpr: 1000 | od2cap: 0 | fr2kr: 0 | lpr2kr: 1000 | cap2udp: 0 | kr2udp: 0 | 
2026-05-03 20:11:09,362 - INFO     - img2od: 17 | od2fr: 0 | od2lpr: 1000 | od2cap: 0 | fr2kr: 0 | lpr2kr: 1000 | cap2udp: 0 | kr2udp: 1 | 
2026-05-03 20:11:10,363 - INFO     - img2od: 17 | od2fr: 0 | od2lpr: 1000 | od2cap: 0 | fr2kr: 0 | lpr2kr: 1000 | cap2udp: 0 | kr2udp: 1 | 
2026-05-03 20:11:11,364 - INFO     - img2od: 17 | od2fr: 0 | od2lpr: 1000 | od2cap: 0 | fr2kr: 0 | lpr2kr: 1000 | cap2udp: 0 | kr2udp: 0 | 
2026-05-03 20:11:12,365 - INFO     - img2od: 17 | od2fr: 0 | od2lpr: 1000 | od2cap: 0 | fr2kr: 0 | lpr2kr: 1000 | cap2udp: 0 | kr2udp: 1 | 
2026-05-03 20:11:13,366 - INFO     - img2od: 17 | od2fr: 0 | od2lpr: 1000 | od2cap: 0 | fr2kr: 0 | lpr2kr: 1000 | cap2udp: 0 | kr2udp: 1 | 
2026-05-03 20:11:14,367 - INFO     - img2od: 17 | od2fr: 0 | od2lpr: 1000 | od2cap: 0 | fr2kr: 0 | lpr2kr: 1000 | cap2udp: 0 | kr2udp: 0 | 
2026-05-03 20:11:15,368 - INFO     - img2od: 17 | od2fr: 0 | od2lpr: 1000 | od2cap: 0 | fr2kr: 0 | lpr2kr: 1000 | cap2udp: 0 | kr2udp: 0 | 
2026-05-03 20:11:16,369 - INFO     - img2od: 17 | od2fr: 0 | od2lpr: 1000 | od2cap: 0 | fr2kr: 0 | lpr2kr: 1000 | cap2udp: 0 | kr2udp: 1 | 
2026-05-03 20:11:17,370 - INFO     - img2od: 17 | od2fr: 0 | od2lpr: 1000 | od2cap: 0 | fr2kr: 0 | lpr2kr: 1000 | cap2udp: 0 | kr2udp: 1 | 
2026-05-03 20:11:18,371 - INFO     - img2od: 17 | od2fr: 0 | od2lpr: 1000 | od2cap: 0 | fr2kr: 0 | lpr2kr: 1000 | cap2udp: 0 | kr2udp: 2 | 
2026-05-03 20:11:19,372 - INFO     - img2od: 17 | od2fr: 0 | od2lpr: 1000 | od2cap: 0 | fr2kr: 0 | lpr2kr: 1000 | cap2udp: 0 | kr2udp: 1 | 
2026-05-03 20:11:20,373 - INFO     - img2od: 17 | od2fr: 0 | od2lpr: 1000 | od2cap: 0 | fr2kr: 0 | lpr2kr: 1000 | cap2udp: 0 | kr2udp: 1 | 
2026-05-03 20:11:21,374 - INFO     - img2od: 17 | od2fr: 0 | od2lpr: 1000 | od2cap: 0 | fr2kr: 0 | lpr2kr: 1000 | cap2udp: 0 | kr2udp: 1 | 
2026-05-03 20:11:22,375 - INFO     - img2od: 17 | od2fr: 0 | od2lpr: 1000 | od2cap: 0 | fr2kr: 0 | lpr2kr: 1000 | cap2udp: 0 | kr2udp: 1 | 
2026-05-03 20:11:23,376 - INFO     - img2od: 17 | od2fr: 0 | od2lpr: 1000 | od2cap: 0 | fr2kr: 0 | lpr2kr: 1000 | cap2udp: 0 | kr2udp: 2 | 
2026-05-03 20:11:24,377 - INFO     - img2od: 17 | od2fr: 0 | od2lpr: 1000 | od2cap: 0 | fr2kr: 0 | lpr2kr: 1000 | cap2udp: 0 | kr2udp: 1 | 
2026-05-03 20:11:25,378 - INFO     - img2od: 17 | od2fr: 0 | od2lpr: 1000 | od2cap: 0 | fr2kr: 0 | lpr2kr: 1000 | cap2udp: 0 | kr2udp: 0 | 
2026-05-03 20:11:26,379 - INFO     - img2od: 17 | od2fr: 0 | od2lpr: 1000 | od2cap: 0 | fr2kr: 0 | lpr2kr: 1000 | cap2udp: 0 | kr2udp: 1 | 
2026-05-03 20:11:27,380 - INFO     - img2od: 17 | od2fr: 0 | od2lpr: 1000 | od2cap: 0 | fr2kr: 0 | lpr2kr: 1000 | cap2udp: 0 | kr2udp: 1 | 
2026-05-03 20:11:28,381 - INFO     - img2od: 17 | od2fr: 0 | od2lpr: 1000 | od2cap: 0 | fr2kr: 0 | lpr2kr: 1000 | cap2udp: 0 | kr2udp: 1 | 
2026-05-03 20:11:29,382 - INFO     - img2od: 17 | od2fr: 0 | od2lpr: 1000 | od2cap: 0 | fr2kr: 0 | lpr2kr: 1000 | cap2udp: 0 | kr2udp: 2 | 
2026-05-03 20:11:30,383 - INFO     - img2od: 17 | od2fr: 0 | od2lpr: 1000 | od2cap: 0 | fr2kr: 0 | lpr2kr: 1000 | cap2udp: 0 | kr2udp: 1 | 
2026-05-03 20:11:31,384 - INFO     - img2od: 17 | od2fr: 0 | od2lpr: 1000 | od2cap: 0 | fr2kr: 0 | lpr2kr: 1000 | cap2udp: 0 | kr2udp: 1 | 
2026-05-03 20:11:32,385 - INFO     - img2od: 17 | od2fr: 0 | od2lpr: 1000 | od2cap: 0 | fr2kr: 0 | lpr2kr: 1000 | cap2udp: 0 | kr2udp: 1 | 
2026-05-03 20:11:33,386 - INFO     - img2od: 17 | od2fr: 0 | od2lpr: 1000 | od2cap: 0 | fr2kr: 0 | lpr2kr: 1000 | cap2udp: 0 | kr2udp: 0 | 
2026-05-03 20:11:34,387 - INFO     - img2od: 17 | od2fr: 0 | od2lpr: 1000 | od2cap: 0 | fr2kr: 0 | lpr2kr: 1000 | cap2udp: 0 | kr2udp: 1 | 
2026-05-03 20:11:35,388 - INFO     - img2od: 17 | od2fr: 0 | od2lpr: 1000 | od2cap: 0 | fr2kr: 0 | lpr2kr: 1000 | cap2udp: 0 | kr2udp: 1 | 
2026-05-03 20:11:36,389 - INFO     - img2od: 17 | od2fr: 0 | od2lpr: 1000 | od2cap: 0 | fr2kr: 0 | lpr2kr: 1000 | cap2udp: 0 | kr2udp: 1 | 
2026-05-03 20:11:37,390 - INFO     - img2od: 17 | od2fr: 0 | od2lpr: 1000 | od2cap: 0 | fr2kr: 0 | lpr2kr: 1000 | cap2udp: 0 | kr2udp: 1 | 
2026-05-03 20:11:38,391 - INFO     - img2od: 17 | od2fr: 0 | od2lpr: 1000 | od2cap: 0 | fr2kr: 0 | lpr2kr: 1000 | cap2udp: 0 | kr2udp: 0 | 
2026-05-03 20:11:39,392 - INFO     - img2od: 17 | od2fr: 0 | od2lpr: 1000 | od2cap: 0 | fr2kr: 0 | lpr2kr: 1000 | cap2udp: 0 | kr2udp: 1 | 
2026-05-03 20:11:40,393 - INFO     - img2od: 17 | od2fr: 0 | od2lpr: 1000 | od2cap: 0 | fr2kr: 0 | lpr2kr: 1000 | cap2udp: 0 | kr2udp: 0 | 
2026-05-03 20:11:41,394 - INFO     - img2od: 17 | od2fr: 0 | od2lpr: 1000 | od2cap: 0 | fr2kr: 0 | lpr2kr: 1000 | cap2udp: 0 | kr2udp: 1 | 
2026-05-03 20:11:42,395 - INFO     - img2od: 17 | od2fr: 0 | od2lpr: 1000 | od2cap: 0 | fr2kr: 0 | lpr2kr: 1000 | cap2udp: 0 | kr2udp: 2 | 
2026-05-03 20:11:43,396 - INFO     - img2od: 17 | od2fr: 0 | od2lpr: 1000 | od2cap: 0 | fr2kr: 0 | lpr2kr: 1000 | cap2udp: 0 | kr2udp: 1 | 
2026-05-03 20:11:44,404 - INFO     - img2od: 17 | od2fr: 0 | od2lpr: 1000 | od2cap: 0 | fr2kr: 0 | lpr2kr: 1000 | cap2udp: 0 | kr2udp: 0 | 
2026-05-03 20:11:45,405 - INFO     - img2od: 17 | od2fr: 0 | od2lpr: 1000 | od2cap: 0 | fr2kr: 0 | lpr2kr: 1000 | cap2udp: 0 | kr2udp: 1 | 
2026-05-03 20:11:46,406 - INFO     - img2od: 17 | od2fr: 0 | od2lpr: 1000 | od2cap: 0 | fr2kr: 0 | lpr2kr: 1000 | cap2udp: 0 | kr2udp: 0 | 
2026-05-03 20:11:47,407 - INFO     - img2od: 17 | od2fr: 0 | od2lpr: 1000 | od2cap: 0 | fr2kr: 0 | lpr2kr: 1000 | cap2udp: 0 | kr2udp: 0 | 
2026-05-03 20:11:48,408 - INFO     - img2od: 17 | od2fr: 0 | od2lpr: 1000 | od2cap: 0 | fr2kr: 0 | lpr2kr: 1000 | cap2udp: 0 | kr2udp: 0 | 
2026-05-03 20:11:49,409 - INFO     - img2od: 17 | od2fr: 0 | od2lpr: 1000 | od2cap: 0 | fr2kr: 0 | lpr2kr: 1000 | cap2udp: 0 | kr2udp: 1 | 
2026-05-03 20:11:50,410 - INFO     - img2od: 17 | od2fr: 0 | od2lpr: 1000 | od2cap: 0 | fr2kr: 0 | lpr2kr: 1000 | cap2udp: 0 | kr2udp: 1 | 
2026-05-03 20:11:51,411 - INFO     - img2od: 17 | od2fr: 0 | od2lpr: 1000 | od2cap: 0 | fr2kr: 0 | lpr2kr: 1000 | cap2udp: 0 | kr2udp: 1 | 
2026-05-03 20:11:52,412 - INFO     - img2od: 17 | od2fr: 0 | od2lpr: 1000 | od2cap: 0 | fr2kr: 0 | lpr2kr: 1000 | cap2udp: 0 | kr2udp: 1 | 
2026-05-03 20:11:53,413 - INFO     - img2od: 17 | od2fr: 0 | od2lpr: 1000 | od2cap: 0 | fr2kr: 0 | lpr2kr: 1000 | cap2udp: 0 | kr2udp: 0 | 
2026-05-03 20:11:54,414 - INFO     - img2od: 17 | od2fr: 0 | od2lpr: 1000 | od2cap: 0 | fr2kr: 0 | lpr2kr: 1000 | cap2udp: 0 | kr2udp: 0 | 
2026-05-03 20:11:55,415 - INFO     - img2od: 17 | od2fr: 0 | od2lpr: 1000 | od2cap: 0 | fr2kr: 0 | lpr2kr: 1000 | cap2udp: 0 | kr2udp: 0 | 
2026-05-03 20:11:56,416 - INFO     - img2od: 16 | od2fr: 23 | od2lpr: 1000 | od2cap: 0 | fr2kr: 2 | lpr2kr: 1000 | cap2udp: 0 | kr2udp: 1 | 
2026-05-03 20:11:57,417 - INFO     - img2od: 16 | od2fr: 17 | od2lpr: 1000 | od2cap: 0 | fr2kr: 6 | lpr2kr: 1000 | cap2udp: 0 | kr2udp: 1 | 
2026-05-03 20:11:58,418 - INFO     - img2od: 15 | od2fr: 11 | od2lpr: 1000 | od2cap: 0 | fr2kr: 10 | lpr2kr: 1000 | cap2udp: 0 | kr2udp: 1 | 
2026-05-03 20:11:59,419 - INFO     - img2od: 15 | od2fr: 6 | od2lpr: 1000 | od2cap: 0 | fr2kr: 13 | lpr2kr: 999 | cap2udp: 0 | kr2udp: 1 | 
2026-05-03 20:12:00,420 - INFO     - img2od: 15 | od2fr: 1 | od2lpr: 1000 | od2cap: 0 | fr2kr: 16 | lpr2kr: 1000 | cap2udp: 0 | kr2udp: 0 | 
2026-05-03 20:12:01,421 - INFO     - img2od: 15 | od2fr: 0 | od2lpr: 1000 | od2cap: 0 | fr2kr: 15 | lpr2kr: 1000 | cap2udp: 0 | kr2udp: 1 | 
2026-05-03 20:12:02,422 - INFO     - img2od: 14 | od2fr: 0 | od2lpr: 1000 | od2cap: 0 | fr2kr: 15 | lpr2kr: 1000 | cap2udp: 0 | kr2udp: 1 | 
2026-05-03 20:12:03,423 - INFO     - img2od: 14 | od2fr: 0 | od2lpr: 1000 | od2cap: 0 | fr2kr: 13 | lpr2kr: 1000 | cap2udp: 0 | kr2udp: 1 | 
2026-05-03 20:12:04,424 - INFO     - img2od: 14 | od2fr: 0 | od2lpr: 1000 | od2cap: 0 | fr2kr: 11 | lpr2kr: 1000 | cap2udp: 0 | kr2udp: 1 | 
2026-05-03 20:12:05,425 - INFO     - img2od: 13 | od2fr: 0 | od2lpr: 1000 | od2cap: 0 | fr2kr: 8 | lpr2kr: 1000 | cap2udp: 0 | kr2udp: 1 | 
2026-05-03 20:12:06,426 - INFO     - img2od: 13 | od2fr: 0 | od2lpr: 1000 | od2cap: 0 | fr2kr: 6 | lpr2kr: 1000 | cap2udp: 0 | kr2udp: 1 | 
2026-05-03 20:12:07,427 - INFO     - img2od: 9 | od2fr: 7 | od2lpr: 998 | od2cap: 0 | fr2kr: 8 | lpr2kr: 1000 | cap2udp: 0 | kr2udp: 1 | 
2026-05-03 20:12:08,428 - INFO     - img2od: 6 | od2fr: 21 | od2lpr: 1000 | od2cap: 0 | fr2kr: 11 | lpr2kr: 1000 | cap2udp: 0 | kr2udp: 0 | 
2026-05-03 20:12:09,429 - INFO     - img2od: 6 | od2fr: 16 | od2lpr: 1000 | od2cap: 0 | fr2kr: 14 | lpr2kr: 1000 | cap2udp: 0 | kr2udp: 0 | 
2026-05-03 20:12:10,430 - INFO     - img2od: 6 | od2fr: 10 | od2lpr: 1000 | od2cap: 0 | fr2kr: 18 | lpr2kr: 1000 | cap2udp: 0 | kr2udp: 1 | 
2026-05-03 20:12:11,431 - INFO     - img2od: 6 | od2fr: 5 | od2lpr: 1000 | od2cap: 0 | fr2kr: 21 | lpr2kr: 1000 | cap2udp: 0 | kr2udp: 1 | 
2026-05-03 20:12:12,432 - INFO     - img2od: 6 | od2fr: 0 | od2lpr: 1000 | od2cap: 0 | fr2kr: 23 | lpr2kr: 1000 | cap2udp: 0 | kr2udp: 1 | 
2026-05-03 20:12:13,433 - INFO     - img2od: 6 | od2fr: 0 | od2lpr: 1000 | od2cap: 0 | fr2kr: 21 | lpr2kr: 1000 | cap2udp: 0 | kr2udp: 1 | 
2026-05-03 20:12:14,434 - INFO     - img2od: 6 | od2fr: 0 | od2lpr: 1000 | od2cap: 0 | fr2kr: 19 | lpr2kr: 1000 | cap2udp: 0 | kr2udp: 1 | 
2026-05-03 20:12:15,435 - INFO     - img2od: 6 | od2fr: 0 | od2lpr: 1000 | od2cap: 0 | fr2kr: 16 | lpr2kr: 1000 | cap2udp: 0 | kr2udp: 0 | 
2026-05-03 20:12:16,436 - INFO     - img2od: 6 | od2fr: 0 | od2lpr: 1000 | od2cap: 0 | fr2kr: 14 | lpr2kr: 1000 | cap2udp: 0 | kr2udp: 0 | 
2026-05-03 20:12:17,437 - INFO     - img2od: 6 | od2fr: 0 | od2lpr: 1000 | od2cap: 0 | fr2kr: 12 | lpr2kr: 1000 | cap2udp: 0 | kr2udp: 0 | 
2026-05-03 20:12:18,438 - INFO     - img2od: 6 | od2fr: 0 | od2lpr: 1000 | od2cap: 0 | fr2kr: 10 | lpr2kr: 1000 | cap2udp: 0 | kr2udp: 0 | 
2026-05-03 20:12:19,439 - INFO     - img2od: 6 | od2fr: 0 | od2lpr: 1000 | od2cap: 0 | fr2kr: 8 | lpr2kr: 1000 | cap2udp: 0 | kr2udp: 0 | 
2026-05-03 20:12:20,440 - INFO     - img2od: 6 | od2fr: 0 | od2lpr: 1000 | od2cap: 0 | fr2kr: 6 | lpr2kr: 1000 | cap2udp: 0 | kr2udp: 1 | 
2026-05-03 20:12:21,441 - INFO     - img2od: 6 | od2fr: 0 | od2lpr: 1000 | od2cap: 0 | fr2kr: 3 | lpr2kr: 1000 | cap2udp: 0 | kr2udp: 0 | 
2026-05-03 20:12:22,442 - INFO     - img2od: 6 | od2fr: 0 | od2lpr: 1000 | od2cap: 0 | fr2kr: 1 | lpr2kr: 1000 | cap2udp: 0 | kr2udp: 2 | 
2026-05-03 20:12:23,443 - INFO     - img2od: 6 | od2fr: 0 | od2lpr: 1000 | od2cap: 0 | fr2kr: 0 | lpr2kr: 1000 | cap2udp: 0 | kr2udp: 1 | 
2026-05-03 20:12:24,444 - INFO     - img2od: 6 | od2fr: 0 | od2lpr: 1000 | od2cap: 0 | fr2kr: 0 | lpr2kr: 1000 | cap2udp: 0 | kr2udp: 1 | 
2026-05-03 20:12:25,445 - INFO     - img2od: 6 | od2fr: 0 | od2lpr: 1000 | od2cap: 0 | fr2kr: 0 | lpr2kr: 1000 | cap2udp: 0 | kr2udp: 1 | 
2026-05-03 20:12:26,446 - INFO     - img2od: 6 | od2fr: 0 | od2lpr: 1000 | od2cap: 0 | fr2kr: 0 | lpr2kr: 1000 | cap2udp: 0 | kr2udp: 1 | 
2026-05-03 20:12:27,447 - INFO     - img2od: 6 | od2fr: 0 | od2lpr: 1000 | od2cap: 0 | fr2kr: 0 | lpr2kr: 1000 | cap2udp: 0 | kr2udp: 1 | 
2026-05-03 20:12:28,448 - INFO     - img2od: 6 | od2fr: 0 | od2lpr: 1000 | od2cap: 0 | fr2kr: 0 | lpr2kr: 1000 | cap2udp: 0 | kr2udp: 1 | 
2026-05-03 20:12:29,449 - INFO     - img2od: 6 | od2fr: 0 | od2lpr: 1000 | od2cap: 0 | fr2kr: 0 | lpr2kr: 1000 | cap2udp: 0 | kr2udp: 1 | 
2026-05-03 20:12:30,450 - INFO     - img2od: 6 | od2fr: 0 | od2lpr: 1000 | od2cap: 0 | fr2kr: 0 | lpr2kr: 1000 | cap2udp: 0 | kr2udp: 1 | 
2026-05-03 20:12:31,451 - INFO     - img2od: 6 | od2fr: 0 | od2lpr: 1000 | od2cap: 0 | fr2kr: 0 | lpr2kr: 1000 | cap2udp: 0 | kr2udp: 1 | 
2026-05-03 20:12:32,452 - INFO     - img2od: 6 | od2fr: 0 | od2lpr: 1000 | od2cap: 0 | fr2kr: 0 | lpr2kr: 1000 | cap2udp: 0 | kr2udp: 1 | 
2026-05-03 20:12:33,453 - INFO     - img2od: 6 | od2fr: 0 | od2lpr: 1000 | od2cap: 0 | fr2kr: 0 | lpr2kr: 1000 | cap2udp: 0 | kr2udp: 0 | 
2026-05-03 20:12:34,454 - INFO     - img2od: 6 | od2fr: 0 | od2lpr: 1000 | od2cap: 0 | fr2kr: 0 | lpr2kr: 1000 | cap2udp: 0 | kr2udp: 1 | 
2026-05-03 20:12:35,455 - INFO     - img2od: 6 | od2fr: 0 | od2lpr: 1000 | od2cap: 0 | fr2kr: 0 | lpr2kr: 1000 | cap2udp: 0 | kr2udp: 0 | 
2026-05-03 20:12:36,456 - INFO     - img2od: 6 | od2fr: 0 | od2lpr: 1000 | od2cap: 0 | fr2kr: 0 | lpr2kr: 1000 | cap2udp: 0 | kr2udp: 1 | 
2026-05-03 20:12:37,457 - INFO     - img2od: 6 | od2fr: 0 | od2lpr: 1000 | od2cap: 0 | fr2kr: 0 | lpr2kr: 1000 | cap2udp: 0 | kr2udp: 1 | 
2026-05-03 20:12:38,458 - INFO     - img2od: 6 | od2fr: 0 | od2lpr: 1000 | od2cap: 0 | fr2kr: 0 | lpr2kr: 1000 | cap2udp: 0 | kr2udp: 1 | 
2026-05-03 20:12:39,459 - INFO     - img2od: 6 | od2fr: 0 | od2lpr: 1000 | od2cap: 0 | fr2kr: 0 | lpr2kr: 1000 | cap2udp: 0 | kr2udp: 1 | 
2026-05-03 20:12:40,460 - INFO     - img2od: 6 | od2fr: 0 | od2lpr: 1000 | od2cap: 0 | fr2kr: 0 | lpr2kr: 1000 | cap2udp: 0 | kr2udp: 1 | 
2026-05-03 20:12:41,461 - INFO     - img2od: 6 | od2fr: 0 | od2lpr: 1000 | od2cap: 0 | fr2kr: 0 | lpr2kr: 1000 | cap2udp: 0 | kr2udp: 1 | 
2026-05-03 20:12:42,462 - INFO     - img2od: 6 | od2fr: 0 | od2lpr: 1000 | od2cap: 0 | fr2kr: 0 | lpr2kr: 1000 | cap2udp: 0 | kr2udp: 0 | 
2026-05-03 20:12:43,463 - INFO     - img2od: 6 | od2fr: 0 | od2lpr: 1000 | od2cap: 0 | fr2kr: 0 | lpr2kr: 1000 | cap2udp: 0 | kr2udp: 1 | 
2026-05-03 20:12:44,464 - INFO     - img2od: 6 | od2fr: 0 | od2lpr: 1000 | od2cap: 0 | fr2kr: 0 | lpr2kr: 1000 | cap2udp: 0 | kr2udp: 1 | 
2026-05-03 20:12:45,465 - INFO     - img2od: 6 | od2fr: 0 | od2lpr: 1000 | od2cap: 0 | fr2kr: 0 | lpr2kr: 1000 | cap2udp: 0 | kr2udp: 1 | 
2026-05-03 20:12:46,466 - INFO     - img2od: 6 | od2fr: 0 | od2lpr: 1000 | od2cap: 0 | fr2kr: 0 | lpr2kr: 1000 | cap2udp: 0 | kr2udp: 1 | 
2026-05-03 20:12:47,467 - INFO     - img2od: 6 | od2fr: 0 | od2lpr: 1000 | od2cap: 0 | fr2kr: 0 | lpr2kr: 1000 | cap2udp: 0 | kr2udp: 1 | 
2026-05-03 20:12:48,468 - INFO     - img2od: 6 | od2fr: 0 | od2lpr: 1000 | od2cap: 0 | fr2kr: 0 | lpr2kr: 1000 | cap2udp: 0 | kr2udp: 0 | 
2026-05-03 20:12:49,469 - INFO     - img2od: 6 | od2fr: 0 | od2lpr: 1000 | od2cap: 0 | fr2kr: 0 | lpr2kr: 1000 | cap2udp: 0 | kr2udp: 0 | 
2026-05-03 20:12:50,470 - INFO     - img2od: 6 | od2fr: 0 | od2lpr: 1000 | od2cap: 0 | fr2kr: 0 | lpr2kr: 1000 | cap2udp: 0 | kr2udp: 1 | 
2026-05-03 20:12:51,471 - INFO     - img2od: 6 | od2fr: 0 | od2lpr: 1000 | od2cap: 0 | fr2kr: 0 | lpr2kr: 1000 | cap2udp: 0 | kr2udp: 1 | 
2026-05-03 20:12:52,472 - INFO     - img2od: 6 | od2fr: 0 | od2lpr: 1000 | od2cap: 0 | fr2kr: 0 | lpr2kr: 1000 | cap2udp: 0 | kr2udp: 1 | 
2026-05-03 20:12:53,473 - INFO     - img2od: 6 | od2fr: 0 | od2lpr: 1000 | od2cap: 0 | fr2kr: 0 | lpr2kr: 1000 | cap2udp: 0 | kr2udp: 1 | 
2026-05-03 20:12:54,474 - INFO     - img2od: 6 | od2fr: 0 | od2lpr: 1000 | od2cap: 0 | fr2kr: 0 | lpr2kr: 1000 | cap2udp: 0 | kr2udp: 1 | 
2026-05-03 20:12:55,475 - INFO     - img2od: 6 | od2fr: 0 | od2lpr: 1000 | od2cap: 0 | fr2kr: 0 | lpr2kr: 1000 | cap2udp: 0 | kr2udp: 0 | 
2026-05-03 20:12:56,476 - INFO     - img2od: 6 | od2fr: 0 | od2lpr: 1000 | od2cap: 0 | fr2kr: 0 | lpr2kr: 1000 | cap2udp: 0 | kr2udp: 1 | 
2026-05-03 20:12:57,477 - INFO     - img2od: 6 | od2fr: 0 | od2lpr: 1000 | od2cap: 0 | fr2kr: 0 | lpr2kr: 1000 | cap2udp: 0 | kr2udp: 1 | 
2026-05-03 20:12:58,478 - INFO     - img2od: 6 | od2fr: 0 | od2lpr: 1000 | od2cap: 0 | fr2kr: 0 | lpr2kr: 1000 | cap2udp: 0 | kr2udp: 1 | 
2026-05-03 20:12:59,479 - INFO     - img2od: 6 | od2fr: 0 | od2lpr: 1000 | od2cap: 0 | fr2kr: 0 | lpr2kr: 1000 | cap2udp: 0 | kr2udp: 1 | 
2026-05-03 20:13:00,480 - INFO     - img2od: 6 | od2fr: 0 | od2lpr: 1000 | od2cap: 0 | fr2kr: 0 | lpr2kr: 1000 | cap2udp: 0 | kr2udp: 1 | 
2026-05-03 20:13:01,481 - INFO     - img2od: 6 | od2fr: 0 | od2lpr: 1000 | od2cap: 0 | fr2kr: 0 | lpr2kr: 1000 | cap2udp: 0 | kr2udp: 1 | 
2026-05-03 20:13:02,482 - INFO     - img2od: 6 | od2fr: 0 | od2lpr: 1000 | od2cap: 0 | fr2kr: 0 | lpr2kr: 1000 | cap2udp: 0 | kr2udp: 0 | 
2026-05-03 20:13:03,483 - INFO     - img2od: 6 | od2fr: 0 | od2lpr: 1000 | od2cap: 0 | fr2kr: 0 | lpr2kr: 1000 | cap2udp: 0 | kr2udp: 0 | 
2026-05-03 20:13:04,484 - INFO     - img2od: 6 | od2fr: 0 | od2lpr: 1000 | od2cap: 0 | fr2kr: 0 | lpr2kr: 1000 | cap2udp: 0 | kr2udp: 0 | 
2026-05-03 20:13:05,485 - INFO     - img2od: 6 | od2fr: 0 | od2lpr: 1000 | od2cap: 0 | fr2kr: 0 | lpr2kr: 1000 | cap2udp: 0 | kr2udp: 1 | 
2026-05-03 20:13:06,486 - INFO     - img2od: 6 | od2fr: 0 | od2lpr: 1000 | od2cap: 0 | fr2kr: 0 | lpr2kr: 1000 | cap2udp: 0 | kr2udp: 0 | 
2026-05-03 20:13:07,487 - INFO     - img2od: 6 | od2fr: 0 | od2lpr: 1000 | od2cap: 0 | fr2kr: 0 | lpr2kr: 1000 | cap2udp: 0 | kr2udp: 1 | 
2026-05-03 20:13:08,488 - INFO     - img2od: 6 | od2fr: 0 | od2lpr: 1000 | od2cap: 0 | fr2kr: 0 | lpr2kr: 1000 | cap2udp: 0 | kr2udp: 0 | 
2026-05-03 20:13:09,489 - INFO     - img2od: 6 | od2fr: 0 | od2lpr: 1000 | od2cap: 0 | fr2kr: 0 | lpr2kr: 1000 | cap2udp: 0 | kr2udp: 1 | 
2026-05-03 20:13:10,490 - INFO     - img2od: 6 | od2fr: 0 | od2lpr: 1000 | od2cap: 0 | fr2kr: 0 | lpr2kr: 1000 | cap2udp: 0 | kr2udp: 0 | 
2026-05-03 20:13:11,491 - INFO     - img2od: 6 | od2fr: 0 | od2lpr: 1000 | od2cap: 0 | fr2kr: 0 | lpr2kr: 1000 | cap2udp: 0 | kr2udp: 0 | 
2026-05-03 20:13:12,492 - INFO     - img2od: 6 | od2fr: 0 | od2lpr: 999 | od2cap: 0 | fr2kr: 0 | lpr2kr: 1000 | cap2udp: 0 | kr2udp: 1 | 
2026-05-03 20:13:13,493 - INFO     - img2od: 6 | od2fr: 0 | od2lpr: 1000 | od2cap: 0 | fr2kr: 0 | lpr2kr: 1000 | cap2udp: 0 | kr2udp: 1 | 
2026-05-03 20:13:14,494 - INFO     - img2od: 6 | od2fr: 0 | od2lpr: 1000 | od2cap: 0 | fr2kr: 0 | lpr2kr: 1000 | cap2udp: 0 | kr2udp: 1 | 
2026-05-03 20:13:15,495 - INFO     - img2od: 6 | od2fr: 0 | od2lpr: 1000 | od2cap: 0 | fr2kr: 0 | lpr2kr: 1000 | cap2udp: 0 | kr2udp: 1 | 
2026-05-03 20:13:16,496 - INFO     - img2od: 6 | od2fr: 0 | od2lpr: 1000 | od2cap: 0 | fr2kr: 0 | lpr2kr: 1000 | cap2udp: 0 | kr2udp: 1 | 
2026-05-03 20:13:17,497 - INFO     - img2od: 6 | od2fr: 0 | od2lpr: 1000 | od2cap: 0 | fr2kr: 0 | lpr2kr: 1000 | cap2udp: 0 | kr2udp: 1 | 
2026-05-03 20:13:18,498 - INFO     - img2od: 6 | od2fr: 0 | od2lpr: 1000 | od2cap: 0 | fr2kr: 0 | lpr2kr: 1000 | cap2udp: 0 | kr2udp: 1 | 
2026-05-03 20:13:19,499 - INFO     - img2od: 6 | od2fr: 0 | od2lpr: 1000 | od2cap: 0 | fr2kr: 0 | lpr2kr: 1000 | cap2udp: 0 | kr2udp: 0 | 
2026-05-03 20:13:20,500 - INFO     - img2od: 6 | od2fr: 0 | od2lpr: 1000 | od2cap: 0 | fr2kr: 0 | lpr2kr: 1000 | cap2udp: 0 | kr2udp: 0 | 
2026-05-03 20:13:21,501 - INFO     - img2od: 6 | od2fr: 0 | od2lpr: 1000 | od2cap: 0 | fr2kr: 0 | lpr2kr: 1000 | cap2udp: 0 | kr2udp: 0 | 
2026-05-03 20:13:22,502 - INFO     - img2od: 6 | od2fr: 0 | od2lpr: 1000 | od2cap: 0 | fr2kr: 0 | lpr2kr: 1000 | cap2udp: 0 | kr2udp: 1 | 
2026-05-03 20:13:23,503 - INFO     - img2od: 6 | od2fr: 0 | od2lpr: 1000 | od2cap: 0 | fr2kr: 0 | lpr2kr: 1000 | cap2udp: 0 | kr2udp: 0 | 
2026-05-03 20:13:24,504 - INFO     - img2od: 6 | od2fr: 0 | od2lpr: 1000 | od2cap: 0 | fr2kr: 0 | lpr2kr: 1000 | cap2udp: 0 | kr2udp: 1 | 
2026-05-03 20:13:25,505 - INFO     - img2od: 6 | od2fr: 0 | od2lpr: 1000 | od2cap: 0 | fr2kr: 0 | lpr2kr: 1000 | cap2udp: 0 | kr2udp: 1 | 
2026-05-03 20:13:26,506 - INFO     - img2od: 6 | od2fr: 0 | od2lpr: 1000 | od2cap: 0 | fr2kr: 0 | lpr2kr: 1000 | cap2udp: 0 | kr2udp: 1 | 
2026-05-03 20:13:27,507 - INFO     - img2od: 6 | od2fr: 0 | od2lpr: 1000 | od2cap: 0 | fr2kr: 0 | lpr2kr: 1000 | cap2udp: 0 | kr2udp: 0 | 
2026-05-03 20:13:28,508 - INFO     - img2od: 6 | od2fr: 0 | od2lpr: 1000 | od2cap: 0 | fr2kr: 0 | lpr2kr: 1000 | cap2udp: 0 | kr2udp: 1 | 
2026-05-03 20:13:29,509 - INFO     - img2od: 6 | od2fr: 0 | od2lpr: 1000 | od2cap: 0 | fr2kr: 0 | lpr2kr: 1000 | cap2udp: 0 | kr2udp: 1 | 
2026-05-03 20:13:30,510 - INFO     - img2od: 6 | od2fr: 0 | od2lpr: 999 | od2cap: 0 | fr2kr: 0 | lpr2kr: 1000 | cap2udp: 0 | kr2udp: 1 | 
2026-05-03 20:13:31,511 - INFO     - img2od: 6 | od2fr: 0 | od2lpr: 1000 | od2cap: 0 | fr2kr: 0 | lpr2kr: 1000 | cap2udp: 0 | kr2udp: 1 | 
2026-05-03 20:13:32,512 - INFO     - img2od: 6 | od2fr: 0 | od2lpr: 1000 | od2cap: 0 | fr2kr: 0 | lpr2kr: 1000 | cap2udp: 0 | kr2udp: 1 | 
2026-05-03 20:13:33,513 - INFO     - img2od: 6 | od2fr: 0 | od2lpr: 1000 | od2cap: 0 | fr2kr: 0 | lpr2kr: 1000 | cap2udp: 0 | kr2udp: 1 | 
2026-05-03 20:13:34,514 - INFO     - img2od: 6 | od2fr: 0 | od2lpr: 1000 | od2cap: 0 | fr2kr: 0 | lpr2kr: 1000 | cap2udp: 0 | kr2udp: 0 | 
2026-05-03 20:13:35,515 - INFO     - img2od: 6 | od2fr: 0 | od2lpr: 1000 | od2cap: 0 | fr2kr: 0 | lpr2kr: 1000 | cap2udp: 0 | kr2udp: 1 | 
2026-05-03 20:13:36,516 - INFO     - img2od: 6 | od2fr: 0 | od2lpr: 1000 | od2cap: 0 | fr2kr: 0 | lpr2kr: 1000 | cap2udp: 0 | kr2udp: 1 | 
2026-05-03 20:13:37,517 - INFO     - img2od: 6 | od2fr: 0 | od2lpr: 1000 | od2cap: 0 | fr2kr: 0 | lpr2kr: 999 | cap2udp: 0 | kr2udp: 1 | 
2026-05-03 20:13:38,518 - INFO     - img2od: 6 | od2fr: 0 | od2lpr: 1000 | od2cap: 0 | fr2kr: 0 | lpr2kr: 1000 | cap2udp: 0 | kr2udp: 1 | 
2026-05-03 20:13:39,519 - INFO     - img2od: 6 | od2fr: 0 | od2lpr: 1000 | od2cap: 0 | fr2kr: 0 | lpr2kr: 1000 | cap2udp: 0 | kr2udp: 0 | 
2026-05-03 20:13:40,520 - INFO     - img2od: 6 | od2fr: 0 | od2lpr: 1000 | od2cap: 0 | fr2kr: 0 | lpr2kr: 1000 | cap2udp: 0 | kr2udp: 0 | 
2026-05-03 20:13:41,521 - INFO     - img2od: 6 | od2fr: 0 | od2lpr: 1000 | od2cap: 0 | fr2kr: 0 | lpr2kr: 1000 | cap2udp: 0 | kr2udp: 1 | 
2026-05-03 20:13:42,522 - INFO     - img2od: 6 | od2fr: 0 | od2lpr: 1000 | od2cap: 0 | fr2kr: 0 | lpr2kr: 1000 | cap2udp: 0 | kr2udp: 1 | 
2026-05-03 20:13:43,523 - INFO     - img2od: 6 | od2fr: 0 | od2lpr: 1000 | od2cap: 0 | fr2kr: 0 | lpr2kr: 1000 | cap2udp: 0 | kr2udp: 1 | 
2026-05-03 20:13:44,524 - INFO     - img2od: 6 | od2fr: 0 | od2lpr: 1000 | od2cap: 0 | fr2kr: 0 | lpr2kr: 1000 | cap2udp: 0 | kr2udp: 1 | 
2026-05-03 20:13:45,525 - INFO     - img2od: 6 | od2fr: 0 | od2lpr: 1000 | od2cap: 0 | fr2kr: 0 | lpr2kr: 1000 | cap2udp: 0 | kr2udp: 1 | 
2026-05-03 20:13:46,526 - INFO     - img2od: 6 | od2fr: 0 | od2lpr: 1000 | od2cap: 0 | fr2kr: 0 | lpr2kr: 1000 | cap2udp: 0 | kr2udp: 0 | 
2026-05-03 20:13:47,527 - INFO     - img2od: 6 | od2fr: 0 | od2lpr: 1000 | od2cap: 0 | fr2kr: 0 | lpr2kr: 1000 | cap2udp: 0 | kr2udp: 0 | 
2026-05-03 20:13:48,528 - INFO     - img2od: 6 | od2fr: 0 | od2lpr: 1000 | od2cap: 0 | fr2kr: 0 | lpr2kr: 1000 | cap2udp: 0 | kr2udp: 0 | 
2026-05-03 20:13:49,529 - INFO     - img2od: 6 | od2fr: 0 | od2lpr: 1000 | od2cap: 0 | fr2kr: 0 | lpr2kr: 999 | cap2udp: 0 | kr2udp: 1 | 
2026-05-03 20:13:50,530 - INFO     - img2od: 6 | od2fr: 0 | od2lpr: 1000 | od2cap: 0 | fr2kr: 0 | lpr2kr: 999 | cap2udp: 0 | kr2udp: 1 | 
2026-05-03 20:13:51,531 - INFO     - img2od: 6 | od2fr: 0 | od2lpr: 1000 | od2cap: 0 | fr2kr: 0 | lpr2kr: 1000 | cap2udp: 0 | kr2udp: 1 | 
2026-05-03 20:13:52,532 - INFO     - img2od: 6 | od2fr: 0 | od2lpr: 1000 | od2cap: 0 | fr2kr: 0 | lpr2kr: 1000 | cap2udp: 0 | kr2udp: 1 | 
2026-05-03 20:13:53,533 - INFO     - img2od: 6 | od2fr: 0 | od2lpr: 1000 | od2cap: 0 | fr2kr: 0 | lpr2kr: 1000 | cap2udp: 0 | kr2udp: 1 | 
2026-05-03 20:13:54,534 - INFO     - img2od: 6 | od2fr: 0 | od2lpr: 1000 | od2cap: 0 | fr2kr: 0 | lpr2kr: 999 | cap2udp: 0 | kr2udp: 1 | 
2026-05-03 20:13:55,535 - INFO     - img2od: 6 | od2fr: 0 | od2lpr: 1000 | od2cap: 0 | fr2kr: 0 | lpr2kr: 1000 | cap2udp: 0 | kr2udp: 0 | 
2026-05-03 20:13:56,536 - INFO     - img2od: 6 | od2fr: 0 | od2lpr: 1000 | od2cap: 0 | fr2kr: 0 | lpr2kr: 1000 | cap2udp: 0 | kr2udp: 1 | 
2026-05-03 20:13:57,537 - INFO     - img2od: 6 | od2fr: 0 | od2lpr: 1000 | od2cap: 0 | fr2kr: 0 | lpr2kr: 1000 | cap2udp: 0 | kr2udp: 1 | 
2026-05-03 20:13:58,538 - INFO     - img2od: 6 | od2fr: 0 | od2lpr: 1000 | od2cap: 0 | fr2kr: 0 | lpr2kr: 1000 | cap2udp: 0 | kr2udp: 1 | 
2026-05-03 20:13:59,539 - INFO     - img2od: 6 | od2fr: 0 | od2lpr: 1000 | od2cap: 0 | fr2kr: 0 | lpr2kr: 1000 | cap2udp: 0 | kr2udp: 1 | 
2026-05-03 20:14:00,540 - INFO     - img2od: 6 | od2fr: 0 | od2lpr: 1000 | od2cap: 0 | fr2kr: 0 | lpr2kr: 1000 | cap2udp: 0 | kr2udp: 1 | 
2026-05-03 20:14:01,541 - INFO     - img2od: 6 | od2fr: 0 | od2lpr: 1000 | od2cap: 0 | fr2kr: 0 | lpr2kr: 999 | cap2udp: 0 | kr2udp: 1 | 
2026-05-03 20:14:02,542 - INFO     - img2od: 6 | od2fr: 0 | od2lpr: 1000 | od2cap: 0 | fr2kr: 0 | lpr2kr: 1000 | cap2udp: 0 | kr2udp: 1 | 
2026-05-03 20:14:03,543 - INFO     - img2od: 6 | od2fr: 0 | od2lpr: 1000 | od2cap: 0 | fr2kr: 0 | lpr2kr: 1000 | cap2udp: 0 | kr2udp: 0 | 
2026-05-03 20:14:04,544 - INFO     - img2od: 6 | od2fr: 0 | od2lpr: 1000 | od2cap: 0 | fr2kr: 0 | lpr2kr: 1000 | cap2udp: 0 | kr2udp: 1 | 
2026-05-03 20:14:05,545 - INFO     - img2od: 6 | od2fr: 0 | od2lpr: 1000 | od2cap: 0 | fr2kr: 0 | lpr2kr: 1000 | cap2udp: 0 | kr2udp: 0 | 
2026-05-03 20:14:06,546 - INFO     - img2od: 6 | od2fr: 0 | od2lpr: 1000 | od2cap: 0 | fr2kr: 0 | lpr2kr: 1000 | cap2udp: 0 | kr2udp: 1 | 
2026-05-03 20:14:07,547 - INFO     - img2od: 6 | od2fr: 0 | od2lpr: 1000 | od2cap: 0 | fr2kr: 0 | lpr2kr: 1000 | cap2udp: 0 | kr2udp: 1 | 
2026-05-03 20:14:08,548 - INFO     - img2od: 6 | od2fr: 0 | od2lpr: 1000 | od2cap: 0 | fr2kr: 0 | lpr2kr: 1000 | cap2udp: 0 | kr2udp: 1 | 
2026-05-03 20:14:09,549 - INFO     - img2od: 6 | od2fr: 0 | od2lpr: 1000 | od2cap: 0 | fr2kr: 0 | lpr2kr: 1000 | cap2udp: 0 | kr2udp: 1 | 
2026-05-03 20:14:10,550 - INFO     - img2od: 6 | od2fr: 0 | od2lpr: 1000 | od2cap: 0 | fr2kr: 0 | lpr2kr: 1000 | cap2udp: 0 | kr2udp: 1 | 
2026-05-03 20:14:11,551 - INFO     - img2od: 6 | od2fr: 0 | od2lpr: 1000 | od2cap: 0 | fr2kr: 0 | lpr2kr: 1000 | cap2udp: 0 | kr2udp: 1 | 
2026-05-03 20:14:12,552 - INFO     - img2od: 6 | od2fr: 0 | od2lpr: 1000 | od2cap: 0 | fr2kr: 0 | lpr2kr: 1000 | cap2udp: 0 | kr2udp: 1 | 
2026-05-03 20:14:13,553 - INFO     - img2od: 6 | od2fr: 0 | od2lpr: 1000 | od2cap: 0 | fr2kr: 0 | lpr2kr: 1000 | cap2udp: 0 | kr2udp: 1 | 
2026-05-03 20:14:14,554 - INFO     - img2od: 6 | od2fr: 0 | od2lpr: 1000 | od2cap: 0 | fr2kr: 0 | lpr2kr: 1000 | cap2udp: 0 | kr2udp: 0 | 
2026-05-03 20:14:15,555 - INFO     - img2od: 6 | od2fr: 0 | od2lpr: 1000 | od2cap: 0 | fr2kr: 0 | lpr2kr: 1000 | cap2udp: 0 | kr2udp: 1 | 
2026-05-03 20:14:16,556 - INFO     - img2od: 6 | od2fr: 0 | od2lpr: 999 | od2cap: 0 | fr2kr: 0 | lpr2kr: 1000 | cap2udp: 0 | kr2udp: 0 | 
2026-05-03 20:14:17,557 - INFO     - img2od: 6 | od2fr: 0 | od2lpr: 1000 | od2cap: 0 | fr2kr: 0 | lpr2kr: 1000 | cap2udp: 0 | kr2udp: 0 | 
2026-05-03 20:14:18,558 - INFO     - img2od: 6 | od2fr: 0 | od2lpr: 1000 | od2cap: 0 | fr2kr: 0 | lpr2kr: 1000 | cap2udp: 0 | kr2udp: 1 | 
2026-05-03 20:14:19,559 - INFO     - img2od: 6 | od2fr: 0 | od2lpr: 1000 | od2cap: 0 | fr2kr: 0 | lpr2kr: 1000 | cap2udp: 0 | kr2udp: 1 | 
2026-05-03 20:14:20,560 - INFO     - img2od: 6 | od2fr: 0 | od2lpr: 1000 | od2cap: 0 | fr2kr: 0 | lpr2kr: 1000 | cap2udp: 0 | kr2udp: 1 | 
2026-05-03 20:14:21,561 - INFO     - img2od: 6 | od2fr: 0 | od2lpr: 1000 | od2cap: 0 | fr2kr: 0 | lpr2kr: 1000 | cap2udp: 0 | kr2udp: 1 | 
2026-05-03 20:14:22,562 - INFO     - img2od: 6 | od2fr: 0 | od2lpr: 1000 | od2cap: 0 | fr2kr: 0 | lpr2kr: 1000 | cap2udp: 0 | kr2udp: 1 | 
2026-05-03 20:14:23,563 - INFO     - img2od: 6 | od2fr: 0 | od2lpr: 1000 | od2cap: 0 | fr2kr: 0 | lpr2kr: 1000 | cap2udp: 0 | kr2udp: 1 | 
2026-05-03 20:14:24,564 - INFO     - img2od: 6 | od2fr: 0 | od2lpr: 1000 | od2cap: 0 | fr2kr: 0 | lpr2kr: 1000 | cap2udp: 0 | kr2udp: 1 | 
2026-05-03 20:14:25,565 - INFO     - img2od: 6 | od2fr: 0 | od2lpr: 1000 | od2cap: 0 | fr2kr: 0 | lpr2kr: 1000 | cap2udp: 0 | kr2udp: 0 | 
2026-05-03 20:14:26,566 - INFO     - img2od: 6 | od2fr: 0 | od2lpr: 1000 | od2cap: 0 | fr2kr: 0 | lpr2kr: 1000 | cap2udp: 0 | kr2udp: 1 | 
2026-05-03 20:14:27,567 - INFO     - img2od: 6 | od2fr: 0 | od2lpr: 1000 | od2cap: 0 | fr2kr: 0 | lpr2kr: 1000 | cap2udp: 0 | kr2udp: 1 | 
2026-05-03 20:14:28,568 - INFO     - img2od: 6 | od2fr: 0 | od2lpr: 1000 | od2cap: 0 | fr2kr: 0 | lpr2kr: 1000 | cap2udp: 0 | kr2udp: 1 | 
2026-05-03 20:14:29,569 - INFO     - img2od: 6 | od2fr: 0 | od2lpr: 1000 | od2cap: 0 | fr2kr: 0 | lpr2kr: 1000 | cap2udp: 0 | kr2udp: 1 | 
2026-05-03 20:14:30,570 - INFO     - img2od: 6 | od2fr: 0 | od2lpr: 1000 | od2cap: 0 | fr2kr: 0 | lpr2kr: 1000 | cap2udp: 0 | kr2udp: 1 | 
2026-05-03 20:14:31,571 - INFO     - img2od: 6 | od2fr: 0 | od2lpr: 1000 | od2cap: 0 | fr2kr: 0 | lpr2kr: 1000 | cap2udp: 0 | kr2udp: 1 | 
2026-05-03 20:14:32,572 - INFO     - img2od: 6 | od2fr: 0 | od2lpr: 1000 | od2cap: 0 | fr2kr: 0 | lpr2kr: 1000 | cap2udp: 0 | kr2udp: 1 | 
2026-05-03 20:14:33,573 - INFO     - img2od: 6 | od2fr: 0 | od2lpr: 1000 | od2cap: 0 | fr2kr: 0 | lpr2kr: 1000 | cap2udp: 0 | kr2udp: 1 | 
2026-05-03 20:14:34,574 - INFO     - img2od: 6 | od2fr: 0 | od2lpr: 1000 | od2cap: 0 | fr2kr: 0 | lpr2kr: 1000 | cap2udp: 0 | kr2udp: 0 | 
2026-05-03 20:14:35,575 - INFO     - img2od: 6 | od2fr: 0 | od2lpr: 1000 | od2cap: 0 | fr2kr: 0 | lpr2kr: 1000 | cap2udp: 0 | kr2udp: 0 | 
2026-05-03 20:14:36,576 - INFO     - img2od: 6 | od2fr: 0 | od2lpr: 1000 | od2cap: 0 | fr2kr: 0 | lpr2kr: 1000 | cap2udp: 0 | kr2udp: 1 | 
2026-05-03 20:14:37,577 - INFO     - img2od: 6 | od2fr: 0 | od2lpr: 1000 | od2cap: 0 | fr2kr: 0 | lpr2kr: 1000 | cap2udp: 0 | kr2udp: 1 | 
2026-05-03 20:14:38,578 - INFO     - img2od: 6 | od2fr: 0 | od2lpr: 1000 | od2cap: 0 | fr2kr: 0 | lpr2kr: 1000 | cap2udp: 0 | kr2udp: 1 | 
2026-05-03 20:14:39,579 - INFO     - img2od: 6 | od2fr: 0 | od2lpr: 1000 | od2cap: 0 | fr2kr: 0 | lpr2kr: 1000 | cap2udp: 0 | kr2udp: 1 | 
2026-05-03 20:14:40,580 - INFO     - img2od: 6 | od2fr: 0 | od2lpr: 1000 | od2cap: 0 | fr2kr: 0 | lpr2kr: 1000 | cap2udp: 0 | kr2udp: 1 | 
2026-05-03 20:14:41,581 - INFO     - img2od: 6 | od2fr: 0 | od2lpr: 1000 | od2cap: 0 | fr2kr: 0 | lpr2kr: 1000 | cap2udp: 0 | kr2udp: 1 | 
2026-05-03 20:14:42,582 - INFO     - img2od: 6 | od2fr: 0 | od2lpr: 1000 | od2cap: 0 | fr2kr: 0 | lpr2kr: 1000 | cap2udp: 0 | kr2udp: 1 | 
2026-05-03 20:14:43,583 - INFO     - img2od: 6 | od2fr: 0 | od2lpr: 1000 | od2cap: 0 | fr2kr: 0 | lpr2kr: 1000 | cap2udp: 0 | kr2udp: 0 | 
2026-05-03 20:14:44,584 - INFO     - img2od: 6 | od2fr: 0 | od2lpr: 1000 | od2cap: 0 | fr2kr: 0 | lpr2kr: 1000 | cap2udp: 0 | kr2udp: 0 | 
2026-05-03 20:14:45,585 - INFO     - img2od: 6 | od2fr: 0 | od2lpr: 1000 | od2cap: 0 | fr2kr: 0 | lpr2kr: 1000 | cap2udp: 0 | kr2udp: 1 | 
2026-05-03 20:14:46,586 - INFO     - img2od: 6 | od2fr: 0 | od2lpr: 1000 | od2cap: 0 | fr2kr: 0 | lpr2kr: 1000 | cap2udp: 0 | kr2udp: 1 | 
2026-05-03 20:14:47,587 - INFO     - img2od: 6 | od2fr: 0 | od2lpr: 1000 | od2cap: 0 | fr2kr: 0 | lpr2kr: 1000 | cap2udp: 0 | kr2udp: 1 | 
2026-05-03 20:14:48,588 - INFO     - img2od: 6 | od2fr: 0 | od2lpr: 1000 | od2cap: 0 | fr2kr: 0 | lpr2kr: 1000 | cap2udp: 0 | kr2udp: 1 | 
2026-05-03 20:14:49,589 - INFO     - img2od: 6 | od2fr: 0 | od2lpr: 1000 | od2cap: 0 | fr2kr: 0 | lpr2kr: 1000 | cap2udp: 0 | kr2udp: 1 | 
2026-05-03 20:14:50,590 - INFO     - img2od: 6 | od2fr: 0 | od2lpr: 1000 | od2cap: 0 | fr2kr: 0 | lpr2kr: 999 | cap2udp: 0 | kr2udp: 1 | 
2026-05-03 20:14:51,591 - INFO     - img2od: 6 | od2fr: 0 | od2lpr: 1000 | od2cap: 0 | fr2kr: 0 | lpr2kr: 1000 | cap2udp: 0 | kr2udp: 1 | 
2026-05-03 20:14:52,592 - INFO     - img2od: 6 | od2fr: 0 | od2lpr: 1000 | od2cap: 0 | fr2kr: 0 | lpr2kr: 1000 | cap2udp: 0 | kr2udp: 0 | 
2026-05-03 20:14:53,593 - INFO     - img2od: 6 | od2fr: 0 | od2lpr: 1000 | od2cap: 0 | fr2kr: 0 | lpr2kr: 1000 | cap2udp: 0 | kr2udp: 1 | 
2026-05-03 20:14:54,594 - INFO     - img2od: 6 | od2fr: 0 | od2lpr: 1000 | od2cap: 0 | fr2kr: 0 | lpr2kr: 1000 | cap2udp: 0 | kr2udp: 1 | 
2026-05-03 20:14:55,595 - INFO     - img2od: 6 | od2fr: 0 | od2lpr: 1000 | od2cap: 0 | fr2kr: 0 | lpr2kr: 1000 | cap2udp: 0 | kr2udp: 1 | 
2026-05-03 20:14:56,596 - INFO     - img2od: 6 | od2fr: 0 | od2lpr: 1000 | od2cap: 0 | fr2kr: 0 | lpr2kr: 1000 | cap2udp: 0 | kr2udp: 1 | 
2026-05-03 20:14:57,597 - INFO     - img2od: 6 | od2fr: 0 | od2lpr: 1000 | od2cap: 0 | fr2kr: 0 | lpr2kr: 1000 | cap2udp: 0 | kr2udp: 1 | 
2026-05-03 20:14:58,598 - INFO     - img2od: 6 | od2fr: 0 | od2lpr: 1000 | od2cap: 0 | fr2kr: 0 | lpr2kr: 1000 | cap2udp: 0 | kr2udp: 0 | 
2026-05-03 20:14:59,599 - INFO     - img2od: 6 | od2fr: 0 | od2lpr: 1000 | od2cap: 0 | fr2kr: 0 | lpr2kr: 1000 | cap2udp: 0 | kr2udp: 1 | 
2026-05-03 20:15:00,600 - INFO     - img2od: 6 | od2fr: 0 | od2lpr: 1000 | od2cap: 0 | fr2kr: 0 | lpr2kr: 1000 | cap2udp: 0 | kr2udp: 0 | 
2026-05-03 20:15:01,601 - INFO     - img2od: 6 | od2fr: 0 | od2lpr: 1000 | od2cap: 0 | fr2kr: 0 | lpr2kr: 1000 | cap2udp: 0 | kr2udp: 1 | 
2026-05-03 20:15:02,602 - INFO     - img2od: 6 | od2fr: 0 | od2lpr: 1000 | od2cap: 0 | fr2kr: 0 | lpr2kr: 1000 | cap2udp: 0 | kr2udp: 1 | 
2026-05-03 20:15:03,603 - INFO     - img2od: 6 | od2fr: 0 | od2lpr: 1000 | od2cap: 0 | fr2kr: 0 | lpr2kr: 1000 | cap2udp: 0 | kr2udp: 0 | 
2026-05-03 20:15:04,604 - INFO     - img2od: 6 | od2fr: 0 | od2lpr: 1000 | od2cap: 0 | fr2kr: 0 | lpr2kr: 1000 | cap2udp: 0 | kr2udp: 1 | 
2026-05-03 20:15:05,605 - INFO     - img2od: 6 | od2fr: 0 | od2lpr: 1000 | od2cap: 0 | fr2kr: 0 | lpr2kr: 1000 | cap2udp: 0 | kr2udp: 1 | 
2026-05-03 20:15:06,606 - INFO     - img2od: 6 | od2fr: 0 | od2lpr: 1000 | od2cap: 0 | fr2kr: 0 | lpr2kr: 1000 | cap2udp: 0 | kr2udp: 1 | 
2026-05-03 20:15:07,607 - INFO     - img2od: 6 | od2fr: 0 | od2lpr: 1000 | od2cap: 0 | fr2kr: 0 | lpr2kr: 1000 | cap2udp: 0 | kr2udp: 1 | 
2026-05-03 20:15:08,608 - INFO     - img2od: 6 | od2fr: 0 | od2lpr: 1000 | od2cap: 0 | fr2kr: 0 | lpr2kr: 1000 | cap2udp: 0 | kr2udp: 1 | 
2026-05-03 20:15:09,609 - INFO     - img2od: 6 | od2fr: 0 | od2lpr: 1000 | od2cap: 0 | fr2kr: 0 | lpr2kr: 1000 | cap2udp: 0 | kr2udp: 1 | 
2026-05-03 20:15:10,610 - INFO     - img2od: 6 | od2fr: 0 | od2lpr: 1000 | od2cap: 0 | fr2kr: 0 | lpr2kr: 1000 | cap2udp: 0 | kr2udp: 1 | 
2026-05-03 20:15:11,611 - INFO     - img2od: 6 | od2fr: 0 | od2lpr: 1000 | od2cap: 0 | fr2kr: 0 | lpr2kr: 1000 | cap2udp: 0 | kr2udp: 1 | 
2026-05-03 20:15:12,612 - INFO     - img2od: 6 | od2fr: 0 | od2lpr: 999 | od2cap: 0 | fr2kr: 0 | lpr2kr: 1000 | cap2udp: 0 | kr2udp: 1 | 
2026-05-03 20:15:13,613 - INFO     - img2od: 6 | od2fr: 0 | od2lpr: 1000 | od2cap: 0 | fr2kr: 0 | lpr2kr: 1000 | cap2udp: 0 | kr2udp: 1 | 
2026-05-03 20:15:14,614 - INFO     - img2od: 6 | od2fr: 0 | od2lpr: 1000 | od2cap: 0 | fr2kr: 0 | lpr2kr: 1000 | cap2udp: 0 | kr2udp: 1 | 
2026-05-03 20:15:15,615 - INFO     - img2od: 6 | od2fr: 0 | od2lpr: 1000 | od2cap: 0 | fr2kr: 0 | lpr2kr: 1000 | cap2udp: 0 | kr2udp: 1 | 
2026-05-03 20:15:16,616 - INFO     - img2od: 6 | od2fr: 0 | od2lpr: 1000 | od2cap: 0 | fr2kr: 0 | lpr2kr: 1000 | cap2udp: 0 | kr2udp: 1 | 
2026-05-03 20:15:17,617 - INFO     - img2od: 6 | od2fr: 0 | od2lpr: 1000 | od2cap: 0 | fr2kr: 0 | lpr2kr: 1000 | cap2udp: 0 | kr2udp: 1 | 
2026-05-03 20:15:18,618 - INFO     - img2od: 6 | od2fr: 0 | od2lpr: 1000 | od2cap: 0 | fr2kr: 0 | lpr2kr: 1000 | cap2udp: 0 | kr2udp: 1 | 
2026-05-03 20:15:19,619 - INFO     - img2od: 6 | od2fr: 0 | od2lpr: 1000 | od2cap: 0 | fr2kr: 0 | lpr2kr: 1000 | cap2udp: 0 | kr2udp: 1 | 
2026-05-03 20:15:20,620 - INFO     - img2od: 6 | od2fr: 0 | od2lpr: 1000 | od2cap: 0 | fr2kr: 0 | lpr2kr: 1000 | cap2udp: 0 | kr2udp: 1 | 
2026-05-03 20:15:21,621 - INFO     - img2od: 6 | od2fr: 0 | od2lpr: 1000 | od2cap: 0 | fr2kr: 0 | lpr2kr: 1000 | cap2udp: 0 | kr2udp: 1 | 
2026-05-03 20:15:22,622 - INFO     - img2od: 6 | od2fr: 0 | od2lpr: 1000 | od2cap: 0 | fr2kr: 0 | lpr2kr: 1000 | cap2udp: 0 | kr2udp: 1 | 
2026-05-03 20:15:23,623 - INFO     - img2od: 6 | od2fr: 0 | od2lpr: 1000 | od2cap: 0 | fr2kr: 0 | lpr2kr: 1000 | cap2udp: 0 | kr2udp: 1 | 
2026-05-03 20:15:24,624 - INFO     - img2od: 6 | od2fr: 0 | od2lpr: 1000 | od2cap: 0 | fr2kr: 0 | lpr2kr: 1000 | cap2udp: 0 | kr2udp: 1 | 
2026-05-03 20:15:25,625 - INFO     - img2od: 6 | od2fr: 0 | od2lpr: 1000 | od2cap: 0 | fr2kr: 0 | lpr2kr: 1000 | cap2udp: 0 | kr2udp: 0 | 
2026-05-03 20:15:26,626 - INFO     - img2od: 6 | od2fr: 0 | od2lpr: 1000 | od2cap: 0 | fr2kr: 0 | lpr2kr: 1000 | cap2udp: 0 | kr2udp: 0 | 
2026-05-03 20:15:27,627 - INFO     - img2od: 6 | od2fr: 0 | od2lpr: 1000 | od2cap: 0 | fr2kr: 0 | lpr2kr: 1000 | cap2udp: 0 | kr2udp: 1 | 
2026-05-03 20:15:28,628 - INFO     - img2od: 6 | od2fr: 0 | od2lpr: 1000 | od2cap: 0 | fr2kr: 0 | lpr2kr: 1000 | cap2udp: 0 | kr2udp: 1 | 
2026-05-03 20:15:29,629 - INFO     - img2od: 6 | od2fr: 0 | od2lpr: 1000 | od2cap: 0 | fr2kr: 0 | lpr2kr: 1000 | cap2udp: 0 | kr2udp: 1 | 
2026-05-03 20:15:30,630 - INFO     - img2od: 6 | od2fr: 0 | od2lpr: 1000 | od2cap: 0 | fr2kr: 0 | lpr2kr: 1000 | cap2udp: 0 | kr2udp: 0 | 
2026-05-03 20:15:31,631 - INFO     - img2od: 6 | od2fr: 0 | od2lpr: 1000 | od2cap: 0 | fr2kr: 0 | lpr2kr: 1000 | cap2udp: 0 | kr2udp: 1 | 
2026-05-03 20:15:32,632 - INFO     - img2od: 6 | od2fr: 0 | od2lpr: 1000 | od2cap: 0 | fr2kr: 0 | lpr2kr: 1000 | cap2udp: 0 | kr2udp: 1 | 
2026-05-03 20:15:33,633 - INFO     - img2od: 6 | od2fr: 0 | od2lpr: 1000 | od2cap: 0 | fr2kr: 0 | lpr2kr: 1000 | cap2udp: 0 | kr2udp: 0 | 
2026-05-03 20:15:34,634 - INFO     - img2od: 6 | od2fr: 0 | od2lpr: 1000 | od2cap: 0 | fr2kr: 0 | lpr2kr: 1000 | cap2udp: 0 | kr2udp: 0 | 
2026-05-03 20:15:35,635 - INFO     - img2od: 6 | od2fr: 0 | od2lpr: 1000 | od2cap: 0 | fr2kr: 0 | lpr2kr: 1000 | cap2udp: 0 | kr2udp: 1 | 
2026-05-03 20:15:36,636 - INFO     - img2od: 6 | od2fr: 0 | od2lpr: 1000 | od2cap: 0 | fr2kr: 0 | lpr2kr: 1000 | cap2udp: 0 | kr2udp: 1 | 
2026-05-03 20:15:37,637 - INFO     - img2od: 6 | od2fr: 0 | od2lpr: 1000 | od2cap: 0 | fr2kr: 0 | lpr2kr: 1000 | cap2udp: 0 | kr2udp: 1 | 
2026-05-03 20:15:38,638 - INFO     - img2od: 6 | od2fr: 0 | od2lpr: 1000 | od2cap: 0 | fr2kr: 0 | lpr2kr: 1000 | cap2udp: 0 | kr2udp: 1 | 
2026-05-03 20:15:39,639 - INFO     - img2od: 6 | od2fr: 0 | od2lpr: 1000 | od2cap: 0 | fr2kr: 0 | lpr2kr: 1000 | cap2udp: 0 | kr2udp: 0 | 
2026-05-03 20:15:40,640 - INFO     - img2od: 6 | od2fr: 0 | od2lpr: 1000 | od2cap: 0 | fr2kr: 0 | lpr2kr: 1000 | cap2udp: 0 | kr2udp: 0 | 
2026-05-03 20:15:41,641 - INFO     - img2od: 6 | od2fr: 0 | od2lpr: 1000 | od2cap: 0 | fr2kr: 0 | lpr2kr: 1000 | cap2udp: 0 | kr2udp: 1 | 
2026-05-03 20:15:42,642 - INFO     - img2od: 6 | od2fr: 0 | od2lpr: 1000 | od2cap: 0 | fr2kr: 0 | lpr2kr: 1000 | cap2udp: 0 | kr2udp: 1 | 
2026-05-03 20:15:43,643 - INFO     - img2od: 6 | od2fr: 0 | od2lpr: 1000 | od2cap: 0 | fr2kr: 0 | lpr2kr: 1000 | cap2udp: 0 | kr2udp: 0 | 
2026-05-03 20:15:44,644 - INFO     - img2od: 6 | od2fr: 0 | od2lpr: 1000 | od2cap: 0 | fr2kr: 0 | lpr2kr: 1000 | cap2udp: 0 | kr2udp: 1 | 
2026-05-03 20:15:45,645 - INFO     - img2od: 6 | od2fr: 0 | od2lpr: 1000 | od2cap: 0 | fr2kr: 0 | lpr2kr: 1000 | cap2udp: 0 | kr2udp: 1 | 
2026-05-03 20:15:46,646 - INFO     - img2od: 6 | od2fr: 0 | od2lpr: 1000 | od2cap: 0 | fr2kr: 0 | lpr2kr: 1000 | cap2udp: 0 | kr2udp: 1 | 
2026-05-03 20:15:47,647 - INFO     - img2od: 6 | od2fr: 0 | od2lpr: 1000 | od2cap: 0 | fr2kr: 0 | lpr2kr: 1000 | cap2udp: 0 | kr2udp: 0 | 
2026-05-03 20:15:48,648 - INFO     - img2od: 6 | od2fr: 0 | od2lpr: 1000 | od2cap: 0 | fr2kr: 0 | lpr2kr: 1000 | cap2udp: 0 | kr2udp: 0 | 
2026-05-03 20:15:49,649 - INFO     - img2od: 6 | od2fr: 0 | od2lpr: 1000 | od2cap: 0 | fr2kr: 0 | lpr2kr: 1000 | cap2udp: 0 | kr2udp: 1 | 
2026-05-03 20:15:50,650 - INFO     - img2od: 6 | od2fr: 0 | od2lpr: 1000 | od2cap: 0 | fr2kr: 0 | lpr2kr: 1000 | cap2udp: 0 | kr2udp: 0 | 
2026-05-03 20:15:51,651 - INFO     - img2od: 6 | od2fr: 0 | od2lpr: 1000 | od2cap: 0 | fr2kr: 0 | lpr2kr: 1000 | cap2udp: 0 | kr2udp: 1 | 
2026-05-03 20:15:52,652 - INFO     - img2od: 6 | od2fr: 0 | od2lpr: 1000 | od2cap: 0 | fr2kr: 0 | lpr2kr: 1000 | cap2udp: 0 | kr2udp: 0 | 
2026-05-03 20:15:53,653 - INFO     - img2od: 6 | od2fr: 0 | od2lpr: 1000 | od2cap: 0 | fr2kr: 0 | lpr2kr: 1000 | cap2udp: 0 | kr2udp: 1 | 
2026-05-03 20:15:54,654 - INFO     - img2od: 6 | od2fr: 0 | od2lpr: 1000 | od2cap: 0 | fr2kr: 0 | lpr2kr: 1000 | cap2udp: 0 | kr2udp: 1 | 
2026-05-03 20:15:55,655 - INFO     - img2od: 6 | od2fr: 0 | od2lpr: 1000 | od2cap: 0 | fr2kr: 0 | lpr2kr: 1000 | cap2udp: 0 | kr2udp: 0 | 
2026-05-03 20:15:56,656 - INFO     - img2od: 6 | od2fr: 0 | od2lpr: 1000 | od2cap: 0 | fr2kr: 0 | lpr2kr: 1000 | cap2udp: 0 | kr2udp: 0 | 
2026-05-03 20:15:57,657 - INFO     - img2od: 6 | od2fr: 0 | od2lpr: 1000 | od2cap: 0 | fr2kr: 0 | lpr2kr: 1000 | cap2udp: 0 | kr2udp: 1 | 
2026-05-03 20:15:58,658 - INFO     - img2od: 6 | od2fr: 0 | od2lpr: 1000 | od2cap: 0 | fr2kr: 0 | lpr2kr: 1000 | cap2udp: 0 | kr2udp: 1 | 
2026-05-03 20:15:59,659 - INFO     - img2od: 6 | od2fr: 0 | od2lpr: 1000 | od2cap: 0 | fr2kr: 0 | lpr2kr: 1000 | cap2udp: 0 | kr2udp: 0 | 
2026-05-03 20:16:00,660 - INFO     - img2od: 6 | od2fr: 0 | od2lpr: 1000 | od2cap: 0 | fr2kr: 0 | lpr2kr: 1000 | cap2udp: 0 | kr2udp: 1 | 
2026-05-03 20:16:01,661 - INFO     - img2od: 6 | od2fr: 0 | od2lpr: 1000 | od2cap: 0 | fr2kr: 0 | lpr2kr: 1000 | cap2udp: 0 | kr2udp: 1 | 
2026-05-03 20:16:02,662 - INFO     - img2od: 6 | od2fr: 0 | od2lpr: 1000 | od2cap: 0 | fr2kr: 0 | lpr2kr: 1000 | cap2udp: 0 | kr2udp: 0 | 
2026-05-03 20:16:03,663 - INFO     - img2od: 6 | od2fr: 0 | od2lpr: 1000 | od2cap: 0 | fr2kr: 0 | lpr2kr: 1000 | cap2udp: 0 | kr2udp: 0 | 
2026-05-03 20:16:04,664 - INFO     - img2od: 6 | od2fr: 0 | od2lpr: 1000 | od2cap: 0 | fr2kr: 0 | lpr2kr: 1000 | cap2udp: 0 | kr2udp: 1 | 
2026-05-03 20:16:05,665 - INFO     - img2od: 6 | od2fr: 0 | od2lpr: 1000 | od2cap: 0 | fr2kr: 0 | lpr2kr: 1000 | cap2udp: 0 | kr2udp: 1 | 
2026-05-03 20:16:06,666 - INFO     - img2od: 6 | od2fr: 0 | od2lpr: 1000 | od2cap: 0 | fr2kr: 0 | lpr2kr: 1000 | cap2udp: 0 | kr2udp: 1 | 
2026-05-03 20:16:07,667 - INFO     - img2od: 6 | od2fr: 0 | od2lpr: 1000 | od2cap: 0 | fr2kr: 0 | lpr2kr: 1000 | cap2udp: 0 | kr2udp: 1 | 
2026-05-03 20:16:08,668 - INFO     - img2od: 6 | od2fr: 0 | od2lpr: 1000 | od2cap: 0 | fr2kr: 0 | lpr2kr: 1000 | cap2udp: 0 | kr2udp: 1 | 
2026-05-03 20:16:09,669 - INFO     - img2od: 6 | od2fr: 0 | od2lpr: 1000 | od2cap: 0 | fr2kr: 0 | lpr2kr: 1000 | cap2udp: 0 | kr2udp: 1 | 
2026-05-03 20:16:10,670 - INFO     - img2od: 6 | od2fr: 0 | od2lpr: 1000 | od2cap: 0 | fr2kr: 0 | lpr2kr: 1000 | cap2udp: 0 | kr2udp: 1 | 
2026-05-03 20:16:11,671 - INFO     - img2od: 6 | od2fr: 0 | od2lpr: 1000 | od2cap: 0 | fr2kr: 0 | lpr2kr: 1000 | cap2udp: 0 | kr2udp: 1 | 
2026-05-03 20:16:12,672 - INFO     - img2od: 6 | od2fr: 0 | od2lpr: 999 | od2cap: 0 | fr2kr: 0 | lpr2kr: 1000 | cap2udp: 0 | kr2udp: 1 | 
2026-05-03 20:16:13,673 - INFO     - img2od: 6 | od2fr: 0 | od2lpr: 1000 | od2cap: 0 | fr2kr: 0 | lpr2kr: 1000 | cap2udp: 0 | kr2udp: 1 | 
2026-05-03 20:16:14,674 - INFO     - img2od: 6 | od2fr: 0 | od2lpr: 1000 | od2cap: 0 | fr2kr: 0 | lpr2kr: 1000 | cap2udp: 0 | kr2udp: 1 | 
2026-05-03 20:16:15,675 - INFO     - img2od: 6 | od2fr: 0 | od2lpr: 1000 | od2cap: 0 | fr2kr: 0 | lpr2kr: 1000 | cap2udp: 0 | kr2udp: 1 | 
2026-05-03 20:16:16,676 - INFO     - img2od: 6 | od2fr: 0 | od2lpr: 1000 | od2cap: 0 | fr2kr: 0 | lpr2kr: 1000 | cap2udp: 0 | kr2udp: 1 | 
2026-05-03 20:16:17,677 - INFO     - img2od: 6 | od2fr: 0 | od2lpr: 1000 | od2cap: 0 | fr2kr: 0 | lpr2kr: 1000 | cap2udp: 0 | kr2udp: 1 | 
2026-05-03 20:16:18,678 - INFO     - img2od: 6 | od2fr: 0 | od2lpr: 1000 | od2cap: 0 | fr2kr: 0 | lpr2kr: 1000 | cap2udp: 0 | kr2udp: 1 | 
2026-05-03 20:16:19,679 - INFO     - img2od: 6 | od2fr: 0 | od2lpr: 1000 | od2cap: 0 | fr2kr: 0 | lpr2kr: 1000 | cap2udp: 0 | kr2udp: 1 | 
2026-05-03 20:16:20,680 - INFO     - img2od: 6 | od2fr: 0 | od2lpr: 1000 | od2cap: 0 | fr2kr: 0 | lpr2kr: 1000 | cap2udp: 0 | kr2udp: 0 | 
2026-05-03 20:16:21,681 - INFO     - img2od: 6 | od2fr: 0 | od2lpr: 1000 | od2cap: 0 | fr2kr: 0 | lpr2kr: 1000 | cap2udp: 0 | kr2udp: 1 | 
2026-05-03 20:16:22,682 - INFO     - img2od: 6 | od2fr: 0 | od2lpr: 1000 | od2cap: 0 | fr2kr: 0 | lpr2kr: 1000 | cap2udp: 0 | kr2udp: 0 | 
2026-05-03 20:16:23,683 - INFO     - img2od: 6 | od2fr: 0 | od2lpr: 999 | od2cap: 0 | fr2kr: 0 | lpr2kr: 1000 | cap2udp: 0 | kr2udp: 1 | 
2026-05-03 20:16:24,684 - INFO     - img2od: 6 | od2fr: 0 | od2lpr: 1000 | od2cap: 0 | fr2kr: 0 | lpr2kr: 1000 | cap2udp: 0 | kr2udp: 1 | 
2026-05-03 20:16:25,685 - INFO     - img2od: 6 | od2fr: 0 | od2lpr: 1000 | od2cap: 0 | fr2kr: 0 | lpr2kr: 1000 | cap2udp: 0 | kr2udp: 1 | 
2026-05-03 20:16:26,686 - INFO     - img2od: 6 | od2fr: 0 | od2lpr: 1000 | od2cap: 0 | fr2kr: 0 | lpr2kr: 1000 | cap2udp: 0 | kr2udp: 1 | 
2026-05-03 20:16:27,687 - INFO     - img2od: 6 | od2fr: 0 | od2lpr: 1000 | od2cap: 0 | fr2kr: 0 | lpr2kr: 1000 | cap2udp: 0 | kr2udp: 1 | 
2026-05-03 20:16:28,688 - INFO     - img2od: 6 | od2fr: 0 | od2lpr: 1000 | od2cap: 0 | fr2kr: 0 | lpr2kr: 1000 | cap2udp: 0 | kr2udp: 1 | 
2026-05-03 20:16:29,689 - INFO     - img2od: 6 | od2fr: 0 | od2lpr: 1000 | od2cap: 0 | fr2kr: 0 | lpr2kr: 1000 | cap2udp: 0 | kr2udp: 1 | 
2026-05-03 20:16:30,690 - INFO     - img2od: 6 | od2fr: 0 | od2lpr: 1000 | od2cap: 0 | fr2kr: 0 | lpr2kr: 1000 | cap2udp: 0 | kr2udp: 0 | 
2026-05-03 20:16:31,691 - INFO     - img2od: 6 | od2fr: 0 | od2lpr: 1000 | od2cap: 0 | fr2kr: 0 | lpr2kr: 1000 | cap2udp: 0 | kr2udp: 1 | 
2026-05-03 20:16:32,692 - INFO     - img2od: 6 | od2fr: 0 | od2lpr: 1000 | od2cap: 0 | fr2kr: 0 | lpr2kr: 1000 | cap2udp: 0 | kr2udp: 1 | 
2026-05-03 20:16:33,693 - INFO     - img2od: 6 | od2fr: 0 | od2lpr: 1000 | od2cap: 0 | fr2kr: 0 | lpr2kr: 999 | cap2udp: 0 | kr2udp: 1 | 
2026-05-03 20:16:34,694 - INFO     - img2od: 6 | od2fr: 0 | od2lpr: 1000 | od2cap: 0 | fr2kr: 0 | lpr2kr: 1000 | cap2udp: 0 | kr2udp: 1 | 
2026-05-03 20:16:35,695 - INFO     - img2od: 6 | od2fr: 0 | od2lpr: 1000 | od2cap: 0 | fr2kr: 0 | lpr2kr: 1000 | cap2udp: 0 | kr2udp: 1 | 
2026-05-03 20:16:36,696 - INFO     - img2od: 6 | od2fr: 0 | od2lpr: 1000 | od2cap: 0 | fr2kr: 0 | lpr2kr: 1000 | cap2udp: 0 | kr2udp: 1 | 
2026-05-03 20:16:37,697 - INFO     - img2od: 6 | od2fr: 0 | od2lpr: 1000 | od2cap: 0 | fr2kr: 0 | lpr2kr: 1000 | cap2udp: 0 | kr2udp: 1 | 
2026-05-03 20:16:38,698 - INFO     - img2od: 6 | od2fr: 0 | od2lpr: 1000 | od2cap: 0 | fr2kr: 0 | lpr2kr: 1000 | cap2udp: 0 | kr2udp: 0 | 
2026-05-03 20:16:39,699 - INFO     - img2od: 6 | od2fr: 0 | od2lpr: 1000 | od2cap: 0 | fr2kr: 0 | lpr2kr: 1000 | cap2udp: 0 | kr2udp: 1 | 
2026-05-03 20:16:40,700 - INFO     - img2od: 6 | od2fr: 0 | od2lpr: 1000 | od2cap: 0 | fr2kr: 0 | lpr2kr: 1000 | cap2udp: 0 | kr2udp: 1 | 
2026-05-03 20:16:41,701 - INFO     - img2od: 6 | od2fr: 0 | od2lpr: 1000 | od2cap: 0 | fr2kr: 0 | lpr2kr: 1000 | cap2udp: 0 | kr2udp: 1 | 
2026-05-03 20:16:42,702 - INFO     - img2od: 6 | od2fr: 0 | od2lpr: 1000 | od2cap: 0 | fr2kr: 0 | lpr2kr: 1000 | cap2udp: 0 | kr2udp: 1 | 
2026-05-03 20:16:43,703 - INFO     - img2od: 6 | od2fr: 0 | od2lpr: 1000 | od2cap: 0 | fr2kr: 0 | lpr2kr: 1000 | cap2udp: 0 | kr2udp: 0 | 
2026-05-03 20:16:44,704 - INFO     - img2od: 6 | od2fr: 0 | od2lpr: 1000 | od2cap: 0 | fr2kr: 0 | lpr2kr: 1000 | cap2udp: 0 | kr2udp: 1 | 
2026-05-03 20:16:45,705 - INFO     - img2od: 6 | od2fr: 0 | od2lpr: 1000 | od2cap: 0 | fr2kr: 0 | lpr2kr: 1000 | cap2udp: 0 | kr2udp: 1 | 
2026-05-03 20:16:46,706 - INFO     - img2od: 6 | od2fr: 0 | od2lpr: 1000 | od2cap: 0 | fr2kr: 0 | lpr2kr: 1000 | cap2udp: 0 | kr2udp: 0 | 
2026-05-03 20:16:47,707 - INFO     - img2od: 6 | od2fr: 0 | od2lpr: 1000 | od2cap: 0 | fr2kr: 0 | lpr2kr: 1000 | cap2udp: 0 | kr2udp: 1 | 
2026-05-03 20:16:48,708 - INFO     - img2od: 6 | od2fr: 0 | od2lpr: 1000 | od2cap: 0 | fr2kr: 0 | lpr2kr: 1000 | cap2udp: 0 | kr2udp: 0 | 
2026-05-03 20:16:49,709 - INFO     - img2od: 6 | od2fr: 0 | od2lpr: 1000 | od2cap: 0 | fr2kr: 0 | lpr2kr: 1000 | cap2udp: 0 | kr2udp: 1 | 
2026-05-03 20:16:50,710 - INFO     - img2od: 6 | od2fr: 0 | od2lpr: 1000 | od2cap: 0 | fr2kr: 0 | lpr2kr: 1000 | cap2udp: 0 | kr2udp: 1 | 
2026-05-03 20:16:51,711 - INFO     - img2od: 6 | od2fr: 0 | od2lpr: 1000 | od2cap: 0 | fr2kr: 0 | lpr2kr: 1000 | cap2udp: 0 | kr2udp: 1 | 
2026-05-03 20:16:52,712 - INFO     - img2od: 6 | od2fr: 0 | od2lpr: 1000 | od2cap: 0 | fr2kr: 0 | lpr2kr: 1000 | cap2udp: 0 | kr2udp: 1 | 
2026-05-03 20:16:53,713 - INFO     - img2od: 6 | od2fr: 0 | od2lpr: 1000 | od2cap: 0 | fr2kr: 0 | lpr2kr: 1000 | cap2udp: 0 | kr2udp: 1 | 
2026-05-03 20:16:54,714 - INFO     - img2od: 6 | od2fr: 0 | od2lpr: 1000 | od2cap: 0 | fr2kr: 0 | lpr2kr: 1000 | cap2udp: 0 | kr2udp: 1 | 
2026-05-03 20:16:55,715 - INFO     - img2od: 6 | od2fr: 0 | od2lpr: 1000 | od2cap: 0 | fr2kr: 0 | lpr2kr: 1000 | cap2udp: 0 | kr2udp: 1 | 
2026-05-03 20:16:56,716 - INFO     - img2od: 6 | od2fr: 0 | od2lpr: 1000 | od2cap: 0 | fr2kr: 0 | lpr2kr: 1000 | cap2udp: 0 | kr2udp: 1 | 
2026-05-03 20:16:57,717 - INFO     - img2od: 6 | od2fr: 0 | od2lpr: 1000 | od2cap: 0 | fr2kr: 0 | lpr2kr: 1000 | cap2udp: 0 | kr2udp: 1 | 
2026-05-03 20:16:58,718 - INFO     - img2od: 6 | od2fr: 0 | od2lpr: 1000 | od2cap: 0 | fr2kr: 0 | lpr2kr: 1000 | cap2udp: 0 | kr2udp: 1 | 
2026-05-03 20:16:59,719 - INFO     - img2od: 6 | od2fr: 0 | od2lpr: 1000 | od2cap: 0 | fr2kr: 0 | lpr2kr: 1000 | cap2udp: 0 | kr2udp: 1 | 
2026-05-03 20:17:00,720 - INFO     - img2od: 6 | od2fr: 0 | od2lpr: 1000 | od2cap: 0 | fr2kr: 0 | lpr2kr: 1000 | cap2udp: 0 | kr2udp: 1 | 
2026-05-03 20:17:01,721 - INFO     - img2od: 4 | od2fr: 6 | od2lpr: 999 | od2cap: 0 | fr2kr: 2 | lpr2kr: 1000 | cap2udp: 1 | kr2udp: 1 | 
2026-05-03 20:17:02,525 - INFO     - odStream     : Received END signal, shutting down
2026-05-03 20:17:02,529 - INFO     - capStream    : Received END signal, shutting down
2026-05-03 20:17:02,693 - INFO     - udpStream    : Received end signal from CAP
2026-05-03 20:17:02,722 - INFO     - img2od: 0 | od2fr: 53 | od2lpr: 998 | od2cap: 0 | fr2kr: 5 | lpr2kr: 1000 | cap2udp: 0 | kr2udp: 0 | 
2026-05-03 20:17:02,844 - INFO     - odStream     : shutdown successful
2026-05-03 20:17:03,179 - INFO     - capStream    : shutdown successful
2026-05-03 20:17:03,723 - INFO     - img2od: 0 | od2fr: 48 | od2lpr: 996 | od2cap: 0 | fr2kr: 8 | lpr2kr: 1000 | cap2udp: 0 | kr2udp: 0 | 
2026-05-03 20:17:04,724 - INFO     - img2od: 0 | od2fr: 43 | od2lpr: 994 | od2cap: 0 | fr2kr: 11 | lpr2kr: 1000 | cap2udp: 0 | kr2udp: 0 | 
2026-05-03 20:17:05,725 - INFO     - img2od: 0 | od2fr: 37 | od2lpr: 992 | od2cap: 0 | fr2kr: 14 | lpr2kr: 1000 | cap2udp: 0 | kr2udp: 0 | 
2026-05-03 20:17:06,726 - INFO     - img2od: 0 | od2fr: 33 | od2lpr: 990 | od2cap: 0 | fr2kr: 17 | lpr2kr: 1000 | cap2udp: 0 | kr2udp: 1 | 
2026-05-03 20:17:07,727 - INFO     - img2od: 0 | od2fr: 27 | od2lpr: 988 | od2cap: 0 | fr2kr: 20 | lpr2kr: 1000 | cap2udp: 0 | kr2udp: 1 | 
2026-05-03 20:17:08,728 - INFO     - img2od: 0 | od2fr: 22 | od2lpr: 986 | od2cap: 0 | fr2kr: 23 | lpr2kr: 1000 | cap2udp: 0 | kr2udp: 1 | 
2026-05-03 20:17:09,729 - INFO     - img2od: 0 | od2fr: 17 | od2lpr: 984 | od2cap: 0 | fr2kr: 26 | lpr2kr: 1000 | cap2udp: 0 | kr2udp: 0 | 
2026-05-03 20:17:10,730 - INFO     - img2od: 0 | od2fr: 11 | od2lpr: 982 | od2cap: 0 | fr2kr: 30 | lpr2kr: 1000 | cap2udp: 0 | kr2udp: 1 | 
2026-05-03 20:17:11,731 - INFO     - img2od: 0 | od2fr: 4 | od2lpr: 980 | od2cap: 0 | fr2kr: 34 | lpr2kr: 1000 | cap2udp: 0 | kr2udp: 1 | 
2026-05-03 20:17:12,449 - INFO     - frStream     : Received END signal, shutting down
2026-05-03 20:17:12,687 - INFO     - frStream     : shutdown successful
2026-05-03 20:17:12,732 - INFO     - img2od: 0 | od2fr: 0 | od2lpr: 978 | od2cap: 0 | fr2kr: 37 | lpr2kr: 1000 | cap2udp: 0 | kr2udp: 0 | 
2026-05-03 20:17:13,733 - INFO     - img2od: 0 | od2fr: 0 | od2lpr: 976 | od2cap: 0 | fr2kr: 35 | lpr2kr: 1000 | cap2udp: 0 | kr2udp: 0 | 
2026-05-03 20:17:14,734 - INFO     - img2od: 0 | od2fr: 0 | od2lpr: 973 | od2cap: 0 | fr2kr: 33 | lpr2kr: 1000 | cap2udp: 0 | kr2udp: 1 | 
2026-05-03 20:17:15,735 - INFO     - img2od: 0 | od2fr: 0 | od2lpr: 971 | od2cap: 0 | fr2kr: 31 | lpr2kr: 1000 | cap2udp: 0 | kr2udp: 1 | 
2026-05-03 20:17:16,736 - INFO     - img2od: 0 | od2fr: 0 | od2lpr: 969 | od2cap: 0 | fr2kr: 29 | lpr2kr: 1000 | cap2udp: 0 | kr2udp: 0 | 
2026-05-03 20:17:17,737 - INFO     - img2od: 0 | od2fr: 0 | od2lpr: 967 | od2cap: 0 | fr2kr: 27 | lpr2kr: 1000 | cap2udp: 0 | kr2udp: 1 | 
2026-05-03 20:17:18,738 - INFO     - img2od: 0 | od2fr: 0 | od2lpr: 965 | od2cap: 0 | fr2kr: 24 | lpr2kr: 1000 | cap2udp: 0 | kr2udp: 1 | 
2026-05-03 20:17:19,739 - INFO     - img2od: 0 | od2fr: 0 | od2lpr: 962 | od2cap: 0 | fr2kr: 22 | lpr2kr: 1000 | cap2udp: 0 | kr2udp: 1 | 
2026-05-03 20:17:20,740 - INFO     - img2od: 0 | od2fr: 0 | od2lpr: 960 | od2cap: 0 | fr2kr: 20 | lpr2kr: 1000 | cap2udp: 0 | kr2udp: 0 | 
2026-05-03 20:17:21,741 - INFO     - img2od: 0 | od2fr: 0 | od2lpr: 958 | od2cap: 0 | fr2kr: 18 | lpr2kr: 1000 | cap2udp: 0 | kr2udp: 1 | 
2026-05-03 20:17:22,742 - INFO     - img2od: 0 | od2fr: 0 | od2lpr: 956 | od2cap: 0 | fr2kr: 16 | lpr2kr: 1000 | cap2udp: 0 | kr2udp: 1 | 
2026-05-03 20:17:23,743 - INFO     - img2od: 0 | od2fr: 0 | od2lpr: 954 | od2cap: 0 | fr2kr: 14 | lpr2kr: 1000 | cap2udp: 0 | kr2udp: 1 | 
2026-05-03 20:17:24,744 - INFO     - img2od: 0 | od2fr: 0 | od2lpr: 952 | od2cap: 0 | fr2kr: 12 | lpr2kr: 1000 | cap2udp: 0 | kr2udp: 1 | 
2026-05-03 20:17:25,745 - INFO     - img2od: 0 | od2fr: 0 | od2lpr: 950 | od2cap: 0 | fr2kr: 10 | lpr2kr: 1000 | cap2udp: 0 | kr2udp: 1 | 
2026-05-03 20:17:26,746 - INFO     - img2od: 0 | od2fr: 0 | od2lpr: 948 | od2cap: 0 | fr2kr: 7 | lpr2kr: 1000 | cap2udp: 0 | kr2udp: 0 | 
2026-05-03 20:17:27,747 - INFO     - img2od: 0 | od2fr: 0 | od2lpr: 946 | od2cap: 0 | fr2kr: 5 | lpr2kr: 1000 | cap2udp: 0 | kr2udp: 0 | 
2026-05-03 20:17:28,748 - INFO     - img2od: 0 | od2fr: 0 | od2lpr: 944 | od2cap: 0 | fr2kr: 3 | lpr2kr: 1000 | cap2udp: 0 | kr2udp: 0 | 
2026-05-03 20:17:29,749 - INFO     - img2od: 0 | od2fr: 0 | od2lpr: 942 | od2cap: 0 | fr2kr: 1 | lpr2kr: 1000 | cap2udp: 0 | kr2udp: 0 | 
2026-05-03 20:17:30,165 - INFO     - krStream     : Received end signal from FR
2026-05-03 20:17:30,750 - INFO     - img2od: 0 | od2fr: 0 | od2lpr: 939 | od2cap: 0 | fr2kr: 0 | lpr2kr: 1000 | cap2udp: 0 | kr2udp: 1 | 
2026-05-03 20:17:31,751 - INFO     - img2od: 0 | od2fr: 0 | od2lpr: 936 | od2cap: 0 | fr2kr: 0 | lpr2kr: 1000 | cap2udp: 0 | kr2udp: 1 | 
2026-05-03 20:17:32,752 - INFO     - img2od: 0 | od2fr: 0 | od2lpr: 932 | od2cap: 0 | fr2kr: 0 | lpr2kr: 1000 | cap2udp: 0 | kr2udp: 1 | 
2026-05-03 20:17:33,753 - INFO     - img2od: 0 | od2fr: 0 | od2lpr: 930 | od2cap: 0 | fr2kr: 0 | lpr2kr: 999 | cap2udp: 0 | kr2udp: 1 | 
2026-05-03 20:17:34,754 - INFO     - img2od: 0 | od2fr: 0 | od2lpr: 926 | od2cap: 0 | fr2kr: 0 | lpr2kr: 1000 | cap2udp: 0 | kr2udp: 1 | 
2026-05-03 20:17:35,755 - INFO     - img2od: 0 | od2fr: 0 | od2lpr: 924 | od2cap: 0 | fr2kr: 0 | lpr2kr: 999 | cap2udp: 0 | kr2udp: 1 | 
2026-05-03 20:17:36,756 - INFO     - img2od: 0 | od2fr: 0 | od2lpr: 920 | od2cap: 0 | fr2kr: 0 | lpr2kr: 1000 | cap2udp: 0 | kr2udp: 1 | 
2026-05-03 20:17:37,757 - INFO     - img2od: 0 | od2fr: 0 | od2lpr: 918 | od2cap: 0 | fr2kr: 0 | lpr2kr: 1000 | cap2udp: 0 | kr2udp: 1 | 
2026-05-03 20:17:38,758 - INFO     - img2od: 0 | od2fr: 0 | od2lpr: 915 | od2cap: 0 | fr2kr: 0 | lpr2kr: 1000 | cap2udp: 0 | kr2udp: 2 | 
2026-05-03 20:17:39,759 - INFO     - img2od: 0 | od2fr: 0 | od2lpr: 912 | od2cap: 0 | fr2kr: 0 | lpr2kr: 1000 | cap2udp: 0 | kr2udp: 1 | 
2026-05-03 20:17:40,760 - INFO     - img2od: 0 | od2fr: 0 | od2lpr: 909 | od2cap: 0 | fr2kr: 0 | lpr2kr: 1000 | cap2udp: 0 | kr2udp: 1 | 
2026-05-03 20:17:41,761 - INFO     - img2od: 0 | od2fr: 0 | od2lpr: 907 | od2cap: 0 | fr2kr: 0 | lpr2kr: 1000 | cap2udp: 0 | kr2udp: 1 | 
2026-05-03 20:17:42,762 - INFO     - img2od: 0 | od2fr: 0 | od2lpr: 904 | od2cap: 0 | fr2kr: 0 | lpr2kr: 1000 | cap2udp: 0 | kr2udp: 1 | 
2026-05-03 20:17:43,763 - INFO     - img2od: 0 | od2fr: 0 | od2lpr: 901 | od2cap: 0 | fr2kr: 0 | lpr2kr: 1000 | cap2udp: 0 | kr2udp: 1 | 
2026-05-03 20:17:44,764 - INFO     - img2od: 0 | od2fr: 0 | od2lpr: 898 | od2cap: 0 | fr2kr: 0 | lpr2kr: 1000 | cap2udp: 0 | kr2udp: 0 | 
2026-05-03 20:17:45,765 - INFO     - img2od: 0 | od2fr: 0 | od2lpr: 895 | od2cap: 0 | fr2kr: 0 | lpr2kr: 1000 | cap2udp: 0 | kr2udp: 1 | 
2026-05-03 20:17:46,766 - INFO     - img2od: 0 | od2fr: 0 | od2lpr: 892 | od2cap: 0 | fr2kr: 0 | lpr2kr: 1000 | cap2udp: 0 | kr2udp: 1 | 
2026-05-03 20:17:47,767 - INFO     - img2od: 0 | od2fr: 0 | od2lpr: 889 | od2cap: 0 | fr2kr: 0 | lpr2kr: 1000 | cap2udp: 0 | kr2udp: 1 | 
2026-05-03 20:17:48,768 - INFO     - img2od: 0 | od2fr: 0 | od2lpr: 885 | od2cap: 0 | fr2kr: 0 | lpr2kr: 1000 | cap2udp: 0 | kr2udp: 1 | 
2026-05-03 20:17:49,769 - INFO     - img2od: 0 | od2fr: 0 | od2lpr: 882 | od2cap: 0 | fr2kr: 0 | lpr2kr: 1000 | cap2udp: 0 | kr2udp: 0 | 
2026-05-03 20:17:50,770 - INFO     - img2od: 0 | od2fr: 0 | od2lpr: 879 | od2cap: 0 | fr2kr: 0 | lpr2kr: 1000 | cap2udp: 0 | kr2udp: 1 | 
2026-05-03 20:17:51,771 - INFO     - img2od: 0 | od2fr: 0 | od2lpr: 876 | od2cap: 0 | fr2kr: 0 | lpr2kr: 1000 | cap2udp: 0 | kr2udp: 1 | 
2026-05-03 20:17:52,772 - INFO     - img2od: 0 | od2fr: 0 | od2lpr: 872 | od2cap: 0 | fr2kr: 0 | lpr2kr: 1000 | cap2udp: 0 | kr2udp: 1 | 
2026-05-03 20:17:53,773 - INFO     - img2od: 0 | od2fr: 0 | od2lpr: 868 | od2cap: 0 | fr2kr: 0 | lpr2kr: 1000 | cap2udp: 0 | kr2udp: 2 | 
2026-05-03 20:17:54,774 - INFO     - img2od: 0 | od2fr: 0 | od2lpr: 864 | od2cap: 0 | fr2kr: 0 | lpr2kr: 1000 | cap2udp: 0 | kr2udp: 1 | 
2026-05-03 20:17:55,775 - INFO     - img2od: 0 | od2fr: 0 | od2lpr: 860 | od2cap: 0 | fr2kr: 0 | lpr2kr: 1000 | cap2udp: 0 | kr2udp: 1 | 
2026-05-03 20:17:56,776 - INFO     - img2od: 0 | od2fr: 0 | od2lpr: 856 | od2cap: 0 | fr2kr: 0 | lpr2kr: 1000 | cap2udp: 0 | kr2udp: 1 | 
2026-05-03 20:17:57,777 - INFO     - img2od: 0 | od2fr: 0 | od2lpr: 852 | od2cap: 0 | fr2kr: 0 | lpr2kr: 1000 | cap2udp: 0 | kr2udp: 1 | 
2026-05-03 20:17:58,778 - INFO     - img2od: 0 | od2fr: 0 | od2lpr: 848 | od2cap: 0 | fr2kr: 0 | lpr2kr: 1000 | cap2udp: 0 | kr2udp: 0 | 
2026-05-03 20:17:59,779 - INFO     - img2od: 0 | od2fr: 0 | od2lpr: 844 | od2cap: 0 | fr2kr: 0 | lpr2kr: 1000 | cap2udp: 0 | kr2udp: 1 | 
2026-05-03 20:18:00,780 - INFO     - img2od: 0 | od2fr: 0 | od2lpr: 840 | od2cap: 0 | fr2kr: 0 | lpr2kr: 1000 | cap2udp: 0 | kr2udp: 0 | 
2026-05-03 20:18:01,781 - INFO     - img2od: 0 | od2fr: 0 | od2lpr: 837 | od2cap: 0 | fr2kr: 0 | lpr2kr: 1000 | cap2udp: 0 | kr2udp: 0 | 
2026-05-03 20:18:02,782 - INFO     - img2od: 0 | od2fr: 0 | od2lpr: 834 | od2cap: 0 | fr2kr: 0 | lpr2kr: 1000 | cap2udp: 0 | kr2udp: 2 | 
2026-05-03 20:18:03,783 - INFO     - img2od: 0 | od2fr: 0 | od2lpr: 830 | od2cap: 0 | fr2kr: 0 | lpr2kr: 1000 | cap2udp: 0 | kr2udp: 1 | 
2026-05-03 20:18:04,784 - INFO     - img2od: 0 | od2fr: 0 | od2lpr: 826 | od2cap: 0 | fr2kr: 0 | lpr2kr: 1000 | cap2udp: 0 | kr2udp: 1 | 
2026-05-03 20:18:05,785 - INFO     - img2od: 0 | od2fr: 0 | od2lpr: 824 | od2cap: 0 | fr2kr: 0 | lpr2kr: 1000 | cap2udp: 0 | kr2udp: 1 | 
2026-05-03 20:18:06,786 - INFO     - img2od: 0 | od2fr: 0 | od2lpr: 820 | od2cap: 0 | fr2kr: 0 | lpr2kr: 1000 | cap2udp: 0 | kr2udp: 1 | 
2026-05-03 20:18:07,787 - INFO     - img2od: 0 | od2fr: 0 | od2lpr: 817 | od2cap: 0 | fr2kr: 0 | lpr2kr: 1000 | cap2udp: 0 | kr2udp: 1 | 
2026-05-03 20:18:08,788 - INFO     - img2od: 0 | od2fr: 0 | od2lpr: 814 | od2cap: 0 | fr2kr: 0 | lpr2kr: 1000 | cap2udp: 0 | kr2udp: 1 | 
2026-05-03 20:18:09,789 - INFO     - img2od: 0 | od2fr: 0 | od2lpr: 811 | od2cap: 0 | fr2kr: 0 | lpr2kr: 1000 | cap2udp: 0 | kr2udp: 1 | 
2026-05-03 20:18:10,790 - INFO     - img2od: 0 | od2fr: 0 | od2lpr: 807 | od2cap: 0 | fr2kr: 0 | lpr2kr: 1000 | cap2udp: 0 | kr2udp: 1 | 
2026-05-03 20:18:11,791 - INFO     - img2od: 0 | od2fr: 0 | od2lpr: 805 | od2cap: 0 | fr2kr: 0 | lpr2kr: 1000 | cap2udp: 0 | kr2udp: 1 | 
2026-05-03 20:18:12,792 - INFO     - img2od: 0 | od2fr: 0 | od2lpr: 802 | od2cap: 0 | fr2kr: 0 | lpr2kr: 1000 | cap2udp: 0 | kr2udp: 1 | 
2026-05-03 20:18:13,793 - INFO     - img2od: 0 | od2fr: 0 | od2lpr: 799 | od2cap: 0 | fr2kr: 0 | lpr2kr: 1000 | cap2udp: 0 | kr2udp: 0 | 
2026-05-03 20:18:14,794 - INFO     - img2od: 0 | od2fr: 0 | od2lpr: 796 | od2cap: 0 | fr2kr: 0 | lpr2kr: 1000 | cap2udp: 0 | kr2udp: 1 | 
2026-05-03 20:18:15,795 - INFO     - img2od: 0 | od2fr: 0 | od2lpr: 793 | od2cap: 0 | fr2kr: 0 | lpr2kr: 1000 | cap2udp: 0 | kr2udp: 1 | 
2026-05-03 20:18:16,796 - INFO     - img2od: 0 | od2fr: 0 | od2lpr: 790 | od2cap: 0 | fr2kr: 0 | lpr2kr: 1000 | cap2udp: 0 | kr2udp: 1 | 
2026-05-03 20:18:17,797 - INFO     - img2od: 0 | od2fr: 0 | od2lpr: 787 | od2cap: 0 | fr2kr: 0 | lpr2kr: 1000 | cap2udp: 0 | kr2udp: 0 | 
2026-05-03 20:18:18,798 - INFO     - img2od: 0 | od2fr: 0 | od2lpr: 784 | od2cap: 0 | fr2kr: 0 | lpr2kr: 1000 | cap2udp: 0 | kr2udp: 1 | 
2026-05-03 20:18:19,799 - INFO     - img2od: 0 | od2fr: 0 | od2lpr: 781 | od2cap: 0 | fr2kr: 0 | lpr2kr: 1000 | cap2udp: 0 | kr2udp: 1 | 
2026-05-03 20:18:20,800 - INFO     - img2od: 0 | od2fr: 0 | od2lpr: 777 | od2cap: 0 | fr2kr: 0 | lpr2kr: 1000 | cap2udp: 0 | kr2udp: 1 | 
2026-05-03 20:18:21,801 - INFO     - img2od: 0 | od2fr: 0 | od2lpr: 773 | od2cap: 0 | fr2kr: 0 | lpr2kr: 1000 | cap2udp: 0 | kr2udp: 2 | 
2026-05-03 20:18:22,802 - INFO     - img2od: 0 | od2fr: 0 | od2lpr: 769 | od2cap: 0 | fr2kr: 0 | lpr2kr: 1000 | cap2udp: 0 | kr2udp: 0 | 
2026-05-03 20:18:23,803 - INFO     - img2od: 0 | od2fr: 0 | od2lpr: 766 | od2cap: 0 | fr2kr: 0 | lpr2kr: 1000 | cap2udp: 0 | kr2udp: 0 | 
2026-05-03 20:18:24,804 - INFO     - img2od: 0 | od2fr: 0 | od2lpr: 763 | od2cap: 0 | fr2kr: 0 | lpr2kr: 1000 | cap2udp: 0 | kr2udp: 1 | 
2026-05-03 20:18:25,805 - INFO     - img2od: 0 | od2fr: 0 | od2lpr: 760 | od2cap: 0 | fr2kr: 0 | lpr2kr: 1000 | cap2udp: 0 | kr2udp: 0 | 
2026-05-03 20:18:26,806 - INFO     - img2od: 0 | od2fr: 0 | od2lpr: 757 | od2cap: 0 | fr2kr: 0 | lpr2kr: 1000 | cap2udp: 0 | kr2udp: 1 | 
2026-05-03 20:18:27,807 - INFO     - img2od: 0 | od2fr: 0 | od2lpr: 754 | od2cap: 0 | fr2kr: 0 | lpr2kr: 1000 | cap2udp: 0 | kr2udp: 1 | 
2026-05-03 20:18:28,808 - INFO     - img2od: 0 | od2fr: 0 | od2lpr: 750 | od2cap: 0 | fr2kr: 0 | lpr2kr: 1000 | cap2udp: 0 | kr2udp: 1 | 
2026-05-03 20:18:29,809 - INFO     - img2od: 0 | od2fr: 0 | od2lpr: 747 | od2cap: 0 | fr2kr: 0 | lpr2kr: 1000 | cap2udp: 0 | kr2udp: 1 | 
2026-05-03 20:18:30,810 - INFO     - img2od: 0 | od2fr: 0 | od2lpr: 743 | od2cap: 0 | fr2kr: 0 | lpr2kr: 1000 | cap2udp: 0 | kr2udp: 0 | 
2026-05-03 20:18:31,811 - INFO     - img2od: 0 | od2fr: 0 | od2lpr: 740 | od2cap: 0 | fr2kr: 0 | lpr2kr: 1000 | cap2udp: 0 | kr2udp: 0 | 
2026-05-03 20:18:32,812 - INFO     - img2od: 0 | od2fr: 0 | od2lpr: 737 | od2cap: 0 | fr2kr: 0 | lpr2kr: 1000 | cap2udp: 0 | kr2udp: 1 | 
2026-05-03 20:18:33,813 - INFO     - img2od: 0 | od2fr: 0 | od2lpr: 734 | od2cap: 0 | fr2kr: 0 | lpr2kr: 1000 | cap2udp: 0 | kr2udp: 1 | 
2026-05-03 20:18:34,814 - INFO     - img2od: 0 | od2fr: 0 | od2lpr: 731 | od2cap: 0 | fr2kr: 0 | lpr2kr: 1000 | cap2udp: 0 | kr2udp: 1 | 
2026-05-03 20:18:35,815 - INFO     - img2od: 0 | od2fr: 0 | od2lpr: 728 | od2cap: 0 | fr2kr: 0 | lpr2kr: 1000 | cap2udp: 0 | kr2udp: 1 | 
2026-05-03 20:18:36,816 - INFO     - img2od: 0 | od2fr: 0 | od2lpr: 724 | od2cap: 0 | fr2kr: 0 | lpr2kr: 1000 | cap2udp: 0 | kr2udp: 0 | 
2026-05-03 20:18:37,817 - INFO     - img2od: 0 | od2fr: 0 | od2lpr: 721 | od2cap: 0 | fr2kr: 0 | lpr2kr: 1000 | cap2udp: 0 | kr2udp: 1 | 
2026-05-03 20:18:38,818 - INFO     - img2od: 0 | od2fr: 0 | od2lpr: 717 | od2cap: 0 | fr2kr: 0 | lpr2kr: 1000 | cap2udp: 0 | kr2udp: 0 | 
2026-05-03 20:18:39,819 - INFO     - img2od: 0 | od2fr: 0 | od2lpr: 714 | od2cap: 0 | fr2kr: 0 | lpr2kr: 1000 | cap2udp: 0 | kr2udp: 2 | 
2026-05-03 20:18:40,820 - INFO     - img2od: 0 | od2fr: 0 | od2lpr: 711 | od2cap: 0 | fr2kr: 0 | lpr2kr: 1000 | cap2udp: 0 | kr2udp: 1 | 
2026-05-03 20:18:41,821 - INFO     - img2od: 0 | od2fr: 0 | od2lpr: 708 | od2cap: 0 | fr2kr: 0 | lpr2kr: 1000 | cap2udp: 0 | kr2udp: 1 | 
2026-05-03 20:18:42,822 - INFO     - img2od: 0 | od2fr: 0 | od2lpr: 705 | od2cap: 0 | fr2kr: 0 | lpr2kr: 1000 | cap2udp: 0 | kr2udp: 1 | 
2026-05-03 20:18:43,823 - INFO     - img2od: 0 | od2fr: 0 | od2lpr: 701 | od2cap: 0 | fr2kr: 0 | lpr2kr: 1000 | cap2udp: 0 | kr2udp: 1 | 
2026-05-03 20:18:44,824 - INFO     - img2od: 0 | od2fr: 0 | od2lpr: 699 | od2cap: 0 | fr2kr: 0 | lpr2kr: 1000 | cap2udp: 0 | kr2udp: 1 | 
2026-05-03 20:18:45,825 - INFO     - img2od: 0 | od2fr: 0 | od2lpr: 696 | od2cap: 0 | fr2kr: 0 | lpr2kr: 1000 | cap2udp: 0 | kr2udp: 1 | 
2026-05-03 20:18:46,826 - INFO     - img2od: 0 | od2fr: 0 | od2lpr: 692 | od2cap: 0 | fr2kr: 0 | lpr2kr: 1000 | cap2udp: 0 | kr2udp: 1 | 
2026-05-03 20:18:47,827 - INFO     - img2od: 0 | od2fr: 0 | od2lpr: 689 | od2cap: 0 | fr2kr: 0 | lpr2kr: 1000 | cap2udp: 0 | kr2udp: 1 | 
2026-05-03 20:18:48,828 - INFO     - img2od: 0 | od2fr: 0 | od2lpr: 687 | od2cap: 0 | fr2kr: 0 | lpr2kr: 1000 | cap2udp: 0 | kr2udp: 1 | 
2026-05-03 20:18:49,829 - INFO     - img2od: 0 | od2fr: 0 | od2lpr: 684 | od2cap: 0 | fr2kr: 0 | lpr2kr: 1000 | cap2udp: 0 | kr2udp: 1 | 
2026-05-03 20:18:50,830 - INFO     - img2od: 0 | od2fr: 0 | od2lpr: 681 | od2cap: 0 | fr2kr: 0 | lpr2kr: 1000 | cap2udp: 0 | kr2udp: 1 | 
2026-05-03 20:18:51,831 - INFO     - img2od: 0 | od2fr: 0 | od2lpr: 677 | od2cap: 0 | fr2kr: 0 | lpr2kr: 1000 | cap2udp: 0 | kr2udp: 1 | 
2026-05-03 20:18:52,832 - INFO     - img2od: 0 | od2fr: 0 | od2lpr: 674 | od2cap: 0 | fr2kr: 0 | lpr2kr: 1000 | cap2udp: 0 | kr2udp: 1 | 
2026-05-03 20:18:53,833 - INFO     - img2od: 0 | od2fr: 0 | od2lpr: 671 | od2cap: 0 | fr2kr: 0 | lpr2kr: 1000 | cap2udp: 0 | kr2udp: 0 | 
2026-05-03 20:18:54,834 - INFO     - img2od: 0 | od2fr: 0 | od2lpr: 668 | od2cap: 0 | fr2kr: 0 | lpr2kr: 1000 | cap2udp: 0 | kr2udp: 0 | 
2026-05-03 20:18:55,835 - INFO     - img2od: 0 | od2fr: 0 | od2lpr: 665 | od2cap: 0 | fr2kr: 0 | lpr2kr: 1000 | cap2udp: 0 | kr2udp: 0 | 
2026-05-03 20:18:56,836 - INFO     - img2od: 0 | od2fr: 0 | od2lpr: 662 | od2cap: 0 | fr2kr: 0 | lpr2kr: 1000 | cap2udp: 0 | kr2udp: 1 | 
2026-05-03 20:18:57,837 - INFO     - img2od: 0 | od2fr: 0 | od2lpr: 658 | od2cap: 0 | fr2kr: 0 | lpr2kr: 1000 | cap2udp: 0 | kr2udp: 1 | 
2026-05-03 20:18:58,838 - INFO     - img2od: 0 | od2fr: 0 | od2lpr: 655 | od2cap: 0 | fr2kr: 0 | lpr2kr: 1000 | cap2udp: 0 | kr2udp: 1 | 
2026-05-03 20:18:59,839 - INFO     - img2od: 0 | od2fr: 0 | od2lpr: 652 | od2cap: 0 | fr2kr: 0 | lpr2kr: 1000 | cap2udp: 0 | kr2udp: 1 | 
2026-05-03 20:19:00,840 - INFO     - img2od: 0 | od2fr: 0 | od2lpr: 649 | od2cap: 0 | fr2kr: 0 | lpr2kr: 1000 | cap2udp: 0 | kr2udp: 0 | 
2026-05-03 20:19:01,841 - INFO     - img2od: 0 | od2fr: 0 | od2lpr: 646 | od2cap: 0 | fr2kr: 0 | lpr2kr: 1000 | cap2udp: 0 | kr2udp: 1 | 
2026-05-03 20:19:02,842 - INFO     - img2od: 0 | od2fr: 0 | od2lpr: 644 | od2cap: 0 | fr2kr: 0 | lpr2kr: 1000 | cap2udp: 0 | kr2udp: 1 | 
2026-05-03 20:19:03,843 - INFO     - img2od: 0 | od2fr: 0 | od2lpr: 641 | od2cap: 0 | fr2kr: 0 | lpr2kr: 1000 | cap2udp: 0 | kr2udp: 0 | 
2026-05-03 20:19:04,844 - INFO     - img2od: 0 | od2fr: 0 | od2lpr: 638 | od2cap: 0 | fr2kr: 0 | lpr2kr: 1000 | cap2udp: 0 | kr2udp: 0 | 
2026-05-03 20:19:05,845 - INFO     - img2od: 0 | od2fr: 0 | od2lpr: 635 | od2cap: 0 | fr2kr: 0 | lpr2kr: 999 | cap2udp: 0 | kr2udp: 1 | 
2026-05-03 20:19:06,846 - INFO     - img2od: 0 | od2fr: 0 | od2lpr: 632 | od2cap: 0 | fr2kr: 0 | lpr2kr: 1000 | cap2udp: 0 | kr2udp: 1 | 
2026-05-03 20:19:07,847 - INFO     - img2od: 0 | od2fr: 0 | od2lpr: 628 | od2cap: 0 | fr2kr: 0 | lpr2kr: 1000 | cap2udp: 0 | kr2udp: 1 | 
2026-05-03 20:19:08,848 - INFO     - img2od: 0 | od2fr: 0 | od2lpr: 626 | od2cap: 0 | fr2kr: 0 | lpr2kr: 1000 | cap2udp: 0 | kr2udp: 1 | 
2026-05-03 20:19:09,849 - INFO     - img2od: 0 | od2fr: 0 | od2lpr: 622 | od2cap: 0 | fr2kr: 0 | lpr2kr: 1000 | cap2udp: 0 | kr2udp: 1 | 
2026-05-03 20:19:10,850 - INFO     - img2od: 0 | od2fr: 0 | od2lpr: 620 | od2cap: 0 | fr2kr: 0 | lpr2kr: 1000 | cap2udp: 0 | kr2udp: 1 | 
2026-05-03 20:19:11,851 - INFO     - img2od: 0 | od2fr: 0 | od2lpr: 617 | od2cap: 0 | fr2kr: 0 | lpr2kr: 1000 | cap2udp: 0 | kr2udp: 0 | 
2026-05-03 20:19:12,852 - INFO     - img2od: 0 | od2fr: 0 | od2lpr: 614 | od2cap: 0 | fr2kr: 0 | lpr2kr: 1000 | cap2udp: 0 | kr2udp: 1 | 
2026-05-03 20:19:13,853 - INFO     - img2od: 0 | od2fr: 0 | od2lpr: 612 | od2cap: 0 | fr2kr: 0 | lpr2kr: 1000 | cap2udp: 0 | kr2udp: 1 | 
2026-05-03 20:19:14,854 - INFO     - img2od: 0 | od2fr: 0 | od2lpr: 609 | od2cap: 0 | fr2kr: 0 | lpr2kr: 1000 | cap2udp: 0 | kr2udp: 1 | 
2026-05-03 20:19:15,855 - INFO     - img2od: 0 | od2fr: 0 | od2lpr: 606 | od2cap: 0 | fr2kr: 0 | lpr2kr: 1000 | cap2udp: 0 | kr2udp: 1 | 
2026-05-03 20:19:16,856 - INFO     - img2od: 0 | od2fr: 0 | od2lpr: 603 | od2cap: 0 | fr2kr: 0 | lpr2kr: 1000 | cap2udp: 0 | kr2udp: 1 | 
2026-05-03 20:19:17,857 - INFO     - img2od: 0 | od2fr: 0 | od2lpr: 599 | od2cap: 0 | fr2kr: 0 | lpr2kr: 1000 | cap2udp: 0 | kr2udp: 1 | 
2026-05-03 20:19:18,858 - INFO     - img2od: 0 | od2fr: 0 | od2lpr: 596 | od2cap: 0 | fr2kr: 0 | lpr2kr: 1000 | cap2udp: 0 | kr2udp: 1 | 
2026-05-03 20:19:19,859 - INFO     - img2od: 0 | od2fr: 0 | od2lpr: 592 | od2cap: 0 | fr2kr: 0 | lpr2kr: 1000 | cap2udp: 0 | kr2udp: 1 | 
2026-05-03 20:19:20,860 - INFO     - img2od: 0 | od2fr: 0 | od2lpr: 589 | od2cap: 0 | fr2kr: 0 | lpr2kr: 1000 | cap2udp: 0 | kr2udp: 0 | 
2026-05-03 20:19:21,861 - INFO     - img2od: 0 | od2fr: 0 | od2lpr: 587 | od2cap: 0 | fr2kr: 0 | lpr2kr: 1000 | cap2udp: 0 | kr2udp: 1 | 
2026-05-03 20:19:22,862 - INFO     - img2od: 0 | od2fr: 0 | od2lpr: 584 | od2cap: 0 | fr2kr: 0 | lpr2kr: 1000 | cap2udp: 0 | kr2udp: 1 | 
2026-05-03 20:19:23,863 - INFO     - img2od: 0 | od2fr: 0 | od2lpr: 581 | od2cap: 0 | fr2kr: 0 | lpr2kr: 1000 | cap2udp: 0 | kr2udp: 1 | 
2026-05-03 20:19:24,864 - INFO     - img2od: 0 | od2fr: 0 | od2lpr: 579 | od2cap: 0 | fr2kr: 0 | lpr2kr: 1000 | cap2udp: 0 | kr2udp: 1 | 
2026-05-03 20:19:25,865 - INFO     - img2od: 0 | od2fr: 0 | od2lpr: 576 | od2cap: 0 | fr2kr: 0 | lpr2kr: 1000 | cap2udp: 0 | kr2udp: 1 | 
2026-05-03 20:19:26,866 - INFO     - img2od: 0 | od2fr: 0 | od2lpr: 573 | od2cap: 0 | fr2kr: 0 | lpr2kr: 1000 | cap2udp: 0 | kr2udp: 1 | 
2026-05-03 20:19:27,867 - INFO     - img2od: 0 | od2fr: 0 | od2lpr: 570 | od2cap: 0 | fr2kr: 0 | lpr2kr: 1000 | cap2udp: 0 | kr2udp: 1 | 
2026-05-03 20:19:28,868 - INFO     - img2od: 0 | od2fr: 0 | od2lpr: 567 | od2cap: 0 | fr2kr: 0 | lpr2kr: 1000 | cap2udp: 0 | kr2udp: 1 | 
2026-05-03 20:19:29,869 - INFO     - img2od: 0 | od2fr: 0 | od2lpr: 564 | od2cap: 0 | fr2kr: 0 | lpr2kr: 1000 | cap2udp: 0 | kr2udp: 1 | 
2026-05-03 20:19:30,870 - INFO     - img2od: 0 | od2fr: 0 | od2lpr: 560 | od2cap: 0 | fr2kr: 0 | lpr2kr: 1000 | cap2udp: 0 | kr2udp: 0 | 
2026-05-03 20:19:31,871 - INFO     - img2od: 0 | od2fr: 0 | od2lpr: 557 | od2cap: 0 | fr2kr: 0 | lpr2kr: 1000 | cap2udp: 0 | kr2udp: 0 | 
2026-05-03 20:19:32,872 - INFO     - img2od: 0 | od2fr: 0 | od2lpr: 555 | od2cap: 0 | fr2kr: 0 | lpr2kr: 1000 | cap2udp: 0 | kr2udp: 1 | 
2026-05-03 20:19:33,873 - INFO     - img2od: 0 | od2fr: 0 | od2lpr: 552 | od2cap: 0 | fr2kr: 0 | lpr2kr: 1000 | cap2udp: 0 | kr2udp: 1 | 
2026-05-03 20:19:34,874 - INFO     - img2od: 0 | od2fr: 0 | od2lpr: 548 | od2cap: 0 | fr2kr: 0 | lpr2kr: 1000 | cap2udp: 0 | kr2udp: 1 | 
2026-05-03 20:19:35,875 - INFO     - img2od: 0 | od2fr: 0 | od2lpr: 544 | od2cap: 0 | fr2kr: 0 | lpr2kr: 1000 | cap2udp: 0 | kr2udp: 1 | 
2026-05-03 20:19:36,876 - INFO     - img2od: 0 | od2fr: 0 | od2lpr: 540 | od2cap: 0 | fr2kr: 0 | lpr2kr: 1000 | cap2udp: 0 | kr2udp: 1 | 
2026-05-03 20:19:37,877 - INFO     - img2od: 0 | od2fr: 0 | od2lpr: 536 | od2cap: 0 | fr2kr: 0 | lpr2kr: 1000 | cap2udp: 0 | kr2udp: 1 | 
2026-05-03 20:19:38,878 - INFO     - img2od: 0 | od2fr: 0 | od2lpr: 533 | od2cap: 0 | fr2kr: 0 | lpr2kr: 1000 | cap2udp: 0 | kr2udp: 1 | 
2026-05-03 20:19:39,879 - INFO     - img2od: 0 | od2fr: 0 | od2lpr: 530 | od2cap: 0 | fr2kr: 0 | lpr2kr: 1000 | cap2udp: 0 | kr2udp: 1 | 
2026-05-03 20:19:40,880 - INFO     - img2od: 0 | od2fr: 0 | od2lpr: 527 | od2cap: 0 | fr2kr: 0 | lpr2kr: 1000 | cap2udp: 0 | kr2udp: 1 | 
2026-05-03 20:19:41,881 - INFO     - img2od: 0 | od2fr: 0 | od2lpr: 524 | od2cap: 0 | fr2kr: 0 | lpr2kr: 1000 | cap2udp: 0 | kr2udp: 1 | 
2026-05-03 20:19:42,882 - INFO     - img2od: 0 | od2fr: 0 | od2lpr: 521 | od2cap: 0 | fr2kr: 0 | lpr2kr: 1000 | cap2udp: 0 | kr2udp: 1 | 
2026-05-03 20:19:43,883 - INFO     - img2od: 0 | od2fr: 0 | od2lpr: 518 | od2cap: 0 | fr2kr: 0 | lpr2kr: 1000 | cap2udp: 0 | kr2udp: 0 | 
2026-05-03 20:19:44,884 - INFO     - img2od: 0 | od2fr: 0 | od2lpr: 515 | od2cap: 0 | fr2kr: 0 | lpr2kr: 1000 | cap2udp: 0 | kr2udp: 0 | 
2026-05-03 20:19:45,885 - INFO     - img2od: 0 | od2fr: 0 | od2lpr: 512 | od2cap: 0 | fr2kr: 0 | lpr2kr: 1000 | cap2udp: 0 | kr2udp: 1 | 
2026-05-03 20:19:46,886 - INFO     - img2od: 0 | od2fr: 0 | od2lpr: 509 | od2cap: 0 | fr2kr: 0 | lpr2kr: 1000 | cap2udp: 0 | kr2udp: 1 | 
2026-05-03 20:19:47,887 - INFO     - img2od: 0 | od2fr: 0 | od2lpr: 506 | od2cap: 0 | fr2kr: 0 | lpr2kr: 1000 | cap2udp: 0 | kr2udp: 1 | 
2026-05-03 20:19:48,888 - INFO     - img2od: 0 | od2fr: 0 | od2lpr: 503 | od2cap: 0 | fr2kr: 0 | lpr2kr: 1000 | cap2udp: 0 | kr2udp: 0 | 
2026-05-03 20:19:49,889 - INFO     - img2od: 0 | od2fr: 0 | od2lpr: 500 | od2cap: 0 | fr2kr: 0 | lpr2kr: 1000 | cap2udp: 0 | kr2udp: 1 | 
2026-05-03 20:19:50,890 - INFO     - img2od: 0 | od2fr: 0 | od2lpr: 497 | od2cap: 0 | fr2kr: 0 | lpr2kr: 1000 | cap2udp: 0 | kr2udp: 1 | 
2026-05-03 20:19:51,891 - INFO     - img2od: 0 | od2fr: 0 | od2lpr: 494 | od2cap: 0 | fr2kr: 0 | lpr2kr: 1000 | cap2udp: 0 | kr2udp: 1 | 
2026-05-03 20:19:52,892 - INFO     - img2od: 0 | od2fr: 0 | od2lpr: 491 | od2cap: 0 | fr2kr: 0 | lpr2kr: 1000 | cap2udp: 0 | kr2udp: 1 | 
2026-05-03 20:19:53,893 - INFO     - img2od: 0 | od2fr: 0 | od2lpr: 488 | od2cap: 0 | fr2kr: 0 | lpr2kr: 1000 | cap2udp: 0 | kr2udp: 1 | 
2026-05-03 20:19:54,894 - INFO     - img2od: 0 | od2fr: 0 | od2lpr: 485 | od2cap: 0 | fr2kr: 0 | lpr2kr: 1000 | cap2udp: 0 | kr2udp: 1 | 
2026-05-03 20:19:55,895 - INFO     - img2od: 0 | od2fr: 0 | od2lpr: 482 | od2cap: 0 | fr2kr: 0 | lpr2kr: 1000 | cap2udp: 0 | kr2udp: 1 | 
2026-05-03 20:19:56,896 - INFO     - img2od: 0 | od2fr: 0 | od2lpr: 480 | od2cap: 0 | fr2kr: 0 | lpr2kr: 1000 | cap2udp: 0 | kr2udp: 1 | 
2026-05-03 20:19:57,897 - INFO     - img2od: 0 | od2fr: 0 | od2lpr: 477 | od2cap: 0 | fr2kr: 0 | lpr2kr: 1000 | cap2udp: 0 | kr2udp: 1 | 
2026-05-03 20:19:58,898 - INFO     - img2od: 0 | od2fr: 0 | od2lpr: 474 | od2cap: 0 | fr2kr: 0 | lpr2kr: 1000 | cap2udp: 0 | kr2udp: 1 | 
2026-05-03 20:19:59,899 - INFO     - img2od: 0 | od2fr: 0 | od2lpr: 471 | od2cap: 0 | fr2kr: 0 | lpr2kr: 1000 | cap2udp: 0 | kr2udp: 0 | 
2026-05-03 20:20:00,900 - INFO     - img2od: 0 | od2fr: 0 | od2lpr: 468 | od2cap: 0 | fr2kr: 0 | lpr2kr: 1000 | cap2udp: 0 | kr2udp: 1 | 
2026-05-03 20:20:01,901 - INFO     - img2od: 0 | od2fr: 0 | od2lpr: 465 | od2cap: 0 | fr2kr: 0 | lpr2kr: 1000 | cap2udp: 0 | kr2udp: 1 | 
2026-05-03 20:20:02,902 - INFO     - img2od: 0 | od2fr: 0 | od2lpr: 462 | od2cap: 0 | fr2kr: 0 | lpr2kr: 1000 | cap2udp: 0 | kr2udp: 1 | 
2026-05-03 20:20:03,903 - INFO     - img2od: 0 | od2fr: 0 | od2lpr: 459 | od2cap: 0 | fr2kr: 0 | lpr2kr: 1000 | cap2udp: 0 | kr2udp: 2 | 
2026-05-03 20:20:04,904 - INFO     - img2od: 0 | od2fr: 0 | od2lpr: 456 | od2cap: 0 | fr2kr: 0 | lpr2kr: 1000 | cap2udp: 0 | kr2udp: 1 | 
2026-05-03 20:20:05,905 - INFO     - img2od: 0 | od2fr: 0 | od2lpr: 453 | od2cap: 0 | fr2kr: 0 | lpr2kr: 1000 | cap2udp: 0 | kr2udp: 1 | 
2026-05-03 20:20:06,906 - INFO     - img2od: 0 | od2fr: 0 | od2lpr: 450 | od2cap: 0 | fr2kr: 0 | lpr2kr: 1000 | cap2udp: 0 | kr2udp: 1 | 
2026-05-03 20:20:07,907 - INFO     - img2od: 0 | od2fr: 0 | od2lpr: 447 | od2cap: 0 | fr2kr: 0 | lpr2kr: 1000 | cap2udp: 0 | kr2udp: 0 | 
2026-05-03 20:20:08,908 - INFO     - img2od: 0 | od2fr: 0 | od2lpr: 444 | od2cap: 0 | fr2kr: 0 | lpr2kr: 1000 | cap2udp: 0 | kr2udp: 0 | 
2026-05-03 20:20:09,909 - INFO     - img2od: 0 | od2fr: 0 | od2lpr: 441 | od2cap: 0 | fr2kr: 0 | lpr2kr: 1000 | cap2udp: 0 | kr2udp: 1 | 
2026-05-03 20:20:10,910 - INFO     - img2od: 0 | od2fr: 0 | od2lpr: 439 | od2cap: 0 | fr2kr: 0 | lpr2kr: 1000 | cap2udp: 0 | kr2udp: 1 | 
2026-05-03 20:20:11,911 - INFO     - img2od: 0 | od2fr: 0 | od2lpr: 436 | od2cap: 0 | fr2kr: 0 | lpr2kr: 1000 | cap2udp: 0 | kr2udp: 1 | 
2026-05-03 20:20:12,912 - INFO     - img2od: 0 | od2fr: 0 | od2lpr: 433 | od2cap: 0 | fr2kr: 0 | lpr2kr: 1000 | cap2udp: 0 | kr2udp: 1 | 
2026-05-03 20:20:13,913 - INFO     - img2od: 0 | od2fr: 0 | od2lpr: 430 | od2cap: 0 | fr2kr: 0 | lpr2kr: 1000 | cap2udp: 0 | kr2udp: 1 | 
2026-05-03 20:20:14,914 - INFO     - img2od: 0 | od2fr: 0 | od2lpr: 427 | od2cap: 0 | fr2kr: 0 | lpr2kr: 1000 | cap2udp: 0 | kr2udp: 1 | 
2026-05-03 20:20:15,915 - INFO     - img2od: 0 | od2fr: 0 | od2lpr: 424 | od2cap: 0 | fr2kr: 0 | lpr2kr: 1000 | cap2udp: 0 | kr2udp: 1 | 
2026-05-03 20:20:16,916 - INFO     - img2od: 0 | od2fr: 0 | od2lpr: 421 | od2cap: 0 | fr2kr: 0 | lpr2kr: 1000 | cap2udp: 0 | kr2udp: 1 | 
2026-05-03 20:20:17,917 - INFO     - img2od: 0 | od2fr: 0 | od2lpr: 418 | od2cap: 0 | fr2kr: 0 | lpr2kr: 1000 | cap2udp: 0 | kr2udp: 1 | 
2026-05-03 20:20:18,918 - INFO     - img2od: 0 | od2fr: 0 | od2lpr: 415 | od2cap: 0 | fr2kr: 0 | lpr2kr: 1000 | cap2udp: 0 | kr2udp: 1 | 
2026-05-03 20:20:19,919 - INFO     - img2od: 0 | od2fr: 0 | od2lpr: 412 | od2cap: 0 | fr2kr: 0 | lpr2kr: 1000 | cap2udp: 0 | kr2udp: 1 | 
2026-05-03 20:20:20,920 - INFO     - img2od: 0 | od2fr: 0 | od2lpr: 409 | od2cap: 0 | fr2kr: 0 | lpr2kr: 1000 | cap2udp: 0 | kr2udp: 1 | 
2026-05-03 20:20:21,921 - INFO     - img2od: 0 | od2fr: 0 | od2lpr: 406 | od2cap: 0 | fr2kr: 0 | lpr2kr: 1000 | cap2udp: 0 | kr2udp: 1 | 
2026-05-03 20:20:22,922 - INFO     - img2od: 0 | od2fr: 0 | od2lpr: 403 | od2cap: 0 | fr2kr: 0 | lpr2kr: 1000 | cap2udp: 0 | kr2udp: 1 | 
2026-05-03 20:20:23,923 - INFO     - img2od: 0 | od2fr: 0 | od2lpr: 400 | od2cap: 0 | fr2kr: 0 | lpr2kr: 1000 | cap2udp: 0 | kr2udp: 1 | 
2026-05-03 20:20:24,924 - INFO     - img2od: 0 | od2fr: 0 | od2lpr: 397 | od2cap: 0 | fr2kr: 0 | lpr2kr: 1000 | cap2udp: 0 | kr2udp: 0 | 
2026-05-03 20:20:25,925 - INFO     - img2od: 0 | od2fr: 0 | od2lpr: 394 | od2cap: 0 | fr2kr: 0 | lpr2kr: 1000 | cap2udp: 0 | kr2udp: 0 | 
2026-05-03 20:20:26,926 - INFO     - img2od: 0 | od2fr: 0 | od2lpr: 391 | od2cap: 0 | fr2kr: 0 | lpr2kr: 1000 | cap2udp: 0 | kr2udp: 2 | 
2026-05-03 20:20:27,927 - INFO     - img2od: 0 | od2fr: 0 | od2lpr: 387 | od2cap: 0 | fr2kr: 0 | lpr2kr: 1000 | cap2udp: 0 | kr2udp: 1 | 
2026-05-03 20:20:28,928 - INFO     - img2od: 0 | od2fr: 0 | od2lpr: 384 | od2cap: 0 | fr2kr: 0 | lpr2kr: 1000 | cap2udp: 0 | kr2udp: 0 | 
2026-05-03 20:20:29,929 - INFO     - img2od: 0 | od2fr: 0 | od2lpr: 380 | od2cap: 0 | fr2kr: 0 | lpr2kr: 1000 | cap2udp: 0 | kr2udp: 0 | 
2026-05-03 20:20:30,930 - INFO     - img2od: 0 | od2fr: 0 | od2lpr: 376 | od2cap: 0 | fr2kr: 0 | lpr2kr: 1000 | cap2udp: 0 | kr2udp: 0 | 
2026-05-03 20:20:31,931 - INFO     - img2od: 0 | od2fr: 0 | od2lpr: 372 | od2cap: 0 | fr2kr: 0 | lpr2kr: 1000 | cap2udp: 0 | kr2udp: 1 | 
2026-05-03 20:20:32,932 - INFO     - img2od: 0 | od2fr: 0 | od2lpr: 368 | od2cap: 0 | fr2kr: 0 | lpr2kr: 1000 | cap2udp: 0 | kr2udp: 1 | 
2026-05-03 20:20:33,933 - INFO     - img2od: 0 | od2fr: 0 | od2lpr: 364 | od2cap: 0 | fr2kr: 0 | lpr2kr: 1000 | cap2udp: 0 | kr2udp: 1 | 
2026-05-03 20:20:34,934 - INFO     - img2od: 0 | od2fr: 0 | od2lpr: 360 | od2cap: 0 | fr2kr: 0 | lpr2kr: 1000 | cap2udp: 0 | kr2udp: 1 | 
2026-05-03 20:20:35,935 - INFO     - img2od: 0 | od2fr: 0 | od2lpr: 357 | od2cap: 0 | fr2kr: 0 | lpr2kr: 999 | cap2udp: 0 | kr2udp: 1 | 
2026-05-03 20:20:36,936 - INFO     - img2od: 0 | od2fr: 0 | od2lpr: 354 | od2cap: 0 | fr2kr: 0 | lpr2kr: 1000 | cap2udp: 0 | kr2udp: 1 | 
2026-05-03 20:20:37,937 - INFO     - img2od: 0 | od2fr: 0 | od2lpr: 351 | od2cap: 0 | fr2kr: 0 | lpr2kr: 1000 | cap2udp: 0 | kr2udp: 0 | 
2026-05-03 20:20:38,938 - INFO     - img2od: 0 | od2fr: 0 | od2lpr: 348 | od2cap: 0 | fr2kr: 0 | lpr2kr: 1000 | cap2udp: 0 | kr2udp: 1 | 
2026-05-03 20:20:39,939 - INFO     - img2od: 0 | od2fr: 0 | od2lpr: 346 | od2cap: 0 | fr2kr: 0 | lpr2kr: 1000 | cap2udp: 0 | kr2udp: 1 | 
2026-05-03 20:20:40,940 - INFO     - img2od: 0 | od2fr: 0 | od2lpr: 343 | od2cap: 0 | fr2kr: 0 | lpr2kr: 1000 | cap2udp: 0 | kr2udp: 1 | 
2026-05-03 20:20:41,941 - INFO     - img2od: 0 | od2fr: 0 | od2lpr: 340 | od2cap: 0 | fr2kr: 0 | lpr2kr: 1000 | cap2udp: 0 | kr2udp: 1 | 
2026-05-03 20:20:42,942 - INFO     - img2od: 0 | od2fr: 0 | od2lpr: 336 | od2cap: 0 | fr2kr: 0 | lpr2kr: 1000 | cap2udp: 0 | kr2udp: 1 | 
2026-05-03 20:20:43,943 - INFO     - img2od: 0 | od2fr: 0 | od2lpr: 333 | od2cap: 0 | fr2kr: 0 | lpr2kr: 1000 | cap2udp: 0 | kr2udp: 0 | 
2026-05-03 20:20:44,944 - INFO     - img2od: 0 | od2fr: 0 | od2lpr: 330 | od2cap: 0 | fr2kr: 0 | lpr2kr: 1000 | cap2udp: 0 | kr2udp: 0 | 
2026-05-03 20:20:45,945 - INFO     - img2od: 0 | od2fr: 0 | od2lpr: 327 | od2cap: 0 | fr2kr: 0 | lpr2kr: 1000 | cap2udp: 0 | kr2udp: 1 | 
2026-05-03 20:20:46,946 - INFO     - img2od: 0 | od2fr: 0 | od2lpr: 324 | od2cap: 0 | fr2kr: 0 | lpr2kr: 1000 | cap2udp: 0 | kr2udp: 0 | 
2026-05-03 20:20:47,947 - INFO     - img2od: 0 | od2fr: 0 | od2lpr: 321 | od2cap: 0 | fr2kr: 0 | lpr2kr: 1000 | cap2udp: 0 | kr2udp: 0 | 
2026-05-03 20:20:48,948 - INFO     - img2od: 0 | od2fr: 0 | od2lpr: 318 | od2cap: 0 | fr2kr: 0 | lpr2kr: 1000 | cap2udp: 0 | kr2udp: 0 | 
2026-05-03 20:20:49,949 - INFO     - img2od: 0 | od2fr: 0 | od2lpr: 314 | od2cap: 0 | fr2kr: 0 | lpr2kr: 1000 | cap2udp: 0 | kr2udp: 0 | 
2026-05-03 20:20:50,950 - INFO     - img2od: 0 | od2fr: 0 | od2lpr: 310 | od2cap: 0 | fr2kr: 0 | lpr2kr: 1000 | cap2udp: 0 | kr2udp: 1 | 
2026-05-03 20:20:51,951 - INFO     - img2od: 0 | od2fr: 0 | od2lpr: 307 | od2cap: 0 | fr2kr: 0 | lpr2kr: 1000 | cap2udp: 0 | kr2udp: 1 | 
2026-05-03 20:20:52,952 - INFO     - img2od: 0 | od2fr: 0 | od2lpr: 304 | od2cap: 0 | fr2kr: 0 | lpr2kr: 1000 | cap2udp: 0 | kr2udp: 1 | 
2026-05-03 20:20:53,953 - INFO     - img2od: 0 | od2fr: 0 | od2lpr: 300 | od2cap: 0 | fr2kr: 0 | lpr2kr: 1000 | cap2udp: 0 | kr2udp: 1 | 
2026-05-03 20:20:54,954 - INFO     - img2od: 0 | od2fr: 0 | od2lpr: 298 | od2cap: 0 | fr2kr: 0 | lpr2kr: 1000 | cap2udp: 0 | kr2udp: 1 | 
2026-05-03 20:20:55,955 - INFO     - img2od: 0 | od2fr: 0 | od2lpr: 295 | od2cap: 0 | fr2kr: 0 | lpr2kr: 1000 | cap2udp: 0 | kr2udp: 1 | 
2026-05-03 20:20:56,956 - INFO     - img2od: 0 | od2fr: 0 | od2lpr: 292 | od2cap: 0 | fr2kr: 0 | lpr2kr: 1000 | cap2udp: 0 | kr2udp: 0 | 
2026-05-03 20:20:57,957 - INFO     - img2od: 0 | od2fr: 0 | od2lpr: 289 | od2cap: 0 | fr2kr: 0 | lpr2kr: 1000 | cap2udp: 0 | kr2udp: 1 | 
2026-05-03 20:20:58,958 - INFO     - img2od: 0 | od2fr: 0 | od2lpr: 286 | od2cap: 0 | fr2kr: 0 | lpr2kr: 999 | cap2udp: 0 | kr2udp: 1 | 
2026-05-03 20:20:59,959 - INFO     - img2od: 0 | od2fr: 0 | od2lpr: 283 | od2cap: 0 | fr2kr: 0 | lpr2kr: 1000 | cap2udp: 0 | kr2udp: 1 | 
2026-05-03 20:21:00,960 - INFO     - img2od: 0 | od2fr: 0 | od2lpr: 280 | od2cap: 0 | fr2kr: 0 | lpr2kr: 1000 | cap2udp: 0 | kr2udp: 1 | 
2026-05-03 20:21:01,961 - INFO     - img2od: 0 | od2fr: 0 | od2lpr: 277 | od2cap: 0 | fr2kr: 0 | lpr2kr: 1000 | cap2udp: 0 | kr2udp: 1 | 
2026-05-03 20:21:02,962 - INFO     - img2od: 0 | od2fr: 0 | od2lpr: 274 | od2cap: 0 | fr2kr: 0 | lpr2kr: 1000 | cap2udp: 0 | kr2udp: 0 | 
2026-05-03 20:21:03,963 - INFO     - img2od: 0 | od2fr: 0 | od2lpr: 271 | od2cap: 0 | fr2kr: 0 | lpr2kr: 1000 | cap2udp: 0 | kr2udp: 0 | 
2026-05-03 20:21:04,964 - INFO     - img2od: 0 | od2fr: 0 | od2lpr: 268 | od2cap: 0 | fr2kr: 0 | lpr2kr: 1000 | cap2udp: 0 | kr2udp: 1 | 
2026-05-03 20:21:05,965 - INFO     - img2od: 0 | od2fr: 0 | od2lpr: 266 | od2cap: 0 | fr2kr: 0 | lpr2kr: 1000 | cap2udp: 0 | kr2udp: 1 | 
2026-05-03 20:21:06,966 - INFO     - img2od: 0 | od2fr: 0 | od2lpr: 263 | od2cap: 0 | fr2kr: 0 | lpr2kr: 1000 | cap2udp: 0 | kr2udp: 1 | 
2026-05-03 20:21:07,967 - INFO     - img2od: 0 | od2fr: 0 | od2lpr: 260 | od2cap: 0 | fr2kr: 0 | lpr2kr: 1000 | cap2udp: 0 | kr2udp: 1 | 
2026-05-03 20:21:08,968 - INFO     - img2od: 0 | od2fr: 0 | od2lpr: 256 | od2cap: 0 | fr2kr: 0 | lpr2kr: 1000 | cap2udp: 0 | kr2udp: 1 | 
2026-05-03 20:21:09,969 - INFO     - img2od: 0 | od2fr: 0 | od2lpr: 254 | od2cap: 0 | fr2kr: 0 | lpr2kr: 1000 | cap2udp: 0 | kr2udp: 1 | 
2026-05-03 20:21:10,970 - INFO     - img2od: 0 | od2fr: 0 | od2lpr: 251 | od2cap: 0 | fr2kr: 0 | lpr2kr: 1000 | cap2udp: 0 | kr2udp: 1 | 
2026-05-03 20:21:11,971 - INFO     - img2od: 0 | od2fr: 0 | od2lpr: 248 | od2cap: 0 | fr2kr: 0 | lpr2kr: 1000 | cap2udp: 0 | kr2udp: 1 | 
2026-05-03 20:21:12,972 - INFO     - img2od: 0 | od2fr: 0 | od2lpr: 245 | od2cap: 0 | fr2kr: 0 | lpr2kr: 1000 | cap2udp: 0 | kr2udp: 1 | 
2026-05-03 20:21:13,973 - INFO     - img2od: 0 | od2fr: 0 | od2lpr: 242 | od2cap: 0 | fr2kr: 0 | lpr2kr: 1000 | cap2udp: 0 | kr2udp: 1 | 
2026-05-03 20:21:14,974 - INFO     - img2od: 0 | od2fr: 0 | od2lpr: 238 | od2cap: 0 | fr2kr: 0 | lpr2kr: 1000 | cap2udp: 0 | kr2udp: 0 | 
2026-05-03 20:21:15,975 - INFO     - img2od: 0 | od2fr: 0 | od2lpr: 235 | od2cap: 0 | fr2kr: 0 | lpr2kr: 1000 | cap2udp: 0 | kr2udp: 1 | 
2026-05-03 20:21:16,976 - INFO     - img2od: 0 | od2fr: 0 | od2lpr: 232 | od2cap: 0 | fr2kr: 0 | lpr2kr: 1000 | cap2udp: 0 | kr2udp: 1 | 
2026-05-03 20:21:17,977 - INFO     - img2od: 0 | od2fr: 0 | od2lpr: 229 | od2cap: 0 | fr2kr: 0 | lpr2kr: 1000 | cap2udp: 0 | kr2udp: 0 | 
2026-05-03 20:21:18,978 - INFO     - img2od: 0 | od2fr: 0 | od2lpr: 226 | od2cap: 0 | fr2kr: 0 | lpr2kr: 1000 | cap2udp: 0 | kr2udp: 0 | 
2026-05-03 20:21:19,979 - INFO     - img2od: 0 | od2fr: 0 | od2lpr: 223 | od2cap: 0 | fr2kr: 0 | lpr2kr: 1000 | cap2udp: 0 | kr2udp: 0 | 
2026-05-03 20:21:20,980 - INFO     - img2od: 0 | od2fr: 0 | od2lpr: 220 | od2cap: 0 | fr2kr: 0 | lpr2kr: 1000 | cap2udp: 0 | kr2udp: 0 | 
2026-05-03 20:21:21,981 - INFO     - img2od: 0 | od2fr: 0 | od2lpr: 218 | od2cap: 0 | fr2kr: 0 | lpr2kr: 1000 | cap2udp: 0 | kr2udp: 1 | 
2026-05-03 20:21:22,982 - INFO     - img2od: 0 | od2fr: 0 | od2lpr: 215 | od2cap: 0 | fr2kr: 0 | lpr2kr: 1000 | cap2udp: 0 | kr2udp: 1 | 
2026-05-03 20:21:23,983 - INFO     - img2od: 0 | od2fr: 0 | od2lpr: 212 | od2cap: 0 | fr2kr: 0 | lpr2kr: 1000 | cap2udp: 0 | kr2udp: 1 | 
2026-05-03 20:21:24,984 - INFO     - img2od: 0 | od2fr: 0 | od2lpr: 209 | od2cap: 0 | fr2kr: 0 | lpr2kr: 1000 | cap2udp: 0 | kr2udp: 1 | 
2026-05-03 20:21:25,985 - INFO     - img2od: 0 | od2fr: 0 | od2lpr: 206 | od2cap: 0 | fr2kr: 0 | lpr2kr: 1000 | cap2udp: 0 | kr2udp: 1 | 
2026-05-03 20:21:26,986 - INFO     - img2od: 0 | od2fr: 0 | od2lpr: 203 | od2cap: 0 | fr2kr: 0 | lpr2kr: 1000 | cap2udp: 0 | kr2udp: 1 | 
2026-05-03 20:21:27,987 - INFO     - img2od: 0 | od2fr: 0 | od2lpr: 199 | od2cap: 0 | fr2kr: 0 | lpr2kr: 1000 | cap2udp: 0 | kr2udp: 0 | 
2026-05-03 20:21:28,988 - INFO     - img2od: 0 | od2fr: 0 | od2lpr: 196 | od2cap: 0 | fr2kr: 0 | lpr2kr: 1000 | cap2udp: 0 | kr2udp: 1 | 
2026-05-03 20:21:29,989 - INFO     - img2od: 0 | od2fr: 0 | od2lpr: 194 | od2cap: 0 | fr2kr: 0 | lpr2kr: 1000 | cap2udp: 0 | kr2udp: 1 | 
2026-05-03 20:21:30,990 - INFO     - img2od: 0 | od2fr: 0 | od2lpr: 191 | od2cap: 0 | fr2kr: 0 | lpr2kr: 1000 | cap2udp: 0 | kr2udp: 1 | 
2026-05-03 20:21:31,991 - INFO     - img2od: 0 | od2fr: 0 | od2lpr: 188 | od2cap: 0 | fr2kr: 0 | lpr2kr: 1000 | cap2udp: 0 | kr2udp: 1 | 
2026-05-03 20:21:32,992 - INFO     - img2od: 0 | od2fr: 0 | od2lpr: 185 | od2cap: 0 | fr2kr: 0 | lpr2kr: 1000 | cap2udp: 0 | kr2udp: 1 | 
2026-05-03 20:21:33,993 - INFO     - img2od: 0 | od2fr: 0 | od2lpr: 182 | od2cap: 0 | fr2kr: 0 | lpr2kr: 1000 | cap2udp: 0 | kr2udp: 1 | 
2026-05-03 20:21:34,994 - INFO     - img2od: 0 | od2fr: 0 | od2lpr: 179 | od2cap: 0 | fr2kr: 0 | lpr2kr: 1000 | cap2udp: 0 | kr2udp: 1 | 
2026-05-03 20:21:35,995 - INFO     - img2od: 0 | od2fr: 0 | od2lpr: 176 | od2cap: 0 | fr2kr: 0 | lpr2kr: 1000 | cap2udp: 0 | kr2udp: 1 | 
2026-05-03 20:21:36,996 - INFO     - img2od: 0 | od2fr: 0 | od2lpr: 173 | od2cap: 0 | fr2kr: 0 | lpr2kr: 1000 | cap2udp: 0 | kr2udp: 1 | 
2026-05-03 20:21:37,997 - INFO     - img2od: 0 | od2fr: 0 | od2lpr: 171 | od2cap: 0 | fr2kr: 0 | lpr2kr: 1000 | cap2udp: 0 | kr2udp: 1 | 
2026-05-03 20:21:38,998 - INFO     - img2od: 0 | od2fr: 0 | od2lpr: 167 | od2cap: 0 | fr2kr: 0 | lpr2kr: 1000 | cap2udp: 0 | kr2udp: 1 | 
2026-05-03 20:21:39,999 - INFO     - img2od: 0 | od2fr: 0 | od2lpr: 165 | od2cap: 0 | fr2kr: 0 | lpr2kr: 1000 | cap2udp: 0 | kr2udp: 1 | 
2026-05-03 20:21:41,000 - INFO     - img2od: 0 | od2fr: 0 | od2lpr: 161 | od2cap: 0 | fr2kr: 0 | lpr2kr: 1000 | cap2udp: 0 | kr2udp: 1 | 
2026-05-03 20:21:42,001 - INFO     - img2od: 0 | od2fr: 0 | od2lpr: 158 | od2cap: 0 | fr2kr: 0 | lpr2kr: 1000 | cap2udp: 0 | kr2udp: 0 | 
2026-05-03 20:21:43,002 - INFO     - img2od: 0 | od2fr: 0 | od2lpr: 155 | od2cap: 0 | fr2kr: 0 | lpr2kr: 1000 | cap2udp: 0 | kr2udp: 1 | 
2026-05-03 20:21:44,003 - INFO     - img2od: 0 | od2fr: 0 | od2lpr: 151 | od2cap: 0 | fr2kr: 0 | lpr2kr: 1000 | cap2udp: 0 | kr2udp: 1 | 
2026-05-03 20:21:45,004 - INFO     - img2od: 0 | od2fr: 0 | od2lpr: 148 | od2cap: 0 | fr2kr: 0 | lpr2kr: 1000 | cap2udp: 0 | kr2udp: 1 | 
2026-05-03 20:21:46,005 - INFO     - img2od: 0 | od2fr: 0 | od2lpr: 144 | od2cap: 0 | fr2kr: 0 | lpr2kr: 1000 | cap2udp: 0 | kr2udp: 0 | 
2026-05-03 20:21:47,006 - INFO     - img2od: 0 | od2fr: 0 | od2lpr: 141 | od2cap: 0 | fr2kr: 0 | lpr2kr: 1000 | cap2udp: 0 | kr2udp: 1 | 
2026-05-03 20:21:48,007 - INFO     - img2od: 0 | od2fr: 0 | od2lpr: 138 | od2cap: 0 | fr2kr: 0 | lpr2kr: 1000 | cap2udp: 0 | kr2udp: 1 | 
2026-05-03 20:21:49,008 - INFO     - img2od: 0 | od2fr: 0 | od2lpr: 134 | od2cap: 0 | fr2kr: 0 | lpr2kr: 1000 | cap2udp: 0 | kr2udp: 0 | 
2026-05-03 20:21:50,009 - INFO     - img2od: 0 | od2fr: 0 | od2lpr: 131 | od2cap: 0 | fr2kr: 0 | lpr2kr: 1000 | cap2udp: 0 | kr2udp: 1 | 
2026-05-03 20:21:51,010 - INFO     - img2od: 0 | od2fr: 0 | od2lpr: 127 | od2cap: 0 | fr2kr: 0 | lpr2kr: 1000 | cap2udp: 0 | kr2udp: 0 | 
2026-05-03 20:21:52,011 - INFO     - img2od: 0 | od2fr: 0 | od2lpr: 124 | od2cap: 0 | fr2kr: 0 | lpr2kr: 1000 | cap2udp: 0 | kr2udp: 1 | 
2026-05-03 20:21:53,012 - INFO     - img2od: 0 | od2fr: 0 | od2lpr: 120 | od2cap: 0 | fr2kr: 0 | lpr2kr: 1000 | cap2udp: 0 | kr2udp: 0 | 
2026-05-03 20:21:54,013 - INFO     - img2od: 0 | od2fr: 0 | od2lpr: 117 | od2cap: 0 | fr2kr: 0 | lpr2kr: 1000 | cap2udp: 0 | kr2udp: 0 | 
2026-05-03 20:21:55,014 - INFO     - img2od: 0 | od2fr: 0 | od2lpr: 114 | od2cap: 0 | fr2kr: 0 | lpr2kr: 1000 | cap2udp: 0 | kr2udp: 1 | 
2026-05-03 20:21:56,015 - INFO     - img2od: 0 | od2fr: 0 | od2lpr: 111 | od2cap: 0 | fr2kr: 0 | lpr2kr: 1000 | cap2udp: 0 | kr2udp: 1 | 
2026-05-03 20:21:57,016 - INFO     - img2od: 0 | od2fr: 0 | od2lpr: 107 | od2cap: 0 | fr2kr: 0 | lpr2kr: 1000 | cap2udp: 0 | kr2udp: 0 | 
2026-05-03 20:21:58,017 - INFO     - img2od: 0 | od2fr: 0 | od2lpr: 104 | od2cap: 0 | fr2kr: 0 | lpr2kr: 1000 | cap2udp: 0 | kr2udp: 0 | 
2026-05-03 20:21:59,018 - INFO     - img2od: 0 | od2fr: 0 | od2lpr: 101 | od2cap: 0 | fr2kr: 0 | lpr2kr: 1000 | cap2udp: 0 | kr2udp: 0 | 
2026-05-03 20:22:00,019 - INFO     - img2od: 0 | od2fr: 0 | od2lpr: 98 | od2cap: 0 | fr2kr: 0 | lpr2kr: 1000 | cap2udp: 0 | kr2udp: 1 | 
2026-05-03 20:22:01,020 - INFO     - img2od: 0 | od2fr: 0 | od2lpr: 95 | od2cap: 0 | fr2kr: 0 | lpr2kr: 1000 | cap2udp: 0 | kr2udp: 0 | 
2026-05-03 20:22:02,021 - INFO     - img2od: 0 | od2fr: 0 | od2lpr: 92 | od2cap: 0 | fr2kr: 0 | lpr2kr: 1000 | cap2udp: 0 | kr2udp: 1 | 
2026-05-03 20:22:03,022 - INFO     - img2od: 0 | od2fr: 0 | od2lpr: 89 | od2cap: 0 | fr2kr: 0 | lpr2kr: 1000 | cap2udp: 0 | kr2udp: 1 | 
2026-05-03 20:22:04,023 - INFO     - img2od: 0 | od2fr: 0 | od2lpr: 86 | od2cap: 0 | fr2kr: 0 | lpr2kr: 1000 | cap2udp: 0 | kr2udp: 1 | 
2026-05-03 20:22:05,024 - INFO     - img2od: 0 | od2fr: 0 | od2lpr: 82 | od2cap: 0 | fr2kr: 0 | lpr2kr: 1000 | cap2udp: 0 | kr2udp: 1 | 
2026-05-03 20:22:06,025 - INFO     - img2od: 0 | od2fr: 0 | od2lpr: 80 | od2cap: 0 | fr2kr: 0 | lpr2kr: 1000 | cap2udp: 0 | kr2udp: 1 | 
2026-05-03 20:22:07,026 - INFO     - img2od: 0 | od2fr: 0 | od2lpr: 76 | od2cap: 0 | fr2kr: 0 | lpr2kr: 1000 | cap2udp: 0 | kr2udp: 1 | 
2026-05-03 20:22:08,027 - INFO     - img2od: 0 | od2fr: 0 | od2lpr: 73 | od2cap: 0 | fr2kr: 0 | lpr2kr: 1000 | cap2udp: 0 | kr2udp: 1 | 
2026-05-03 20:22:09,028 - INFO     - img2od: 0 | od2fr: 0 | od2lpr: 69 | od2cap: 0 | fr2kr: 0 | lpr2kr: 1000 | cap2udp: 0 | kr2udp: 1 | 
2026-05-03 20:22:10,029 - INFO     - img2od: 0 | od2fr: 0 | od2lpr: 67 | od2cap: 0 | fr2kr: 0 | lpr2kr: 1000 | cap2udp: 0 | kr2udp: 1 | 
2026-05-03 20:22:11,030 - INFO     - img2od: 0 | od2fr: 0 | od2lpr: 64 | od2cap: 0 | fr2kr: 0 | lpr2kr: 1000 | cap2udp: 0 | kr2udp: 1 | 
2026-05-03 20:22:12,031 - INFO     - img2od: 0 | od2fr: 0 | od2lpr: 61 | od2cap: 0 | fr2kr: 0 | lpr2kr: 1000 | cap2udp: 0 | kr2udp: 1 | 
2026-05-03 20:22:13,032 - INFO     - img2od: 0 | od2fr: 0 | od2lpr: 57 | od2cap: 0 | fr2kr: 0 | lpr2kr: 1000 | cap2udp: 0 | kr2udp: 1 | 
2026-05-03 20:22:14,033 - INFO     - img2od: 0 | od2fr: 0 | od2lpr: 55 | od2cap: 0 | fr2kr: 0 | lpr2kr: 1000 | cap2udp: 0 | kr2udp: 1 | 
2026-05-03 20:22:15,034 - INFO     - img2od: 0 | od2fr: 0 | od2lpr: 52 | od2cap: 0 | fr2kr: 0 | lpr2kr: 1000 | cap2udp: 0 | kr2udp: 1 | 
2026-05-03 20:22:16,035 - INFO     - img2od: 0 | od2fr: 0 | od2lpr: 48 | od2cap: 0 | fr2kr: 0 | lpr2kr: 1000 | cap2udp: 0 | kr2udp: 1 | 
2026-05-03 20:22:17,036 - INFO     - img2od: 0 | od2fr: 0 | od2lpr: 46 | od2cap: 0 | fr2kr: 0 | lpr2kr: 1000 | cap2udp: 0 | kr2udp: 1 | 
2026-05-03 20:22:18,037 - INFO     - img2od: 0 | od2fr: 0 | od2lpr: 43 | od2cap: 0 | fr2kr: 0 | lpr2kr: 1000 | cap2udp: 0 | kr2udp: 1 | 
2026-05-03 20:22:19,038 - INFO     - img2od: 0 | od2fr: 0 | od2lpr: 40 | od2cap: 0 | fr2kr: 0 | lpr2kr: 1000 | cap2udp: 0 | kr2udp: 1 | 
2026-05-03 20:22:20,039 - INFO     - img2od: 0 | od2fr: 0 | od2lpr: 37 | od2cap: 0 | fr2kr: 0 | lpr2kr: 1000 | cap2udp: 0 | kr2udp: 1 | 
2026-05-03 20:22:21,040 - INFO     - img2od: 0 | od2fr: 0 | od2lpr: 34 | od2cap: 0 | fr2kr: 0 | lpr2kr: 1000 | cap2udp: 0 | kr2udp: 1 | 
2026-05-03 20:22:22,041 - INFO     - img2od: 0 | od2fr: 0 | od2lpr: 31 | od2cap: 0 | fr2kr: 0 | lpr2kr: 1000 | cap2udp: 0 | kr2udp: 1 | 
2026-05-03 20:22:23,042 - INFO     - img2od: 0 | od2fr: 0 | od2lpr: 28 | od2cap: 0 | fr2kr: 0 | lpr2kr: 1000 | cap2udp: 0 | kr2udp: 2 | 
2026-05-03 20:22:24,043 - INFO     - img2od: 0 | od2fr: 0 | od2lpr: 25 | od2cap: 0 | fr2kr: 0 | lpr2kr: 1000 | cap2udp: 0 | kr2udp: 0 | 
2026-05-03 20:22:25,044 - INFO     - img2od: 0 | od2fr: 0 | od2lpr: 22 | od2cap: 0 | fr2kr: 0 | lpr2kr: 1000 | cap2udp: 0 | kr2udp: 0 | 
2026-05-03 20:22:26,045 - INFO     - img2od: 0 | od2fr: 0 | od2lpr: 19 | od2cap: 0 | fr2kr: 0 | lpr2kr: 1000 | cap2udp: 0 | kr2udp: 1 | 
2026-05-03 20:22:27,046 - INFO     - img2od: 0 | od2fr: 0 | od2lpr: 17 | od2cap: 0 | fr2kr: 0 | lpr2kr: 1000 | cap2udp: 0 | kr2udp: 1 | 
2026-05-03 20:22:28,047 - INFO     - img2od: 0 | od2fr: 0 | od2lpr: 14 | od2cap: 0 | fr2kr: 0 | lpr2kr: 1000 | cap2udp: 0 | kr2udp: 1 | 
2026-05-03 20:22:29,048 - INFO     - img2od: 0 | od2fr: 0 | od2lpr: 11 | od2cap: 0 | fr2kr: 0 | lpr2kr: 1000 | cap2udp: 0 | kr2udp: 0 | 
2026-05-03 20:22:30,049 - INFO     - img2od: 0 | od2fr: 0 | od2lpr: 8 | od2cap: 0 | fr2kr: 0 | lpr2kr: 1000 | cap2udp: 0 | kr2udp: 0 | 
2026-05-03 20:22:31,050 - INFO     - img2od: 0 | od2fr: 0 | od2lpr: 5 | od2cap: 0 | fr2kr: 0 | lpr2kr: 1000 | cap2udp: 0 | kr2udp: 1 | 
loading model on device: cuda
Initializing checkpoint: PekingU/rtdetr_r50vd, ID: 0
2026-05-03 20:22:32,051 - INFO     - img2od: 0 | od2fr: 0 | od2lpr: 2 | od2cap: 0 | fr2kr: 0 | lpr2kr: 1000 | cap2udp: 0 | kr2udp: 0 | 
2026-05-03 20:22:32,655 - INFO     - lprStream    : Received END signal, shutting down
2026-05-03 20:22:33,046 - INFO     - lprStream    : shutdown successful
2026-05-03 20:22:33,052 - INFO     - img2od: 0 | od2fr: 0 | od2lpr: 0 | od2cap: 0 | fr2kr: 0 | lpr2kr: 1000 | cap2udp: 0 | kr2udp: 1 | 
2026-05-03 20:22:34,053 - INFO     - img2od: 0 | od2fr: 0 | od2lpr: 0 | od2cap: 0 | fr2kr: 0 | lpr2kr: 996 | cap2udp: 0 | kr2udp: 0 | 
2026-05-03 20:22:35,054 - INFO     - img2od: 0 | od2fr: 0 | od2lpr: 0 | od2cap: 0 | fr2kr: 0 | lpr2kr: 992 | cap2udp: 0 | kr2udp: 1 | 
2026-05-03 20:22:36,055 - INFO     - img2od: 0 | od2fr: 0 | od2lpr: 0 | od2cap: 0 | fr2kr: 0 | lpr2kr: 988 | cap2udp: 0 | kr2udp: 1 | 
2026-05-03 20:22:37,056 - INFO     - img2od: 0 | od2fr: 0 | od2lpr: 0 | od2cap: 0 | fr2kr: 0 | lpr2kr: 985 | cap2udp: 0 | kr2udp: 1 | 
2026-05-03 20:22:38,057 - INFO     - img2od: 0 | od2fr: 0 | od2lpr: 0 | od2cap: 0 | fr2kr: 0 | lpr2kr: 981 | cap2udp: 0 | kr2udp: 1 | 
2026-05-03 20:22:39,058 - INFO     - img2od: 0 | od2fr: 0 | od2lpr: 0 | od2cap: 0 | fr2kr: 0 | lpr2kr: 977 | cap2udp: 0 | kr2udp: 0 | 
2026-05-03 20:22:40,060 - INFO     - img2od: 0 | od2fr: 0 | od2lpr: 0 | od2cap: 0 | fr2kr: 0 | lpr2kr: 973 | cap2udp: 0 | kr2udp: 0 | 
2026-05-03 20:22:41,061 - INFO     - img2od: 0 | od2fr: 0 | od2lpr: 0 | od2cap: 0 | fr2kr: 0 | lpr2kr: 970 | cap2udp: 0 | kr2udp: 1 | 
2026-05-03 20:22:42,062 - INFO     - img2od: 0 | od2fr: 0 | od2lpr: 0 | od2cap: 0 | fr2kr: 0 | lpr2kr: 966 | cap2udp: 0 | kr2udp: 1 | 
2026-05-03 20:22:43,063 - INFO     - img2od: 0 | od2fr: 0 | od2lpr: 0 | od2cap: 0 | fr2kr: 0 | lpr2kr: 962 | cap2udp: 0 | kr2udp: 1 | 
2026-05-03 20:22:44,065 - INFO     - img2od: 0 | od2fr: 0 | od2lpr: 0 | od2cap: 0 | fr2kr: 0 | lpr2kr: 958 | cap2udp: 0 | kr2udp: 1 | 
2026-05-03 20:22:45,066 - INFO     - img2od: 0 | od2fr: 0 | od2lpr: 0 | od2cap: 0 | fr2kr: 0 | lpr2kr: 955 | cap2udp: 0 | kr2udp: 1 | 
2026-05-03 20:22:46,067 - INFO     - img2od: 0 | od2fr: 0 | od2lpr: 0 | od2cap: 0 | fr2kr: 0 | lpr2kr: 951 | cap2udp: 0 | kr2udp: 1 | 
2026-05-03 20:22:47,068 - INFO     - img2od: 0 | od2fr: 0 | od2lpr: 0 | od2cap: 0 | fr2kr: 0 | lpr2kr: 947 | cap2udp: 0 | kr2udp: 0 | 
2026-05-03 20:22:48,069 - INFO     - img2od: 0 | od2fr: 0 | od2lpr: 0 | od2cap: 0 | fr2kr: 0 | lpr2kr: 944 | cap2udp: 0 | kr2udp: 1 | 
2026-05-03 20:22:49,070 - INFO     - img2od: 0 | od2fr: 0 | od2lpr: 0 | od2cap: 0 | fr2kr: 0 | lpr2kr: 940 | cap2udp: 0 | kr2udp: 1 | 
2026-05-03 20:22:50,071 - INFO     - img2od: 0 | od2fr: 0 | od2lpr: 0 | od2cap: 0 | fr2kr: 0 | lpr2kr: 936 | cap2udp: 0 | kr2udp: 1 | 
2026-05-03 20:22:51,072 - INFO     - img2od: 0 | od2fr: 0 | od2lpr: 0 | od2cap: 0 | fr2kr: 0 | lpr2kr: 932 | cap2udp: 0 | kr2udp: 1 | 
2026-05-03 20:22:52,074 - INFO     - img2od: 0 | od2fr: 0 | od2lpr: 0 | od2cap: 0 | fr2kr: 0 | lpr2kr: 929 | cap2udp: 0 | kr2udp: 1 | 
2026-05-03 20:22:53,075 - INFO     - img2od: 0 | od2fr: 0 | od2lpr: 0 | od2cap: 0 | fr2kr: 0 | lpr2kr: 925 | cap2udp: 0 | kr2udp: 1 | 
2026-05-03 20:22:54,076 - INFO     - img2od: 0 | od2fr: 0 | od2lpr: 0 | od2cap: 0 | fr2kr: 0 | lpr2kr: 921 | cap2udp: 0 | kr2udp: 0 | 
2026-05-03 20:22:55,077 - INFO     - img2od: 0 | od2fr: 0 | od2lpr: 0 | od2cap: 0 | fr2kr: 0 | lpr2kr: 917 | cap2udp: 0 | kr2udp: 1 | 
2026-05-03 20:22:56,079 - INFO     - img2od: 0 | od2fr: 0 | od2lpr: 0 | od2cap: 0 | fr2kr: 0 | lpr2kr: 914 | cap2udp: 0 | kr2udp: 1 | 
2026-05-03 20:22:57,080 - INFO     - img2od: 0 | od2fr: 0 | od2lpr: 0 | od2cap: 0 | fr2kr: 0 | lpr2kr: 910 | cap2udp: 0 | kr2udp: 1 | 
2026-05-03 20:22:58,081 - INFO     - img2od: 0 | od2fr: 0 | od2lpr: 0 | od2cap: 0 | fr2kr: 0 | lpr2kr: 906 | cap2udp: 0 | kr2udp: 1 | 
2026-05-03 20:22:59,082 - INFO     - img2od: 0 | od2fr: 0 | od2lpr: 0 | od2cap: 0 | fr2kr: 0 | lpr2kr: 903 | cap2udp: 0 | kr2udp: 1 | 
2026-05-03 20:23:00,083 - INFO     - img2od: 0 | od2fr: 0 | od2lpr: 0 | od2cap: 0 | fr2kr: 0 | lpr2kr: 899 | cap2udp: 0 | kr2udp: 1 | 
2026-05-03 20:23:01,084 - INFO     - img2od: 0 | od2fr: 0 | od2lpr: 0 | od2cap: 0 | fr2kr: 0 | lpr2kr: 895 | cap2udp: 0 | kr2udp: 0 | 
2026-05-03 20:23:02,085 - INFO     - img2od: 0 | od2fr: 0 | od2lpr: 0 | od2cap: 0 | fr2kr: 0 | lpr2kr: 891 | cap2udp: 0 | kr2udp: 1 | 
2026-05-03 20:23:03,087 - INFO     - img2od: 0 | od2fr: 0 | od2lpr: 0 | od2cap: 0 | fr2kr: 0 | lpr2kr: 888 | cap2udp: 0 | kr2udp: 1 | 
2026-05-03 20:23:04,088 - INFO     - img2od: 0 | od2fr: 0 | od2lpr: 0 | od2cap: 0 | fr2kr: 0 | lpr2kr: 884 | cap2udp: 0 | kr2udp: 1 | 
2026-05-03 20:23:05,089 - INFO     - img2od: 0 | od2fr: 0 | od2lpr: 0 | od2cap: 0 | fr2kr: 0 | lpr2kr: 880 | cap2udp: 0 | kr2udp: 0 | 
2026-05-03 20:23:06,090 - INFO     - img2od: 0 | od2fr: 0 | od2lpr: 0 | od2cap: 0 | fr2kr: 0 | lpr2kr: 876 | cap2udp: 0 | kr2udp: 1 | 
2026-05-03 20:23:07,092 - INFO     - img2od: 0 | od2fr: 0 | od2lpr: 0 | od2cap: 0 | fr2kr: 0 | lpr2kr: 873 | cap2udp: 0 | kr2udp: 1 | 
2026-05-03 20:23:08,093 - INFO     - img2od: 0 | od2fr: 0 | od2lpr: 0 | od2cap: 0 | fr2kr: 0 | lpr2kr: 869 | cap2udp: 0 | kr2udp: 1 | 
2026-05-03 20:23:09,094 - INFO     - img2od: 0 | od2fr: 0 | od2lpr: 0 | od2cap: 0 | fr2kr: 0 | lpr2kr: 865 | cap2udp: 0 | kr2udp: 0 | 
2026-05-03 20:23:10,095 - INFO     - img2od: 0 | od2fr: 0 | od2lpr: 0 | od2cap: 0 | fr2kr: 0 | lpr2kr: 861 | cap2udp: 0 | kr2udp: 1 | 
2026-05-03 20:23:11,096 - INFO     - img2od: 0 | od2fr: 0 | od2lpr: 0 | od2cap: 0 | fr2kr: 0 | lpr2kr: 858 | cap2udp: 0 | kr2udp: 1 | 
2026-05-03 20:23:12,098 - INFO     - img2od: 0 | od2fr: 0 | od2lpr: 0 | od2cap: 0 | fr2kr: 0 | lpr2kr: 854 | cap2udp: 0 | kr2udp: 1 | 
2026-05-03 20:23:13,099 - INFO     - img2od: 0 | od2fr: 0 | od2lpr: 0 | od2cap: 0 | fr2kr: 0 | lpr2kr: 850 | cap2udp: 0 | kr2udp: 0 | 
2026-05-03 20:23:14,100 - INFO     - img2od: 0 | od2fr: 0 | od2lpr: 0 | od2cap: 0 | fr2kr: 0 | lpr2kr: 847 | cap2udp: 0 | kr2udp: 1 | 
2026-05-03 20:23:15,101 - INFO     - img2od: 0 | od2fr: 0 | od2lpr: 0 | od2cap: 0 | fr2kr: 0 | lpr2kr: 843 | cap2udp: 0 | kr2udp: 1 | 
2026-05-03 20:23:16,102 - INFO     - img2od: 0 | od2fr: 0 | od2lpr: 0 | od2cap: 0 | fr2kr: 0 | lpr2kr: 839 | cap2udp: 0 | kr2udp: 0 | 
2026-05-03 20:23:17,103 - INFO     - img2od: 0 | od2fr: 0 | od2lpr: 0 | od2cap: 0 | fr2kr: 0 | lpr2kr: 835 | cap2udp: 0 | kr2udp: 1 | 
2026-05-03 20:23:18,104 - INFO     - img2od: 0 | od2fr: 0 | od2lpr: 0 | od2cap: 0 | fr2kr: 0 | lpr2kr: 832 | cap2udp: 0 | kr2udp: 1 | 
2026-05-03 20:23:19,105 - INFO     - img2od: 0 | od2fr: 0 | od2lpr: 0 | od2cap: 0 | fr2kr: 0 | lpr2kr: 828 | cap2udp: 0 | kr2udp: 1 | 
2026-05-03 20:23:20,106 - INFO     - img2od: 0 | od2fr: 0 | od2lpr: 0 | od2cap: 0 | fr2kr: 0 | lpr2kr: 824 | cap2udp: 0 | kr2udp: 0 | 
2026-05-03 20:23:21,107 - INFO     - img2od: 0 | od2fr: 0 | od2lpr: 0 | od2cap: 0 | fr2kr: 0 | lpr2kr: 820 | cap2udp: 0 | kr2udp: 0 | 
2026-05-03 20:23:22,109 - INFO     - img2od: 0 | od2fr: 0 | od2lpr: 0 | od2cap: 0 | fr2kr: 0 | lpr2kr: 817 | cap2udp: 0 | kr2udp: 1 | 
2026-05-03 20:23:23,110 - INFO     - img2od: 0 | od2fr: 0 | od2lpr: 0 | od2cap: 0 | fr2kr: 0 | lpr2kr: 813 | cap2udp: 0 | kr2udp: 1 | 
2026-05-03 20:23:24,111 - INFO     - img2od: 0 | od2fr: 0 | od2lpr: 0 | od2cap: 0 | fr2kr: 0 | lpr2kr: 809 | cap2udp: 0 | kr2udp: 1 | 
2026-05-03 20:23:25,112 - INFO     - img2od: 0 | od2fr: 0 | od2lpr: 0 | od2cap: 0 | fr2kr: 0 | lpr2kr: 805 | cap2udp: 0 | kr2udp: 1 | 
2026-05-03 20:23:26,114 - INFO     - img2od: 0 | od2fr: 0 | od2lpr: 0 | od2cap: 0 | fr2kr: 0 | lpr2kr: 802 | cap2udp: 0 | kr2udp: 1 | 
2026-05-03 20:23:27,115 - INFO     - img2od: 0 | od2fr: 0 | od2lpr: 0 | od2cap: 0 | fr2kr: 0 | lpr2kr: 798 | cap2udp: 0 | kr2udp: 0 | 
2026-05-03 20:23:28,116 - INFO     - img2od: 0 | od2fr: 0 | od2lpr: 0 | od2cap: 0 | fr2kr: 0 | lpr2kr: 794 | cap2udp: 0 | kr2udp: 0 | 
2026-05-03 20:23:29,117 - INFO     - img2od: 0 | od2fr: 0 | od2lpr: 0 | od2cap: 0 | fr2kr: 0 | lpr2kr: 791 | cap2udp: 0 | kr2udp: 1 | 
2026-05-03 20:23:30,118 - INFO     - img2od: 0 | od2fr: 0 | od2lpr: 0 | od2cap: 0 | fr2kr: 0 | lpr2kr: 787 | cap2udp: 0 | kr2udp: 1 | 
2026-05-03 20:23:31,120 - INFO     - img2od: 0 | od2fr: 0 | od2lpr: 0 | od2cap: 0 | fr2kr: 0 | lpr2kr: 783 | cap2udp: 0 | kr2udp: 0 | 
2026-05-03 20:23:32,121 - INFO     - img2od: 0 | od2fr: 0 | od2lpr: 0 | od2cap: 0 | fr2kr: 0 | lpr2kr: 779 | cap2udp: 0 | kr2udp: 1 | 
2026-05-03 20:23:33,122 - INFO     - img2od: 0 | od2fr: 0 | od2lpr: 0 | od2cap: 0 | fr2kr: 0 | lpr2kr: 776 | cap2udp: 0 | kr2udp: 1 | 
2026-05-03 20:23:34,123 - INFO     - img2od: 0 | od2fr: 0 | od2lpr: 0 | od2cap: 0 | fr2kr: 0 | lpr2kr: 772 | cap2udp: 0 | kr2udp: 1 | 
2026-05-03 20:23:35,124 - INFO     - img2od: 0 | od2fr: 0 | od2lpr: 0 | od2cap: 0 | fr2kr: 0 | lpr2kr: 768 | cap2udp: 0 | kr2udp: 0 | 
2026-05-03 20:23:36,125 - INFO     - img2od: 0 | od2fr: 0 | od2lpr: 0 | od2cap: 0 | fr2kr: 0 | lpr2kr: 764 | cap2udp: 0 | kr2udp: 1 | 
2026-05-03 20:23:37,126 - INFO     - img2od: 0 | od2fr: 0 | od2lpr: 0 | od2cap: 0 | fr2kr: 0 | lpr2kr: 761 | cap2udp: 0 | kr2udp: 1 | 
2026-05-03 20:23:38,127 - INFO     - img2od: 0 | od2fr: 0 | od2lpr: 0 | od2cap: 0 | fr2kr: 0 | lpr2kr: 757 | cap2udp: 0 | kr2udp: 1 | 
2026-05-03 20:23:39,128 - INFO     - img2od: 0 | od2fr: 0 | od2lpr: 0 | od2cap: 0 | fr2kr: 0 | lpr2kr: 753 | cap2udp: 0 | kr2udp: 1 | 
2026-05-03 20:23:40,129 - INFO     - img2od: 0 | od2fr: 0 | od2lpr: 0 | od2cap: 0 | fr2kr: 0 | lpr2kr: 750 | cap2udp: 0 | kr2udp: 1 | 
2026-05-03 20:23:41,130 - INFO     - img2od: 0 | od2fr: 0 | od2lpr: 0 | od2cap: 0 | fr2kr: 0 | lpr2kr: 746 | cap2udp: 0 | kr2udp: 1 | 
2026-05-03 20:23:42,132 - INFO     - img2od: 0 | od2fr: 0 | od2lpr: 0 | od2cap: 0 | fr2kr: 0 | lpr2kr: 742 | cap2udp: 0 | kr2udp: 0 | 
2026-05-03 20:23:43,133 - INFO     - img2od: 0 | od2fr: 0 | od2lpr: 0 | od2cap: 0 | fr2kr: 0 | lpr2kr: 738 | cap2udp: 0 | kr2udp: 0 | 
2026-05-03 20:23:44,134 - INFO     - img2od: 0 | od2fr: 0 | od2lpr: 0 | od2cap: 0 | fr2kr: 0 | lpr2kr: 735 | cap2udp: 0 | kr2udp: 1 | 
2026-05-03 20:23:45,135 - INFO     - img2od: 0 | od2fr: 0 | od2lpr: 0 | od2cap: 0 | fr2kr: 0 | lpr2kr: 731 | cap2udp: 0 | kr2udp: 1 | 
2026-05-03 20:23:46,137 - INFO     - img2od: 0 | od2fr: 0 | od2lpr: 0 | od2cap: 0 | fr2kr: 0 | lpr2kr: 727 | cap2udp: 0 | kr2udp: 1 | 
2026-05-03 20:23:47,138 - INFO     - img2od: 0 | od2fr: 0 | od2lpr: 0 | od2cap: 0 | fr2kr: 0 | lpr2kr: 723 | cap2udp: 0 | kr2udp: 1 | 
2026-05-03 20:23:48,139 - INFO     - img2od: 0 | od2fr: 0 | od2lpr: 0 | od2cap: 0 | fr2kr: 0 | lpr2kr: 720 | cap2udp: 0 | kr2udp: 1 | 
2026-05-03 20:23:49,140 - INFO     - img2od: 0 | od2fr: 0 | od2lpr: 0 | od2cap: 0 | fr2kr: 0 | lpr2kr: 716 | cap2udp: 0 | kr2udp: 1 | 
2026-05-03 20:23:50,142 - INFO     - img2od: 0 | od2fr: 0 | od2lpr: 0 | od2cap: 0 | fr2kr: 0 | lpr2kr: 712 | cap2udp: 0 | kr2udp: 0 | 
2026-05-03 20:23:51,143 - INFO     - img2od: 0 | od2fr: 0 | od2lpr: 0 | od2cap: 0 | fr2kr: 0 | lpr2kr: 708 | cap2udp: 0 | kr2udp: 1 | 
2026-05-03 20:23:52,144 - INFO     - img2od: 0 | od2fr: 0 | od2lpr: 0 | od2cap: 0 | fr2kr: 0 | lpr2kr: 705 | cap2udp: 0 | kr2udp: 1 | 
2026-05-03 20:23:53,145 - INFO     - img2od: 0 | od2fr: 0 | od2lpr: 0 | od2cap: 0 | fr2kr: 0 | lpr2kr: 701 | cap2udp: 0 | kr2udp: 0 | 
2026-05-03 20:23:54,146 - INFO     - img2od: 0 | od2fr: 0 | od2lpr: 0 | od2cap: 0 | fr2kr: 0 | lpr2kr: 697 | cap2udp: 0 | kr2udp: 1 | 
2026-05-03 20:23:55,147 - INFO     - img2od: 0 | od2fr: 0 | od2lpr: 0 | od2cap: 0 | fr2kr: 0 | lpr2kr: 694 | cap2udp: 0 | kr2udp: 1 | 
2026-05-03 20:23:56,148 - INFO     - img2od: 0 | od2fr: 0 | od2lpr: 0 | od2cap: 0 | fr2kr: 0 | lpr2kr: 690 | cap2udp: 0 | kr2udp: 1 | 
2026-05-03 20:23:57,149 - INFO     - img2od: 0 | od2fr: 0 | od2lpr: 0 | od2cap: 0 | fr2kr: 0 | lpr2kr: 686 | cap2udp: 0 | kr2udp: 0 | 
2026-05-03 20:23:58,151 - INFO     - img2od: 0 | od2fr: 0 | od2lpr: 0 | od2cap: 0 | fr2kr: 0 | lpr2kr: 682 | cap2udp: 0 | kr2udp: 1 | 
2026-05-03 20:23:59,152 - INFO     - img2od: 0 | od2fr: 0 | od2lpr: 0 | od2cap: 0 | fr2kr: 0 | lpr2kr: 679 | cap2udp: 0 | kr2udp: 1 | 
2026-05-03 20:24:00,153 - INFO     - img2od: 0 | od2fr: 0 | od2lpr: 0 | od2cap: 0 | fr2kr: 0 | lpr2kr: 675 | cap2udp: 0 | kr2udp: 1 | 
2026-05-03 20:24:01,154 - INFO     - img2od: 0 | od2fr: 0 | od2lpr: 0 | od2cap: 0 | fr2kr: 0 | lpr2kr: 671 | cap2udp: 0 | kr2udp: 0 | 
2026-05-03 20:24:02,156 - INFO     - img2od: 0 | od2fr: 0 | od2lpr: 0 | od2cap: 0 | fr2kr: 0 | lpr2kr: 667 | cap2udp: 0 | kr2udp: 1 | 
2026-05-03 20:24:03,157 - INFO     - img2od: 0 | od2fr: 0 | od2lpr: 0 | od2cap: 0 | fr2kr: 0 | lpr2kr: 664 | cap2udp: 0 | kr2udp: 1 | 
2026-05-03 20:24:04,158 - INFO     - img2od: 0 | od2fr: 0 | od2lpr: 0 | od2cap: 0 | fr2kr: 0 | lpr2kr: 660 | cap2udp: 0 | kr2udp: 1 | 
2026-05-03 20:24:05,159 - INFO     - img2od: 0 | od2fr: 0 | od2lpr: 0 | od2cap: 0 | fr2kr: 0 | lpr2kr: 656 | cap2udp: 0 | kr2udp: 1 | 
2026-05-03 20:24:06,160 - INFO     - img2od: 0 | od2fr: 0 | od2lpr: 0 | od2cap: 0 | fr2kr: 0 | lpr2kr: 653 | cap2udp: 0 | kr2udp: 1 | 
2026-05-03 20:24:07,162 - INFO     - img2od: 0 | od2fr: 0 | od2lpr: 0 | od2cap: 0 | fr2kr: 0 | lpr2kr: 649 | cap2udp: 0 | kr2udp: 1 | 
2026-05-03 20:24:08,163 - INFO     - img2od: 0 | od2fr: 0 | od2lpr: 0 | od2cap: 0 | fr2kr: 0 | lpr2kr: 645 | cap2udp: 0 | kr2udp: 0 | 
2026-05-03 20:24:09,164 - INFO     - img2od: 0 | od2fr: 0 | od2lpr: 0 | od2cap: 0 | fr2kr: 0 | lpr2kr: 641 | cap2udp: 0 | kr2udp: 0 | 
2026-05-03 20:24:10,165 - INFO     - img2od: 0 | od2fr: 0 | od2lpr: 0 | od2cap: 0 | fr2kr: 0 | lpr2kr: 638 | cap2udp: 0 | kr2udp: 1 | 
2026-05-03 20:24:11,166 - INFO     - img2od: 0 | od2fr: 0 | od2lpr: 0 | od2cap: 0 | fr2kr: 0 | lpr2kr: 634 | cap2udp: 0 | kr2udp: 1 | 
2026-05-03 20:24:12,168 - INFO     - img2od: 0 | od2fr: 0 | od2lpr: 0 | od2cap: 0 | fr2kr: 0 | lpr2kr: 630 | cap2udp: 0 | kr2udp: 0 | 
2026-05-03 20:24:13,169 - INFO     - img2od: 0 | od2fr: 0 | od2lpr: 0 | od2cap: 0 | fr2kr: 0 | lpr2kr: 626 | cap2udp: 0 | kr2udp: 1 | 
2026-05-03 20:24:14,170 - INFO     - img2od: 0 | od2fr: 0 | od2lpr: 0 | od2cap: 0 | fr2kr: 0 | lpr2kr: 623 | cap2udp: 0 | kr2udp: 1 | 
2026-05-03 20:24:15,171 - INFO     - img2od: 0 | od2fr: 0 | od2lpr: 0 | od2cap: 0 | fr2kr: 0 | lpr2kr: 619 | cap2udp: 0 | kr2udp: 1 | 
2026-05-03 20:24:16,172 - INFO     - img2od: 0 | od2fr: 0 | od2lpr: 0 | od2cap: 0 | fr2kr: 0 | lpr2kr: 615 | cap2udp: 0 | kr2udp: 0 | 
2026-05-03 20:24:17,173 - INFO     - img2od: 0 | od2fr: 0 | od2lpr: 0 | od2cap: 0 | fr2kr: 0 | lpr2kr: 612 | cap2udp: 0 | kr2udp: 1 | 
2026-05-03 20:24:18,175 - INFO     - img2od: 0 | od2fr: 0 | od2lpr: 0 | od2cap: 0 | fr2kr: 0 | lpr2kr: 608 | cap2udp: 0 | kr2udp: 1 | 
2026-05-03 20:24:19,176 - INFO     - img2od: 0 | od2fr: 0 | od2lpr: 0 | od2cap: 0 | fr2kr: 0 | lpr2kr: 604 | cap2udp: 0 | kr2udp: 0 | 
2026-05-03 20:24:20,177 - INFO     - img2od: 0 | od2fr: 0 | od2lpr: 0 | od2cap: 0 | fr2kr: 0 | lpr2kr: 600 | cap2udp: 0 | kr2udp: 1 | 
2026-05-03 20:24:21,178 - INFO     - img2od: 0 | od2fr: 0 | od2lpr: 0 | od2cap: 0 | fr2kr: 0 | lpr2kr: 597 | cap2udp: 0 | kr2udp: 1 | 
2026-05-03 20:24:22,180 - INFO     - img2od: 0 | od2fr: 0 | od2lpr: 0 | od2cap: 0 | fr2kr: 0 | lpr2kr: 593 | cap2udp: 0 | kr2udp: 1 | 
2026-05-03 20:24:23,181 - INFO     - img2od: 0 | od2fr: 0 | od2lpr: 0 | od2cap: 0 | fr2kr: 0 | lpr2kr: 589 | cap2udp: 0 | kr2udp: 0 | 
2026-05-03 20:24:24,181 - INFO     - img2od: 0 | od2fr: 0 | od2lpr: 0 | od2cap: 0 | fr2kr: 0 | lpr2kr: 585 | cap2udp: 0 | kr2udp: 0 | 
2026-05-03 20:24:25,182 - INFO     - img2od: 0 | od2fr: 0 | od2lpr: 0 | od2cap: 0 | fr2kr: 0 | lpr2kr: 582 | cap2udp: 0 | kr2udp: 1 | 
2026-05-03 20:24:26,184 - INFO     - img2od: 0 | od2fr: 0 | od2lpr: 0 | od2cap: 0 | fr2kr: 0 | lpr2kr: 578 | cap2udp: 0 | kr2udp: 1 | 
2026-05-03 20:24:27,185 - INFO     - img2od: 0 | od2fr: 0 | od2lpr: 0 | od2cap: 0 | fr2kr: 0 | lpr2kr: 574 | cap2udp: 0 | kr2udp: 1 | 
2026-05-03 20:24:28,186 - INFO     - img2od: 0 | od2fr: 0 | od2lpr: 0 | od2cap: 0 | fr2kr: 0 | lpr2kr: 570 | cap2udp: 0 | kr2udp: 1 | 
2026-05-03 20:24:29,187 - INFO     - img2od: 0 | od2fr: 0 | od2lpr: 0 | od2cap: 0 | fr2kr: 0 | lpr2kr: 567 | cap2udp: 0 | kr2udp: 1 | 
2026-05-03 20:24:30,188 - INFO     - img2od: 0 | od2fr: 0 | od2lpr: 0 | od2cap: 0 | fr2kr: 0 | lpr2kr: 563 | cap2udp: 0 | kr2udp: 0 | 
2026-05-03 20:24:31,190 - INFO     - img2od: 0 | od2fr: 0 | od2lpr: 0 | od2cap: 0 | fr2kr: 0 | lpr2kr: 559 | cap2udp: 0 | kr2udp: 0 | 
2026-05-03 20:24:32,191 - INFO     - img2od: 0 | od2fr: 0 | od2lpr: 0 | od2cap: 0 | fr2kr: 0 | lpr2kr: 556 | cap2udp: 0 | kr2udp: 1 | 
2026-05-03 20:24:33,192 - INFO     - img2od: 0 | od2fr: 0 | od2lpr: 0 | od2cap: 0 | fr2kr: 0 | lpr2kr: 552 | cap2udp: 0 | kr2udp: 1 | 
2026-05-03 20:24:34,193 - INFO     - img2od: 0 | od2fr: 0 | od2lpr: 0 | od2cap: 0 | fr2kr: 0 | lpr2kr: 548 | cap2udp: 0 | kr2udp: 1 | 
2026-05-03 20:24:35,194 - INFO     - img2od: 0 | od2fr: 0 | od2lpr: 0 | od2cap: 0 | fr2kr: 0 | lpr2kr: 544 | cap2udp: 0 | kr2udp: 1 | 
2026-05-03 20:24:36,195 - INFO     - img2od: 0 | od2fr: 0 | od2lpr: 0 | od2cap: 0 | fr2kr: 0 | lpr2kr: 541 | cap2udp: 0 | kr2udp: 1 | 
2026-05-03 20:24:37,196 - INFO     - img2od: 0 | od2fr: 0 | od2lpr: 0 | od2cap: 0 | fr2kr: 0 | lpr2kr: 537 | cap2udp: 0 | kr2udp: 1 | 
2026-05-03 20:24:38,198 - INFO     - img2od: 0 | od2fr: 0 | od2lpr: 0 | od2cap: 0 | fr2kr: 0 | lpr2kr: 533 | cap2udp: 0 | kr2udp: 0 | 
2026-05-03 20:24:39,199 - INFO     - img2od: 0 | od2fr: 0 | od2lpr: 0 | od2cap: 0 | fr2kr: 0 | lpr2kr: 529 | cap2udp: 0 | kr2udp: 1 | 
2026-05-03 20:24:40,200 - INFO     - img2od: 0 | od2fr: 0 | od2lpr: 0 | od2cap: 0 | fr2kr: 0 | lpr2kr: 526 | cap2udp: 0 | kr2udp: 1 | 
2026-05-03 20:24:41,201 - INFO     - img2od: 0 | od2fr: 0 | od2lpr: 0 | od2cap: 0 | fr2kr: 0 | lpr2kr: 522 | cap2udp: 0 | kr2udp: 0 | 
2026-05-03 20:24:42,202 - INFO     - img2od: 0 | od2fr: 0 | od2lpr: 0 | od2cap: 0 | fr2kr: 0 | lpr2kr: 518 | cap2udp: 0 | kr2udp: 1 | 
2026-05-03 20:24:43,203 - INFO     - img2od: 0 | od2fr: 0 | od2lpr: 0 | od2cap: 0 | fr2kr: 0 | lpr2kr: 515 | cap2udp: 0 | kr2udp: 1 | 
2026-05-03 20:24:44,205 - INFO     - img2od: 0 | od2fr: 0 | od2lpr: 0 | od2cap: 0 | fr2kr: 0 | lpr2kr: 511 | cap2udp: 0 | kr2udp: 1 | 
2026-05-03 20:24:45,206 - INFO     - img2od: 0 | od2fr: 0 | od2lpr: 0 | od2cap: 0 | fr2kr: 0 | lpr2kr: 507 | cap2udp: 0 | kr2udp: 0 | 
2026-05-03 20:24:46,207 - INFO     - img2od: 0 | od2fr: 0 | od2lpr: 0 | od2cap: 0 | fr2kr: 0 | lpr2kr: 503 | cap2udp: 0 | kr2udp: 1 | 
2026-05-03 20:24:47,208 - INFO     - img2od: 0 | od2fr: 0 | od2lpr: 0 | od2cap: 0 | fr2kr: 0 | lpr2kr: 500 | cap2udp: 0 | kr2udp: 1 | 
2026-05-03 20:24:48,209 - INFO     - img2od: 0 | od2fr: 0 | od2lpr: 0 | od2cap: 0 | fr2kr: 0 | lpr2kr: 496 | cap2udp: 0 | kr2udp: 1 | 
2026-05-03 20:24:49,210 - INFO     - img2od: 0 | od2fr: 0 | od2lpr: 0 | od2cap: 0 | fr2kr: 0 | lpr2kr: 492 | cap2udp: 0 | kr2udp: 1 | 
2026-05-03 20:24:50,211 - INFO     - img2od: 0 | od2fr: 0 | od2lpr: 0 | od2cap: 0 | fr2kr: 0 | lpr2kr: 489 | cap2udp: 0 | kr2udp: 1 | 
2026-05-03 20:24:51,212 - INFO     - img2od: 0 | od2fr: 0 | od2lpr: 0 | od2cap: 0 | fr2kr: 0 | lpr2kr: 485 | cap2udp: 0 | kr2udp: 1 | 
2026-05-03 20:24:52,213 - INFO     - img2od: 0 | od2fr: 0 | od2lpr: 0 | od2cap: 0 | fr2kr: 0 | lpr2kr: 481 | cap2udp: 0 | kr2udp: 0 | 
2026-05-03 20:24:53,215 - INFO     - img2od: 0 | od2fr: 0 | od2lpr: 0 | od2cap: 0 | fr2kr: 0 | lpr2kr: 477 | cap2udp: 0 | kr2udp: 1 | 
2026-05-03 20:24:54,216 - INFO     - img2od: 0 | od2fr: 0 | od2lpr: 0 | od2cap: 0 | fr2kr: 0 | lpr2kr: 474 | cap2udp: 0 | kr2udp: 1 | 
2026-05-03 20:24:55,217 - INFO     - img2od: 0 | od2fr: 0 | od2lpr: 0 | od2cap: 0 | fr2kr: 0 | lpr2kr: 470 | cap2udp: 0 | kr2udp: 1 | 
2026-05-03 20:24:56,218 - INFO     - img2od: 0 | od2fr: 0 | od2lpr: 0 | od2cap: 0 | fr2kr: 0 | lpr2kr: 466 | cap2udp: 0 | kr2udp: 1 | 
2026-05-03 20:24:57,219 - INFO     - img2od: 0 | od2fr: 0 | od2lpr: 0 | od2cap: 0 | fr2kr: 0 | lpr2kr: 462 | cap2udp: 0 | kr2udp: 1 | 
2026-05-03 20:24:58,220 - INFO     - img2od: 0 | od2fr: 0 | od2lpr: 0 | od2cap: 0 | fr2kr: 0 | lpr2kr: 459 | cap2udp: 0 | kr2udp: 1 | 
2026-05-03 20:24:59,221 - INFO     - img2od: 0 | od2fr: 0 | od2lpr: 0 | od2cap: 0 | fr2kr: 0 | lpr2kr: 455 | cap2udp: 0 | kr2udp: 1 | 
2026-05-03 20:25:00,223 - INFO     - img2od: 0 | od2fr: 0 | od2lpr: 0 | od2cap: 0 | fr2kr: 0 | lpr2kr: 451 | cap2udp: 0 | kr2udp: 0 | 
2026-05-03 20:25:01,224 - INFO     - img2od: 0 | od2fr: 0 | od2lpr: 0 | od2cap: 0 | fr2kr: 0 | lpr2kr: 448 | cap2udp: 0 | kr2udp: 1 | 
2026-05-03 20:25:02,225 - INFO     - img2od: 0 | od2fr: 0 | od2lpr: 0 | od2cap: 0 | fr2kr: 0 | lpr2kr: 444 | cap2udp: 0 | kr2udp: 1 | 
2026-05-03 20:25:03,226 - INFO     - img2od: 0 | od2fr: 0 | od2lpr: 0 | od2cap: 0 | fr2kr: 0 | lpr2kr: 440 | cap2udp: 0 | kr2udp: 1 | 
2026-05-03 20:25:04,227 - INFO     - img2od: 0 | od2fr: 0 | od2lpr: 0 | od2cap: 0 | fr2kr: 0 | lpr2kr: 436 | cap2udp: 0 | kr2udp: 1 | 
2026-05-03 20:25:05,228 - INFO     - img2od: 0 | od2fr: 0 | od2lpr: 0 | od2cap: 0 | fr2kr: 0 | lpr2kr: 433 | cap2udp: 0 | kr2udp: 1 | 
2026-05-03 20:25:06,229 - INFO     - img2od: 0 | od2fr: 0 | od2lpr: 0 | od2cap: 0 | fr2kr: 0 | lpr2kr: 429 | cap2udp: 0 | kr2udp: 0 | 
2026-05-03 20:25:07,230 - INFO     - img2od: 0 | od2fr: 0 | od2lpr: 0 | od2cap: 0 | fr2kr: 0 | lpr2kr: 426 | cap2udp: 0 | kr2udp: 0 | 
2026-05-03 20:25:08,231 - INFO     - img2od: 0 | od2fr: 0 | od2lpr: 0 | od2cap: 0 | fr2kr: 0 | lpr2kr: 422 | cap2udp: 0 | kr2udp: 0 | 
2026-05-03 20:25:09,232 - INFO     - img2od: 0 | od2fr: 0 | od2lpr: 0 | od2cap: 0 | fr2kr: 0 | lpr2kr: 418 | cap2udp: 0 | kr2udp: 1 | 
2026-05-03 20:25:10,233 - INFO     - img2od: 0 | od2fr: 0 | od2lpr: 0 | od2cap: 0 | fr2kr: 0 | lpr2kr: 413 | cap2udp: 0 | kr2udp: 1 | 
2026-05-03 20:25:11,235 - INFO     - img2od: 0 | od2fr: 0 | od2lpr: 0 | od2cap: 0 | fr2kr: 0 | lpr2kr: 409 | cap2udp: 0 | kr2udp: 0 | 
2026-05-03 20:25:12,236 - INFO     - img2od: 0 | od2fr: 0 | od2lpr: 0 | od2cap: 0 | fr2kr: 0 | lpr2kr: 405 | cap2udp: 0 | kr2udp: 1 | 
2026-05-03 20:25:13,237 - INFO     - img2od: 0 | od2fr: 0 | od2lpr: 0 | od2cap: 0 | fr2kr: 0 | lpr2kr: 400 | cap2udp: 0 | kr2udp: 0 | 
2026-05-03 20:25:14,238 - INFO     - img2od: 0 | od2fr: 0 | od2lpr: 0 | od2cap: 0 | fr2kr: 0 | lpr2kr: 396 | cap2udp: 0 | kr2udp: 1 | 
2026-05-03 20:25:15,239 - INFO     - img2od: 0 | od2fr: 0 | od2lpr: 0 | od2cap: 0 | fr2kr: 0 | lpr2kr: 391 | cap2udp: 0 | kr2udp: 1 | 
2026-05-03 20:25:16,240 - INFO     - img2od: 0 | od2fr: 0 | od2lpr: 0 | od2cap: 0 | fr2kr: 0 | lpr2kr: 387 | cap2udp: 0 | kr2udp: 1 | 
2026-05-03 20:25:17,242 - INFO     - img2od: 0 | od2fr: 0 | od2lpr: 0 | od2cap: 0 | fr2kr: 0 | lpr2kr: 383 | cap2udp: 0 | kr2udp: 1 | 
2026-05-03 20:25:18,243 - INFO     - img2od: 0 | od2fr: 0 | od2lpr: 0 | od2cap: 0 | fr2kr: 0 | lpr2kr: 378 | cap2udp: 0 | kr2udp: 0 | 
2026-05-03 20:25:19,244 - INFO     - img2od: 0 | od2fr: 0 | od2lpr: 0 | od2cap: 0 | fr2kr: 0 | lpr2kr: 374 | cap2udp: 0 | kr2udp: 1 | 
2026-05-03 20:25:20,245 - INFO     - img2od: 0 | od2fr: 0 | od2lpr: 0 | od2cap: 0 | fr2kr: 0 | lpr2kr: 369 | cap2udp: 0 | kr2udp: 1 | 
2026-05-03 20:25:21,247 - INFO     - img2od: 0 | od2fr: 0 | od2lpr: 0 | od2cap: 0 | fr2kr: 0 | lpr2kr: 365 | cap2udp: 0 | kr2udp: 1 | 
2026-05-03 20:25:22,248 - INFO     - img2od: 0 | od2fr: 0 | od2lpr: 0 | od2cap: 0 | fr2kr: 0 | lpr2kr: 360 | cap2udp: 0 | kr2udp: 0 | 
2026-05-03 20:25:23,249 - INFO     - img2od: 0 | od2fr: 0 | od2lpr: 0 | od2cap: 0 | fr2kr: 0 | lpr2kr: 356 | cap2udp: 0 | kr2udp: 1 | 
2026-05-03 20:25:24,250 - INFO     - img2od: 0 | od2fr: 0 | od2lpr: 0 | od2cap: 0 | fr2kr: 0 | lpr2kr: 352 | cap2udp: 0 | kr2udp: 1 | 
2026-05-03 20:25:25,251 - INFO     - img2od: 0 | od2fr: 0 | od2lpr: 0 | od2cap: 0 | fr2kr: 0 | lpr2kr: 347 | cap2udp: 0 | kr2udp: 0 | 
2026-05-03 20:25:26,253 - INFO     - img2od: 0 | od2fr: 0 | od2lpr: 0 | od2cap: 0 | fr2kr: 0 | lpr2kr: 343 | cap2udp: 0 | kr2udp: 1 | 
2026-05-03 20:25:27,254 - INFO     - img2od: 0 | od2fr: 0 | od2lpr: 0 | od2cap: 0 | fr2kr: 0 | lpr2kr: 338 | cap2udp: 0 | kr2udp: 0 | 
2026-05-03 20:25:28,255 - INFO     - img2od: 0 | od2fr: 0 | od2lpr: 0 | od2cap: 0 | fr2kr: 0 | lpr2kr: 334 | cap2udp: 0 | kr2udp: 1 | 
2026-05-03 20:25:29,256 - INFO     - img2od: 0 | od2fr: 0 | od2lpr: 0 | od2cap: 0 | fr2kr: 0 | lpr2kr: 329 | cap2udp: 0 | kr2udp: 1 | 
2026-05-03 20:25:30,257 - INFO     - img2od: 0 | od2fr: 0 | od2lpr: 0 | od2cap: 0 | fr2kr: 0 | lpr2kr: 325 | cap2udp: 0 | kr2udp: 1 | 
2026-05-03 20:25:31,258 - INFO     - img2od: 0 | od2fr: 0 | od2lpr: 0 | od2cap: 0 | fr2kr: 0 | lpr2kr: 321 | cap2udp: 0 | kr2udp: 1 | 
2026-05-03 20:25:32,259 - INFO     - img2od: 0 | od2fr: 0 | od2lpr: 0 | od2cap: 0 | fr2kr: 0 | lpr2kr: 316 | cap2udp: 0 | kr2udp: 0 | 
2026-05-03 20:25:33,261 - INFO     - img2od: 0 | od2fr: 0 | od2lpr: 0 | od2cap: 0 | fr2kr: 0 | lpr2kr: 312 | cap2udp: 0 | kr2udp: 1 | 
2026-05-03 20:25:34,262 - INFO     - img2od: 0 | od2fr: 0 | od2lpr: 0 | od2cap: 0 | fr2kr: 0 | lpr2kr: 307 | cap2udp: 0 | kr2udp: 1 | 
2026-05-03 20:25:35,263 - INFO     - img2od: 0 | od2fr: 0 | od2lpr: 0 | od2cap: 0 | fr2kr: 0 | lpr2kr: 303 | cap2udp: 0 | kr2udp: 1 | 
2026-05-03 20:25:36,264 - INFO     - img2od: 0 | od2fr: 0 | od2lpr: 0 | od2cap: 0 | fr2kr: 0 | lpr2kr: 298 | cap2udp: 0 | kr2udp: 0 | 
2026-05-03 20:25:37,266 - INFO     - img2od: 0 | od2fr: 0 | od2lpr: 0 | od2cap: 0 | fr2kr: 0 | lpr2kr: 294 | cap2udp: 0 | kr2udp: 1 | 
2026-05-03 20:25:38,267 - INFO     - img2od: 0 | od2fr: 0 | od2lpr: 0 | od2cap: 0 | fr2kr: 0 | lpr2kr: 290 | cap2udp: 0 | kr2udp: 1 | 
2026-05-03 20:25:39,268 - INFO     - img2od: 0 | od2fr: 0 | od2lpr: 0 | od2cap: 0 | fr2kr: 0 | lpr2kr: 285 | cap2udp: 0 | kr2udp: 0 | 
2026-05-03 20:25:40,269 - INFO     - img2od: 0 | od2fr: 0 | od2lpr: 0 | od2cap: 0 | fr2kr: 0 | lpr2kr: 281 | cap2udp: 0 | kr2udp: 1 | 
2026-05-03 20:25:41,270 - INFO     - img2od: 0 | od2fr: 0 | od2lpr: 0 | od2cap: 0 | fr2kr: 0 | lpr2kr: 276 | cap2udp: 0 | kr2udp: 0 | 
2026-05-03 20:25:42,271 - INFO     - img2od: 0 | od2fr: 0 | od2lpr: 0 | od2cap: 0 | fr2kr: 0 | lpr2kr: 272 | cap2udp: 0 | kr2udp: 1 | 
2026-05-03 20:25:43,272 - INFO     - img2od: 0 | od2fr: 0 | od2lpr: 0 | od2cap: 0 | fr2kr: 0 | lpr2kr: 268 | cap2udp: 0 | kr2udp: 1 | 
2026-05-03 20:25:44,273 - INFO     - img2od: 0 | od2fr: 0 | od2lpr: 0 | od2cap: 0 | fr2kr: 0 | lpr2kr: 263 | cap2udp: 0 | kr2udp: 0 | 
2026-05-03 20:25:45,274 - INFO     - img2od: 0 | od2fr: 0 | od2lpr: 0 | od2cap: 0 | fr2kr: 0 | lpr2kr: 259 | cap2udp: 0 | kr2udp: 1 | 
2026-05-03 20:25:46,276 - INFO     - img2od: 0 | od2fr: 0 | od2lpr: 0 | od2cap: 0 | fr2kr: 0 | lpr2kr: 254 | cap2udp: 0 | kr2udp: 0 | 
2026-05-03 20:25:47,277 - INFO     - img2od: 0 | od2fr: 0 | od2lpr: 0 | od2cap: 0 | fr2kr: 0 | lpr2kr: 250 | cap2udp: 0 | kr2udp: 1 | 
2026-05-03 20:25:48,278 - INFO     - img2od: 0 | od2fr: 0 | od2lpr: 0 | od2cap: 0 | fr2kr: 0 | lpr2kr: 245 | cap2udp: 0 | kr2udp: 1 | 
2026-05-03 20:25:49,279 - INFO     - img2od: 0 | od2fr: 0 | od2lpr: 0 | od2cap: 0 | fr2kr: 0 | lpr2kr: 241 | cap2udp: 0 | kr2udp: 1 | 
2026-05-03 20:25:50,280 - INFO     - img2od: 0 | od2fr: 0 | od2lpr: 0 | od2cap: 0 | fr2kr: 0 | lpr2kr: 236 | cap2udp: 0 | kr2udp: 0 | 
2026-05-03 20:25:51,281 - INFO     - img2od: 0 | od2fr: 0 | od2lpr: 0 | od2cap: 0 | fr2kr: 0 | lpr2kr: 232 | cap2udp: 0 | kr2udp: 1 | 
2026-05-03 20:25:52,282 - INFO     - img2od: 0 | od2fr: 0 | od2lpr: 0 | od2cap: 0 | fr2kr: 0 | lpr2kr: 228 | cap2udp: 0 | kr2udp: 1 | 
2026-05-03 20:25:53,283 - INFO     - img2od: 0 | od2fr: 0 | od2lpr: 0 | od2cap: 0 | fr2kr: 0 | lpr2kr: 223 | cap2udp: 0 | kr2udp: 0 | 
2026-05-03 20:25:54,284 - INFO     - img2od: 0 | od2fr: 0 | od2lpr: 0 | od2cap: 0 | fr2kr: 0 | lpr2kr: 219 | cap2udp: 0 | kr2udp: 1 | 
2026-05-03 20:25:55,286 - INFO     - img2od: 0 | od2fr: 0 | od2lpr: 0 | od2cap: 0 | fr2kr: 0 | lpr2kr: 214 | cap2udp: 0 | kr2udp: 0 | 
2026-05-03 20:25:56,287 - INFO     - img2od: 0 | od2fr: 0 | od2lpr: 0 | od2cap: 0 | fr2kr: 0 | lpr2kr: 210 | cap2udp: 0 | kr2udp: 1 | 
2026-05-03 20:25:57,288 - INFO     - img2od: 0 | od2fr: 0 | od2lpr: 0 | od2cap: 0 | fr2kr: 0 | lpr2kr: 205 | cap2udp: 0 | kr2udp: 1 | 
2026-05-03 20:25:58,289 - INFO     - img2od: 0 | od2fr: 0 | od2lpr: 0 | od2cap: 0 | fr2kr: 0 | lpr2kr: 201 | cap2udp: 0 | kr2udp: 1 | 
2026-05-03 20:25:59,290 - INFO     - img2od: 0 | od2fr: 0 | od2lpr: 0 | od2cap: 0 | fr2kr: 0 | lpr2kr: 197 | cap2udp: 0 | kr2udp: 1 | 
2026-05-03 20:26:00,291 - INFO     - img2od: 0 | od2fr: 0 | od2lpr: 0 | od2cap: 0 | fr2kr: 0 | lpr2kr: 192 | cap2udp: 0 | kr2udp: 0 | 
2026-05-03 20:26:01,292 - INFO     - img2od: 0 | od2fr: 0 | od2lpr: 0 | od2cap: 0 | fr2kr: 0 | lpr2kr: 188 | cap2udp: 0 | kr2udp: 1 | 
2026-05-03 20:26:02,293 - INFO     - img2od: 0 | od2fr: 0 | od2lpr: 0 | od2cap: 0 | fr2kr: 0 | lpr2kr: 183 | cap2udp: 0 | kr2udp: 1 | 
2026-05-03 20:26:03,294 - INFO     - img2od: 0 | od2fr: 0 | od2lpr: 0 | od2cap: 0 | fr2kr: 0 | lpr2kr: 179 | cap2udp: 0 | kr2udp: 1 | 
2026-05-03 20:26:04,295 - INFO     - img2od: 0 | od2fr: 0 | od2lpr: 0 | od2cap: 0 | fr2kr: 0 | lpr2kr: 174 | cap2udp: 0 | kr2udp: 0 | 
2026-05-03 20:26:05,296 - INFO     - img2od: 0 | od2fr: 0 | od2lpr: 0 | od2cap: 0 | fr2kr: 0 | lpr2kr: 170 | cap2udp: 0 | kr2udp: 1 | 
2026-05-03 20:26:06,298 - INFO     - img2od: 0 | od2fr: 0 | od2lpr: 0 | od2cap: 0 | fr2kr: 0 | lpr2kr: 166 | cap2udp: 0 | kr2udp: 1 | 
2026-05-03 20:26:07,299 - INFO     - img2od: 0 | od2fr: 0 | od2lpr: 0 | od2cap: 0 | fr2kr: 0 | lpr2kr: 161 | cap2udp: 0 | kr2udp: 0 | 
2026-05-03 20:26:08,300 - INFO     - img2od: 0 | od2fr: 0 | od2lpr: 0 | od2cap: 0 | fr2kr: 0 | lpr2kr: 157 | cap2udp: 0 | kr2udp: 1 | 
2026-05-03 20:26:09,301 - INFO     - img2od: 0 | od2fr: 0 | od2lpr: 0 | od2cap: 0 | fr2kr: 0 | lpr2kr: 152 | cap2udp: 0 | kr2udp: 0 | 
2026-05-03 20:26:10,303 - INFO     - img2od: 0 | od2fr: 0 | od2lpr: 0 | od2cap: 0 | fr2kr: 0 | lpr2kr: 148 | cap2udp: 0 | kr2udp: 1 | 
2026-05-03 20:26:11,304 - INFO     - img2od: 0 | od2fr: 0 | od2lpr: 0 | od2cap: 0 | fr2kr: 0 | lpr2kr: 143 | cap2udp: 0 | kr2udp: 1 | 
2026-05-03 20:26:12,305 - INFO     - img2od: 0 | od2fr: 0 | od2lpr: 0 | od2cap: 0 | fr2kr: 0 | lpr2kr: 139 | cap2udp: 0 | kr2udp: 0 | 
2026-05-03 20:26:13,306 - INFO     - img2od: 0 | od2fr: 0 | od2lpr: 0 | od2cap: 0 | fr2kr: 0 | lpr2kr: 135 | cap2udp: 0 | kr2udp: 1 | 
2026-05-03 20:26:14,307 - INFO     - img2od: 0 | od2fr: 0 | od2lpr: 0 | od2cap: 0 | fr2kr: 0 | lpr2kr: 130 | cap2udp: 0 | kr2udp: 0 | 
2026-05-03 20:26:15,309 - INFO     - img2od: 0 | od2fr: 0 | od2lpr: 0 | od2cap: 0 | fr2kr: 0 | lpr2kr: 126 | cap2udp: 0 | kr2udp: 1 | 
2026-05-03 20:26:16,310 - INFO     - img2od: 0 | od2fr: 0 | od2lpr: 0 | od2cap: 0 | fr2kr: 0 | lpr2kr: 121 | cap2udp: 0 | kr2udp: 1 | 
2026-05-03 20:26:17,311 - INFO     - img2od: 0 | od2fr: 0 | od2lpr: 0 | od2cap: 0 | fr2kr: 0 | lpr2kr: 117 | cap2udp: 0 | kr2udp: 1 | 
2026-05-03 20:26:18,312 - INFO     - img2od: 0 | od2fr: 0 | od2lpr: 0 | od2cap: 0 | fr2kr: 0 | lpr2kr: 113 | cap2udp: 0 | kr2udp: 1 | 
2026-05-03 20:26:19,314 - INFO     - img2od: 0 | od2fr: 0 | od2lpr: 0 | od2cap: 0 | fr2kr: 0 | lpr2kr: 108 | cap2udp: 0 | kr2udp: 1 | 
2026-05-03 20:26:20,315 - INFO     - img2od: 0 | od2fr: 0 | od2lpr: 0 | od2cap: 0 | fr2kr: 0 | lpr2kr: 104 | cap2udp: 0 | kr2udp: 1 | 
2026-05-03 20:26:21,316 - INFO     - img2od: 0 | od2fr: 0 | od2lpr: 0 | od2cap: 0 | fr2kr: 0 | lpr2kr: 99 | cap2udp: 0 | kr2udp: 1 | 
2026-05-03 20:26:22,317 - INFO     - img2od: 0 | od2fr: 0 | od2lpr: 0 | od2cap: 0 | fr2kr: 0 | lpr2kr: 95 | cap2udp: 0 | kr2udp: 1 | 
2026-05-03 20:26:23,319 - INFO     - img2od: 0 | od2fr: 0 | od2lpr: 0 | od2cap: 0 | fr2kr: 0 | lpr2kr: 90 | cap2udp: 0 | kr2udp: 1 | 
2026-05-03 20:26:24,320 - INFO     - img2od: 0 | od2fr: 0 | od2lpr: 0 | od2cap: 0 | fr2kr: 0 | lpr2kr: 86 | cap2udp: 0 | kr2udp: 1 | 
2026-05-03 20:26:25,321 - INFO     - img2od: 0 | od2fr: 0 | od2lpr: 0 | od2cap: 0 | fr2kr: 0 | lpr2kr: 82 | cap2udp: 0 | kr2udp: 1 | 
2026-05-03 20:26:26,322 - INFO     - img2od: 0 | od2fr: 0 | od2lpr: 0 | od2cap: 0 | fr2kr: 0 | lpr2kr: 77 | cap2udp: 0 | kr2udp: 0 | 
2026-05-03 20:26:27,323 - INFO     - img2od: 0 | od2fr: 0 | od2lpr: 0 | od2cap: 0 | fr2kr: 0 | lpr2kr: 73 | cap2udp: 0 | kr2udp: 1 | 
2026-05-03 20:26:28,325 - INFO     - img2od: 0 | od2fr: 0 | od2lpr: 0 | od2cap: 0 | fr2kr: 0 | lpr2kr: 68 | cap2udp: 0 | kr2udp: 1 | 
2026-05-03 20:26:29,326 - INFO     - img2od: 0 | od2fr: 0 | od2lpr: 0 | od2cap: 0 | fr2kr: 0 | lpr2kr: 64 | cap2udp: 0 | kr2udp: 1 | 
2026-05-03 20:26:30,327 - INFO     - img2od: 0 | od2fr: 0 | od2lpr: 0 | od2cap: 0 | fr2kr: 0 | lpr2kr: 60 | cap2udp: 0 | kr2udp: 1 | 
2026-05-03 20:26:31,328 - INFO     - img2od: 0 | od2fr: 0 | od2lpr: 0 | od2cap: 0 | fr2kr: 0 | lpr2kr: 55 | cap2udp: 0 | kr2udp: 0 | 
2026-05-03 20:26:32,330 - INFO     - img2od: 0 | od2fr: 0 | od2lpr: 0 | od2cap: 0 | fr2kr: 0 | lpr2kr: 51 | cap2udp: 0 | kr2udp: 1 | 
2026-05-03 20:26:33,331 - INFO     - img2od: 0 | od2fr: 0 | od2lpr: 0 | od2cap: 0 | fr2kr: 0 | lpr2kr: 46 | cap2udp: 0 | kr2udp: 1 | 
2026-05-03 20:26:34,332 - INFO     - img2od: 0 | od2fr: 0 | od2lpr: 0 | od2cap: 0 | fr2kr: 0 | lpr2kr: 42 | cap2udp: 0 | kr2udp: 1 | 
2026-05-03 20:26:35,333 - INFO     - img2od: 0 | od2fr: 0 | od2lpr: 0 | od2cap: 0 | fr2kr: 0 | lpr2kr: 37 | cap2udp: 0 | kr2udp: 1 | 
2026-05-03 20:26:36,334 - INFO     - img2od: 0 | od2fr: 0 | od2lpr: 0 | od2cap: 0 | fr2kr: 0 | lpr2kr: 33 | cap2udp: 0 | kr2udp: 0 | 
2026-05-03 20:26:37,335 - INFO     - img2od: 0 | od2fr: 0 | od2lpr: 0 | od2cap: 0 | fr2kr: 0 | lpr2kr: 29 | cap2udp: 0 | kr2udp: 1 | 
2026-05-03 20:26:38,336 - INFO     - img2od: 0 | od2fr: 0 | od2lpr: 0 | od2cap: 0 | fr2kr: 0 | lpr2kr: 24 | cap2udp: 0 | kr2udp: 1 | 
2026-05-03 20:26:39,337 - INFO     - img2od: 0 | od2fr: 0 | od2lpr: 0 | od2cap: 0 | fr2kr: 0 | lpr2kr: 20 | cap2udp: 0 | kr2udp: 1 | 
2026-05-03 20:26:40,339 - INFO     - img2od: 0 | od2fr: 0 | od2lpr: 0 | od2cap: 0 | fr2kr: 0 | lpr2kr: 16 | cap2udp: 0 | kr2udp: 1 | 
2026-05-03 20:26:41,340 - INFO     - img2od: 0 | od2fr: 0 | od2lpr: 0 | od2cap: 0 | fr2kr: 0 | lpr2kr: 11 | cap2udp: 0 | kr2udp: 1 | 
2026-05-03 20:26:42,341 - INFO     - img2od: 0 | od2fr: 0 | od2lpr: 0 | od2cap: 0 | fr2kr: 0 | lpr2kr: 7 | cap2udp: 0 | kr2udp: 1 | 
2026-05-03 20:26:43,342 - INFO     - img2od: 0 | od2fr: 0 | od2lpr: 0 | od2cap: 0 | fr2kr: 0 | lpr2kr: 2 | cap2udp: 0 | kr2udp: 1 | 
2026-05-03 20:26:43,761 - INFO     - krStream     : Received end signal from LPR
2026-05-03 20:26:43,877 - INFO     - krStream     : Received BOTH END signal, shutting down
2026-05-03 20:26:43,919 - INFO     - udpStream    : Received end signal from KR
2026-05-03 20:26:44,023 - INFO     - krStream     : shutdown successful
2026-05-03 20:26:44,046 - INFO     - udpStream    : Received BOTH END signal, shutting down
2026-05-03 20:26:44,344 - INFO     - img2od: 0 | od2fr: 0 | od2lpr: 0 | od2cap: 0 | fr2kr: 0 | lpr2kr: 0 | cap2udp: 0 | kr2udp: 0 | 
2026-05-03 20:26:44,431 - INFO     - udpStream    : shutdown successful
2026-05-03 20:26:45,345 - INFO     - img2od: 0 | od2fr: 0 | od2lpr: 0 | od2cap: 0 | fr2kr: 0 | lpr2kr: 0 | cap2udp: 0 | kr2udp: 0 | 
2026-05-03 20:26:46,346 - INFO     - img2od: 0 | od2fr: 0 | od2lpr: 0 | od2cap: 0 | fr2kr: 0 | lpr2kr: 0 | cap2udp: 0 | kr2udp: 0 | 
2026-05-03 20:26:47,347 - INFO     - img2od: 0 | od2fr: 0 | od2lpr: 0 | od2cap: 0 | fr2kr: 0 | lpr2kr: 0 | cap2udp: 0 | kr2udp: 0 | 
2026-05-03 20:26:48,348 - INFO     - img2od: 0 | od2fr: 0 | od2lpr: 0 | od2cap: 0 | fr2kr: 0 | lpr2kr: 0 | cap2udp: 0 | kr2udp: 0 | 
2026-05-03 20:26:49,349 - INFO     - img2od: 0 | od2fr: 0 | od2lpr: 0 | od2cap: 0 | fr2kr: 0 | lpr2kr: 0 | cap2udp: 0 | kr2udp: 0 | 
2026-05-03 20:26:50,351 - INFO     - All queues empty, job done
2026-05-03 20:26:50,376 - INFO     - Queue logs written to ./profile_exp/mix/r0.10/no_defense/seed2/QUEUEWATCH.json
2026-05-03 20:26:51,075 - INFO     - Reach FINALLY block in MAIN process
2026-05-03 20:26:51,075 - INFO     - Starting cleanup of 7 processes.
2026-05-03 20:26:51,075 - INFO     - Draining and closing 8 queues.
2026-05-03 20:26:51,075 - INFO     - Starting cleanup for queue 0, queue size: 0.
2026-05-03 20:26:51,075 - INFO     - Starting cleanup for queue 1, queue size: 0.
2026-05-03 20:26:51,075 - INFO     - Starting cleanup for queue 2, queue size: 0.
2026-05-03 20:26:51,075 - INFO     - Starting cleanup for queue 3, queue size: 0.
2026-05-03 20:26:51,075 - INFO     - Starting cleanup for queue 4, queue size: 0.
2026-05-03 20:26:51,075 - INFO     - Starting cleanup for queue 5, queue size: 0.
2026-05-03 20:26:51,075 - INFO     - Starting cleanup for queue 6, queue size: 0.
2026-05-03 20:26:51,075 - INFO     - Starting cleanup for queue 7, queue size: 0.
2026-05-03 20:26:51,075 - INFO     - Cleanup complete.
2026-05-03 20:26:51,075 - INFO     - Cleaned up resources in MAIN process
2026-05-03 20:26:51,077 - INFO     - Summary written to ./profile_exp/mix/r0.10/no_defense/seed2/SUMMARY.json

======================================================================
PROFILING SUMMARY
======================================================================
  Total wall time:    2912.45s
  Images processed:   100
  Throughput:         0.0343 img/s
  Avg E2E latency:    159.7071s
  Min E2E latency:    0.0220s
  Max E2E latency:    932.3289s

  Component          Count  Dropped     FLOPs/call    Total FLOPs
  --------------- -------- -------- -------------- --------------
  odStream             100        0   153844849936 15384484993600
  frStream             537        0     2837404864  1523686411968
  lprStream           9375        0     2202133504 20645001600000
  capStream             40        0   373311103169 14932444126760
  krStream            9912        0            n/a            n/a
  udpStream           9952        0            n/a            n/a

  Total FLOPs:        52485617132328
======================================================================
