2026-05-03 18:01:23,382 - INFO     - imgStream    : internal profiling set to False
2026-05-03 18:01:23,382 - INFO     - odStream     : internal profiling set to False
2026-05-03 18:01:23,382 - INFO     - frStream     : internal profiling set to False
2026-05-03 18:01:23,382 - INFO     - lprStream    : internal profiling set to False
2026-05-03 18:01:23,382 - INFO     - capStream    : internal profiling set to False
2026-05-03 18:01:23,382 - INFO     - krStream     : internal profiling set to False
2026-05-03 18:01:23,383 - INFO     - udpStream    : internal profiling set to False


================================================================================
|                                                                              |
|                     Running: Traffic Monitoring Pipeline                     |
|                                                                              |
|                         Algorithm: None, Model ID: 0                         |
|                                                                              |
|                             Target Indices: none                             |
|                                                                              |
|                             2026-05-03 18:01:23                              |
|                                                                              |
================================================================================


Number of CUDA devices: 1
2026-05-03 18:01:26,329 - INFO     - img2od: 0 | od2fr: 0 | od2lpr: 0 | od2cap: 0 | fr2kr: 0 | lpr2kr: 0 | cap2udp: 0 | kr2udp: 0 | 
2026-05-03 18:01:26,604 - INFO     - imgStream    : mix mode ratio=0.1 seed=4 -> 90 clean / 10 attack
2026-05-03 18:01:26,604 - INFO     - imgStream    : started
/home/lxt230026/.conda/envs/dyndl/lib/python3.10/site-packages/facenet_pytorch/models/inception_resnet_v1.py:329: FutureWarning: You are using `torch.load` with `weights_only=False` (the current default value), which uses the default pickle module implicitly. It is possible to construct malicious pickle data which will execute arbitrary code during unpickling (See https://github.com/pytorch/pytorch/blob/main/SECURITY.md#untrusted-models for more details). In a future release, the default value for `weights_only` will be flipped to `True`. This limits the functions that could be executed during unpickling. Arbitrary objects will no longer be allowed to be loaded via this mode unless they are explicitly allowlisted by the user via `torch.serialization.add_safe_globals`. We recommend you start setting `weights_only=True` for any use case where you don't have full control of the loaded file. Please open an issue on GitHub for any issues related to this experimental feature.
  state_dict = torch.load(cached_file)
2026-05-03 18:01:27,330 - INFO     - img2od: 4 | od2fr: 0 | od2lpr: 0 | od2cap: 0 | fr2kr: 0 | lpr2kr: 0 | cap2udp: 0 | kr2udp: 0 | 
2026-05-03 18:01:27,364 - INFO     - krStream     : face embeddings loaded, found 1000 embeddings
2026-05-03 18:01:27,364 - INFO     - krStream     : started
2026-05-03 18:01:27,373 - INFO     - frStream     : FR model loaded, model_id = vggface2
2026-05-03 18:01:27,373 - INFO     - frStream     : started
2026-05-03 18:01:27,565 - INFO     - odStream     : OD model loaded, model_id = 0
2026-05-03 18:01:27,565 - INFO     - odStream     : started
/home/lxt230026/EfficiencyAttack/traffic/cmpnt/c4_lpr.py:145: FutureWarning: You are using `torch.load` with `weights_only=False` (the current default value), which uses the default pickle module implicitly. It is possible to construct malicious pickle data which will execute arbitrary code during unpickling (See https://github.com/pytorch/pytorch/blob/main/SECURITY.md#untrusted-models for more details). In a future release, the default value for `weights_only` will be flipped to `True`. This limits the functions that could be executed during unpickling. Arbitrary objects will no longer be allowed to be loaded via this mode unless they are explicitly allowlisted by the user via `torch.serialization.add_safe_globals`. We recommend you start setting `weights_only=True` for any use case where you don't have full control of the loaded file. Please open an issue on GitHub for any issues related to this experimental feature.
  self.checkpoint = torch.load(self.model_id, map_location='cpu')
2026-05-03 18:01:28,004 - INFO     - udpStream    : LM model loaded, model_id = gpt2
2026-05-03 18:01:28,004 - INFO     - udpStream    : started
2026-05-03 18:01:28,122 - INFO     - Using custom providers: ['CPUExecutionProvider']
2026-05-03 18:01:28,122 - INFO     - Skipping download of 'argentinian-plates-cnn-model' model, already exists at /home/lxt230026/.cache/fast-plate-ocr/argentinian-plates-cnn-model
2026-05-03 18:01:28,134 - INFO     - lprStream    : LPR model loaded, model_id = model_v2.pth
2026-05-03 18:01:28,134 - INFO     - lprStream    : started
2026-05-03 18:01:28,284 - INFO     - capStream    : CAP model loaded, model_id = microsoft/git-base
2026-05-03 18:01:28,284 - INFO     - capStream    : started
2026-05-03 18:01:28,331 - INFO     - img2od: 8 | od2fr: 0 | od2lpr: 0 | od2cap: 0 | fr2kr: 0 | lpr2kr: 0 | cap2udp: 0 | kr2udp: 0 | 
2026-05-03 18:01:29,332 - INFO     - img2od: 11 | od2fr: 15 | od2lpr: 0 | od2cap: 1 | fr2kr: 0 | lpr2kr: 0 | cap2udp: 0 | kr2udp: 0 | 
2026-05-03 18:01:30,333 - INFO     - img2od: 12 | od2fr: 14 | od2lpr: 0 | od2cap: 5 | fr2kr: 3 | lpr2kr: 1 | cap2udp: 0 | kr2udp: 1 | 
2026-05-03 18:01:31,334 - INFO     - img2od: 13 | od2fr: 10 | od2lpr: 0 | od2cap: 5 | fr2kr: 1 | lpr2kr: 2 | cap2udp: 1 | kr2udp: 1 | 
2026-05-03 18:01:32,335 - INFO     - img2od: 13 | od2fr: 9 | od2lpr: 196 | od2cap: 3 | fr2kr: 7 | lpr2kr: 8 | cap2udp: 0 | kr2udp: 0 | 
2026-05-03 18:01:33,336 - INFO     - img2od: 15 | od2fr: 10 | od2lpr: 157 | od2cap: 3 | fr2kr: 13 | lpr2kr: 36 | cap2udp: 0 | kr2udp: 1 | 
2026-05-03 18:01:34,337 - INFO     - img2od: 15 | od2fr: 24 | od2lpr: 117 | od2cap: 4 | fr2kr: 3 | lpr2kr: 70 | cap2udp: 0 | kr2udp: 0 | 
2026-05-03 18:01:35,338 - INFO     - img2od: 16 | od2fr: 18 | od2lpr: 72 | od2cap: 1 | fr2kr: 9 | lpr2kr: 113 | cap2udp: 0 | kr2udp: 0 | 
2026-05-03 18:01:36,339 - INFO     - img2od: 18 | od2fr: 39 | od2lpr: 36 | od2cap: 1 | fr2kr: 14 | lpr2kr: 145 | cap2udp: 0 | kr2udp: 0 | 
2026-05-03 18:01:37,340 - INFO     - img2od: 19 | od2fr: 45 | od2lpr: 498 | od2cap: 0 | fr2kr: 19 | lpr2kr: 184 | cap2udp: 0 | kr2udp: 1 | 
2026-05-03 18:01:38,341 - INFO     - img2od: 23 | od2fr: 60 | od2lpr: 1000 | od2cap: 0 | fr2kr: 26 | lpr2kr: 267 | cap2udp: 0 | kr2udp: 1 | 
2026-05-03 18:01:39,342 - INFO     - img2od: 27 | od2fr: 43 | od2lpr: 1000 | od2cap: 0 | fr2kr: 15 | lpr2kr: 333 | cap2udp: 0 | kr2udp: 0 | 
2026-05-03 18:01:40,343 - INFO     - img2od: 33 | od2fr: 43 | od2lpr: 1000 | od2cap: 0 | fr2kr: 20 | lpr2kr: 430 | cap2udp: 0 | kr2udp: 1 | 
2026-05-03 18:01:41,344 - INFO     - img2od: 39 | od2fr: 43 | od2lpr: 1000 | od2cap: 0 | fr2kr: 26 | lpr2kr: 502 | cap2udp: 0 | kr2udp: 0 | 
2026-05-03 18:01:42,345 - INFO     - img2od: 44 | od2fr: 27 | od2lpr: 987 | od2cap: 0 | fr2kr: 30 | lpr2kr: 576 | cap2udp: 0 | kr2udp: 0 | 
2026-05-03 18:01:43,346 - INFO     - img2od: 44 | od2fr: 40 | od2lpr: 914 | od2cap: 0 | fr2kr: 35 | lpr2kr: 649 | cap2udp: 0 | kr2udp: 1 | 
2026-05-03 18:01:44,347 - INFO     - img2od: 46 | od2fr: 68 | od2lpr: 1000 | od2cap: 0 | fr2kr: 24 | lpr2kr: 719 | cap2udp: 0 | kr2udp: 0 | 
2026-05-03 18:01:45,221 - INFO     - imgStream    : completed, sending END signal
2026-05-03 18:01:45,221 - INFO     - imgStream    : shutdown
2026-05-03 18:01:45,348 - INFO     - img2od: 50 | od2fr: 52 | od2lpr: 1000 | od2cap: 0 | fr2kr: 29 | lpr2kr: 786 | cap2udp: 0 | kr2udp: 0 | 
2026-05-03 18:01:45,380 - INFO     - imgStream    : shutdown successful
2026-05-03 18:01:46,349 - INFO     - img2od: 50 | od2fr: 52 | od2lpr: 1000 | od2cap: 0 | fr2kr: 35 | lpr2kr: 863 | cap2udp: 0 | kr2udp: 0 | 
2026-05-03 18:01:47,350 - INFO     - img2od: 50 | od2fr: 52 | od2lpr: 1000 | od2cap: 0 | fr2kr: 40 | lpr2kr: 949 | cap2udp: 0 | kr2udp: 0 | 
2026-05-03 18:01:48,351 - INFO     - img2od: 50 | od2fr: 50 | od2lpr: 1000 | od2cap: 0 | fr2kr: 29 | lpr2kr: 1000 | cap2udp: 0 | kr2udp: 0 | 
2026-05-03 18:01:49,352 - INFO     - img2od: 50 | od2fr: 42 | od2lpr: 1000 | od2cap: 0 | fr2kr: 36 | lpr2kr: 1000 | cap2udp: 0 | kr2udp: 0 | 
2026-05-03 18:01:50,353 - INFO     - img2od: 50 | od2fr: 27 | od2lpr: 1000 | od2cap: 0 | fr2kr: 43 | lpr2kr: 987 | cap2udp: 0 | kr2udp: 1 | 
2026-05-03 18:01:51,354 - INFO     - img2od: 50 | od2fr: 27 | od2lpr: 1000 | od2cap: 0 | fr2kr: 50 | lpr2kr: 1000 | cap2udp: 0 | kr2udp: 1 | 
2026-05-03 18:01:52,355 - INFO     - img2od: 50 | od2fr: 10 | od2lpr: 1000 | od2cap: 0 | fr2kr: 57 | lpr2kr: 1000 | cap2udp: 0 | kr2udp: 1 | 
2026-05-03 18:01:53,356 - INFO     - img2od: 50 | od2fr: 10 | od2lpr: 1000 | od2cap: 0 | fr2kr: 48 | lpr2kr: 1000 | cap2udp: 0 | kr2udp: 1 | 
2026-05-03 18:01:54,358 - INFO     - img2od: 50 | od2fr: 9 | od2lpr: 1000 | od2cap: 0 | fr2kr: 55 | lpr2kr: 1000 | cap2udp: 0 | kr2udp: 0 | 
2026-05-03 18:01:55,359 - INFO     - img2od: 50 | od2fr: 2 | od2lpr: 1000 | od2cap: 0 | fr2kr: 62 | lpr2kr: 1000 | cap2udp: 0 | kr2udp: 1 | 
2026-05-03 18:01:56,360 - INFO     - img2od: 50 | od2fr: 0 | od2lpr: 1000 | od2cap: 0 | fr2kr: 64 | lpr2kr: 1000 | cap2udp: 0 | kr2udp: 1 | 
2026-05-03 18:01:57,361 - INFO     - img2od: 50 | od2fr: 0 | od2lpr: 1000 | od2cap: 0 | fr2kr: 48 | lpr2kr: 1000 | cap2udp: 0 | kr2udp: 1 | 
2026-05-03 18:01:58,362 - INFO     - img2od: 50 | od2fr: 0 | od2lpr: 1000 | od2cap: 0 | fr2kr: 48 | lpr2kr: 1000 | cap2udp: 0 | kr2udp: 1 | 
2026-05-03 18:01:59,363 - INFO     - img2od: 50 | od2fr: 0 | od2lpr: 1000 | od2cap: 0 | fr2kr: 48 | lpr2kr: 1000 | cap2udp: 0 | kr2udp: 0 | 
2026-05-03 18:02:00,364 - INFO     - img2od: 50 | od2fr: 0 | od2lpr: 1000 | od2cap: 0 | fr2kr: 48 | lpr2kr: 1000 | cap2udp: 0 | kr2udp: 1 | 
2026-05-03 18:02:01,365 - INFO     - img2od: 50 | od2fr: 0 | od2lpr: 1000 | od2cap: 0 | fr2kr: 32 | lpr2kr: 1000 | cap2udp: 0 | kr2udp: 1 | 
2026-05-03 18:02:02,366 - INFO     - img2od: 50 | od2fr: 0 | od2lpr: 1000 | od2cap: 0 | fr2kr: 32 | lpr2kr: 1000 | cap2udp: 0 | kr2udp: 1 | 
2026-05-03 18:02:03,367 - INFO     - img2od: 50 | od2fr: 0 | od2lpr: 1000 | od2cap: 0 | fr2kr: 32 | lpr2kr: 1000 | cap2udp: 0 | kr2udp: 1 | 
2026-05-03 18:02:04,368 - INFO     - img2od: 50 | od2fr: 0 | od2lpr: 1000 | od2cap: 0 | fr2kr: 32 | lpr2kr: 1000 | cap2udp: 0 | kr2udp: 0 | 
2026-05-03 18:02:05,370 - INFO     - img2od: 50 | od2fr: 0 | od2lpr: 1000 | od2cap: 0 | fr2kr: 16 | lpr2kr: 1000 | cap2udp: 0 | kr2udp: 0 | 
2026-05-03 18:02:06,371 - INFO     - img2od: 50 | od2fr: 0 | od2lpr: 1000 | od2cap: 0 | fr2kr: 16 | lpr2kr: 1000 | cap2udp: 0 | kr2udp: 0 | 
2026-05-03 18:02:07,372 - INFO     - img2od: 50 | od2fr: 0 | od2lpr: 1000 | od2cap: 0 | fr2kr: 16 | lpr2kr: 1000 | cap2udp: 0 | kr2udp: 1 | 
2026-05-03 18:02:08,373 - INFO     - img2od: 50 | od2fr: 0 | od2lpr: 1000 | od2cap: 0 | fr2kr: 16 | lpr2kr: 1000 | cap2udp: 0 | kr2udp: 1 | 
2026-05-03 18:02:09,374 - INFO     - img2od: 50 | od2fr: 0 | od2lpr: 1000 | od2cap: 0 | fr2kr: 0 | lpr2kr: 1000 | cap2udp: 0 | kr2udp: 1 | 
2026-05-03 18:02:10,375 - INFO     - img2od: 50 | od2fr: 0 | od2lpr: 1000 | od2cap: 0 | fr2kr: 0 | lpr2kr: 1000 | cap2udp: 0 | kr2udp: 0 | 
2026-05-03 18:02:11,375 - INFO     - img2od: 50 | od2fr: 0 | od2lpr: 1000 | od2cap: 0 | fr2kr: 0 | lpr2kr: 1000 | cap2udp: 0 | kr2udp: 0 | 
2026-05-03 18:02:12,377 - INFO     - img2od: 50 | od2fr: 0 | od2lpr: 1000 | od2cap: 0 | fr2kr: 0 | lpr2kr: 1000 | cap2udp: 0 | kr2udp: 0 | 
2026-05-03 18:02:13,378 - INFO     - img2od: 50 | od2fr: 0 | od2lpr: 1000 | od2cap: 0 | fr2kr: 0 | lpr2kr: 1000 | cap2udp: 0 | kr2udp: 1 | 
2026-05-03 18:02:14,379 - INFO     - img2od: 50 | od2fr: 0 | od2lpr: 1000 | od2cap: 0 | fr2kr: 0 | lpr2kr: 1000 | cap2udp: 0 | kr2udp: 1 | 
2026-05-03 18:02:15,380 - INFO     - img2od: 50 | od2fr: 0 | od2lpr: 1000 | od2cap: 0 | fr2kr: 0 | lpr2kr: 1000 | cap2udp: 0 | kr2udp: 1 | 
2026-05-03 18:02:16,381 - INFO     - img2od: 50 | od2fr: 0 | od2lpr: 1000 | od2cap: 0 | fr2kr: 0 | lpr2kr: 1000 | cap2udp: 0 | kr2udp: 1 | 
2026-05-03 18:02:17,382 - INFO     - img2od: 50 | od2fr: 0 | od2lpr: 1000 | od2cap: 0 | fr2kr: 0 | lpr2kr: 1000 | cap2udp: 0 | kr2udp: 1 | 
2026-05-03 18:02:18,383 - INFO     - img2od: 50 | od2fr: 0 | od2lpr: 1000 | od2cap: 0 | fr2kr: 0 | lpr2kr: 1000 | cap2udp: 0 | kr2udp: 1 | 
2026-05-03 18:02:19,383 - INFO     - img2od: 50 | od2fr: 0 | od2lpr: 1000 | od2cap: 0 | fr2kr: 0 | lpr2kr: 1000 | cap2udp: 0 | kr2udp: 1 | 
2026-05-03 18:02:20,384 - INFO     - img2od: 50 | od2fr: 0 | od2lpr: 1000 | od2cap: 0 | fr2kr: 0 | lpr2kr: 1000 | cap2udp: 0 | kr2udp: 0 | 
2026-05-03 18:02:21,385 - INFO     - img2od: 50 | od2fr: 0 | od2lpr: 1000 | od2cap: 0 | fr2kr: 0 | lpr2kr: 1000 | cap2udp: 0 | kr2udp: 1 | 
2026-05-03 18:02:22,386 - INFO     - img2od: 50 | od2fr: 0 | od2lpr: 1000 | od2cap: 0 | fr2kr: 0 | lpr2kr: 1000 | cap2udp: 0 | kr2udp: 1 | 
2026-05-03 18:02:23,387 - INFO     - img2od: 50 | od2fr: 0 | od2lpr: 1000 | od2cap: 0 | fr2kr: 0 | lpr2kr: 1000 | cap2udp: 0 | kr2udp: 1 | 
2026-05-03 18:02:24,387 - INFO     - img2od: 50 | od2fr: 0 | od2lpr: 1000 | od2cap: 0 | fr2kr: 0 | lpr2kr: 1000 | cap2udp: 0 | kr2udp: 1 | 
2026-05-03 18:02:25,388 - INFO     - img2od: 50 | od2fr: 0 | od2lpr: 1000 | od2cap: 0 | fr2kr: 0 | lpr2kr: 1000 | cap2udp: 0 | kr2udp: 1 | 
2026-05-03 18:02:26,389 - INFO     - img2od: 50 | od2fr: 0 | od2lpr: 1000 | od2cap: 0 | fr2kr: 0 | lpr2kr: 1000 | cap2udp: 0 | kr2udp: 1 | 
2026-05-03 18:02:27,390 - INFO     - img2od: 50 | od2fr: 0 | od2lpr: 1000 | od2cap: 0 | fr2kr: 0 | lpr2kr: 1000 | cap2udp: 0 | kr2udp: 1 | 
2026-05-03 18:02:28,391 - INFO     - img2od: 50 | od2fr: 0 | od2lpr: 1000 | od2cap: 0 | fr2kr: 0 | lpr2kr: 1000 | cap2udp: 0 | kr2udp: 1 | 
2026-05-03 18:02:29,393 - INFO     - img2od: 50 | od2fr: 0 | od2lpr: 1000 | od2cap: 0 | fr2kr: 0 | lpr2kr: 1000 | cap2udp: 0 | kr2udp: 1 | 
2026-05-03 18:02:30,394 - INFO     - img2od: 50 | od2fr: 0 | od2lpr: 1000 | od2cap: 0 | fr2kr: 0 | lpr2kr: 1000 | cap2udp: 0 | kr2udp: 0 | 
2026-05-03 18:02:31,395 - INFO     - img2od: 50 | od2fr: 0 | od2lpr: 998 | od2cap: 0 | fr2kr: 0 | lpr2kr: 999 | cap2udp: 0 | kr2udp: 1 | 
2026-05-03 18:02:32,396 - INFO     - img2od: 50 | od2fr: 0 | od2lpr: 1000 | od2cap: 0 | fr2kr: 0 | lpr2kr: 1000 | cap2udp: 0 | kr2udp: 1 | 
2026-05-03 18:02:33,397 - INFO     - img2od: 50 | od2fr: 0 | od2lpr: 1000 | od2cap: 0 | fr2kr: 0 | lpr2kr: 993 | cap2udp: 0 | kr2udp: 1 | 
2026-05-03 18:02:34,398 - INFO     - img2od: 50 | od2fr: 0 | od2lpr: 1000 | od2cap: 0 | fr2kr: 0 | lpr2kr: 1000 | cap2udp: 0 | kr2udp: 1 | 
2026-05-03 18:02:35,399 - INFO     - img2od: 50 | od2fr: 0 | od2lpr: 1000 | od2cap: 0 | fr2kr: 0 | lpr2kr: 987 | cap2udp: 0 | kr2udp: 1 | 
2026-05-03 18:02:36,400 - INFO     - img2od: 50 | od2fr: 0 | od2lpr: 1000 | od2cap: 0 | fr2kr: 0 | lpr2kr: 1000 | cap2udp: 0 | kr2udp: 1 | 
2026-05-03 18:02:37,401 - INFO     - img2od: 50 | od2fr: 0 | od2lpr: 1000 | od2cap: 0 | fr2kr: 0 | lpr2kr: 1000 | cap2udp: 0 | kr2udp: 1 | 
2026-05-03 18:02:38,402 - INFO     - img2od: 50 | od2fr: 0 | od2lpr: 1000 | od2cap: 0 | fr2kr: 0 | lpr2kr: 1000 | cap2udp: 0 | kr2udp: 1 | 
2026-05-03 18:02:39,403 - INFO     - img2od: 50 | od2fr: 0 | od2lpr: 1000 | od2cap: 0 | fr2kr: 0 | lpr2kr: 1000 | cap2udp: 0 | kr2udp: 0 | 
2026-05-03 18:02:40,404 - INFO     - img2od: 50 | od2fr: 0 | od2lpr: 1000 | od2cap: 0 | fr2kr: 0 | lpr2kr: 1000 | cap2udp: 0 | kr2udp: 1 | 
2026-05-03 18:02:41,405 - INFO     - img2od: 50 | od2fr: 0 | od2lpr: 1000 | od2cap: 0 | fr2kr: 0 | lpr2kr: 1000 | cap2udp: 0 | kr2udp: 1 | 
2026-05-03 18:02:42,406 - INFO     - img2od: 50 | od2fr: 0 | od2lpr: 1000 | od2cap: 0 | fr2kr: 0 | lpr2kr: 1000 | cap2udp: 0 | kr2udp: 0 | 
2026-05-03 18:02:43,407 - INFO     - img2od: 50 | od2fr: 0 | od2lpr: 1000 | od2cap: 0 | fr2kr: 0 | lpr2kr: 1000 | cap2udp: 0 | kr2udp: 0 | 
2026-05-03 18:02:44,408 - INFO     - img2od: 50 | od2fr: 0 | od2lpr: 1000 | od2cap: 0 | fr2kr: 0 | lpr2kr: 1000 | cap2udp: 0 | kr2udp: 0 | 
2026-05-03 18:02:45,409 - INFO     - img2od: 50 | od2fr: 0 | od2lpr: 1000 | od2cap: 0 | fr2kr: 0 | lpr2kr: 1000 | cap2udp: 0 | kr2udp: 0 | 
2026-05-03 18:02:46,410 - INFO     - img2od: 50 | od2fr: 0 | od2lpr: 1000 | od2cap: 0 | fr2kr: 0 | lpr2kr: 1000 | cap2udp: 0 | kr2udp: 0 | 
2026-05-03 18:02:47,411 - INFO     - img2od: 50 | od2fr: 0 | od2lpr: 1000 | od2cap: 0 | fr2kr: 0 | lpr2kr: 1000 | cap2udp: 0 | kr2udp: 0 | 
2026-05-03 18:02:48,412 - INFO     - img2od: 50 | od2fr: 0 | od2lpr: 1000 | od2cap: 0 | fr2kr: 0 | lpr2kr: 1000 | cap2udp: 0 | kr2udp: 0 | 
2026-05-03 18:02:49,413 - INFO     - img2od: 50 | od2fr: 0 | od2lpr: 1000 | od2cap: 0 | fr2kr: 0 | lpr2kr: 1000 | cap2udp: 0 | kr2udp: 1 | 
2026-05-03 18:02:50,414 - INFO     - img2od: 50 | od2fr: 0 | od2lpr: 1000 | od2cap: 0 | fr2kr: 0 | lpr2kr: 1000 | cap2udp: 0 | kr2udp: 1 | 
2026-05-03 18:02:51,415 - INFO     - img2od: 50 | od2fr: 0 | od2lpr: 1000 | od2cap: 0 | fr2kr: 0 | lpr2kr: 1000 | cap2udp: 0 | kr2udp: 0 | 
2026-05-03 18:02:52,416 - INFO     - img2od: 50 | od2fr: 0 | od2lpr: 1000 | od2cap: 0 | fr2kr: 0 | lpr2kr: 1000 | cap2udp: 0 | kr2udp: 0 | 
2026-05-03 18:02:53,417 - INFO     - img2od: 50 | od2fr: 0 | od2lpr: 1000 | od2cap: 0 | fr2kr: 0 | lpr2kr: 1000 | cap2udp: 0 | kr2udp: 1 | 
2026-05-03 18:02:54,418 - INFO     - img2od: 50 | od2fr: 0 | od2lpr: 1000 | od2cap: 0 | fr2kr: 0 | lpr2kr: 1000 | cap2udp: 0 | kr2udp: 1 | 
2026-05-03 18:02:55,419 - INFO     - img2od: 50 | od2fr: 0 | od2lpr: 1000 | od2cap: 0 | fr2kr: 0 | lpr2kr: 1000 | cap2udp: 0 | kr2udp: 0 | 
2026-05-03 18:02:56,420 - INFO     - img2od: 50 | od2fr: 0 | od2lpr: 1000 | od2cap: 0 | fr2kr: 0 | lpr2kr: 1000 | cap2udp: 0 | kr2udp: 0 | 
2026-05-03 18:02:57,421 - INFO     - img2od: 50 | od2fr: 0 | od2lpr: 1000 | od2cap: 0 | fr2kr: 0 | lpr2kr: 1000 | cap2udp: 0 | kr2udp: 0 | 
2026-05-03 18:02:58,422 - INFO     - img2od: 49 | od2fr: 0 | od2lpr: 986 | od2cap: 0 | fr2kr: 0 | lpr2kr: 1000 | cap2udp: 0 | kr2udp: 0 | 
2026-05-03 18:02:59,423 - INFO     - img2od: 35 | od2fr: 0 | od2lpr: 1000 | od2cap: 0 | fr2kr: 1 | lpr2kr: 1000 | cap2udp: 0 | kr2udp: 0 | 
2026-05-03 18:03:00,424 - INFO     - img2od: 35 | od2fr: 0 | od2lpr: 1000 | od2cap: 0 | fr2kr: 0 | lpr2kr: 986 | cap2udp: 0 | kr2udp: 1 | 
2026-05-03 18:03:01,425 - INFO     - img2od: 35 | od2fr: 0 | od2lpr: 1000 | od2cap: 0 | fr2kr: 0 | lpr2kr: 1000 | cap2udp: 0 | kr2udp: 1 | 
2026-05-03 18:03:02,426 - INFO     - img2od: 35 | od2fr: 0 | od2lpr: 1000 | od2cap: 0 | fr2kr: 0 | lpr2kr: 1000 | cap2udp: 0 | kr2udp: 1 | 
2026-05-03 18:03:03,427 - INFO     - img2od: 35 | od2fr: 0 | od2lpr: 1000 | od2cap: 0 | fr2kr: 0 | lpr2kr: 1000 | cap2udp: 0 | kr2udp: 1 | 
2026-05-03 18:03:04,429 - INFO     - img2od: 35 | od2fr: 0 | od2lpr: 1000 | od2cap: 0 | fr2kr: 0 | lpr2kr: 1000 | cap2udp: 0 | kr2udp: 1 | 
2026-05-03 18:03:05,430 - INFO     - img2od: 35 | od2fr: 0 | od2lpr: 1000 | od2cap: 0 | fr2kr: 0 | lpr2kr: 1000 | cap2udp: 0 | kr2udp: 1 | 
2026-05-03 18:03:06,431 - INFO     - img2od: 35 | od2fr: 0 | od2lpr: 1000 | od2cap: 0 | fr2kr: 0 | lpr2kr: 1000 | cap2udp: 0 | kr2udp: 0 | 
2026-05-03 18:03:07,432 - INFO     - img2od: 35 | od2fr: 0 | od2lpr: 1000 | od2cap: 0 | fr2kr: 0 | lpr2kr: 1000 | cap2udp: 0 | kr2udp: 0 | 
2026-05-03 18:03:08,433 - INFO     - img2od: 35 | od2fr: 0 | od2lpr: 1000 | od2cap: 0 | fr2kr: 0 | lpr2kr: 1000 | cap2udp: 0 | kr2udp: 0 | 
2026-05-03 18:03:09,434 - INFO     - img2od: 35 | od2fr: 0 | od2lpr: 1000 | od2cap: 0 | fr2kr: 0 | lpr2kr: 1000 | cap2udp: 0 | kr2udp: 1 | 
2026-05-03 18:03:10,435 - INFO     - img2od: 35 | od2fr: 0 | od2lpr: 1000 | od2cap: 0 | fr2kr: 0 | lpr2kr: 1000 | cap2udp: 0 | kr2udp: 0 | 
2026-05-03 18:03:11,436 - INFO     - img2od: 35 | od2fr: 0 | od2lpr: 1000 | od2cap: 0 | fr2kr: 0 | lpr2kr: 1000 | cap2udp: 0 | kr2udp: 0 | 
2026-05-03 18:03:12,437 - INFO     - img2od: 35 | od2fr: 0 | od2lpr: 1000 | od2cap: 0 | fr2kr: 0 | lpr2kr: 1000 | cap2udp: 0 | kr2udp: 1 | 
2026-05-03 18:03:13,438 - INFO     - img2od: 35 | od2fr: 0 | od2lpr: 1000 | od2cap: 0 | fr2kr: 0 | lpr2kr: 1000 | cap2udp: 0 | kr2udp: 0 | 
2026-05-03 18:03:14,439 - INFO     - img2od: 35 | od2fr: 0 | od2lpr: 1000 | od2cap: 0 | fr2kr: 0 | lpr2kr: 1000 | cap2udp: 0 | kr2udp: 0 | 
2026-05-03 18:03:15,440 - INFO     - img2od: 35 | od2fr: 0 | od2lpr: 1000 | od2cap: 0 | fr2kr: 0 | lpr2kr: 1000 | cap2udp: 0 | kr2udp: 0 | 
2026-05-03 18:03:16,440 - INFO     - img2od: 35 | od2fr: 0 | od2lpr: 1000 | od2cap: 0 | fr2kr: 0 | lpr2kr: 1000 | cap2udp: 0 | kr2udp: 0 | 
2026-05-03 18:03:17,441 - INFO     - img2od: 35 | od2fr: 0 | od2lpr: 1000 | od2cap: 0 | fr2kr: 0 | lpr2kr: 993 | cap2udp: 0 | kr2udp: 1 | 
2026-05-03 18:03:18,442 - INFO     - img2od: 35 | od2fr: 0 | od2lpr: 1000 | od2cap: 0 | fr2kr: 0 | lpr2kr: 1000 | cap2udp: 0 | kr2udp: 1 | 
2026-05-03 18:03:19,443 - INFO     - img2od: 35 | od2fr: 0 | od2lpr: 984 | od2cap: 0 | fr2kr: 0 | lpr2kr: 986 | cap2udp: 0 | kr2udp: 0 | 
2026-05-03 18:03:20,444 - INFO     - img2od: 35 | od2fr: 0 | od2lpr: 1000 | od2cap: 0 | fr2kr: 0 | lpr2kr: 1000 | cap2udp: 0 | kr2udp: 0 | 
2026-05-03 18:03:21,445 - INFO     - img2od: 35 | od2fr: 0 | od2lpr: 1000 | od2cap: 0 | fr2kr: 0 | lpr2kr: 1000 | cap2udp: 0 | kr2udp: 0 | 
2026-05-03 18:03:22,446 - INFO     - img2od: 35 | od2fr: 0 | od2lpr: 1000 | od2cap: 0 | fr2kr: 0 | lpr2kr: 1000 | cap2udp: 0 | kr2udp: 1 | 
2026-05-03 18:03:23,447 - INFO     - img2od: 35 | od2fr: 0 | od2lpr: 1000 | od2cap: 0 | fr2kr: 0 | lpr2kr: 1000 | cap2udp: 0 | kr2udp: 0 | 
2026-05-03 18:03:24,448 - INFO     - img2od: 35 | od2fr: 0 | od2lpr: 1000 | od2cap: 0 | fr2kr: 0 | lpr2kr: 1000 | cap2udp: 0 | kr2udp: 0 | 
2026-05-03 18:03:25,449 - INFO     - img2od: 35 | od2fr: 0 | od2lpr: 1000 | od2cap: 0 | fr2kr: 0 | lpr2kr: 1000 | cap2udp: 0 | kr2udp: 1 | 
2026-05-03 18:03:26,450 - INFO     - img2od: 35 | od2fr: 0 | od2lpr: 1000 | od2cap: 0 | fr2kr: 0 | lpr2kr: 1000 | cap2udp: 0 | kr2udp: 1 | 
2026-05-03 18:03:27,451 - INFO     - img2od: 35 | od2fr: 0 | od2lpr: 1000 | od2cap: 0 | fr2kr: 0 | lpr2kr: 1000 | cap2udp: 0 | kr2udp: 0 | 
2026-05-03 18:03:28,452 - INFO     - img2od: 35 | od2fr: 0 | od2lpr: 1000 | od2cap: 0 | fr2kr: 0 | lpr2kr: 1000 | cap2udp: 0 | kr2udp: 0 | 
2026-05-03 18:03:29,453 - INFO     - img2od: 35 | od2fr: 0 | od2lpr: 1000 | od2cap: 0 | fr2kr: 0 | lpr2kr: 1000 | cap2udp: 0 | kr2udp: 0 | 
2026-05-03 18:03:30,454 - INFO     - img2od: 35 | od2fr: 0 | od2lpr: 1000 | od2cap: 0 | fr2kr: 0 | lpr2kr: 995 | cap2udp: 0 | kr2udp: 1 | 
2026-05-03 18:03:31,455 - INFO     - img2od: 35 | od2fr: 0 | od2lpr: 1000 | od2cap: 0 | fr2kr: 0 | lpr2kr: 1000 | cap2udp: 0 | kr2udp: 1 | 
2026-05-03 18:03:32,456 - INFO     - img2od: 35 | od2fr: 0 | od2lpr: 1000 | od2cap: 0 | fr2kr: 0 | lpr2kr: 986 | cap2udp: 0 | kr2udp: 0 | 
2026-05-03 18:03:33,457 - INFO     - img2od: 35 | od2fr: 0 | od2lpr: 1000 | od2cap: 0 | fr2kr: 0 | lpr2kr: 1000 | cap2udp: 0 | kr2udp: 1 | 
2026-05-03 18:03:34,458 - INFO     - img2od: 35 | od2fr: 0 | od2lpr: 1000 | od2cap: 0 | fr2kr: 0 | lpr2kr: 1000 | cap2udp: 0 | kr2udp: 1 | 
2026-05-03 18:03:35,459 - INFO     - img2od: 35 | od2fr: 0 | od2lpr: 1000 | od2cap: 0 | fr2kr: 0 | lpr2kr: 1000 | cap2udp: 0 | kr2udp: 0 | 
2026-05-03 18:03:36,460 - INFO     - img2od: 35 | od2fr: 0 | od2lpr: 1000 | od2cap: 0 | fr2kr: 0 | lpr2kr: 1000 | cap2udp: 0 | kr2udp: 1 | 
2026-05-03 18:03:37,461 - INFO     - img2od: 35 | od2fr: 0 | od2lpr: 1000 | od2cap: 0 | fr2kr: 0 | lpr2kr: 1000 | cap2udp: 0 | kr2udp: 1 | 
2026-05-03 18:03:38,462 - INFO     - img2od: 35 | od2fr: 0 | od2lpr: 1000 | od2cap: 0 | fr2kr: 0 | lpr2kr: 1000 | cap2udp: 0 | kr2udp: 1 | 
2026-05-03 18:03:39,463 - INFO     - img2od: 35 | od2fr: 0 | od2lpr: 1000 | od2cap: 0 | fr2kr: 0 | lpr2kr: 1000 | cap2udp: 0 | kr2udp: 0 | 
2026-05-03 18:03:40,464 - INFO     - img2od: 35 | od2fr: 0 | od2lpr: 1000 | od2cap: 0 | fr2kr: 0 | lpr2kr: 1000 | cap2udp: 0 | kr2udp: 1 | 
2026-05-03 18:03:41,465 - INFO     - img2od: 35 | od2fr: 0 | od2lpr: 1000 | od2cap: 0 | fr2kr: 0 | lpr2kr: 1000 | cap2udp: 0 | kr2udp: 1 | 
2026-05-03 18:03:42,466 - INFO     - img2od: 35 | od2fr: 0 | od2lpr: 1000 | od2cap: 0 | fr2kr: 0 | lpr2kr: 1000 | cap2udp: 0 | kr2udp: 1 | 
2026-05-03 18:03:43,467 - INFO     - img2od: 35 | od2fr: 0 | od2lpr: 1000 | od2cap: 0 | fr2kr: 0 | lpr2kr: 1000 | cap2udp: 0 | kr2udp: 1 | 
2026-05-03 18:03:44,468 - INFO     - img2od: 35 | od2fr: 0 | od2lpr: 1000 | od2cap: 0 | fr2kr: 0 | lpr2kr: 1000 | cap2udp: 0 | kr2udp: 0 | 
2026-05-03 18:03:45,469 - INFO     - img2od: 35 | od2fr: 0 | od2lpr: 1000 | od2cap: 0 | fr2kr: 0 | lpr2kr: 1000 | cap2udp: 0 | kr2udp: 1 | 
2026-05-03 18:03:46,471 - INFO     - img2od: 35 | od2fr: 0 | od2lpr: 1000 | od2cap: 0 | fr2kr: 0 | lpr2kr: 1000 | cap2udp: 0 | kr2udp: 0 | 
2026-05-03 18:03:47,472 - INFO     - img2od: 35 | od2fr: 0 | od2lpr: 1000 | od2cap: 0 | fr2kr: 0 | lpr2kr: 1000 | cap2udp: 0 | kr2udp: 0 | 
2026-05-03 18:03:48,473 - INFO     - img2od: 35 | od2fr: 0 | od2lpr: 1000 | od2cap: 0 | fr2kr: 0 | lpr2kr: 1000 | cap2udp: 0 | kr2udp: 1 | 
2026-05-03 18:03:49,474 - INFO     - img2od: 35 | od2fr: 0 | od2lpr: 1000 | od2cap: 0 | fr2kr: 0 | lpr2kr: 1000 | cap2udp: 0 | kr2udp: 0 | 
2026-05-03 18:03:50,475 - INFO     - img2od: 35 | od2fr: 0 | od2lpr: 1000 | od2cap: 0 | fr2kr: 0 | lpr2kr: 1000 | cap2udp: 0 | kr2udp: 1 | 
2026-05-03 18:03:51,476 - INFO     - img2od: 35 | od2fr: 0 | od2lpr: 986 | od2cap: 0 | fr2kr: 0 | lpr2kr: 993 | cap2udp: 0 | kr2udp: 1 | 
2026-05-03 18:03:52,477 - INFO     - img2od: 35 | od2fr: 0 | od2lpr: 986 | od2cap: 0 | fr2kr: 2 | lpr2kr: 1000 | cap2udp: 0 | kr2udp: 1 | 
2026-05-03 18:03:53,478 - INFO     - img2od: 35 | od2fr: 14 | od2lpr: 987 | od2cap: 0 | fr2kr: 9 | lpr2kr: 1000 | cap2udp: 1 | kr2udp: 1 | 
2026-05-03 18:03:54,479 - INFO     - img2od: 34 | od2fr: 6 | od2lpr: 1000 | od2cap: 0 | fr2kr: 7 | lpr2kr: 1000 | cap2udp: 0 | kr2udp: 1 | 
2026-05-03 18:03:55,480 - INFO     - img2od: 34 | od2fr: 0 | od2lpr: 1000 | od2cap: 0 | fr2kr: 14 | lpr2kr: 1000 | cap2udp: 0 | kr2udp: 1 | 
2026-05-03 18:03:56,481 - INFO     - img2od: 34 | od2fr: 0 | od2lpr: 1000 | od2cap: 0 | fr2kr: 14 | lpr2kr: 1000 | cap2udp: 0 | kr2udp: 1 | 
2026-05-03 18:03:57,482 - INFO     - img2od: 34 | od2fr: 0 | od2lpr: 1000 | od2cap: 0 | fr2kr: 0 | lpr2kr: 1000 | cap2udp: 0 | kr2udp: 1 | 
2026-05-03 18:03:58,483 - INFO     - img2od: 34 | od2fr: 0 | od2lpr: 1000 | od2cap: 0 | fr2kr: 0 | lpr2kr: 998 | cap2udp: 0 | kr2udp: 1 | 
2026-05-03 18:03:59,484 - INFO     - img2od: 34 | od2fr: 0 | od2lpr: 1000 | od2cap: 0 | fr2kr: 0 | lpr2kr: 1000 | cap2udp: 0 | kr2udp: 1 | 
2026-05-03 18:04:00,485 - INFO     - img2od: 34 | od2fr: 0 | od2lpr: 1000 | od2cap: 0 | fr2kr: 0 | lpr2kr: 996 | cap2udp: 0 | kr2udp: 1 | 
2026-05-03 18:04:01,486 - INFO     - img2od: 34 | od2fr: 0 | od2lpr: 1000 | od2cap: 0 | fr2kr: 0 | lpr2kr: 1000 | cap2udp: 0 | kr2udp: 1 | 
2026-05-03 18:04:02,487 - INFO     - img2od: 34 | od2fr: 0 | od2lpr: 1000 | od2cap: 0 | fr2kr: 0 | lpr2kr: 993 | cap2udp: 0 | kr2udp: 1 | 
2026-05-03 18:04:03,488 - INFO     - img2od: 34 | od2fr: 0 | od2lpr: 1000 | od2cap: 0 | fr2kr: 0 | lpr2kr: 1000 | cap2udp: 0 | kr2udp: 1 | 
2026-05-03 18:04:04,489 - INFO     - img2od: 34 | od2fr: 0 | od2lpr: 1000 | od2cap: 0 | fr2kr: 0 | lpr2kr: 991 | cap2udp: 0 | kr2udp: 1 | 
2026-05-03 18:04:05,490 - INFO     - img2od: 34 | od2fr: 0 | od2lpr: 1000 | od2cap: 0 | fr2kr: 0 | lpr2kr: 1000 | cap2udp: 0 | kr2udp: 1 | 
2026-05-03 18:04:06,491 - INFO     - img2od: 34 | od2fr: 0 | od2lpr: 1000 | od2cap: 0 | fr2kr: 0 | lpr2kr: 988 | cap2udp: 0 | kr2udp: 1 | 
2026-05-03 18:04:07,493 - INFO     - img2od: 34 | od2fr: 0 | od2lpr: 1000 | od2cap: 0 | fr2kr: 0 | lpr2kr: 1000 | cap2udp: 0 | kr2udp: 1 | 
2026-05-03 18:04:08,494 - INFO     - img2od: 34 | od2fr: 0 | od2lpr: 1000 | od2cap: 0 | fr2kr: 0 | lpr2kr: 987 | cap2udp: 0 | kr2udp: 1 | 
2026-05-03 18:04:09,495 - INFO     - img2od: 34 | od2fr: 0 | od2lpr: 1000 | od2cap: 0 | fr2kr: 0 | lpr2kr: 1000 | cap2udp: 0 | kr2udp: 1 | 
2026-05-03 18:04:10,496 - INFO     - img2od: 34 | od2fr: 0 | od2lpr: 1000 | od2cap: 0 | fr2kr: 0 | lpr2kr: 984 | cap2udp: 0 | kr2udp: 1 | 
2026-05-03 18:04:11,498 - INFO     - img2od: 34 | od2fr: 0 | od2lpr: 1000 | od2cap: 0 | fr2kr: 0 | lpr2kr: 1000 | cap2udp: 0 | kr2udp: 1 | 
2026-05-03 18:04:12,499 - INFO     - img2od: 34 | od2fr: 0 | od2lpr: 1000 | od2cap: 0 | fr2kr: 0 | lpr2kr: 1000 | cap2udp: 0 | kr2udp: 1 | 
2026-05-03 18:04:13,500 - INFO     - img2od: 34 | od2fr: 0 | od2lpr: 1000 | od2cap: 0 | fr2kr: 0 | lpr2kr: 1000 | cap2udp: 0 | kr2udp: 1 | 
2026-05-03 18:04:14,501 - INFO     - img2od: 34 | od2fr: 0 | od2lpr: 1000 | od2cap: 0 | fr2kr: 0 | lpr2kr: 1000 | cap2udp: 0 | kr2udp: 1 | 
2026-05-03 18:04:15,502 - INFO     - img2od: 34 | od2fr: 0 | od2lpr: 1000 | od2cap: 0 | fr2kr: 0 | lpr2kr: 1000 | cap2udp: 0 | kr2udp: 1 | 
2026-05-03 18:04:16,503 - INFO     - img2od: 34 | od2fr: 0 | od2lpr: 1000 | od2cap: 0 | fr2kr: 0 | lpr2kr: 1000 | cap2udp: 0 | kr2udp: 1 | 
2026-05-03 18:04:17,504 - INFO     - img2od: 34 | od2fr: 0 | od2lpr: 1000 | od2cap: 0 | fr2kr: 0 | lpr2kr: 1000 | cap2udp: 0 | kr2udp: 0 | 
2026-05-03 18:04:18,505 - INFO     - img2od: 34 | od2fr: 0 | od2lpr: 1000 | od2cap: 0 | fr2kr: 0 | lpr2kr: 1000 | cap2udp: 0 | kr2udp: 0 | 
2026-05-03 18:04:19,506 - INFO     - img2od: 34 | od2fr: 0 | od2lpr: 1000 | od2cap: 0 | fr2kr: 0 | lpr2kr: 1000 | cap2udp: 0 | kr2udp: 0 | 
2026-05-03 18:04:20,507 - INFO     - img2od: 34 | od2fr: 0 | od2lpr: 1000 | od2cap: 0 | fr2kr: 0 | lpr2kr: 1000 | cap2udp: 0 | kr2udp: 0 | 
2026-05-03 18:04:21,508 - INFO     - img2od: 34 | od2fr: 0 | od2lpr: 1000 | od2cap: 0 | fr2kr: 0 | lpr2kr: 1000 | cap2udp: 0 | kr2udp: 0 | 
2026-05-03 18:04:22,509 - INFO     - img2od: 34 | od2fr: 0 | od2lpr: 1000 | od2cap: 0 | fr2kr: 0 | lpr2kr: 1000 | cap2udp: 0 | kr2udp: 1 | 
2026-05-03 18:04:23,510 - INFO     - img2od: 34 | od2fr: 0 | od2lpr: 1000 | od2cap: 0 | fr2kr: 0 | lpr2kr: 1000 | cap2udp: 0 | kr2udp: 1 | 
2026-05-03 18:04:24,511 - INFO     - img2od: 34 | od2fr: 0 | od2lpr: 1000 | od2cap: 0 | fr2kr: 0 | lpr2kr: 1000 | cap2udp: 0 | kr2udp: 0 | 
2026-05-03 18:04:25,512 - INFO     - img2od: 34 | od2fr: 0 | od2lpr: 1000 | od2cap: 0 | fr2kr: 0 | lpr2kr: 999 | cap2udp: 0 | kr2udp: 1 | 
2026-05-03 18:04:26,513 - INFO     - img2od: 34 | od2fr: 0 | od2lpr: 1000 | od2cap: 0 | fr2kr: 0 | lpr2kr: 1000 | cap2udp: 0 | kr2udp: 0 | 
2026-05-03 18:04:27,514 - INFO     - img2od: 34 | od2fr: 0 | od2lpr: 1000 | od2cap: 0 | fr2kr: 0 | lpr2kr: 989 | cap2udp: 0 | kr2udp: 0 | 
2026-05-03 18:04:28,515 - INFO     - img2od: 27 | od2fr: 0 | od2lpr: 1000 | od2cap: 0 | fr2kr: 0 | lpr2kr: 1000 | cap2udp: 0 | kr2udp: 1 | 
2026-05-03 18:04:29,516 - INFO     - img2od: 27 | od2fr: 0 | od2lpr: 1000 | od2cap: 0 | fr2kr: 0 | lpr2kr: 1000 | cap2udp: 0 | kr2udp: 1 | 
2026-05-03 18:04:30,517 - INFO     - img2od: 27 | od2fr: 0 | od2lpr: 1000 | od2cap: 0 | fr2kr: 0 | lpr2kr: 1000 | cap2udp: 0 | kr2udp: 0 | 
2026-05-03 18:04:31,518 - INFO     - img2od: 27 | od2fr: 0 | od2lpr: 1000 | od2cap: 0 | fr2kr: 0 | lpr2kr: 1000 | cap2udp: 0 | kr2udp: 1 | 
2026-05-03 18:04:32,519 - INFO     - img2od: 27 | od2fr: 0 | od2lpr: 1000 | od2cap: 0 | fr2kr: 0 | lpr2kr: 1000 | cap2udp: 0 | kr2udp: 1 | 
2026-05-03 18:04:33,520 - INFO     - img2od: 27 | od2fr: 0 | od2lpr: 1000 | od2cap: 0 | fr2kr: 0 | lpr2kr: 1000 | cap2udp: 0 | kr2udp: 0 | 
2026-05-03 18:04:34,520 - INFO     - img2od: 27 | od2fr: 0 | od2lpr: 1000 | od2cap: 0 | fr2kr: 0 | lpr2kr: 1000 | cap2udp: 0 | kr2udp: 0 | 
2026-05-03 18:04:35,521 - INFO     - img2od: 27 | od2fr: 0 | od2lpr: 1000 | od2cap: 0 | fr2kr: 0 | lpr2kr: 1000 | cap2udp: 0 | kr2udp: 1 | 
2026-05-03 18:04:36,522 - INFO     - img2od: 27 | od2fr: 0 | od2lpr: 1000 | od2cap: 0 | fr2kr: 0 | lpr2kr: 1000 | cap2udp: 0 | kr2udp: 1 | 
2026-05-03 18:04:37,523 - INFO     - img2od: 27 | od2fr: 0 | od2lpr: 1000 | od2cap: 0 | fr2kr: 0 | lpr2kr: 1000 | cap2udp: 0 | kr2udp: 1 | 
2026-05-03 18:04:38,524 - INFO     - img2od: 27 | od2fr: 0 | od2lpr: 1000 | od2cap: 0 | fr2kr: 0 | lpr2kr: 1000 | cap2udp: 0 | kr2udp: 1 | 
2026-05-03 18:04:39,525 - INFO     - img2od: 27 | od2fr: 0 | od2lpr: 1000 | od2cap: 0 | fr2kr: 0 | lpr2kr: 1000 | cap2udp: 0 | kr2udp: 1 | 
2026-05-03 18:04:40,526 - INFO     - img2od: 27 | od2fr: 0 | od2lpr: 1000 | od2cap: 0 | fr2kr: 0 | lpr2kr: 1000 | cap2udp: 0 | kr2udp: 1 | 
2026-05-03 18:04:41,527 - INFO     - img2od: 27 | od2fr: 0 | od2lpr: 1000 | od2cap: 0 | fr2kr: 0 | lpr2kr: 1000 | cap2udp: 0 | kr2udp: 1 | 
2026-05-03 18:04:42,528 - INFO     - img2od: 27 | od2fr: 0 | od2lpr: 1000 | od2cap: 0 | fr2kr: 0 | lpr2kr: 1000 | cap2udp: 0 | kr2udp: 0 | 
2026-05-03 18:04:43,529 - INFO     - img2od: 27 | od2fr: 0 | od2lpr: 1000 | od2cap: 0 | fr2kr: 0 | lpr2kr: 1000 | cap2udp: 0 | kr2udp: 1 | 
2026-05-03 18:04:44,530 - INFO     - img2od: 27 | od2fr: 0 | od2lpr: 1000 | od2cap: 0 | fr2kr: 0 | lpr2kr: 1000 | cap2udp: 0 | kr2udp: 0 | 
2026-05-03 18:04:45,531 - INFO     - img2od: 27 | od2fr: 0 | od2lpr: 1000 | od2cap: 0 | fr2kr: 0 | lpr2kr: 1000 | cap2udp: 0 | kr2udp: 0 | 
2026-05-03 18:04:46,532 - INFO     - img2od: 27 | od2fr: 0 | od2lpr: 1000 | od2cap: 0 | fr2kr: 0 | lpr2kr: 1000 | cap2udp: 0 | kr2udp: 0 | 
2026-05-03 18:04:47,533 - INFO     - img2od: 27 | od2fr: 0 | od2lpr: 1000 | od2cap: 0 | fr2kr: 0 | lpr2kr: 1000 | cap2udp: 0 | kr2udp: 0 | 
2026-05-03 18:04:48,534 - INFO     - img2od: 27 | od2fr: 0 | od2lpr: 1000 | od2cap: 0 | fr2kr: 0 | lpr2kr: 1000 | cap2udp: 0 | kr2udp: 0 | 
2026-05-03 18:04:49,535 - INFO     - img2od: 27 | od2fr: 0 | od2lpr: 1000 | od2cap: 0 | fr2kr: 0 | lpr2kr: 1000 | cap2udp: 0 | kr2udp: 0 | 
2026-05-03 18:04:50,536 - INFO     - img2od: 27 | od2fr: 0 | od2lpr: 1000 | od2cap: 0 | fr2kr: 0 | lpr2kr: 1000 | cap2udp: 0 | kr2udp: 0 | 
2026-05-03 18:04:51,537 - INFO     - img2od: 27 | od2fr: 0 | od2lpr: 1000 | od2cap: 0 | fr2kr: 0 | lpr2kr: 1000 | cap2udp: 0 | kr2udp: 0 | 
2026-05-03 18:04:52,538 - INFO     - img2od: 27 | od2fr: 0 | od2lpr: 1000 | od2cap: 0 | fr2kr: 0 | lpr2kr: 999 | cap2udp: 0 | kr2udp: 0 | 
2026-05-03 18:04:53,539 - INFO     - img2od: 27 | od2fr: 0 | od2lpr: 1000 | od2cap: 0 | fr2kr: 0 | lpr2kr: 1000 | cap2udp: 0 | kr2udp: 0 | 
2026-05-03 18:04:54,540 - INFO     - img2od: 27 | od2fr: 0 | od2lpr: 1000 | od2cap: 0 | fr2kr: 0 | lpr2kr: 997 | cap2udp: 0 | kr2udp: 1 | 
2026-05-03 18:04:55,541 - INFO     - img2od: 27 | od2fr: 0 | od2lpr: 1000 | od2cap: 0 | fr2kr: 0 | lpr2kr: 1000 | cap2udp: 0 | kr2udp: 1 | 
2026-05-03 18:04:56,542 - INFO     - img2od: 27 | od2fr: 0 | od2lpr: 1000 | od2cap: 0 | fr2kr: 0 | lpr2kr: 991 | cap2udp: 0 | kr2udp: 1 | 
2026-05-03 18:04:57,543 - INFO     - img2od: 27 | od2fr: 0 | od2lpr: 1000 | od2cap: 0 | fr2kr: 0 | lpr2kr: 1000 | cap2udp: 0 | kr2udp: 0 | 
2026-05-03 18:04:58,544 - INFO     - img2od: 27 | od2fr: 0 | od2lpr: 1000 | od2cap: 0 | fr2kr: 0 | lpr2kr: 986 | cap2udp: 0 | kr2udp: 1 | 
2026-05-03 18:04:59,545 - INFO     - img2od: 27 | od2fr: 0 | od2lpr: 1000 | od2cap: 0 | fr2kr: 0 | lpr2kr: 1000 | cap2udp: 0 | kr2udp: 1 | 
2026-05-03 18:05:00,546 - INFO     - img2od: 27 | od2fr: 0 | od2lpr: 1000 | od2cap: 0 | fr2kr: 0 | lpr2kr: 1000 | cap2udp: 0 | kr2udp: 1 | 
2026-05-03 18:05:01,547 - INFO     - img2od: 27 | od2fr: 0 | od2lpr: 1000 | od2cap: 0 | fr2kr: 0 | lpr2kr: 1000 | cap2udp: 0 | kr2udp: 0 | 
2026-05-03 18:05:02,548 - INFO     - img2od: 27 | od2fr: 0 | od2lpr: 1000 | od2cap: 0 | fr2kr: 0 | lpr2kr: 1000 | cap2udp: 0 | kr2udp: 1 | 
2026-05-03 18:05:03,549 - INFO     - img2od: 27 | od2fr: 0 | od2lpr: 1000 | od2cap: 0 | fr2kr: 0 | lpr2kr: 1000 | cap2udp: 0 | kr2udp: 0 | 
2026-05-03 18:05:04,550 - INFO     - img2od: 27 | od2fr: 0 | od2lpr: 1000 | od2cap: 0 | fr2kr: 0 | lpr2kr: 1000 | cap2udp: 0 | kr2udp: 1 | 
2026-05-03 18:05:05,551 - INFO     - img2od: 27 | od2fr: 0 | od2lpr: 1000 | od2cap: 0 | fr2kr: 0 | lpr2kr: 1000 | cap2udp: 0 | kr2udp: 0 | 
2026-05-03 18:05:06,552 - INFO     - img2od: 27 | od2fr: 0 | od2lpr: 1000 | od2cap: 0 | fr2kr: 0 | lpr2kr: 1000 | cap2udp: 0 | kr2udp: 0 | 
2026-05-03 18:05:07,553 - INFO     - img2od: 27 | od2fr: 0 | od2lpr: 1000 | od2cap: 0 | fr2kr: 0 | lpr2kr: 1000 | cap2udp: 0 | kr2udp: 1 | 
2026-05-03 18:05:08,554 - INFO     - img2od: 27 | od2fr: 0 | od2lpr: 1000 | od2cap: 0 | fr2kr: 0 | lpr2kr: 1000 | cap2udp: 0 | kr2udp: 1 | 
2026-05-03 18:05:09,555 - INFO     - img2od: 27 | od2fr: 0 | od2lpr: 1000 | od2cap: 0 | fr2kr: 0 | lpr2kr: 1000 | cap2udp: 0 | kr2udp: 1 | 
2026-05-03 18:05:10,556 - INFO     - img2od: 27 | od2fr: 0 | od2lpr: 1000 | od2cap: 0 | fr2kr: 0 | lpr2kr: 1000 | cap2udp: 0 | kr2udp: 0 | 
2026-05-03 18:05:11,557 - INFO     - img2od: 27 | od2fr: 0 | od2lpr: 1000 | od2cap: 0 | fr2kr: 0 | lpr2kr: 1000 | cap2udp: 0 | kr2udp: 0 | 
2026-05-03 18:05:12,558 - INFO     - img2od: 27 | od2fr: 0 | od2lpr: 1000 | od2cap: 0 | fr2kr: 0 | lpr2kr: 1000 | cap2udp: 0 | kr2udp: 1 | 
2026-05-03 18:05:13,559 - INFO     - img2od: 27 | od2fr: 0 | od2lpr: 1000 | od2cap: 0 | fr2kr: 0 | lpr2kr: 1000 | cap2udp: 0 | kr2udp: 1 | 
2026-05-03 18:05:14,560 - INFO     - img2od: 27 | od2fr: 0 | od2lpr: 1000 | od2cap: 0 | fr2kr: 0 | lpr2kr: 1000 | cap2udp: 0 | kr2udp: 1 | 
2026-05-03 18:05:15,561 - INFO     - img2od: 27 | od2fr: 0 | od2lpr: 1000 | od2cap: 0 | fr2kr: 0 | lpr2kr: 1000 | cap2udp: 0 | kr2udp: 1 | 
2026-05-03 18:05:16,562 - INFO     - img2od: 27 | od2fr: 0 | od2lpr: 1000 | od2cap: 0 | fr2kr: 0 | lpr2kr: 1000 | cap2udp: 0 | kr2udp: 0 | 
2026-05-03 18:05:17,564 - INFO     - img2od: 27 | od2fr: 0 | od2lpr: 1000 | od2cap: 0 | fr2kr: 0 | lpr2kr: 1000 | cap2udp: 0 | kr2udp: 0 | 
2026-05-03 18:05:18,565 - INFO     - img2od: 27 | od2fr: 0 | od2lpr: 1000 | od2cap: 0 | fr2kr: 0 | lpr2kr: 1000 | cap2udp: 0 | kr2udp: 1 | 
2026-05-03 18:05:19,566 - INFO     - img2od: 27 | od2fr: 0 | od2lpr: 1000 | od2cap: 0 | fr2kr: 0 | lpr2kr: 1000 | cap2udp: 0 | kr2udp: 0 | 
2026-05-03 18:05:20,567 - INFO     - img2od: 27 | od2fr: 0 | od2lpr: 1000 | od2cap: 0 | fr2kr: 0 | lpr2kr: 1000 | cap2udp: 0 | kr2udp: 1 | 
2026-05-03 18:05:21,568 - INFO     - img2od: 27 | od2fr: 0 | od2lpr: 1000 | od2cap: 0 | fr2kr: 0 | lpr2kr: 1000 | cap2udp: 0 | kr2udp: 1 | 
2026-05-03 18:05:22,569 - INFO     - img2od: 27 | od2fr: 0 | od2lpr: 1000 | od2cap: 0 | fr2kr: 0 | lpr2kr: 1000 | cap2udp: 0 | kr2udp: 0 | 
2026-05-03 18:05:23,570 - INFO     - img2od: 27 | od2fr: 0 | od2lpr: 1000 | od2cap: 0 | fr2kr: 0 | lpr2kr: 994 | cap2udp: 0 | kr2udp: 0 | 
2026-05-03 18:05:24,571 - INFO     - img2od: 27 | od2fr: 0 | od2lpr: 1000 | od2cap: 0 | fr2kr: 0 | lpr2kr: 1000 | cap2udp: 0 | kr2udp: 1 | 
2026-05-03 18:05:25,572 - INFO     - img2od: 27 | od2fr: 0 | od2lpr: 1000 | od2cap: 0 | fr2kr: 0 | lpr2kr: 987 | cap2udp: 0 | kr2udp: 1 | 
2026-05-03 18:05:26,573 - INFO     - img2od: 27 | od2fr: 0 | od2lpr: 1000 | od2cap: 0 | fr2kr: 0 | lpr2kr: 1000 | cap2udp: 0 | kr2udp: 1 | 
2026-05-03 18:05:27,574 - INFO     - img2od: 27 | od2fr: 0 | od2lpr: 1000 | od2cap: 0 | fr2kr: 0 | lpr2kr: 1000 | cap2udp: 0 | kr2udp: 1 | 
2026-05-03 18:05:28,575 - INFO     - img2od: 27 | od2fr: 0 | od2lpr: 1000 | od2cap: 0 | fr2kr: 0 | lpr2kr: 1000 | cap2udp: 0 | kr2udp: 1 | 
2026-05-03 18:05:29,576 - INFO     - img2od: 27 | od2fr: 0 | od2lpr: 1000 | od2cap: 0 | fr2kr: 0 | lpr2kr: 1000 | cap2udp: 0 | kr2udp: 1 | 
2026-05-03 18:05:30,578 - INFO     - img2od: 27 | od2fr: 0 | od2lpr: 1000 | od2cap: 0 | fr2kr: 0 | lpr2kr: 1000 | cap2udp: 0 | kr2udp: 1 | 
2026-05-03 18:05:31,579 - INFO     - img2od: 27 | od2fr: 0 | od2lpr: 1000 | od2cap: 0 | fr2kr: 0 | lpr2kr: 1000 | cap2udp: 0 | kr2udp: 0 | 
2026-05-03 18:05:32,580 - INFO     - img2od: 27 | od2fr: 0 | od2lpr: 1000 | od2cap: 0 | fr2kr: 0 | lpr2kr: 1000 | cap2udp: 0 | kr2udp: 1 | 
2026-05-03 18:05:33,581 - INFO     - img2od: 27 | od2fr: 0 | od2lpr: 1000 | od2cap: 0 | fr2kr: 0 | lpr2kr: 1000 | cap2udp: 0 | kr2udp: 1 | 
2026-05-03 18:05:34,582 - INFO     - img2od: 27 | od2fr: 0 | od2lpr: 1000 | od2cap: 0 | fr2kr: 0 | lpr2kr: 1000 | cap2udp: 0 | kr2udp: 1 | 
2026-05-03 18:05:35,583 - INFO     - img2od: 27 | od2fr: 0 | od2lpr: 1000 | od2cap: 0 | fr2kr: 0 | lpr2kr: 1000 | cap2udp: 0 | kr2udp: 0 | 
2026-05-03 18:05:36,585 - INFO     - img2od: 27 | od2fr: 0 | od2lpr: 1000 | od2cap: 0 | fr2kr: 0 | lpr2kr: 1000 | cap2udp: 0 | kr2udp: 1 | 
2026-05-03 18:05:37,586 - INFO     - img2od: 27 | od2fr: 0 | od2lpr: 1000 | od2cap: 0 | fr2kr: 0 | lpr2kr: 1000 | cap2udp: 0 | kr2udp: 1 | 
2026-05-03 18:05:38,586 - INFO     - img2od: 27 | od2fr: 0 | od2lpr: 1000 | od2cap: 0 | fr2kr: 0 | lpr2kr: 1000 | cap2udp: 0 | kr2udp: 1 | 
2026-05-03 18:05:39,587 - INFO     - img2od: 27 | od2fr: 0 | od2lpr: 1000 | od2cap: 0 | fr2kr: 0 | lpr2kr: 1000 | cap2udp: 0 | kr2udp: 1 | 
2026-05-03 18:05:40,588 - INFO     - img2od: 27 | od2fr: 0 | od2lpr: 1000 | od2cap: 0 | fr2kr: 0 | lpr2kr: 1000 | cap2udp: 0 | kr2udp: 1 | 
2026-05-03 18:05:41,589 - INFO     - img2od: 27 | od2fr: 0 | od2lpr: 1000 | od2cap: 0 | fr2kr: 0 | lpr2kr: 1000 | cap2udp: 0 | kr2udp: 1 | 
2026-05-03 18:05:42,590 - INFO     - img2od: 27 | od2fr: 0 | od2lpr: 1000 | od2cap: 0 | fr2kr: 0 | lpr2kr: 1000 | cap2udp: 0 | kr2udp: 1 | 
2026-05-03 18:05:43,591 - INFO     - img2od: 27 | od2fr: 0 | od2lpr: 1000 | od2cap: 0 | fr2kr: 0 | lpr2kr: 1000 | cap2udp: 0 | kr2udp: 1 | 
2026-05-03 18:05:44,592 - INFO     - img2od: 27 | od2fr: 0 | od2lpr: 1000 | od2cap: 0 | fr2kr: 0 | lpr2kr: 1000 | cap2udp: 0 | kr2udp: 1 | 
2026-05-03 18:05:45,593 - INFO     - img2od: 27 | od2fr: 0 | od2lpr: 1000 | od2cap: 0 | fr2kr: 0 | lpr2kr: 1000 | cap2udp: 0 | kr2udp: 1 | 
2026-05-03 18:05:46,594 - INFO     - img2od: 27 | od2fr: 0 | od2lpr: 1000 | od2cap: 0 | fr2kr: 0 | lpr2kr: 1000 | cap2udp: 0 | kr2udp: 1 | 
2026-05-03 18:05:47,595 - INFO     - img2od: 27 | od2fr: 0 | od2lpr: 1000 | od2cap: 0 | fr2kr: 0 | lpr2kr: 1000 | cap2udp: 0 | kr2udp: 1 | 
2026-05-03 18:05:48,596 - INFO     - img2od: 27 | od2fr: 0 | od2lpr: 1000 | od2cap: 0 | fr2kr: 0 | lpr2kr: 1000 | cap2udp: 0 | kr2udp: 1 | 
2026-05-03 18:05:49,597 - INFO     - img2od: 27 | od2fr: 0 | od2lpr: 1000 | od2cap: 0 | fr2kr: 0 | lpr2kr: 1000 | cap2udp: 0 | kr2udp: 1 | 
2026-05-03 18:05:50,597 - INFO     - img2od: 27 | od2fr: 0 | od2lpr: 1000 | od2cap: 0 | fr2kr: 0 | lpr2kr: 1000 | cap2udp: 0 | kr2udp: 1 | 
2026-05-03 18:05:51,598 - INFO     - img2od: 27 | od2fr: 0 | od2lpr: 1000 | od2cap: 0 | fr2kr: 0 | lpr2kr: 1000 | cap2udp: 0 | kr2udp: 1 | 
2026-05-03 18:05:52,599 - INFO     - img2od: 27 | od2fr: 0 | od2lpr: 1000 | od2cap: 0 | fr2kr: 0 | lpr2kr: 1000 | cap2udp: 0 | kr2udp: 1 | 
2026-05-03 18:05:53,600 - INFO     - img2od: 27 | od2fr: 0 | od2lpr: 1000 | od2cap: 0 | fr2kr: 0 | lpr2kr: 1000 | cap2udp: 0 | kr2udp: 0 | 
2026-05-03 18:05:54,601 - INFO     - img2od: 27 | od2fr: 0 | od2lpr: 1000 | od2cap: 0 | fr2kr: 0 | lpr2kr: 1000 | cap2udp: 0 | kr2udp: 1 | 
2026-05-03 18:05:55,602 - INFO     - img2od: 27 | od2fr: 0 | od2lpr: 1000 | od2cap: 0 | fr2kr: 0 | lpr2kr: 1000 | cap2udp: 0 | kr2udp: 1 | 
2026-05-03 18:05:56,603 - INFO     - img2od: 27 | od2fr: 0 | od2lpr: 1000 | od2cap: 0 | fr2kr: 0 | lpr2kr: 997 | cap2udp: 0 | kr2udp: 1 | 
2026-05-03 18:05:57,604 - INFO     - img2od: 27 | od2fr: 0 | od2lpr: 1000 | od2cap: 0 | fr2kr: 0 | lpr2kr: 1000 | cap2udp: 0 | kr2udp: 1 | 
2026-05-03 18:05:58,605 - INFO     - img2od: 27 | od2fr: 0 | od2lpr: 1000 | od2cap: 0 | fr2kr: 0 | lpr2kr: 987 | cap2udp: 0 | kr2udp: 1 | 
2026-05-03 18:05:59,606 - INFO     - img2od: 27 | od2fr: 0 | od2lpr: 1000 | od2cap: 0 | fr2kr: 0 | lpr2kr: 1000 | cap2udp: 0 | kr2udp: 1 | 
2026-05-03 18:06:00,607 - INFO     - img2od: 27 | od2fr: 0 | od2lpr: 1000 | od2cap: 0 | fr2kr: 0 | lpr2kr: 1000 | cap2udp: 0 | kr2udp: 1 | 
2026-05-03 18:06:01,608 - INFO     - img2od: 27 | od2fr: 0 | od2lpr: 1000 | od2cap: 0 | fr2kr: 0 | lpr2kr: 1000 | cap2udp: 0 | kr2udp: 1 | 
2026-05-03 18:06:02,609 - INFO     - img2od: 27 | od2fr: 0 | od2lpr: 1000 | od2cap: 0 | fr2kr: 0 | lpr2kr: 1000 | cap2udp: 0 | kr2udp: 1 | 
2026-05-03 18:06:03,610 - INFO     - img2od: 27 | od2fr: 0 | od2lpr: 1000 | od2cap: 0 | fr2kr: 0 | lpr2kr: 1000 | cap2udp: 0 | kr2udp: 1 | 
2026-05-03 18:06:04,611 - INFO     - img2od: 27 | od2fr: 0 | od2lpr: 1000 | od2cap: 0 | fr2kr: 0 | lpr2kr: 1000 | cap2udp: 0 | kr2udp: 1 | 
2026-05-03 18:06:05,612 - INFO     - img2od: 27 | od2fr: 0 | od2lpr: 1000 | od2cap: 0 | fr2kr: 0 | lpr2kr: 1000 | cap2udp: 0 | kr2udp: 0 | 
2026-05-03 18:06:06,613 - INFO     - img2od: 27 | od2fr: 0 | od2lpr: 1000 | od2cap: 0 | fr2kr: 0 | lpr2kr: 1000 | cap2udp: 0 | kr2udp: 1 | 
2026-05-03 18:06:07,614 - INFO     - img2od: 27 | od2fr: 0 | od2lpr: 1000 | od2cap: 0 | fr2kr: 0 | lpr2kr: 1000 | cap2udp: 0 | kr2udp: 1 | 
2026-05-03 18:06:08,615 - INFO     - img2od: 27 | od2fr: 0 | od2lpr: 1000 | od2cap: 0 | fr2kr: 0 | lpr2kr: 1000 | cap2udp: 0 | kr2udp: 0 | 
2026-05-03 18:06:09,616 - INFO     - img2od: 27 | od2fr: 0 | od2lpr: 1000 | od2cap: 0 | fr2kr: 0 | lpr2kr: 1000 | cap2udp: 0 | kr2udp: 0 | 
2026-05-03 18:06:10,618 - INFO     - img2od: 27 | od2fr: 0 | od2lpr: 1000 | od2cap: 0 | fr2kr: 0 | lpr2kr: 1000 | cap2udp: 0 | kr2udp: 1 | 
2026-05-03 18:06:11,619 - INFO     - img2od: 27 | od2fr: 0 | od2lpr: 1000 | od2cap: 0 | fr2kr: 0 | lpr2kr: 1000 | cap2udp: 0 | kr2udp: 1 | 
2026-05-03 18:06:12,620 - INFO     - img2od: 27 | od2fr: 0 | od2lpr: 1000 | od2cap: 0 | fr2kr: 0 | lpr2kr: 1000 | cap2udp: 0 | kr2udp: 0 | 
2026-05-03 18:06:13,621 - INFO     - img2od: 27 | od2fr: 0 | od2lpr: 1000 | od2cap: 0 | fr2kr: 0 | lpr2kr: 1000 | cap2udp: 0 | kr2udp: 0 | 
2026-05-03 18:06:14,622 - INFO     - img2od: 27 | od2fr: 0 | od2lpr: 1000 | od2cap: 0 | fr2kr: 0 | lpr2kr: 1000 | cap2udp: 0 | kr2udp: 1 | 
2026-05-03 18:06:15,623 - INFO     - img2od: 27 | od2fr: 0 | od2lpr: 1000 | od2cap: 0 | fr2kr: 0 | lpr2kr: 1000 | cap2udp: 0 | kr2udp: 1 | 
2026-05-03 18:06:16,624 - INFO     - img2od: 27 | od2fr: 0 | od2lpr: 1000 | od2cap: 0 | fr2kr: 0 | lpr2kr: 1000 | cap2udp: 0 | kr2udp: 1 | 
2026-05-03 18:06:17,625 - INFO     - img2od: 27 | od2fr: 0 | od2lpr: 986 | od2cap: 0 | fr2kr: 0 | lpr2kr: 1000 | cap2udp: 0 | kr2udp: 1 | 
2026-05-03 18:06:18,626 - INFO     - img2od: 27 | od2fr: 0 | od2lpr: 1000 | od2cap: 0 | fr2kr: 3 | lpr2kr: 1000 | cap2udp: 0 | kr2udp: 1 | 
2026-05-03 18:06:19,627 - INFO     - img2od: 27 | od2fr: 0 | od2lpr: 1000 | od2cap: 0 | fr2kr: 0 | lpr2kr: 985 | cap2udp: 0 | kr2udp: 1 | 
2026-05-03 18:06:20,628 - INFO     - img2od: 27 | od2fr: 0 | od2lpr: 1000 | od2cap: 0 | fr2kr: 0 | lpr2kr: 1000 | cap2udp: 0 | kr2udp: 1 | 
2026-05-03 18:06:21,629 - INFO     - img2od: 27 | od2fr: 0 | od2lpr: 1000 | od2cap: 0 | fr2kr: 0 | lpr2kr: 1000 | cap2udp: 0 | kr2udp: 1 | 
2026-05-03 18:06:22,630 - INFO     - img2od: 27 | od2fr: 0 | od2lpr: 1000 | od2cap: 0 | fr2kr: 0 | lpr2kr: 1000 | cap2udp: 0 | kr2udp: 1 | 
2026-05-03 18:06:23,631 - INFO     - img2od: 27 | od2fr: 0 | od2lpr: 1000 | od2cap: 0 | fr2kr: 0 | lpr2kr: 1000 | cap2udp: 0 | kr2udp: 1 | 
2026-05-03 18:06:24,632 - INFO     - img2od: 27 | od2fr: 0 | od2lpr: 1000 | od2cap: 0 | fr2kr: 0 | lpr2kr: 1000 | cap2udp: 0 | kr2udp: 1 | 
2026-05-03 18:06:25,633 - INFO     - img2od: 27 | od2fr: 0 | od2lpr: 1000 | od2cap: 0 | fr2kr: 0 | lpr2kr: 1000 | cap2udp: 0 | kr2udp: 1 | 
2026-05-03 18:06:26,634 - INFO     - img2od: 27 | od2fr: 0 | od2lpr: 1000 | od2cap: 0 | fr2kr: 0 | lpr2kr: 1000 | cap2udp: 0 | kr2udp: 1 | 
2026-05-03 18:06:27,636 - INFO     - img2od: 27 | od2fr: 0 | od2lpr: 1000 | od2cap: 0 | fr2kr: 0 | lpr2kr: 1000 | cap2udp: 0 | kr2udp: 1 | 
2026-05-03 18:06:28,637 - INFO     - img2od: 27 | od2fr: 0 | od2lpr: 1000 | od2cap: 0 | fr2kr: 0 | lpr2kr: 1000 | cap2udp: 0 | kr2udp: 1 | 
2026-05-03 18:06:29,638 - INFO     - img2od: 27 | od2fr: 0 | od2lpr: 1000 | od2cap: 0 | fr2kr: 0 | lpr2kr: 1000 | cap2udp: 0 | kr2udp: 1 | 
2026-05-03 18:06:30,639 - INFO     - img2od: 27 | od2fr: 0 | od2lpr: 1000 | od2cap: 0 | fr2kr: 0 | lpr2kr: 1000 | cap2udp: 0 | kr2udp: 1 | 
2026-05-03 18:06:31,640 - INFO     - img2od: 27 | od2fr: 0 | od2lpr: 1000 | od2cap: 0 | fr2kr: 0 | lpr2kr: 1000 | cap2udp: 0 | kr2udp: 1 | 
2026-05-03 18:06:32,641 - INFO     - img2od: 27 | od2fr: 0 | od2lpr: 1000 | od2cap: 0 | fr2kr: 0 | lpr2kr: 1000 | cap2udp: 0 | kr2udp: 1 | 
2026-05-03 18:06:33,642 - INFO     - img2od: 27 | od2fr: 0 | od2lpr: 1000 | od2cap: 0 | fr2kr: 0 | lpr2kr: 1000 | cap2udp: 0 | kr2udp: 1 | 
2026-05-03 18:06:34,643 - INFO     - img2od: 27 | od2fr: 0 | od2lpr: 1000 | od2cap: 0 | fr2kr: 0 | lpr2kr: 1000 | cap2udp: 0 | kr2udp: 1 | 
2026-05-03 18:06:35,644 - INFO     - img2od: 27 | od2fr: 0 | od2lpr: 1000 | od2cap: 0 | fr2kr: 0 | lpr2kr: 1000 | cap2udp: 0 | kr2udp: 1 | 
2026-05-03 18:06:36,645 - INFO     - img2od: 27 | od2fr: 0 | od2lpr: 1000 | od2cap: 0 | fr2kr: 0 | lpr2kr: 1000 | cap2udp: 0 | kr2udp: 1 | 
2026-05-03 18:06:37,646 - INFO     - img2od: 27 | od2fr: 0 | od2lpr: 1000 | od2cap: 0 | fr2kr: 0 | lpr2kr: 1000 | cap2udp: 0 | kr2udp: 1 | 
2026-05-03 18:06:38,647 - INFO     - img2od: 27 | od2fr: 0 | od2lpr: 1000 | od2cap: 0 | fr2kr: 0 | lpr2kr: 1000 | cap2udp: 0 | kr2udp: 1 | 
2026-05-03 18:06:39,648 - INFO     - img2od: 27 | od2fr: 0 | od2lpr: 1000 | od2cap: 0 | fr2kr: 0 | lpr2kr: 1000 | cap2udp: 0 | kr2udp: 1 | 
2026-05-03 18:06:40,649 - INFO     - img2od: 27 | od2fr: 0 | od2lpr: 1000 | od2cap: 0 | fr2kr: 0 | lpr2kr: 1000 | cap2udp: 0 | kr2udp: 1 | 
2026-05-03 18:06:41,650 - INFO     - img2od: 27 | od2fr: 0 | od2lpr: 1000 | od2cap: 0 | fr2kr: 0 | lpr2kr: 1000 | cap2udp: 0 | kr2udp: 1 | 
2026-05-03 18:06:42,651 - INFO     - img2od: 27 | od2fr: 0 | od2lpr: 1000 | od2cap: 0 | fr2kr: 0 | lpr2kr: 1000 | cap2udp: 0 | kr2udp: 0 | 
2026-05-03 18:06:43,652 - INFO     - img2od: 27 | od2fr: 0 | od2lpr: 1000 | od2cap: 0 | fr2kr: 0 | lpr2kr: 1000 | cap2udp: 0 | kr2udp: 1 | 
2026-05-03 18:06:44,653 - INFO     - img2od: 27 | od2fr: 0 | od2lpr: 1000 | od2cap: 0 | fr2kr: 0 | lpr2kr: 1000 | cap2udp: 0 | kr2udp: 1 | 
2026-05-03 18:06:45,654 - INFO     - img2od: 27 | od2fr: 0 | od2lpr: 1000 | od2cap: 0 | fr2kr: 0 | lpr2kr: 1000 | cap2udp: 0 | kr2udp: 1 | 
2026-05-03 18:06:46,655 - INFO     - img2od: 27 | od2fr: 0 | od2lpr: 1000 | od2cap: 0 | fr2kr: 0 | lpr2kr: 997 | cap2udp: 0 | kr2udp: 1 | 
2026-05-03 18:06:47,656 - INFO     - img2od: 27 | od2fr: 0 | od2lpr: 1000 | od2cap: 0 | fr2kr: 0 | lpr2kr: 1000 | cap2udp: 0 | kr2udp: 1 | 
2026-05-03 18:06:48,657 - INFO     - img2od: 27 | od2fr: 0 | od2lpr: 1000 | od2cap: 0 | fr2kr: 0 | lpr2kr: 989 | cap2udp: 0 | kr2udp: 1 | 
2026-05-03 18:06:49,658 - INFO     - img2od: 27 | od2fr: 0 | od2lpr: 1000 | od2cap: 0 | fr2kr: 0 | lpr2kr: 1000 | cap2udp: 0 | kr2udp: 1 | 
2026-05-03 18:06:50,659 - INFO     - img2od: 27 | od2fr: 0 | od2lpr: 1000 | od2cap: 0 | fr2kr: 0 | lpr2kr: 985 | cap2udp: 0 | kr2udp: 1 | 
2026-05-03 18:06:51,660 - INFO     - img2od: 27 | od2fr: 0 | od2lpr: 1000 | od2cap: 0 | fr2kr: 0 | lpr2kr: 1000 | cap2udp: 0 | kr2udp: 1 | 
2026-05-03 18:06:52,661 - INFO     - img2od: 27 | od2fr: 0 | od2lpr: 1000 | od2cap: 0 | fr2kr: 0 | lpr2kr: 1000 | cap2udp: 0 | kr2udp: 1 | 
2026-05-03 18:06:53,662 - INFO     - img2od: 27 | od2fr: 0 | od2lpr: 1000 | od2cap: 0 | fr2kr: 0 | lpr2kr: 1000 | cap2udp: 0 | kr2udp: 1 | 
2026-05-03 18:06:54,663 - INFO     - img2od: 27 | od2fr: 0 | od2lpr: 1000 | od2cap: 0 | fr2kr: 0 | lpr2kr: 1000 | cap2udp: 0 | kr2udp: 1 | 
2026-05-03 18:06:55,664 - INFO     - img2od: 27 | od2fr: 0 | od2lpr: 1000 | od2cap: 0 | fr2kr: 0 | lpr2kr: 1000 | cap2udp: 0 | kr2udp: 1 | 
2026-05-03 18:06:56,665 - INFO     - img2od: 27 | od2fr: 0 | od2lpr: 1000 | od2cap: 0 | fr2kr: 0 | lpr2kr: 1000 | cap2udp: 0 | kr2udp: 1 | 
2026-05-03 18:06:57,666 - INFO     - img2od: 27 | od2fr: 0 | od2lpr: 1000 | od2cap: 0 | fr2kr: 0 | lpr2kr: 1000 | cap2udp: 0 | kr2udp: 1 | 
2026-05-03 18:06:58,667 - INFO     - img2od: 27 | od2fr: 0 | od2lpr: 1000 | od2cap: 0 | fr2kr: 0 | lpr2kr: 1000 | cap2udp: 0 | kr2udp: 1 | 
2026-05-03 18:06:59,668 - INFO     - img2od: 27 | od2fr: 0 | od2lpr: 1000 | od2cap: 0 | fr2kr: 0 | lpr2kr: 1000 | cap2udp: 0 | kr2udp: 1 | 
2026-05-03 18:07:00,669 - INFO     - img2od: 27 | od2fr: 0 | od2lpr: 1000 | od2cap: 0 | fr2kr: 0 | lpr2kr: 1000 | cap2udp: 0 | kr2udp: 1 | 
2026-05-03 18:07:01,670 - INFO     - img2od: 27 | od2fr: 0 | od2lpr: 1000 | od2cap: 0 | fr2kr: 0 | lpr2kr: 1000 | cap2udp: 0 | kr2udp: 1 | 
2026-05-03 18:07:02,672 - INFO     - img2od: 27 | od2fr: 0 | od2lpr: 1000 | od2cap: 0 | fr2kr: 0 | lpr2kr: 1000 | cap2udp: 0 | kr2udp: 1 | 
2026-05-03 18:07:03,673 - INFO     - img2od: 27 | od2fr: 0 | od2lpr: 1000 | od2cap: 0 | fr2kr: 0 | lpr2kr: 1000 | cap2udp: 0 | kr2udp: 1 | 
2026-05-03 18:07:04,674 - INFO     - img2od: 27 | od2fr: 0 | od2lpr: 1000 | od2cap: 0 | fr2kr: 0 | lpr2kr: 1000 | cap2udp: 0 | kr2udp: 1 | 
2026-05-03 18:07:05,675 - INFO     - img2od: 27 | od2fr: 0 | od2lpr: 1000 | od2cap: 0 | fr2kr: 0 | lpr2kr: 1000 | cap2udp: 0 | kr2udp: 1 | 
2026-05-03 18:07:06,676 - INFO     - img2od: 27 | od2fr: 0 | od2lpr: 1000 | od2cap: 0 | fr2kr: 0 | lpr2kr: 1000 | cap2udp: 0 | kr2udp: 1 | 
2026-05-03 18:07:07,678 - INFO     - img2od: 27 | od2fr: 0 | od2lpr: 1000 | od2cap: 0 | fr2kr: 0 | lpr2kr: 1000 | cap2udp: 0 | kr2udp: 1 | 
2026-05-03 18:07:08,679 - INFO     - img2od: 27 | od2fr: 0 | od2lpr: 1000 | od2cap: 0 | fr2kr: 0 | lpr2kr: 1000 | cap2udp: 0 | kr2udp: 1 | 
2026-05-03 18:07:09,680 - INFO     - img2od: 27 | od2fr: 0 | od2lpr: 1000 | od2cap: 0 | fr2kr: 0 | lpr2kr: 1000 | cap2udp: 0 | kr2udp: 1 | 
2026-05-03 18:07:10,681 - INFO     - img2od: 27 | od2fr: 0 | od2lpr: 1000 | od2cap: 0 | fr2kr: 0 | lpr2kr: 1000 | cap2udp: 0 | kr2udp: 1 | 
2026-05-03 18:07:11,682 - INFO     - img2od: 27 | od2fr: 0 | od2lpr: 1000 | od2cap: 0 | fr2kr: 0 | lpr2kr: 1000 | cap2udp: 0 | kr2udp: 1 | 
2026-05-03 18:07:12,683 - INFO     - img2od: 27 | od2fr: 0 | od2lpr: 1000 | od2cap: 0 | fr2kr: 0 | lpr2kr: 1000 | cap2udp: 0 | kr2udp: 1 | 
2026-05-03 18:07:13,684 - INFO     - img2od: 27 | od2fr: 0 | od2lpr: 1000 | od2cap: 0 | fr2kr: 0 | lpr2kr: 1000 | cap2udp: 0 | kr2udp: 1 | 
2026-05-03 18:07:14,685 - INFO     - img2od: 27 | od2fr: 0 | od2lpr: 1000 | od2cap: 0 | fr2kr: 0 | lpr2kr: 1000 | cap2udp: 0 | kr2udp: 1 | 
2026-05-03 18:07:15,685 - INFO     - img2od: 27 | od2fr: 0 | od2lpr: 1000 | od2cap: 0 | fr2kr: 0 | lpr2kr: 1000 | cap2udp: 0 | kr2udp: 1 | 
2026-05-03 18:07:16,686 - INFO     - img2od: 27 | od2fr: 0 | od2lpr: 1000 | od2cap: 0 | fr2kr: 0 | lpr2kr: 1000 | cap2udp: 0 | kr2udp: 1 | 
2026-05-03 18:07:17,687 - INFO     - img2od: 27 | od2fr: 0 | od2lpr: 1000 | od2cap: 0 | fr2kr: 0 | lpr2kr: 1000 | cap2udp: 0 | kr2udp: 0 | 
2026-05-03 18:07:18,688 - INFO     - img2od: 27 | od2fr: 0 | od2lpr: 1000 | od2cap: 0 | fr2kr: 0 | lpr2kr: 1000 | cap2udp: 0 | kr2udp: 1 | 
2026-05-03 18:07:19,689 - INFO     - img2od: 27 | od2fr: 0 | od2lpr: 1000 | od2cap: 0 | fr2kr: 0 | lpr2kr: 1000 | cap2udp: 0 | kr2udp: 1 | 
2026-05-03 18:07:20,690 - INFO     - img2od: 27 | od2fr: 0 | od2lpr: 1000 | od2cap: 0 | fr2kr: 0 | lpr2kr: 1000 | cap2udp: 0 | kr2udp: 1 | 
2026-05-03 18:07:21,691 - INFO     - img2od: 27 | od2fr: 0 | od2lpr: 1000 | od2cap: 0 | fr2kr: 0 | lpr2kr: 999 | cap2udp: 0 | kr2udp: 1 | 
2026-05-03 18:07:22,692 - INFO     - img2od: 27 | od2fr: 0 | od2lpr: 1000 | od2cap: 0 | fr2kr: 0 | lpr2kr: 1000 | cap2udp: 0 | kr2udp: 1 | 
2026-05-03 18:07:23,693 - INFO     - img2od: 27 | od2fr: 0 | od2lpr: 1000 | od2cap: 0 | fr2kr: 0 | lpr2kr: 993 | cap2udp: 0 | kr2udp: 1 | 
2026-05-03 18:07:24,694 - INFO     - img2od: 27 | od2fr: 0 | od2lpr: 1000 | od2cap: 0 | fr2kr: 0 | lpr2kr: 1000 | cap2udp: 0 | kr2udp: 1 | 
2026-05-03 18:07:25,695 - INFO     - img2od: 27 | od2fr: 0 | od2lpr: 1000 | od2cap: 0 | fr2kr: 0 | lpr2kr: 988 | cap2udp: 0 | kr2udp: 1 | 
2026-05-03 18:07:26,696 - INFO     - img2od: 27 | od2fr: 0 | od2lpr: 1000 | od2cap: 0 | fr2kr: 0 | lpr2kr: 1000 | cap2udp: 0 | kr2udp: 1 | 
2026-05-03 18:07:27,697 - INFO     - img2od: 27 | od2fr: 0 | od2lpr: 1000 | od2cap: 0 | fr2kr: 0 | lpr2kr: 1000 | cap2udp: 0 | kr2udp: 1 | 
2026-05-03 18:07:28,698 - INFO     - img2od: 27 | od2fr: 0 | od2lpr: 1000 | od2cap: 0 | fr2kr: 0 | lpr2kr: 1000 | cap2udp: 0 | kr2udp: 1 | 
2026-05-03 18:07:29,699 - INFO     - img2od: 27 | od2fr: 0 | od2lpr: 1000 | od2cap: 0 | fr2kr: 0 | lpr2kr: 1000 | cap2udp: 0 | kr2udp: 1 | 
2026-05-03 18:07:30,700 - INFO     - img2od: 27 | od2fr: 0 | od2lpr: 1000 | od2cap: 0 | fr2kr: 0 | lpr2kr: 1000 | cap2udp: 0 | kr2udp: 1 | 
2026-05-03 18:07:31,701 - INFO     - img2od: 27 | od2fr: 0 | od2lpr: 1000 | od2cap: 0 | fr2kr: 0 | lpr2kr: 1000 | cap2udp: 0 | kr2udp: 1 | 
2026-05-03 18:07:32,702 - INFO     - img2od: 27 | od2fr: 0 | od2lpr: 1000 | od2cap: 0 | fr2kr: 0 | lpr2kr: 1000 | cap2udp: 0 | kr2udp: 1 | 
2026-05-03 18:07:33,703 - INFO     - img2od: 27 | od2fr: 0 | od2lpr: 1000 | od2cap: 0 | fr2kr: 0 | lpr2kr: 1000 | cap2udp: 0 | kr2udp: 1 | 
2026-05-03 18:07:34,704 - INFO     - img2od: 27 | od2fr: 0 | od2lpr: 1000 | od2cap: 0 | fr2kr: 0 | lpr2kr: 1000 | cap2udp: 0 | kr2udp: 1 | 
2026-05-03 18:07:35,705 - INFO     - img2od: 27 | od2fr: 0 | od2lpr: 1000 | od2cap: 0 | fr2kr: 0 | lpr2kr: 1000 | cap2udp: 0 | kr2udp: 1 | 
2026-05-03 18:07:36,706 - INFO     - img2od: 27 | od2fr: 0 | od2lpr: 1000 | od2cap: 0 | fr2kr: 0 | lpr2kr: 1000 | cap2udp: 0 | kr2udp: 0 | 
2026-05-03 18:07:37,707 - INFO     - img2od: 27 | od2fr: 0 | od2lpr: 1000 | od2cap: 0 | fr2kr: 0 | lpr2kr: 1000 | cap2udp: 0 | kr2udp: 1 | 
2026-05-03 18:07:38,708 - INFO     - img2od: 27 | od2fr: 0 | od2lpr: 1000 | od2cap: 0 | fr2kr: 0 | lpr2kr: 1000 | cap2udp: 0 | kr2udp: 1 | 
2026-05-03 18:07:39,709 - INFO     - img2od: 27 | od2fr: 0 | od2lpr: 1000 | od2cap: 0 | fr2kr: 0 | lpr2kr: 1000 | cap2udp: 0 | kr2udp: 1 | 
2026-05-03 18:07:40,711 - INFO     - img2od: 27 | od2fr: 0 | od2lpr: 1000 | od2cap: 0 | fr2kr: 0 | lpr2kr: 1000 | cap2udp: 0 | kr2udp: 1 | 
2026-05-03 18:07:41,712 - INFO     - img2od: 27 | od2fr: 0 | od2lpr: 1000 | od2cap: 0 | fr2kr: 0 | lpr2kr: 1000 | cap2udp: 0 | kr2udp: 1 | 
2026-05-03 18:07:42,713 - INFO     - img2od: 27 | od2fr: 0 | od2lpr: 1000 | od2cap: 0 | fr2kr: 0 | lpr2kr: 1000 | cap2udp: 0 | kr2udp: 1 | 
2026-05-03 18:07:43,714 - INFO     - img2od: 27 | od2fr: 0 | od2lpr: 1000 | od2cap: 0 | fr2kr: 0 | lpr2kr: 1000 | cap2udp: 0 | kr2udp: 1 | 
2026-05-03 18:07:44,715 - INFO     - img2od: 27 | od2fr: 0 | od2lpr: 1000 | od2cap: 0 | fr2kr: 0 | lpr2kr: 1000 | cap2udp: 0 | kr2udp: 1 | 
2026-05-03 18:07:45,716 - INFO     - img2od: 27 | od2fr: 0 | od2lpr: 1000 | od2cap: 0 | fr2kr: 0 | lpr2kr: 1000 | cap2udp: 0 | kr2udp: 1 | 
2026-05-03 18:07:46,717 - INFO     - img2od: 27 | od2fr: 0 | od2lpr: 1000 | od2cap: 0 | fr2kr: 0 | lpr2kr: 1000 | cap2udp: 0 | kr2udp: 1 | 
2026-05-03 18:07:47,718 - INFO     - img2od: 27 | od2fr: 0 | od2lpr: 1000 | od2cap: 0 | fr2kr: 0 | lpr2kr: 1000 | cap2udp: 0 | kr2udp: 0 | 
2026-05-03 18:07:48,719 - INFO     - img2od: 27 | od2fr: 0 | od2lpr: 1000 | od2cap: 0 | fr2kr: 0 | lpr2kr: 1000 | cap2udp: 0 | kr2udp: 1 | 
2026-05-03 18:07:49,720 - INFO     - img2od: 27 | od2fr: 0 | od2lpr: 1000 | od2cap: 0 | fr2kr: 0 | lpr2kr: 1000 | cap2udp: 0 | kr2udp: 0 | 
2026-05-03 18:07:50,721 - INFO     - img2od: 27 | od2fr: 0 | od2lpr: 1000 | od2cap: 0 | fr2kr: 0 | lpr2kr: 1000 | cap2udp: 0 | kr2udp: 1 | 
2026-05-03 18:07:51,722 - INFO     - img2od: 27 | od2fr: 0 | od2lpr: 1000 | od2cap: 0 | fr2kr: 0 | lpr2kr: 1000 | cap2udp: 0 | kr2udp: 1 | 
2026-05-03 18:07:52,724 - INFO     - img2od: 27 | od2fr: 0 | od2lpr: 1000 | od2cap: 0 | fr2kr: 0 | lpr2kr: 1000 | cap2udp: 0 | kr2udp: 0 | 
2026-05-03 18:07:53,725 - INFO     - img2od: 27 | od2fr: 0 | od2lpr: 1000 | od2cap: 0 | fr2kr: 0 | lpr2kr: 1000 | cap2udp: 0 | kr2udp: 0 | 
2026-05-03 18:07:54,726 - INFO     - img2od: 27 | od2fr: 0 | od2lpr: 1000 | od2cap: 0 | fr2kr: 0 | lpr2kr: 996 | cap2udp: 0 | kr2udp: 1 | 
2026-05-03 18:07:55,727 - INFO     - img2od: 27 | od2fr: 0 | od2lpr: 1000 | od2cap: 0 | fr2kr: 0 | lpr2kr: 1000 | cap2udp: 0 | kr2udp: 1 | 
2026-05-03 18:07:56,728 - INFO     - img2od: 27 | od2fr: 0 | od2lpr: 1000 | od2cap: 0 | fr2kr: 0 | lpr2kr: 992 | cap2udp: 0 | kr2udp: 0 | 
2026-05-03 18:07:57,729 - INFO     - img2od: 27 | od2fr: 0 | od2lpr: 1000 | od2cap: 0 | fr2kr: 0 | lpr2kr: 1000 | cap2udp: 0 | kr2udp: 0 | 
2026-05-03 18:07:58,730 - INFO     - img2od: 27 | od2fr: 0 | od2lpr: 1000 | od2cap: 0 | fr2kr: 0 | lpr2kr: 986 | cap2udp: 0 | kr2udp: 1 | 
2026-05-03 18:07:59,731 - INFO     - img2od: 25 | od2fr: 14 | od2lpr: 986 | od2cap: 0 | fr2kr: 3 | lpr2kr: 1000 | cap2udp: 1 | kr2udp: 0 | 
2026-05-03 18:08:00,733 - INFO     - img2od: 22 | od2fr: 29 | od2lpr: 1000 | od2cap: 0 | fr2kr: 9 | lpr2kr: 1000 | cap2udp: 0 | kr2udp: 0 | 
2026-05-03 18:08:01,734 - INFO     - img2od: 22 | od2fr: 21 | od2lpr: 1000 | od2cap: 0 | fr2kr: 7 | lpr2kr: 1000 | cap2udp: 0 | kr2udp: 1 | 
2026-05-03 18:08:02,735 - INFO     - img2od: 22 | od2fr: 2 | od2lpr: 1000 | od2cap: 0 | fr2kr: 12 | lpr2kr: 1000 | cap2udp: 0 | kr2udp: 0 | 
2026-05-03 18:08:03,736 - INFO     - img2od: 22 | od2fr: 2 | od2lpr: 1000 | od2cap: 0 | fr2kr: 20 | lpr2kr: 1000 | cap2udp: 0 | kr2udp: 0 | 
2026-05-03 18:08:04,738 - INFO     - img2od: 22 | od2fr: 2 | od2lpr: 1000 | od2cap: 0 | fr2kr: 10 | lpr2kr: 1000 | cap2udp: 0 | kr2udp: 0 | 
2026-05-03 18:08:05,739 - INFO     - img2od: 22 | od2fr: 0 | od2lpr: 1000 | od2cap: 0 | fr2kr: 12 | lpr2kr: 1000 | cap2udp: 0 | kr2udp: 0 | 
2026-05-03 18:08:06,740 - INFO     - img2od: 22 | od2fr: 0 | od2lpr: 1000 | od2cap: 0 | fr2kr: 12 | lpr2kr: 1000 | cap2udp: 0 | kr2udp: 0 | 
2026-05-03 18:08:07,741 - INFO     - img2od: 22 | od2fr: 0 | od2lpr: 1000 | od2cap: 0 | fr2kr: 12 | lpr2kr: 1000 | cap2udp: 0 | kr2udp: 0 | 
2026-05-03 18:08:08,742 - INFO     - img2od: 22 | od2fr: 0 | od2lpr: 1000 | od2cap: 0 | fr2kr: 0 | lpr2kr: 1000 | cap2udp: 0 | kr2udp: 1 | 
2026-05-03 18:08:09,743 - INFO     - img2od: 22 | od2fr: 0 | od2lpr: 1000 | od2cap: 0 | fr2kr: 0 | lpr2kr: 1000 | cap2udp: 0 | kr2udp: 1 | 
2026-05-03 18:08:10,744 - INFO     - img2od: 22 | od2fr: 0 | od2lpr: 1000 | od2cap: 0 | fr2kr: 0 | lpr2kr: 1000 | cap2udp: 0 | kr2udp: 0 | 
2026-05-03 18:08:11,745 - INFO     - img2od: 22 | od2fr: 0 | od2lpr: 1000 | od2cap: 0 | fr2kr: 0 | lpr2kr: 1000 | cap2udp: 0 | kr2udp: 1 | 
2026-05-03 18:08:12,746 - INFO     - img2od: 22 | od2fr: 0 | od2lpr: 1000 | od2cap: 0 | fr2kr: 0 | lpr2kr: 1000 | cap2udp: 0 | kr2udp: 0 | 
2026-05-03 18:08:13,747 - INFO     - img2od: 22 | od2fr: 0 | od2lpr: 1000 | od2cap: 0 | fr2kr: 0 | lpr2kr: 1000 | cap2udp: 0 | kr2udp: 1 | 
2026-05-03 18:08:14,748 - INFO     - img2od: 22 | od2fr: 0 | od2lpr: 1000 | od2cap: 0 | fr2kr: 0 | lpr2kr: 1000 | cap2udp: 0 | kr2udp: 0 | 
2026-05-03 18:08:15,749 - INFO     - img2od: 22 | od2fr: 0 | od2lpr: 1000 | od2cap: 0 | fr2kr: 0 | lpr2kr: 1000 | cap2udp: 0 | kr2udp: 1 | 
2026-05-03 18:08:16,750 - INFO     - img2od: 22 | od2fr: 0 | od2lpr: 1000 | od2cap: 0 | fr2kr: 0 | lpr2kr: 1000 | cap2udp: 0 | kr2udp: 1 | 
2026-05-03 18:08:17,751 - INFO     - img2od: 22 | od2fr: 0 | od2lpr: 1000 | od2cap: 0 | fr2kr: 0 | lpr2kr: 1000 | cap2udp: 0 | kr2udp: 0 | 
2026-05-03 18:08:18,752 - INFO     - img2od: 22 | od2fr: 0 | od2lpr: 1000 | od2cap: 0 | fr2kr: 0 | lpr2kr: 1000 | cap2udp: 0 | kr2udp: 0 | 
2026-05-03 18:08:19,753 - INFO     - img2od: 22 | od2fr: 0 | od2lpr: 1000 | od2cap: 0 | fr2kr: 0 | lpr2kr: 1000 | cap2udp: 0 | kr2udp: 1 | 
2026-05-03 18:08:20,754 - INFO     - img2od: 22 | od2fr: 0 | od2lpr: 1000 | od2cap: 0 | fr2kr: 0 | lpr2kr: 1000 | cap2udp: 0 | kr2udp: 1 | 
2026-05-03 18:08:21,755 - INFO     - img2od: 22 | od2fr: 0 | od2lpr: 1000 | od2cap: 0 | fr2kr: 0 | lpr2kr: 1000 | cap2udp: 0 | kr2udp: 1 | 
2026-05-03 18:08:22,756 - INFO     - img2od: 22 | od2fr: 0 | od2lpr: 1000 | od2cap: 0 | fr2kr: 0 | lpr2kr: 1000 | cap2udp: 0 | kr2udp: 1 | 
2026-05-03 18:08:23,757 - INFO     - img2od: 22 | od2fr: 0 | od2lpr: 1000 | od2cap: 0 | fr2kr: 0 | lpr2kr: 1000 | cap2udp: 0 | kr2udp: 0 | 
2026-05-03 18:08:24,758 - INFO     - img2od: 22 | od2fr: 0 | od2lpr: 1000 | od2cap: 0 | fr2kr: 0 | lpr2kr: 1000 | cap2udp: 0 | kr2udp: 1 | 
2026-05-03 18:08:25,759 - INFO     - img2od: 22 | od2fr: 0 | od2lpr: 1000 | od2cap: 0 | fr2kr: 0 | lpr2kr: 1000 | cap2udp: 0 | kr2udp: 0 | 
2026-05-03 18:08:26,761 - INFO     - img2od: 22 | od2fr: 0 | od2lpr: 1000 | od2cap: 0 | fr2kr: 0 | lpr2kr: 1000 | cap2udp: 0 | kr2udp: 0 | 
2026-05-03 18:08:27,762 - INFO     - img2od: 22 | od2fr: 0 | od2lpr: 1000 | od2cap: 0 | fr2kr: 0 | lpr2kr: 1000 | cap2udp: 0 | kr2udp: 0 | 
2026-05-03 18:08:28,763 - INFO     - img2od: 22 | od2fr: 0 | od2lpr: 1000 | od2cap: 0 | fr2kr: 0 | lpr2kr: 1000 | cap2udp: 0 | kr2udp: 0 | 
2026-05-03 18:08:29,764 - INFO     - img2od: 22 | od2fr: 0 | od2lpr: 1000 | od2cap: 0 | fr2kr: 0 | lpr2kr: 1000 | cap2udp: 0 | kr2udp: 1 | 
2026-05-03 18:08:30,765 - INFO     - img2od: 22 | od2fr: 0 | od2lpr: 1000 | od2cap: 0 | fr2kr: 0 | lpr2kr: 1000 | cap2udp: 0 | kr2udp: 0 | 
2026-05-03 18:08:31,766 - INFO     - img2od: 22 | od2fr: 0 | od2lpr: 1000 | od2cap: 0 | fr2kr: 0 | lpr2kr: 1000 | cap2udp: 0 | kr2udp: 0 | 
2026-05-03 18:08:32,767 - INFO     - img2od: 22 | od2fr: 0 | od2lpr: 1000 | od2cap: 0 | fr2kr: 0 | lpr2kr: 999 | cap2udp: 0 | kr2udp: 1 | 
2026-05-03 18:08:33,768 - INFO     - img2od: 22 | od2fr: 0 | od2lpr: 1000 | od2cap: 0 | fr2kr: 0 | lpr2kr: 1000 | cap2udp: 0 | kr2udp: 1 | 
2026-05-03 18:08:34,769 - INFO     - img2od: 22 | od2fr: 0 | od2lpr: 993 | od2cap: 0 | fr2kr: 0 | lpr2kr: 1000 | cap2udp: 0 | kr2udp: 0 | 
2026-05-03 18:08:35,770 - INFO     - img2od: 22 | od2fr: 0 | od2lpr: 1000 | od2cap: 0 | fr2kr: 0 | lpr2kr: 1000 | cap2udp: 0 | kr2udp: 1 | 
2026-05-03 18:08:36,771 - INFO     - img2od: 22 | od2fr: 0 | od2lpr: 1000 | od2cap: 0 | fr2kr: 0 | lpr2kr: 1000 | cap2udp: 0 | kr2udp: 0 | 
2026-05-03 18:08:37,772 - INFO     - img2od: 22 | od2fr: 0 | od2lpr: 1000 | od2cap: 0 | fr2kr: 0 | lpr2kr: 1000 | cap2udp: 0 | kr2udp: 0 | 
2026-05-03 18:08:38,773 - INFO     - img2od: 22 | od2fr: 0 | od2lpr: 1000 | od2cap: 0 | fr2kr: 0 | lpr2kr: 997 | cap2udp: 0 | kr2udp: 1 | 
2026-05-03 18:08:39,774 - INFO     - img2od: 22 | od2fr: 0 | od2lpr: 1000 | od2cap: 0 | fr2kr: 0 | lpr2kr: 1000 | cap2udp: 0 | kr2udp: 1 | 
2026-05-03 18:08:40,775 - INFO     - img2od: 22 | od2fr: 0 | od2lpr: 998 | od2cap: 0 | fr2kr: 0 | lpr2kr: 992 | cap2udp: 0 | kr2udp: 0 | 
2026-05-03 18:08:41,776 - INFO     - img2od: 22 | od2fr: 0 | od2lpr: 1000 | od2cap: 0 | fr2kr: 0 | lpr2kr: 1000 | cap2udp: 0 | kr2udp: 0 | 
2026-05-03 18:08:42,777 - INFO     - img2od: 22 | od2fr: 0 | od2lpr: 1000 | od2cap: 0 | fr2kr: 0 | lpr2kr: 985 | cap2udp: 0 | kr2udp: 0 | 
2026-05-03 18:08:43,778 - INFO     - img2od: 22 | od2fr: 0 | od2lpr: 1000 | od2cap: 0 | fr2kr: 0 | lpr2kr: 1000 | cap2udp: 0 | kr2udp: 1 | 
2026-05-03 18:08:44,779 - INFO     - img2od: 22 | od2fr: 0 | od2lpr: 1000 | od2cap: 0 | fr2kr: 0 | lpr2kr: 1000 | cap2udp: 0 | kr2udp: 1 | 
2026-05-03 18:08:45,780 - INFO     - img2od: 22 | od2fr: 0 | od2lpr: 1000 | od2cap: 0 | fr2kr: 0 | lpr2kr: 1000 | cap2udp: 0 | kr2udp: 0 | 
2026-05-03 18:08:46,781 - INFO     - img2od: 22 | od2fr: 0 | od2lpr: 1000 | od2cap: 0 | fr2kr: 0 | lpr2kr: 1000 | cap2udp: 0 | kr2udp: 0 | 
2026-05-03 18:08:47,782 - INFO     - img2od: 22 | od2fr: 0 | od2lpr: 1000 | od2cap: 0 | fr2kr: 0 | lpr2kr: 1000 | cap2udp: 0 | kr2udp: 0 | 
2026-05-03 18:08:48,783 - INFO     - img2od: 22 | od2fr: 0 | od2lpr: 1000 | od2cap: 0 | fr2kr: 0 | lpr2kr: 1000 | cap2udp: 0 | kr2udp: 0 | 
2026-05-03 18:08:49,784 - INFO     - img2od: 22 | od2fr: 0 | od2lpr: 1000 | od2cap: 0 | fr2kr: 0 | lpr2kr: 1000 | cap2udp: 0 | kr2udp: 0 | 
2026-05-03 18:08:50,785 - INFO     - img2od: 22 | od2fr: 0 | od2lpr: 1000 | od2cap: 0 | fr2kr: 0 | lpr2kr: 1000 | cap2udp: 0 | kr2udp: 0 | 
2026-05-03 18:08:51,786 - INFO     - img2od: 22 | od2fr: 0 | od2lpr: 1000 | od2cap: 0 | fr2kr: 0 | lpr2kr: 1000 | cap2udp: 0 | kr2udp: 1 | 
2026-05-03 18:08:52,787 - INFO     - img2od: 22 | od2fr: 0 | od2lpr: 1000 | od2cap: 0 | fr2kr: 0 | lpr2kr: 1000 | cap2udp: 0 | kr2udp: 0 | 
2026-05-03 18:08:53,788 - INFO     - img2od: 22 | od2fr: 0 | od2lpr: 1000 | od2cap: 0 | fr2kr: 0 | lpr2kr: 1000 | cap2udp: 0 | kr2udp: 0 | 
2026-05-03 18:08:54,789 - INFO     - img2od: 22 | od2fr: 0 | od2lpr: 1000 | od2cap: 0 | fr2kr: 0 | lpr2kr: 1000 | cap2udp: 0 | kr2udp: 0 | 
2026-05-03 18:08:55,790 - INFO     - img2od: 22 | od2fr: 0 | od2lpr: 1000 | od2cap: 0 | fr2kr: 0 | lpr2kr: 1000 | cap2udp: 0 | kr2udp: 1 | 
2026-05-03 18:08:56,791 - INFO     - img2od: 22 | od2fr: 0 | od2lpr: 1000 | od2cap: 0 | fr2kr: 0 | lpr2kr: 1000 | cap2udp: 0 | kr2udp: 0 | 
2026-05-03 18:08:57,792 - INFO     - img2od: 22 | od2fr: 0 | od2lpr: 1000 | od2cap: 0 | fr2kr: 0 | lpr2kr: 1000 | cap2udp: 0 | kr2udp: 0 | 
2026-05-03 18:08:58,793 - INFO     - img2od: 22 | od2fr: 0 | od2lpr: 1000 | od2cap: 0 | fr2kr: 0 | lpr2kr: 1000 | cap2udp: 0 | kr2udp: 1 | 
2026-05-03 18:08:59,794 - INFO     - img2od: 22 | od2fr: 0 | od2lpr: 1000 | od2cap: 0 | fr2kr: 0 | lpr2kr: 1000 | cap2udp: 0 | kr2udp: 1 | 
2026-05-03 18:09:00,795 - INFO     - img2od: 22 | od2fr: 0 | od2lpr: 1000 | od2cap: 0 | fr2kr: 0 | lpr2kr: 1000 | cap2udp: 0 | kr2udp: 0 | 
2026-05-03 18:09:01,796 - INFO     - img2od: 22 | od2fr: 0 | od2lpr: 1000 | od2cap: 0 | fr2kr: 0 | lpr2kr: 1000 | cap2udp: 0 | kr2udp: 0 | 
2026-05-03 18:09:02,797 - INFO     - img2od: 22 | od2fr: 0 | od2lpr: 1000 | od2cap: 0 | fr2kr: 0 | lpr2kr: 1000 | cap2udp: 0 | kr2udp: 0 | 
2026-05-03 18:09:03,798 - INFO     - img2od: 22 | od2fr: 0 | od2lpr: 1000 | od2cap: 0 | fr2kr: 0 | lpr2kr: 1000 | cap2udp: 0 | kr2udp: 0 | 
2026-05-03 18:09:04,799 - INFO     - img2od: 22 | od2fr: 0 | od2lpr: 1000 | od2cap: 0 | fr2kr: 0 | lpr2kr: 1000 | cap2udp: 0 | kr2udp: 0 | 
2026-05-03 18:09:05,800 - INFO     - img2od: 22 | od2fr: 0 | od2lpr: 1000 | od2cap: 0 | fr2kr: 0 | lpr2kr: 1000 | cap2udp: 0 | kr2udp: 0 | 
2026-05-03 18:09:06,801 - INFO     - img2od: 22 | od2fr: 0 | od2lpr: 1000 | od2cap: 0 | fr2kr: 0 | lpr2kr: 1000 | cap2udp: 0 | kr2udp: 0 | 
2026-05-03 18:09:07,802 - INFO     - img2od: 22 | od2fr: 0 | od2lpr: 1000 | od2cap: 0 | fr2kr: 0 | lpr2kr: 1000 | cap2udp: 0 | kr2udp: 0 | 
2026-05-03 18:09:08,803 - INFO     - img2od: 22 | od2fr: 0 | od2lpr: 1000 | od2cap: 0 | fr2kr: 0 | lpr2kr: 1000 | cap2udp: 0 | kr2udp: 0 | 
2026-05-03 18:09:09,804 - INFO     - img2od: 22 | od2fr: 0 | od2lpr: 1000 | od2cap: 0 | fr2kr: 0 | lpr2kr: 1000 | cap2udp: 0 | kr2udp: 1 | 
2026-05-03 18:09:10,805 - INFO     - img2od: 22 | od2fr: 0 | od2lpr: 1000 | od2cap: 0 | fr2kr: 0 | lpr2kr: 1000 | cap2udp: 0 | kr2udp: 1 | 
2026-05-03 18:09:11,806 - INFO     - img2od: 22 | od2fr: 0 | od2lpr: 1000 | od2cap: 0 | fr2kr: 0 | lpr2kr: 1000 | cap2udp: 0 | kr2udp: 0 | 
2026-05-03 18:09:12,807 - INFO     - img2od: 22 | od2fr: 0 | od2lpr: 1000 | od2cap: 0 | fr2kr: 0 | lpr2kr: 1000 | cap2udp: 0 | kr2udp: 0 | 
2026-05-03 18:09:13,809 - INFO     - img2od: 22 | od2fr: 0 | od2lpr: 1000 | od2cap: 0 | fr2kr: 0 | lpr2kr: 1000 | cap2udp: 0 | kr2udp: 0 | 
2026-05-03 18:09:14,809 - INFO     - img2od: 22 | od2fr: 0 | od2lpr: 1000 | od2cap: 0 | fr2kr: 0 | lpr2kr: 1000 | cap2udp: 0 | kr2udp: 1 | 
2026-05-03 18:09:15,810 - INFO     - img2od: 22 | od2fr: 0 | od2lpr: 999 | od2cap: 0 | fr2kr: 0 | lpr2kr: 995 | cap2udp: 0 | kr2udp: 0 | 
2026-05-03 18:09:16,811 - INFO     - img2od: 22 | od2fr: 0 | od2lpr: 1000 | od2cap: 0 | fr2kr: 0 | lpr2kr: 1000 | cap2udp: 0 | kr2udp: 0 | 
2026-05-03 18:09:17,812 - INFO     - img2od: 22 | od2fr: 0 | od2lpr: 1000 | od2cap: 0 | fr2kr: 0 | lpr2kr: 995 | cap2udp: 0 | kr2udp: 0 | 
2026-05-03 18:09:18,813 - INFO     - img2od: 22 | od2fr: 0 | od2lpr: 1000 | od2cap: 0 | fr2kr: 0 | lpr2kr: 1000 | cap2udp: 0 | kr2udp: 1 | 
2026-05-03 18:09:19,814 - INFO     - img2od: 22 | od2fr: 0 | od2lpr: 1000 | od2cap: 0 | fr2kr: 0 | lpr2kr: 993 | cap2udp: 0 | kr2udp: 1 | 
2026-05-03 18:09:20,815 - INFO     - img2od: 22 | od2fr: 0 | od2lpr: 1000 | od2cap: 0 | fr2kr: 0 | lpr2kr: 1000 | cap2udp: 0 | kr2udp: 1 | 
2026-05-03 18:09:21,816 - INFO     - img2od: 22 | od2fr: 0 | od2lpr: 1000 | od2cap: 0 | fr2kr: 0 | lpr2kr: 990 | cap2udp: 0 | kr2udp: 0 | 
2026-05-03 18:09:22,817 - INFO     - img2od: 22 | od2fr: 0 | od2lpr: 1000 | od2cap: 0 | fr2kr: 0 | lpr2kr: 1000 | cap2udp: 0 | kr2udp: 1 | 
2026-05-03 18:09:23,818 - INFO     - img2od: 22 | od2fr: 0 | od2lpr: 1000 | od2cap: 0 | fr2kr: 0 | lpr2kr: 993 | cap2udp: 0 | kr2udp: 0 | 
2026-05-03 18:09:24,820 - INFO     - img2od: 22 | od2fr: 0 | od2lpr: 1000 | od2cap: 0 | fr2kr: 0 | lpr2kr: 1000 | cap2udp: 0 | kr2udp: 1 | 
2026-05-03 18:09:25,821 - INFO     - img2od: 22 | od2fr: 0 | od2lpr: 1000 | od2cap: 0 | fr2kr: 0 | lpr2kr: 996 | cap2udp: 0 | kr2udp: 0 | 
2026-05-03 18:09:26,822 - INFO     - img2od: 22 | od2fr: 0 | od2lpr: 1000 | od2cap: 0 | fr2kr: 0 | lpr2kr: 1000 | cap2udp: 0 | kr2udp: 0 | 
2026-05-03 18:09:27,823 - INFO     - img2od: 22 | od2fr: 0 | od2lpr: 1000 | od2cap: 0 | fr2kr: 0 | lpr2kr: 993 | cap2udp: 0 | kr2udp: 0 | 
2026-05-03 18:09:28,824 - INFO     - img2od: 22 | od2fr: 0 | od2lpr: 1000 | od2cap: 0 | fr2kr: 0 | lpr2kr: 1000 | cap2udp: 0 | kr2udp: 1 | 
2026-05-03 18:09:29,825 - INFO     - img2od: 22 | od2fr: 0 | od2lpr: 1000 | od2cap: 0 | fr2kr: 0 | lpr2kr: 988 | cap2udp: 0 | kr2udp: 0 | 
2026-05-03 18:09:30,826 - INFO     - img2od: 22 | od2fr: 0 | od2lpr: 1000 | od2cap: 0 | fr2kr: 0 | lpr2kr: 1000 | cap2udp: 0 | kr2udp: 0 | 
2026-05-03 18:09:31,827 - INFO     - img2od: 22 | od2fr: 0 | od2lpr: 1000 | od2cap: 0 | fr2kr: 0 | lpr2kr: 1000 | cap2udp: 0 | kr2udp: 1 | 
2026-05-03 18:09:32,829 - INFO     - img2od: 22 | od2fr: 0 | od2lpr: 1000 | od2cap: 0 | fr2kr: 0 | lpr2kr: 1000 | cap2udp: 0 | kr2udp: 0 | 
2026-05-03 18:09:33,830 - INFO     - img2od: 22 | od2fr: 0 | od2lpr: 1000 | od2cap: 0 | fr2kr: 0 | lpr2kr: 1000 | cap2udp: 0 | kr2udp: 1 | 
2026-05-03 18:09:34,831 - INFO     - img2od: 22 | od2fr: 0 | od2lpr: 1000 | od2cap: 0 | fr2kr: 0 | lpr2kr: 1000 | cap2udp: 0 | kr2udp: 0 | 
2026-05-03 18:09:35,832 - INFO     - img2od: 22 | od2fr: 0 | od2lpr: 1000 | od2cap: 0 | fr2kr: 0 | lpr2kr: 1000 | cap2udp: 0 | kr2udp: 0 | 
2026-05-03 18:09:36,834 - INFO     - img2od: 22 | od2fr: 0 | od2lpr: 1000 | od2cap: 0 | fr2kr: 0 | lpr2kr: 1000 | cap2udp: 0 | kr2udp: 0 | 
2026-05-03 18:09:37,834 - INFO     - img2od: 22 | od2fr: 0 | od2lpr: 1000 | od2cap: 0 | fr2kr: 0 | lpr2kr: 1000 | cap2udp: 0 | kr2udp: 0 | 
2026-05-03 18:09:38,835 - INFO     - img2od: 22 | od2fr: 0 | od2lpr: 1000 | od2cap: 0 | fr2kr: 0 | lpr2kr: 1000 | cap2udp: 0 | kr2udp: 0 | 
2026-05-03 18:09:39,837 - INFO     - img2od: 22 | od2fr: 0 | od2lpr: 1000 | od2cap: 0 | fr2kr: 0 | lpr2kr: 1000 | cap2udp: 0 | kr2udp: 1 | 
2026-05-03 18:09:40,838 - INFO     - img2od: 22 | od2fr: 0 | od2lpr: 1000 | od2cap: 0 | fr2kr: 0 | lpr2kr: 1000 | cap2udp: 0 | kr2udp: 1 | 
2026-05-03 18:09:41,839 - INFO     - img2od: 22 | od2fr: 0 | od2lpr: 1000 | od2cap: 0 | fr2kr: 0 | lpr2kr: 1000 | cap2udp: 0 | kr2udp: 1 | 
2026-05-03 18:09:42,840 - INFO     - img2od: 22 | od2fr: 0 | od2lpr: 1000 | od2cap: 0 | fr2kr: 0 | lpr2kr: 1000 | cap2udp: 0 | kr2udp: 0 | 
2026-05-03 18:09:43,841 - INFO     - img2od: 22 | od2fr: 0 | od2lpr: 1000 | od2cap: 0 | fr2kr: 0 | lpr2kr: 1000 | cap2udp: 0 | kr2udp: 1 | 
2026-05-03 18:09:44,842 - INFO     - img2od: 22 | od2fr: 0 | od2lpr: 1000 | od2cap: 0 | fr2kr: 0 | lpr2kr: 1000 | cap2udp: 0 | kr2udp: 1 | 
2026-05-03 18:09:45,843 - INFO     - img2od: 22 | od2fr: 0 | od2lpr: 1000 | od2cap: 0 | fr2kr: 0 | lpr2kr: 1000 | cap2udp: 0 | kr2udp: 0 | 
2026-05-03 18:09:46,844 - INFO     - img2od: 22 | od2fr: 0 | od2lpr: 1000 | od2cap: 0 | fr2kr: 0 | lpr2kr: 1000 | cap2udp: 0 | kr2udp: 1 | 
2026-05-03 18:09:47,845 - INFO     - img2od: 22 | od2fr: 0 | od2lpr: 1000 | od2cap: 0 | fr2kr: 0 | lpr2kr: 1000 | cap2udp: 0 | kr2udp: 0 | 
2026-05-03 18:09:48,846 - INFO     - img2od: 18 | od2fr: 0 | od2lpr: 986 | od2cap: 0 | fr2kr: 1 | lpr2kr: 1000 | cap2udp: 0 | kr2udp: 0 | 
2026-05-03 18:09:49,847 - INFO     - img2od: 16 | od2fr: 0 | od2lpr: 1000 | od2cap: 0 | fr2kr: 2 | lpr2kr: 1000 | cap2udp: 0 | kr2udp: 0 | 
2026-05-03 18:09:50,848 - INFO     - img2od: 16 | od2fr: 0 | od2lpr: 1000 | od2cap: 0 | fr2kr: 0 | lpr2kr: 1000 | cap2udp: 0 | kr2udp: 1 | 
2026-05-03 18:09:51,849 - INFO     - img2od: 16 | od2fr: 0 | od2lpr: 1000 | od2cap: 0 | fr2kr: 0 | lpr2kr: 1000 | cap2udp: 0 | kr2udp: 1 | 
2026-05-03 18:09:52,850 - INFO     - img2od: 16 | od2fr: 0 | od2lpr: 1000 | od2cap: 0 | fr2kr: 0 | lpr2kr: 1000 | cap2udp: 0 | kr2udp: 1 | 
2026-05-03 18:09:53,851 - INFO     - img2od: 16 | od2fr: 0 | od2lpr: 1000 | od2cap: 0 | fr2kr: 0 | lpr2kr: 1000 | cap2udp: 0 | kr2udp: 1 | 
2026-05-03 18:09:54,852 - INFO     - img2od: 16 | od2fr: 0 | od2lpr: 1000 | od2cap: 0 | fr2kr: 0 | lpr2kr: 1000 | cap2udp: 0 | kr2udp: 0 | 
2026-05-03 18:09:55,853 - INFO     - img2od: 16 | od2fr: 0 | od2lpr: 1000 | od2cap: 0 | fr2kr: 0 | lpr2kr: 1000 | cap2udp: 0 | kr2udp: 1 | 
2026-05-03 18:09:56,854 - INFO     - img2od: 16 | od2fr: 0 | od2lpr: 1000 | od2cap: 0 | fr2kr: 0 | lpr2kr: 1000 | cap2udp: 0 | kr2udp: 0 | 
2026-05-03 18:09:57,855 - INFO     - img2od: 16 | od2fr: 0 | od2lpr: 1000 | od2cap: 0 | fr2kr: 0 | lpr2kr: 1000 | cap2udp: 0 | kr2udp: 1 | 
2026-05-03 18:09:58,856 - INFO     - img2od: 16 | od2fr: 0 | od2lpr: 1000 | od2cap: 0 | fr2kr: 0 | lpr2kr: 1000 | cap2udp: 0 | kr2udp: 0 | 
2026-05-03 18:09:59,857 - INFO     - img2od: 16 | od2fr: 0 | od2lpr: 1000 | od2cap: 0 | fr2kr: 0 | lpr2kr: 1000 | cap2udp: 0 | kr2udp: 0 | 
2026-05-03 18:10:00,859 - INFO     - img2od: 16 | od2fr: 0 | od2lpr: 1000 | od2cap: 0 | fr2kr: 0 | lpr2kr: 1000 | cap2udp: 0 | kr2udp: 0 | 
2026-05-03 18:10:01,860 - INFO     - img2od: 16 | od2fr: 0 | od2lpr: 1000 | od2cap: 0 | fr2kr: 0 | lpr2kr: 1000 | cap2udp: 0 | kr2udp: 1 | 
2026-05-03 18:10:02,861 - INFO     - img2od: 16 | od2fr: 0 | od2lpr: 1000 | od2cap: 0 | fr2kr: 0 | lpr2kr: 1000 | cap2udp: 0 | kr2udp: 1 | 
2026-05-03 18:10:03,862 - INFO     - img2od: 16 | od2fr: 0 | od2lpr: 1000 | od2cap: 0 | fr2kr: 0 | lpr2kr: 1000 | cap2udp: 0 | kr2udp: 1 | 
2026-05-03 18:10:04,863 - INFO     - img2od: 16 | od2fr: 0 | od2lpr: 1000 | od2cap: 0 | fr2kr: 0 | lpr2kr: 1000 | cap2udp: 0 | kr2udp: 1 | 
2026-05-03 18:10:05,864 - INFO     - img2od: 16 | od2fr: 0 | od2lpr: 1000 | od2cap: 0 | fr2kr: 0 | lpr2kr: 1000 | cap2udp: 0 | kr2udp: 1 | 
2026-05-03 18:10:06,866 - INFO     - img2od: 16 | od2fr: 0 | od2lpr: 1000 | od2cap: 0 | fr2kr: 0 | lpr2kr: 1000 | cap2udp: 0 | kr2udp: 1 | 
2026-05-03 18:10:07,867 - INFO     - img2od: 16 | od2fr: 0 | od2lpr: 1000 | od2cap: 0 | fr2kr: 0 | lpr2kr: 1000 | cap2udp: 0 | kr2udp: 1 | 
2026-05-03 18:10:08,868 - INFO     - img2od: 16 | od2fr: 0 | od2lpr: 1000 | od2cap: 0 | fr2kr: 0 | lpr2kr: 1000 | cap2udp: 0 | kr2udp: 1 | 
2026-05-03 18:10:09,869 - INFO     - img2od: 16 | od2fr: 0 | od2lpr: 1000 | od2cap: 0 | fr2kr: 0 | lpr2kr: 1000 | cap2udp: 0 | kr2udp: 1 | 
2026-05-03 18:10:10,870 - INFO     - img2od: 16 | od2fr: 0 | od2lpr: 1000 | od2cap: 0 | fr2kr: 0 | lpr2kr: 1000 | cap2udp: 0 | kr2udp: 1 | 
2026-05-03 18:10:11,871 - INFO     - img2od: 16 | od2fr: 0 | od2lpr: 1000 | od2cap: 0 | fr2kr: 0 | lpr2kr: 1000 | cap2udp: 0 | kr2udp: 1 | 
2026-05-03 18:10:12,872 - INFO     - img2od: 16 | od2fr: 0 | od2lpr: 1000 | od2cap: 0 | fr2kr: 0 | lpr2kr: 1000 | cap2udp: 0 | kr2udp: 1 | 
2026-05-03 18:10:13,874 - INFO     - img2od: 16 | od2fr: 0 | od2lpr: 1000 | od2cap: 0 | fr2kr: 0 | lpr2kr: 1000 | cap2udp: 0 | kr2udp: 1 | 
2026-05-03 18:10:14,875 - INFO     - img2od: 16 | od2fr: 0 | od2lpr: 1000 | od2cap: 0 | fr2kr: 0 | lpr2kr: 1000 | cap2udp: 0 | kr2udp: 1 | 
2026-05-03 18:10:15,876 - INFO     - img2od: 16 | od2fr: 0 | od2lpr: 1000 | od2cap: 0 | fr2kr: 0 | lpr2kr: 1000 | cap2udp: 0 | kr2udp: 1 | 
2026-05-03 18:10:16,877 - INFO     - img2od: 16 | od2fr: 0 | od2lpr: 1000 | od2cap: 0 | fr2kr: 0 | lpr2kr: 1000 | cap2udp: 0 | kr2udp: 0 | 
2026-05-03 18:10:17,878 - INFO     - img2od: 16 | od2fr: 0 | od2lpr: 1000 | od2cap: 0 | fr2kr: 0 | lpr2kr: 1000 | cap2udp: 0 | kr2udp: 1 | 
2026-05-03 18:10:18,880 - INFO     - img2od: 16 | od2fr: 0 | od2lpr: 1000 | od2cap: 0 | fr2kr: 0 | lpr2kr: 1000 | cap2udp: 0 | kr2udp: 1 | 
2026-05-03 18:10:19,881 - INFO     - img2od: 16 | od2fr: 0 | od2lpr: 1000 | od2cap: 0 | fr2kr: 0 | lpr2kr: 1000 | cap2udp: 0 | kr2udp: 1 | 
2026-05-03 18:10:20,882 - INFO     - img2od: 16 | od2fr: 0 | od2lpr: 1000 | od2cap: 0 | fr2kr: 0 | lpr2kr: 1000 | cap2udp: 0 | kr2udp: 1 | 
2026-05-03 18:10:21,883 - INFO     - img2od: 16 | od2fr: 0 | od2lpr: 1000 | od2cap: 0 | fr2kr: 0 | lpr2kr: 1000 | cap2udp: 0 | kr2udp: 1 | 
2026-05-03 18:10:22,885 - INFO     - img2od: 16 | od2fr: 0 | od2lpr: 1000 | od2cap: 0 | fr2kr: 0 | lpr2kr: 1000 | cap2udp: 0 | kr2udp: 1 | 
2026-05-03 18:10:23,886 - INFO     - img2od: 16 | od2fr: 0 | od2lpr: 1000 | od2cap: 0 | fr2kr: 0 | lpr2kr: 1000 | cap2udp: 0 | kr2udp: 1 | 
2026-05-03 18:10:24,887 - INFO     - img2od: 16 | od2fr: 0 | od2lpr: 1000 | od2cap: 0 | fr2kr: 0 | lpr2kr: 1000 | cap2udp: 0 | kr2udp: 1 | 
2026-05-03 18:10:25,888 - INFO     - img2od: 16 | od2fr: 0 | od2lpr: 1000 | od2cap: 0 | fr2kr: 0 | lpr2kr: 1000 | cap2udp: 0 | kr2udp: 1 | 
2026-05-03 18:10:26,889 - INFO     - img2od: 16 | od2fr: 0 | od2lpr: 1000 | od2cap: 0 | fr2kr: 0 | lpr2kr: 1000 | cap2udp: 0 | kr2udp: 1 | 
2026-05-03 18:10:27,890 - INFO     - img2od: 16 | od2fr: 0 | od2lpr: 1000 | od2cap: 0 | fr2kr: 0 | lpr2kr: 1000 | cap2udp: 0 | kr2udp: 1 | 
2026-05-03 18:10:28,891 - INFO     - img2od: 16 | od2fr: 0 | od2lpr: 1000 | od2cap: 0 | fr2kr: 0 | lpr2kr: 1000 | cap2udp: 0 | kr2udp: 1 | 
2026-05-03 18:10:29,892 - INFO     - img2od: 16 | od2fr: 0 | od2lpr: 1000 | od2cap: 0 | fr2kr: 0 | lpr2kr: 1000 | cap2udp: 0 | kr2udp: 1 | 
2026-05-03 18:10:30,893 - INFO     - img2od: 16 | od2fr: 0 | od2lpr: 1000 | od2cap: 0 | fr2kr: 0 | lpr2kr: 1000 | cap2udp: 0 | kr2udp: 1 | 
2026-05-03 18:10:31,894 - INFO     - img2od: 16 | od2fr: 0 | od2lpr: 1000 | od2cap: 0 | fr2kr: 0 | lpr2kr: 1000 | cap2udp: 0 | kr2udp: 1 | 
2026-05-03 18:10:32,895 - INFO     - img2od: 16 | od2fr: 0 | od2lpr: 1000 | od2cap: 0 | fr2kr: 0 | lpr2kr: 1000 | cap2udp: 0 | kr2udp: 1 | 
2026-05-03 18:10:33,897 - INFO     - img2od: 16 | od2fr: 0 | od2lpr: 1000 | od2cap: 0 | fr2kr: 0 | lpr2kr: 1000 | cap2udp: 0 | kr2udp: 1 | 
2026-05-03 18:10:34,898 - INFO     - img2od: 16 | od2fr: 0 | od2lpr: 1000 | od2cap: 0 | fr2kr: 0 | lpr2kr: 1000 | cap2udp: 0 | kr2udp: 1 | 
2026-05-03 18:10:35,899 - INFO     - img2od: 16 | od2fr: 0 | od2lpr: 1000 | od2cap: 0 | fr2kr: 0 | lpr2kr: 1000 | cap2udp: 0 | kr2udp: 1 | 
2026-05-03 18:10:36,900 - INFO     - img2od: 16 | od2fr: 0 | od2lpr: 1000 | od2cap: 0 | fr2kr: 0 | lpr2kr: 1000 | cap2udp: 0 | kr2udp: 1 | 
2026-05-03 18:10:37,902 - INFO     - img2od: 16 | od2fr: 0 | od2lpr: 1000 | od2cap: 0 | fr2kr: 0 | lpr2kr: 1000 | cap2udp: 0 | kr2udp: 0 | 
2026-05-03 18:10:38,903 - INFO     - img2od: 16 | od2fr: 0 | od2lpr: 1000 | od2cap: 0 | fr2kr: 0 | lpr2kr: 1000 | cap2udp: 0 | kr2udp: 1 | 
2026-05-03 18:10:39,904 - INFO     - img2od: 16 | od2fr: 0 | od2lpr: 1000 | od2cap: 0 | fr2kr: 0 | lpr2kr: 1000 | cap2udp: 0 | kr2udp: 1 | 
2026-05-03 18:10:40,905 - INFO     - img2od: 16 | od2fr: 0 | od2lpr: 1000 | od2cap: 0 | fr2kr: 0 | lpr2kr: 1000 | cap2udp: 0 | kr2udp: 1 | 
2026-05-03 18:10:41,906 - INFO     - img2od: 16 | od2fr: 0 | od2lpr: 1000 | od2cap: 0 | fr2kr: 0 | lpr2kr: 1000 | cap2udp: 0 | kr2udp: 1 | 
2026-05-03 18:10:42,908 - INFO     - img2od: 16 | od2fr: 0 | od2lpr: 1000 | od2cap: 0 | fr2kr: 0 | lpr2kr: 1000 | cap2udp: 0 | kr2udp: 0 | 
2026-05-03 18:10:43,909 - INFO     - img2od: 16 | od2fr: 0 | od2lpr: 1000 | od2cap: 0 | fr2kr: 0 | lpr2kr: 1000 | cap2udp: 0 | kr2udp: 1 | 
2026-05-03 18:10:44,910 - INFO     - img2od: 16 | od2fr: 0 | od2lpr: 1000 | od2cap: 0 | fr2kr: 0 | lpr2kr: 1000 | cap2udp: 0 | kr2udp: 0 | 
2026-05-03 18:10:45,911 - INFO     - img2od: 16 | od2fr: 0 | od2lpr: 1000 | od2cap: 0 | fr2kr: 0 | lpr2kr: 1000 | cap2udp: 0 | kr2udp: 1 | 
2026-05-03 18:10:46,913 - INFO     - img2od: 16 | od2fr: 0 | od2lpr: 1000 | od2cap: 0 | fr2kr: 0 | lpr2kr: 1000 | cap2udp: 0 | kr2udp: 0 | 
2026-05-03 18:10:47,914 - INFO     - img2od: 16 | od2fr: 0 | od2lpr: 1000 | od2cap: 0 | fr2kr: 0 | lpr2kr: 1000 | cap2udp: 0 | kr2udp: 1 | 
2026-05-03 18:10:48,915 - INFO     - img2od: 16 | od2fr: 0 | od2lpr: 1000 | od2cap: 0 | fr2kr: 0 | lpr2kr: 1000 | cap2udp: 0 | kr2udp: 0 | 
2026-05-03 18:10:49,916 - INFO     - img2od: 16 | od2fr: 0 | od2lpr: 1000 | od2cap: 0 | fr2kr: 0 | lpr2kr: 986 | cap2udp: 0 | kr2udp: 1 | 
2026-05-03 18:10:50,917 - INFO     - img2od: 16 | od2fr: 0 | od2lpr: 1000 | od2cap: 0 | fr2kr: 0 | lpr2kr: 1000 | cap2udp: 0 | kr2udp: 1 | 
2026-05-03 18:10:51,918 - INFO     - img2od: 16 | od2fr: 0 | od2lpr: 1000 | od2cap: 0 | fr2kr: 0 | lpr2kr: 989 | cap2udp: 0 | kr2udp: 1 | 
2026-05-03 18:10:52,919 - INFO     - img2od: 16 | od2fr: 0 | od2lpr: 1000 | od2cap: 0 | fr2kr: 0 | lpr2kr: 1000 | cap2udp: 0 | kr2udp: 1 | 
2026-05-03 18:10:53,921 - INFO     - img2od: 16 | od2fr: 0 | od2lpr: 1000 | od2cap: 0 | fr2kr: 0 | lpr2kr: 991 | cap2udp: 0 | kr2udp: 0 | 
2026-05-03 18:10:54,922 - INFO     - img2od: 16 | od2fr: 0 | od2lpr: 1000 | od2cap: 0 | fr2kr: 0 | lpr2kr: 1000 | cap2udp: 0 | kr2udp: 0 | 
2026-05-03 18:10:55,923 - INFO     - img2od: 16 | od2fr: 0 | od2lpr: 1000 | od2cap: 0 | fr2kr: 0 | lpr2kr: 988 | cap2udp: 0 | kr2udp: 0 | 
2026-05-03 18:10:56,924 - INFO     - img2od: 16 | od2fr: 0 | od2lpr: 1000 | od2cap: 0 | fr2kr: 0 | lpr2kr: 1000 | cap2udp: 0 | kr2udp: 0 | 
2026-05-03 18:10:57,925 - INFO     - img2od: 16 | od2fr: 0 | od2lpr: 1000 | od2cap: 0 | fr2kr: 0 | lpr2kr: 991 | cap2udp: 0 | kr2udp: 0 | 
2026-05-03 18:10:58,926 - INFO     - img2od: 16 | od2fr: 0 | od2lpr: 1000 | od2cap: 0 | fr2kr: 0 | lpr2kr: 1000 | cap2udp: 0 | kr2udp: 0 | 
2026-05-03 18:10:59,927 - INFO     - img2od: 16 | od2fr: 0 | od2lpr: 997 | od2cap: 0 | fr2kr: 0 | lpr2kr: 990 | cap2udp: 0 | kr2udp: 0 | 
2026-05-03 18:11:00,928 - INFO     - img2od: 16 | od2fr: 0 | od2lpr: 1000 | od2cap: 0 | fr2kr: 0 | lpr2kr: 1000 | cap2udp: 0 | kr2udp: 0 | 
2026-05-03 18:11:01,930 - INFO     - img2od: 16 | od2fr: 0 | od2lpr: 988 | od2cap: 0 | fr2kr: 0 | lpr2kr: 993 | cap2udp: 0 | kr2udp: 0 | 
2026-05-03 18:11:02,931 - INFO     - img2od: 16 | od2fr: 0 | od2lpr: 1000 | od2cap: 0 | fr2kr: 0 | lpr2kr: 1000 | cap2udp: 0 | kr2udp: 0 | 
2026-05-03 18:11:03,932 - INFO     - img2od: 16 | od2fr: 0 | od2lpr: 1000 | od2cap: 0 | fr2kr: 0 | lpr2kr: 993 | cap2udp: 0 | kr2udp: 0 | 
2026-05-03 18:11:04,933 - INFO     - img2od: 16 | od2fr: 0 | od2lpr: 1000 | od2cap: 0 | fr2kr: 0 | lpr2kr: 1000 | cap2udp: 0 | kr2udp: 1 | 
2026-05-03 18:11:05,934 - INFO     - img2od: 16 | od2fr: 0 | od2lpr: 1000 | od2cap: 0 | fr2kr: 0 | lpr2kr: 995 | cap2udp: 0 | kr2udp: 0 | 
2026-05-03 18:11:06,935 - INFO     - img2od: 16 | od2fr: 0 | od2lpr: 1000 | od2cap: 0 | fr2kr: 0 | lpr2kr: 1000 | cap2udp: 0 | kr2udp: 0 | 
2026-05-03 18:11:07,936 - INFO     - img2od: 16 | od2fr: 0 | od2lpr: 995 | od2cap: 0 | fr2kr: 0 | lpr2kr: 995 | cap2udp: 0 | kr2udp: 0 | 
2026-05-03 18:11:08,937 - INFO     - img2od: 16 | od2fr: 0 | od2lpr: 1000 | od2cap: 0 | fr2kr: 0 | lpr2kr: 1000 | cap2udp: 0 | kr2udp: 0 | 
2026-05-03 18:11:09,938 - INFO     - img2od: 16 | od2fr: 0 | od2lpr: 1000 | od2cap: 0 | fr2kr: 0 | lpr2kr: 995 | cap2udp: 0 | kr2udp: 0 | 
2026-05-03 18:11:10,939 - INFO     - img2od: 16 | od2fr: 0 | od2lpr: 1000 | od2cap: 0 | fr2kr: 0 | lpr2kr: 1000 | cap2udp: 0 | kr2udp: 0 | 
2026-05-03 18:11:11,940 - INFO     - img2od: 16 | od2fr: 0 | od2lpr: 1000 | od2cap: 0 | fr2kr: 0 | lpr2kr: 997 | cap2udp: 0 | kr2udp: 0 | 
2026-05-03 18:11:12,941 - INFO     - img2od: 16 | od2fr: 0 | od2lpr: 1000 | od2cap: 0 | fr2kr: 0 | lpr2kr: 1000 | cap2udp: 0 | kr2udp: 1 | 
2026-05-03 18:11:13,943 - INFO     - img2od: 16 | od2fr: 0 | od2lpr: 1000 | od2cap: 0 | fr2kr: 0 | lpr2kr: 997 | cap2udp: 0 | kr2udp: 0 | 
2026-05-03 18:11:14,944 - INFO     - img2od: 16 | od2fr: 0 | od2lpr: 1000 | od2cap: 0 | fr2kr: 0 | lpr2kr: 1000 | cap2udp: 0 | kr2udp: 1 | 
2026-05-03 18:11:15,945 - INFO     - img2od: 16 | od2fr: 0 | od2lpr: 1000 | od2cap: 0 | fr2kr: 0 | lpr2kr: 998 | cap2udp: 0 | kr2udp: 0 | 
2026-05-03 18:11:16,946 - INFO     - img2od: 16 | od2fr: 0 | od2lpr: 1000 | od2cap: 0 | fr2kr: 0 | lpr2kr: 1000 | cap2udp: 0 | kr2udp: 1 | 
2026-05-03 18:11:17,948 - INFO     - img2od: 16 | od2fr: 0 | od2lpr: 1000 | od2cap: 0 | fr2kr: 0 | lpr2kr: 996 | cap2udp: 0 | kr2udp: 0 | 
2026-05-03 18:11:18,949 - INFO     - img2od: 16 | od2fr: 0 | od2lpr: 1000 | od2cap: 0 | fr2kr: 0 | lpr2kr: 1000 | cap2udp: 0 | kr2udp: 0 | 
2026-05-03 18:11:19,950 - INFO     - img2od: 16 | od2fr: 0 | od2lpr: 1000 | od2cap: 0 | fr2kr: 0 | lpr2kr: 1000 | cap2udp: 0 | kr2udp: 0 | 
2026-05-03 18:11:20,951 - INFO     - img2od: 16 | od2fr: 0 | od2lpr: 1000 | od2cap: 0 | fr2kr: 0 | lpr2kr: 1000 | cap2udp: 0 | kr2udp: 1 | 
2026-05-03 18:11:21,952 - INFO     - img2od: 16 | od2fr: 0 | od2lpr: 1000 | od2cap: 0 | fr2kr: 0 | lpr2kr: 1000 | cap2udp: 0 | kr2udp: 0 | 
2026-05-03 18:11:22,953 - INFO     - img2od: 16 | od2fr: 0 | od2lpr: 1000 | od2cap: 0 | fr2kr: 0 | lpr2kr: 1000 | cap2udp: 0 | kr2udp: 0 | 
2026-05-03 18:11:23,954 - INFO     - img2od: 16 | od2fr: 0 | od2lpr: 1000 | od2cap: 0 | fr2kr: 0 | lpr2kr: 1000 | cap2udp: 0 | kr2udp: 0 | 
2026-05-03 18:11:24,956 - INFO     - img2od: 16 | od2fr: 0 | od2lpr: 1000 | od2cap: 0 | fr2kr: 0 | lpr2kr: 1000 | cap2udp: 0 | kr2udp: 0 | 
2026-05-03 18:11:25,957 - INFO     - img2od: 15 | od2fr: 0 | od2lpr: 989 | od2cap: 0 | fr2kr: 0 | lpr2kr: 1000 | cap2udp: 0 | kr2udp: 0 | 
2026-05-03 18:11:26,958 - INFO     - img2od: 10 | od2fr: 13 | od2lpr: 989 | od2cap: 1 | fr2kr: 5 | lpr2kr: 1000 | cap2udp: 0 | kr2udp: 0 | 
2026-05-03 18:11:27,959 - INFO     - img2od: 4 | od2fr: 7 | od2lpr: 989 | od2cap: 0 | fr2kr: 0 | lpr2kr: 1000 | cap2udp: 0 | kr2udp: 1 | 
2026-05-03 18:11:28,652 - INFO     - odStream     : Received END signal, shutting down
2026-05-03 18:11:28,656 - INFO     - capStream    : Received END signal, shutting down
2026-05-03 18:11:28,775 - INFO     - udpStream    : Received end signal from CAP
2026-05-03 18:11:28,880 - INFO     - odStream     : shutdown successful
2026-05-03 18:11:28,961 - INFO     - img2od: 0 | od2fr: 9 | od2lpr: 990 | od2cap: 0 | fr2kr: 7 | lpr2kr: 1000 | cap2udp: 0 | kr2udp: 1 | 
2026-05-03 18:11:29,147 - INFO     - capStream    : shutdown successful
2026-05-03 18:11:29,962 - INFO     - img2od: 0 | od2fr: 2 | od2lpr: 974 | od2cap: 0 | fr2kr: 13 | lpr2kr: 1000 | cap2udp: 0 | kr2udp: 0 | 
2026-05-03 18:11:30,291 - INFO     - frStream     : Received END signal, shutting down
2026-05-03 18:11:30,481 - INFO     - frStream     : shutdown successful
2026-05-03 18:11:30,963 - INFO     - img2od: 0 | od2fr: 0 | od2lpr: 974 | od2cap: 0 | fr2kr: 16 | lpr2kr: 1000 | cap2udp: 0 | kr2udp: 1 | 
2026-05-03 18:11:31,515 - INFO     - krStream     : Received end signal from FR
2026-05-03 18:11:31,964 - INFO     - img2od: 0 | od2fr: 0 | od2lpr: 974 | od2cap: 0 | fr2kr: 0 | lpr2kr: 1000 | cap2udp: 0 | kr2udp: 0 | 
2026-05-03 18:11:32,965 - INFO     - img2od: 0 | od2fr: 0 | od2lpr: 974 | od2cap: 0 | fr2kr: 0 | lpr2kr: 1000 | cap2udp: 0 | kr2udp: 0 | 
2026-05-03 18:11:33,967 - INFO     - img2od: 0 | od2fr: 0 | od2lpr: 957 | od2cap: 0 | fr2kr: 0 | lpr2kr: 1000 | cap2udp: 0 | kr2udp: 0 | 
2026-05-03 18:11:34,968 - INFO     - img2od: 0 | od2fr: 0 | od2lpr: 957 | od2cap: 0 | fr2kr: 0 | lpr2kr: 1000 | cap2udp: 0 | kr2udp: 0 | 
2026-05-03 18:11:35,969 - INFO     - img2od: 0 | od2fr: 0 | od2lpr: 941 | od2cap: 0 | fr2kr: 0 | lpr2kr: 1000 | cap2udp: 0 | kr2udp: 0 | 
2026-05-03 18:11:36,970 - INFO     - img2od: 0 | od2fr: 0 | od2lpr: 941 | od2cap: 0 | fr2kr: 0 | lpr2kr: 1000 | cap2udp: 0 | kr2udp: 0 | 
2026-05-03 18:11:37,971 - INFO     - img2od: 0 | od2fr: 0 | od2lpr: 922 | od2cap: 0 | fr2kr: 0 | lpr2kr: 1000 | cap2udp: 0 | kr2udp: 0 | 
2026-05-03 18:11:38,972 - INFO     - img2od: 0 | od2fr: 0 | od2lpr: 922 | od2cap: 0 | fr2kr: 0 | lpr2kr: 1000 | cap2udp: 0 | kr2udp: 1 | 
2026-05-03 18:11:39,973 - INFO     - img2od: 0 | od2fr: 0 | od2lpr: 906 | od2cap: 0 | fr2kr: 0 | lpr2kr: 1000 | cap2udp: 0 | kr2udp: 0 | 
2026-05-03 18:11:40,974 - INFO     - img2od: 0 | od2fr: 0 | od2lpr: 906 | od2cap: 0 | fr2kr: 0 | lpr2kr: 1000 | cap2udp: 0 | kr2udp: 0 | 
2026-05-03 18:11:41,976 - INFO     - img2od: 0 | od2fr: 0 | od2lpr: 893 | od2cap: 0 | fr2kr: 0 | lpr2kr: 1000 | cap2udp: 0 | kr2udp: 0 | 
2026-05-03 18:11:42,977 - INFO     - img2od: 0 | od2fr: 0 | od2lpr: 893 | od2cap: 0 | fr2kr: 0 | lpr2kr: 1000 | cap2udp: 0 | kr2udp: 0 | 
2026-05-03 18:11:43,977 - INFO     - img2od: 0 | od2fr: 0 | od2lpr: 874 | od2cap: 0 | fr2kr: 0 | lpr2kr: 1000 | cap2udp: 0 | kr2udp: 0 | 
2026-05-03 18:11:44,978 - INFO     - img2od: 0 | od2fr: 0 | od2lpr: 874 | od2cap: 0 | fr2kr: 0 | lpr2kr: 1000 | cap2udp: 0 | kr2udp: 0 | 
2026-05-03 18:11:45,980 - INFO     - img2od: 0 | od2fr: 0 | od2lpr: 863 | od2cap: 0 | fr2kr: 0 | lpr2kr: 1000 | cap2udp: 0 | kr2udp: 1 | 
2026-05-03 18:11:46,981 - INFO     - img2od: 0 | od2fr: 0 | od2lpr: 863 | od2cap: 0 | fr2kr: 0 | lpr2kr: 1000 | cap2udp: 0 | kr2udp: 0 | 
2026-05-03 18:11:47,982 - INFO     - img2od: 0 | od2fr: 0 | od2lpr: 840 | od2cap: 0 | fr2kr: 0 | lpr2kr: 1000 | cap2udp: 0 | kr2udp: 0 | 
2026-05-03 18:11:48,983 - INFO     - img2od: 0 | od2fr: 0 | od2lpr: 840 | od2cap: 0 | fr2kr: 0 | lpr2kr: 1000 | cap2udp: 0 | kr2udp: 1 | 
2026-05-03 18:11:49,984 - INFO     - img2od: 0 | od2fr: 0 | od2lpr: 829 | od2cap: 0 | fr2kr: 0 | lpr2kr: 1000 | cap2udp: 0 | kr2udp: 0 | 
2026-05-03 18:11:50,986 - INFO     - img2od: 0 | od2fr: 0 | od2lpr: 829 | od2cap: 0 | fr2kr: 0 | lpr2kr: 1000 | cap2udp: 0 | kr2udp: 1 | 
2026-05-03 18:11:51,987 - INFO     - img2od: 0 | od2fr: 0 | od2lpr: 813 | od2cap: 0 | fr2kr: 0 | lpr2kr: 1000 | cap2udp: 0 | kr2udp: 1 | 
2026-05-03 18:11:52,988 - INFO     - img2od: 0 | od2fr: 0 | od2lpr: 813 | od2cap: 0 | fr2kr: 0 | lpr2kr: 1000 | cap2udp: 0 | kr2udp: 1 | 
2026-05-03 18:11:53,989 - INFO     - img2od: 0 | od2fr: 0 | od2lpr: 795 | od2cap: 0 | fr2kr: 0 | lpr2kr: 1000 | cap2udp: 0 | kr2udp: 0 | 
2026-05-03 18:11:54,991 - INFO     - img2od: 0 | od2fr: 0 | od2lpr: 795 | od2cap: 0 | fr2kr: 0 | lpr2kr: 1000 | cap2udp: 0 | kr2udp: 0 | 
2026-05-03 18:11:55,992 - INFO     - img2od: 0 | od2fr: 0 | od2lpr: 780 | od2cap: 0 | fr2kr: 0 | lpr2kr: 1000 | cap2udp: 0 | kr2udp: 0 | 
2026-05-03 18:11:56,993 - INFO     - img2od: 0 | od2fr: 0 | od2lpr: 780 | od2cap: 0 | fr2kr: 0 | lpr2kr: 1000 | cap2udp: 0 | kr2udp: 1 | 
2026-05-03 18:11:57,994 - INFO     - img2od: 0 | od2fr: 0 | od2lpr: 763 | od2cap: 0 | fr2kr: 0 | lpr2kr: 1000 | cap2udp: 0 | kr2udp: 1 | 
2026-05-03 18:11:58,996 - INFO     - img2od: 0 | od2fr: 0 | od2lpr: 763 | od2cap: 0 | fr2kr: 0 | lpr2kr: 1000 | cap2udp: 0 | kr2udp: 0 | 
2026-05-03 18:11:59,997 - INFO     - img2od: 0 | od2fr: 0 | od2lpr: 743 | od2cap: 0 | fr2kr: 0 | lpr2kr: 1000 | cap2udp: 0 | kr2udp: 0 | 
2026-05-03 18:12:00,998 - INFO     - img2od: 0 | od2fr: 0 | od2lpr: 743 | od2cap: 0 | fr2kr: 0 | lpr2kr: 1000 | cap2udp: 0 | kr2udp: 0 | 
2026-05-03 18:12:01,999 - INFO     - img2od: 0 | od2fr: 0 | od2lpr: 731 | od2cap: 0 | fr2kr: 0 | lpr2kr: 1000 | cap2udp: 0 | kr2udp: 0 | 
2026-05-03 18:12:03,000 - INFO     - img2od: 0 | od2fr: 0 | od2lpr: 731 | od2cap: 0 | fr2kr: 0 | lpr2kr: 1000 | cap2udp: 0 | kr2udp: 1 | 
2026-05-03 18:12:04,002 - INFO     - img2od: 0 | od2fr: 0 | od2lpr: 716 | od2cap: 0 | fr2kr: 0 | lpr2kr: 1000 | cap2udp: 0 | kr2udp: 0 | 
2026-05-03 18:12:05,003 - INFO     - img2od: 0 | od2fr: 0 | od2lpr: 699 | od2cap: 0 | fr2kr: 0 | lpr2kr: 999 | cap2udp: 0 | kr2udp: 0 | 
2026-05-03 18:12:06,004 - INFO     - img2od: 0 | od2fr: 0 | od2lpr: 699 | od2cap: 0 | fr2kr: 0 | lpr2kr: 1000 | cap2udp: 0 | kr2udp: 1 | 
2026-05-03 18:12:07,005 - INFO     - img2od: 0 | od2fr: 0 | od2lpr: 685 | od2cap: 0 | fr2kr: 0 | lpr2kr: 1000 | cap2udp: 0 | kr2udp: 1 | 
2026-05-03 18:12:08,006 - INFO     - img2od: 0 | od2fr: 0 | od2lpr: 685 | od2cap: 0 | fr2kr: 0 | lpr2kr: 1000 | cap2udp: 0 | kr2udp: 1 | 
2026-05-03 18:12:09,008 - INFO     - img2od: 0 | od2fr: 0 | od2lpr: 668 | od2cap: 0 | fr2kr: 0 | lpr2kr: 1000 | cap2udp: 0 | kr2udp: 0 | 
2026-05-03 18:12:10,009 - INFO     - img2od: 0 | od2fr: 0 | od2lpr: 668 | od2cap: 0 | fr2kr: 0 | lpr2kr: 1000 | cap2udp: 0 | kr2udp: 1 | 
2026-05-03 18:12:11,010 - INFO     - img2od: 0 | od2fr: 0 | od2lpr: 652 | od2cap: 0 | fr2kr: 0 | lpr2kr: 1000 | cap2udp: 0 | kr2udp: 0 | 
2026-05-03 18:12:12,011 - INFO     - img2od: 0 | od2fr: 0 | od2lpr: 652 | od2cap: 0 | fr2kr: 0 | lpr2kr: 987 | cap2udp: 0 | kr2udp: 0 | 
2026-05-03 18:12:13,012 - INFO     - img2od: 0 | od2fr: 0 | od2lpr: 635 | od2cap: 0 | fr2kr: 0 | lpr2kr: 1000 | cap2udp: 0 | kr2udp: 0 | 
2026-05-03 18:12:14,014 - INFO     - img2od: 0 | od2fr: 0 | od2lpr: 622 | od2cap: 0 | fr2kr: 0 | lpr2kr: 1000 | cap2udp: 0 | kr2udp: 1 | 
2026-05-03 18:12:15,015 - INFO     - img2od: 0 | od2fr: 0 | od2lpr: 622 | od2cap: 0 | fr2kr: 0 | lpr2kr: 1000 | cap2udp: 0 | kr2udp: 1 | 
2026-05-03 18:12:16,016 - INFO     - img2od: 0 | od2fr: 0 | od2lpr: 604 | od2cap: 0 | fr2kr: 0 | lpr2kr: 1000 | cap2udp: 0 | kr2udp: 0 | 
2026-05-03 18:12:17,017 - INFO     - img2od: 0 | od2fr: 0 | od2lpr: 604 | od2cap: 0 | fr2kr: 0 | lpr2kr: 1000 | cap2udp: 0 | kr2udp: 0 | 
2026-05-03 18:12:18,019 - INFO     - img2od: 0 | od2fr: 0 | od2lpr: 586 | od2cap: 0 | fr2kr: 0 | lpr2kr: 1000 | cap2udp: 0 | kr2udp: 1 | 
2026-05-03 18:12:19,019 - INFO     - img2od: 0 | od2fr: 0 | od2lpr: 586 | od2cap: 0 | fr2kr: 0 | lpr2kr: 1000 | cap2udp: 0 | kr2udp: 1 | 
2026-05-03 18:12:20,020 - INFO     - img2od: 0 | od2fr: 0 | od2lpr: 575 | od2cap: 0 | fr2kr: 0 | lpr2kr: 1000 | cap2udp: 0 | kr2udp: 1 | 
2026-05-03 18:12:21,021 - INFO     - img2od: 0 | od2fr: 0 | od2lpr: 571 | od2cap: 0 | fr2kr: 0 | lpr2kr: 985 | cap2udp: 0 | kr2udp: 1 | 
2026-05-03 18:12:22,022 - INFO     - img2od: 0 | od2fr: 0 | od2lpr: 555 | od2cap: 0 | fr2kr: 0 | lpr2kr: 1000 | cap2udp: 0 | kr2udp: 1 | 
2026-05-03 18:12:23,023 - INFO     - img2od: 0 | od2fr: 0 | od2lpr: 555 | od2cap: 0 | fr2kr: 0 | lpr2kr: 1000 | cap2udp: 0 | kr2udp: 1 | 
2026-05-03 18:12:24,024 - INFO     - img2od: 0 | od2fr: 0 | od2lpr: 539 | od2cap: 0 | fr2kr: 0 | lpr2kr: 1000 | cap2udp: 0 | kr2udp: 0 | 
2026-05-03 18:12:25,025 - INFO     - img2od: 0 | od2fr: 0 | od2lpr: 539 | od2cap: 0 | fr2kr: 0 | lpr2kr: 1000 | cap2udp: 0 | kr2udp: 0 | 
2026-05-03 18:12:26,026 - INFO     - img2od: 0 | od2fr: 0 | od2lpr: 523 | od2cap: 0 | fr2kr: 0 | lpr2kr: 1000 | cap2udp: 0 | kr2udp: 1 | 
2026-05-03 18:12:27,027 - INFO     - img2od: 0 | od2fr: 0 | od2lpr: 523 | od2cap: 0 | fr2kr: 0 | lpr2kr: 1000 | cap2udp: 0 | kr2udp: 0 | 
2026-05-03 18:12:28,028 - INFO     - img2od: 0 | od2fr: 0 | od2lpr: 512 | od2cap: 0 | fr2kr: 0 | lpr2kr: 999 | cap2udp: 0 | kr2udp: 0 | 
2026-05-03 18:12:29,029 - INFO     - img2od: 0 | od2fr: 0 | od2lpr: 496 | od2cap: 0 | fr2kr: 0 | lpr2kr: 1000 | cap2udp: 0 | kr2udp: 1 | 
2026-05-03 18:12:30,030 - INFO     - img2od: 0 | od2fr: 0 | od2lpr: 496 | od2cap: 0 | fr2kr: 0 | lpr2kr: 1000 | cap2udp: 0 | kr2udp: 0 | 
2026-05-03 18:12:31,031 - INFO     - img2od: 0 | od2fr: 0 | od2lpr: 480 | od2cap: 0 | fr2kr: 0 | lpr2kr: 1000 | cap2udp: 0 | kr2udp: 1 | 
2026-05-03 18:12:32,032 - INFO     - img2od: 0 | od2fr: 0 | od2lpr: 480 | od2cap: 0 | fr2kr: 0 | lpr2kr: 1000 | cap2udp: 0 | kr2udp: 0 | 
2026-05-03 18:12:33,033 - INFO     - img2od: 0 | od2fr: 0 | od2lpr: 464 | od2cap: 0 | fr2kr: 0 | lpr2kr: 1000 | cap2udp: 0 | kr2udp: 1 | 
2026-05-03 18:12:34,034 - INFO     - img2od: 0 | od2fr: 0 | od2lpr: 464 | od2cap: 0 | fr2kr: 0 | lpr2kr: 1000 | cap2udp: 0 | kr2udp: 1 | 
2026-05-03 18:12:35,035 - INFO     - img2od: 0 | od2fr: 0 | od2lpr: 448 | od2cap: 0 | fr2kr: 0 | lpr2kr: 1000 | cap2udp: 0 | kr2udp: 1 | 
2026-05-03 18:12:36,036 - INFO     - img2od: 0 | od2fr: 0 | od2lpr: 448 | od2cap: 0 | fr2kr: 0 | lpr2kr: 1000 | cap2udp: 0 | kr2udp: 1 | 
2026-05-03 18:12:37,037 - INFO     - img2od: 0 | od2fr: 0 | od2lpr: 448 | od2cap: 0 | fr2kr: 0 | lpr2kr: 986 | cap2udp: 0 | kr2udp: 1 | 
2026-05-03 18:12:38,038 - INFO     - img2od: 0 | od2fr: 0 | od2lpr: 432 | od2cap: 0 | fr2kr: 0 | lpr2kr: 1000 | cap2udp: 0 | kr2udp: 1 | 
2026-05-03 18:12:39,039 - INFO     - img2od: 0 | od2fr: 0 | od2lpr: 432 | od2cap: 0 | fr2kr: 0 | lpr2kr: 1000 | cap2udp: 0 | kr2udp: 1 | 
2026-05-03 18:12:40,040 - INFO     - img2od: 0 | od2fr: 0 | od2lpr: 424 | od2cap: 0 | fr2kr: 0 | lpr2kr: 1000 | cap2udp: 0 | kr2udp: 1 | 
2026-05-03 18:12:41,041 - INFO     - img2od: 0 | od2fr: 0 | od2lpr: 424 | od2cap: 0 | fr2kr: 0 | lpr2kr: 1000 | cap2udp: 0 | kr2udp: 0 | 
2026-05-03 18:12:42,042 - INFO     - img2od: 0 | od2fr: 0 | od2lpr: 411 | od2cap: 0 | fr2kr: 0 | lpr2kr: 1000 | cap2udp: 0 | kr2udp: 0 | 
2026-05-03 18:12:43,043 - INFO     - img2od: 0 | od2fr: 0 | od2lpr: 411 | od2cap: 0 | fr2kr: 0 | lpr2kr: 1000 | cap2udp: 0 | kr2udp: 1 | 
2026-05-03 18:12:44,044 - INFO     - img2od: 0 | od2fr: 0 | od2lpr: 399 | od2cap: 0 | fr2kr: 0 | lpr2kr: 1000 | cap2udp: 0 | kr2udp: 1 | 
2026-05-03 18:12:45,046 - INFO     - img2od: 0 | od2fr: 0 | od2lpr: 399 | od2cap: 0 | fr2kr: 0 | lpr2kr: 1000 | cap2udp: 0 | kr2udp: 1 | 
2026-05-03 18:12:46,047 - INFO     - img2od: 0 | od2fr: 0 | od2lpr: 382 | od2cap: 0 | fr2kr: 0 | lpr2kr: 1000 | cap2udp: 0 | kr2udp: 1 | 
2026-05-03 18:12:47,048 - INFO     - img2od: 0 | od2fr: 0 | od2lpr: 382 | od2cap: 0 | fr2kr: 0 | lpr2kr: 1000 | cap2udp: 0 | kr2udp: 1 | 
2026-05-03 18:12:48,049 - INFO     - img2od: 0 | od2fr: 0 | od2lpr: 367 | od2cap: 0 | fr2kr: 0 | lpr2kr: 1000 | cap2udp: 0 | kr2udp: 1 | 
2026-05-03 18:12:49,050 - INFO     - img2od: 0 | od2fr: 0 | od2lpr: 367 | od2cap: 0 | fr2kr: 0 | lpr2kr: 1000 | cap2udp: 0 | kr2udp: 1 | 
2026-05-03 18:12:50,051 - INFO     - img2od: 0 | od2fr: 0 | od2lpr: 350 | od2cap: 0 | fr2kr: 0 | lpr2kr: 1000 | cap2udp: 0 | kr2udp: 0 | 
2026-05-03 18:12:51,052 - INFO     - img2od: 0 | od2fr: 0 | od2lpr: 350 | od2cap: 0 | fr2kr: 0 | lpr2kr: 1000 | cap2udp: 0 | kr2udp: 0 | 
2026-05-03 18:12:52,053 - INFO     - img2od: 0 | od2fr: 0 | od2lpr: 330 | od2cap: 0 | fr2kr: 0 | lpr2kr: 1000 | cap2udp: 0 | kr2udp: 1 | 
2026-05-03 18:12:53,054 - INFO     - img2od: 0 | od2fr: 0 | od2lpr: 330 | od2cap: 0 | fr2kr: 0 | lpr2kr: 1000 | cap2udp: 0 | kr2udp: 0 | 
2026-05-03 18:12:54,055 - INFO     - img2od: 0 | od2fr: 0 | od2lpr: 317 | od2cap: 0 | fr2kr: 0 | lpr2kr: 1000 | cap2udp: 0 | kr2udp: 0 | 
2026-05-03 18:12:55,056 - INFO     - img2od: 0 | od2fr: 0 | od2lpr: 317 | od2cap: 0 | fr2kr: 0 | lpr2kr: 1000 | cap2udp: 0 | kr2udp: 1 | 
2026-05-03 18:12:56,057 - INFO     - img2od: 0 | od2fr: 0 | od2lpr: 306 | od2cap: 0 | fr2kr: 0 | lpr2kr: 996 | cap2udp: 0 | kr2udp: 1 | 
2026-05-03 18:12:57,058 - INFO     - img2od: 0 | od2fr: 0 | od2lpr: 301 | od2cap: 0 | fr2kr: 0 | lpr2kr: 1000 | cap2udp: 0 | kr2udp: 1 | 
2026-05-03 18:12:58,059 - INFO     - img2od: 0 | od2fr: 0 | od2lpr: 300 | od2cap: 0 | fr2kr: 0 | lpr2kr: 987 | cap2udp: 0 | kr2udp: 1 | 
2026-05-03 18:12:59,060 - INFO     - img2od: 0 | od2fr: 0 | od2lpr: 278 | od2cap: 0 | fr2kr: 0 | lpr2kr: 1000 | cap2udp: 0 | kr2udp: 1 | 
2026-05-03 18:13:00,061 - INFO     - img2od: 0 | od2fr: 0 | od2lpr: 278 | od2cap: 0 | fr2kr: 0 | lpr2kr: 1000 | cap2udp: 0 | kr2udp: 1 | 
2026-05-03 18:13:01,062 - INFO     - img2od: 0 | od2fr: 0 | od2lpr: 268 | od2cap: 0 | fr2kr: 0 | lpr2kr: 1000 | cap2udp: 0 | kr2udp: 1 | 
2026-05-03 18:13:02,063 - INFO     - img2od: 0 | od2fr: 0 | od2lpr: 268 | od2cap: 0 | fr2kr: 0 | lpr2kr: 1000 | cap2udp: 0 | kr2udp: 0 | 
2026-05-03 18:13:03,065 - INFO     - img2od: 0 | od2fr: 0 | od2lpr: 253 | od2cap: 0 | fr2kr: 0 | lpr2kr: 1000 | cap2udp: 0 | kr2udp: 0 | 
2026-05-03 18:13:04,066 - INFO     - img2od: 0 | od2fr: 0 | od2lpr: 253 | od2cap: 0 | fr2kr: 0 | lpr2kr: 1000 | cap2udp: 0 | kr2udp: 1 | 
2026-05-03 18:13:05,067 - INFO     - img2od: 0 | od2fr: 0 | od2lpr: 234 | od2cap: 0 | fr2kr: 0 | lpr2kr: 1000 | cap2udp: 0 | kr2udp: 0 | 
2026-05-03 18:13:06,068 - INFO     - img2od: 0 | od2fr: 0 | od2lpr: 234 | od2cap: 0 | fr2kr: 0 | lpr2kr: 1000 | cap2udp: 0 | kr2udp: 0 | 
2026-05-03 18:13:07,070 - INFO     - img2od: 0 | od2fr: 0 | od2lpr: 223 | od2cap: 0 | fr2kr: 0 | lpr2kr: 1000 | cap2udp: 0 | kr2udp: 0 | 
2026-05-03 18:13:08,071 - INFO     - img2od: 0 | od2fr: 0 | od2lpr: 223 | od2cap: 0 | fr2kr: 0 | lpr2kr: 1000 | cap2udp: 0 | kr2udp: 1 | 
2026-05-03 18:13:09,072 - INFO     - img2od: 0 | od2fr: 0 | od2lpr: 203 | od2cap: 0 | fr2kr: 0 | lpr2kr: 1000 | cap2udp: 0 | kr2udp: 1 | 
2026-05-03 18:13:10,073 - INFO     - img2od: 0 | od2fr: 0 | od2lpr: 203 | od2cap: 0 | fr2kr: 0 | lpr2kr: 1000 | cap2udp: 0 | kr2udp: 0 | 
2026-05-03 18:13:11,074 - INFO     - img2od: 0 | od2fr: 0 | od2lpr: 190 | od2cap: 0 | fr2kr: 0 | lpr2kr: 1000 | cap2udp: 0 | kr2udp: 0 | 
2026-05-03 18:13:12,076 - INFO     - img2od: 0 | od2fr: 0 | od2lpr: 190 | od2cap: 0 | fr2kr: 0 | lpr2kr: 1000 | cap2udp: 0 | kr2udp: 1 | 
2026-05-03 18:13:13,077 - INFO     - img2od: 0 | od2fr: 0 | od2lpr: 171 | od2cap: 0 | fr2kr: 0 | lpr2kr: 1000 | cap2udp: 0 | kr2udp: 1 | 
2026-05-03 18:13:14,078 - INFO     - img2od: 0 | od2fr: 0 | od2lpr: 171 | od2cap: 0 | fr2kr: 0 | lpr2kr: 1000 | cap2udp: 0 | kr2udp: 0 | 
2026-05-03 18:13:15,079 - INFO     - img2od: 0 | od2fr: 0 | od2lpr: 159 | od2cap: 0 | fr2kr: 0 | lpr2kr: 1000 | cap2udp: 0 | kr2udp: 1 | 
2026-05-03 18:13:16,080 - INFO     - img2od: 0 | od2fr: 0 | od2lpr: 159 | od2cap: 0 | fr2kr: 0 | lpr2kr: 1000 | cap2udp: 0 | kr2udp: 0 | 
2026-05-03 18:13:17,081 - INFO     - img2od: 0 | od2fr: 0 | od2lpr: 140 | od2cap: 0 | fr2kr: 0 | lpr2kr: 1000 | cap2udp: 0 | kr2udp: 0 | 
2026-05-03 18:13:18,082 - INFO     - img2od: 0 | od2fr: 0 | od2lpr: 140 | od2cap: 0 | fr2kr: 0 | lpr2kr: 1000 | cap2udp: 0 | kr2udp: 0 | 
2026-05-03 18:13:19,083 - INFO     - img2od: 0 | od2fr: 0 | od2lpr: 123 | od2cap: 0 | fr2kr: 0 | lpr2kr: 1000 | cap2udp: 0 | kr2udp: 0 | 
2026-05-03 18:13:20,084 - INFO     - img2od: 0 | od2fr: 0 | od2lpr: 123 | od2cap: 0 | fr2kr: 0 | lpr2kr: 1000 | cap2udp: 0 | kr2udp: 0 | 
2026-05-03 18:13:21,085 - INFO     - img2od: 0 | od2fr: 0 | od2lpr: 111 | od2cap: 0 | fr2kr: 0 | lpr2kr: 1000 | cap2udp: 0 | kr2udp: 1 | 
2026-05-03 18:13:22,087 - INFO     - img2od: 0 | od2fr: 0 | od2lpr: 111 | od2cap: 0 | fr2kr: 0 | lpr2kr: 1000 | cap2udp: 0 | kr2udp: 0 | 
2026-05-03 18:13:23,088 - INFO     - img2od: 0 | od2fr: 0 | od2lpr: 95 | od2cap: 0 | fr2kr: 0 | lpr2kr: 1000 | cap2udp: 0 | kr2udp: 0 | 
2026-05-03 18:13:24,089 - INFO     - img2od: 0 | od2fr: 0 | od2lpr: 95 | od2cap: 0 | fr2kr: 0 | lpr2kr: 1000 | cap2udp: 0 | kr2udp: 1 | 
2026-05-03 18:13:25,090 - INFO     - img2od: 0 | od2fr: 0 | od2lpr: 71 | od2cap: 0 | fr2kr: 0 | lpr2kr: 1000 | cap2udp: 0 | kr2udp: 0 | 
2026-05-03 18:13:26,091 - INFO     - img2od: 0 | od2fr: 0 | od2lpr: 71 | od2cap: 0 | fr2kr: 0 | lpr2kr: 1000 | cap2udp: 0 | kr2udp: 0 | 
2026-05-03 18:13:27,092 - INFO     - img2od: 0 | od2fr: 0 | od2lpr: 61 | od2cap: 0 | fr2kr: 0 | lpr2kr: 1000 | cap2udp: 0 | kr2udp: 1 | 
2026-05-03 18:13:28,093 - INFO     - img2od: 0 | od2fr: 0 | od2lpr: 61 | od2cap: 0 | fr2kr: 0 | lpr2kr: 1000 | cap2udp: 0 | kr2udp: 0 | 
2026-05-03 18:13:29,094 - INFO     - img2od: 0 | od2fr: 0 | od2lpr: 45 | od2cap: 0 | fr2kr: 0 | lpr2kr: 1000 | cap2udp: 0 | kr2udp: 1 | 
2026-05-03 18:13:30,095 - INFO     - img2od: 0 | od2fr: 0 | od2lpr: 45 | od2cap: 0 | fr2kr: 0 | lpr2kr: 1000 | cap2udp: 0 | kr2udp: 0 | 
2026-05-03 18:13:31,096 - INFO     - img2od: 0 | od2fr: 0 | od2lpr: 28 | od2cap: 0 | fr2kr: 0 | lpr2kr: 1000 | cap2udp: 0 | kr2udp: 1 | 
2026-05-03 18:13:32,097 - INFO     - img2od: 0 | od2fr: 0 | od2lpr: 28 | od2cap: 0 | fr2kr: 0 | lpr2kr: 1000 | cap2udp: 0 | kr2udp: 0 | 
2026-05-03 18:13:33,098 - INFO     - img2od: 0 | od2fr: 0 | od2lpr: 14 | od2cap: 0 | fr2kr: 0 | lpr2kr: 996 | cap2udp: 0 | kr2udp: 1 | 
2026-05-03 18:13:34,099 - INFO     - img2od: 0 | od2fr: 0 | od2lpr: 14 | od2cap: 0 | fr2kr: 0 | lpr2kr: 1000 | cap2udp: 0 | kr2udp: 1 | 
2026-05-03 18:13:35,100 - INFO     - img2od: 0 | od2fr: 0 | od2lpr: 2 | od2cap: 0 | fr2kr: 0 | lpr2kr: 997 | cap2udp: 0 | kr2udp: 1 | 
loading model on device: cuda
Initializing checkpoint: PekingU/rtdetr_r50vd, ID: 0
2026-05-03 18:13:35,135 - INFO     - lprStream    : Received END signal, shutting down
2026-05-03 18:13:35,260 - INFO     - lprStream    : shutdown successful
2026-05-03 18:13:36,101 - INFO     - img2od: 0 | od2fr: 0 | od2lpr: 0 | od2cap: 0 | fr2kr: 0 | lpr2kr: 1000 | cap2udp: 0 | kr2udp: 1 | 
2026-05-03 18:13:37,103 - INFO     - img2od: 0 | od2fr: 0 | od2lpr: 0 | od2cap: 0 | fr2kr: 0 | lpr2kr: 984 | cap2udp: 0 | kr2udp: 0 | 
2026-05-03 18:13:38,104 - INFO     - img2od: 0 | od2fr: 0 | od2lpr: 0 | od2cap: 0 | fr2kr: 0 | lpr2kr: 984 | cap2udp: 0 | kr2udp: 0 | 
2026-05-03 18:13:39,105 - INFO     - img2od: 0 | od2fr: 0 | od2lpr: 0 | od2cap: 0 | fr2kr: 0 | lpr2kr: 968 | cap2udp: 0 | kr2udp: 0 | 
2026-05-03 18:13:40,106 - INFO     - img2od: 0 | od2fr: 0 | od2lpr: 0 | od2cap: 0 | fr2kr: 0 | lpr2kr: 968 | cap2udp: 0 | kr2udp: 0 | 
2026-05-03 18:13:41,108 - INFO     - img2od: 0 | od2fr: 0 | od2lpr: 0 | od2cap: 0 | fr2kr: 0 | lpr2kr: 952 | cap2udp: 0 | kr2udp: 0 | 
2026-05-03 18:13:42,109 - INFO     - img2od: 0 | od2fr: 0 | od2lpr: 0 | od2cap: 0 | fr2kr: 0 | lpr2kr: 952 | cap2udp: 0 | kr2udp: 0 | 
2026-05-03 18:13:43,110 - INFO     - img2od: 0 | od2fr: 0 | od2lpr: 0 | od2cap: 0 | fr2kr: 0 | lpr2kr: 936 | cap2udp: 0 | kr2udp: 0 | 
2026-05-03 18:13:44,111 - INFO     - img2od: 0 | od2fr: 0 | od2lpr: 0 | od2cap: 0 | fr2kr: 0 | lpr2kr: 936 | cap2udp: 0 | kr2udp: 1 | 
2026-05-03 18:13:45,112 - INFO     - img2od: 0 | od2fr: 0 | od2lpr: 0 | od2cap: 0 | fr2kr: 0 | lpr2kr: 920 | cap2udp: 0 | kr2udp: 0 | 
2026-05-03 18:13:46,114 - INFO     - img2od: 0 | od2fr: 0 | od2lpr: 0 | od2cap: 0 | fr2kr: 0 | lpr2kr: 920 | cap2udp: 0 | kr2udp: 1 | 
2026-05-03 18:13:47,115 - INFO     - img2od: 0 | od2fr: 0 | od2lpr: 0 | od2cap: 0 | fr2kr: 0 | lpr2kr: 904 | cap2udp: 0 | kr2udp: 0 | 
2026-05-03 18:13:48,116 - INFO     - img2od: 0 | od2fr: 0 | od2lpr: 0 | od2cap: 0 | fr2kr: 0 | lpr2kr: 904 | cap2udp: 0 | kr2udp: 0 | 
2026-05-03 18:13:49,117 - INFO     - img2od: 0 | od2fr: 0 | od2lpr: 0 | od2cap: 0 | fr2kr: 0 | lpr2kr: 888 | cap2udp: 0 | kr2udp: 0 | 
2026-05-03 18:13:50,119 - INFO     - img2od: 0 | od2fr: 0 | od2lpr: 0 | od2cap: 0 | fr2kr: 0 | lpr2kr: 888 | cap2udp: 0 | kr2udp: 0 | 
2026-05-03 18:13:51,120 - INFO     - img2od: 0 | od2fr: 0 | od2lpr: 0 | od2cap: 0 | fr2kr: 0 | lpr2kr: 872 | cap2udp: 0 | kr2udp: 0 | 
2026-05-03 18:13:52,121 - INFO     - img2od: 0 | od2fr: 0 | od2lpr: 0 | od2cap: 0 | fr2kr: 0 | lpr2kr: 872 | cap2udp: 0 | kr2udp: 0 | 
2026-05-03 18:13:53,122 - INFO     - img2od: 0 | od2fr: 0 | od2lpr: 0 | od2cap: 0 | fr2kr: 0 | lpr2kr: 856 | cap2udp: 0 | kr2udp: 1 | 
2026-05-03 18:13:54,124 - INFO     - img2od: 0 | od2fr: 0 | od2lpr: 0 | od2cap: 0 | fr2kr: 0 | lpr2kr: 856 | cap2udp: 0 | kr2udp: 1 | 
2026-05-03 18:13:55,125 - INFO     - img2od: 0 | od2fr: 0 | od2lpr: 0 | od2cap: 0 | fr2kr: 0 | lpr2kr: 840 | cap2udp: 0 | kr2udp: 1 | 
2026-05-03 18:13:56,126 - INFO     - img2od: 0 | od2fr: 0 | od2lpr: 0 | od2cap: 0 | fr2kr: 0 | lpr2kr: 824 | cap2udp: 0 | kr2udp: 1 | 
2026-05-03 18:13:57,127 - INFO     - img2od: 0 | od2fr: 0 | od2lpr: 0 | od2cap: 0 | fr2kr: 0 | lpr2kr: 824 | cap2udp: 0 | kr2udp: 0 | 
2026-05-03 18:13:58,129 - INFO     - img2od: 0 | od2fr: 0 | od2lpr: 0 | od2cap: 0 | fr2kr: 0 | lpr2kr: 808 | cap2udp: 0 | kr2udp: 1 | 
2026-05-03 18:13:59,130 - INFO     - img2od: 0 | od2fr: 0 | od2lpr: 0 | od2cap: 0 | fr2kr: 0 | lpr2kr: 808 | cap2udp: 0 | kr2udp: 1 | 
2026-05-03 18:14:00,131 - INFO     - img2od: 0 | od2fr: 0 | od2lpr: 0 | od2cap: 0 | fr2kr: 0 | lpr2kr: 792 | cap2udp: 0 | kr2udp: 1 | 
2026-05-03 18:14:01,132 - INFO     - img2od: 0 | od2fr: 0 | od2lpr: 0 | od2cap: 0 | fr2kr: 0 | lpr2kr: 792 | cap2udp: 0 | kr2udp: 1 | 
2026-05-03 18:14:02,133 - INFO     - img2od: 0 | od2fr: 0 | od2lpr: 0 | od2cap: 0 | fr2kr: 0 | lpr2kr: 776 | cap2udp: 0 | kr2udp: 1 | 
2026-05-03 18:14:03,135 - INFO     - img2od: 0 | od2fr: 0 | od2lpr: 0 | od2cap: 0 | fr2kr: 0 | lpr2kr: 760 | cap2udp: 0 | kr2udp: 1 | 
2026-05-03 18:14:04,136 - INFO     - img2od: 0 | od2fr: 0 | od2lpr: 0 | od2cap: 0 | fr2kr: 0 | lpr2kr: 760 | cap2udp: 0 | kr2udp: 1 | 
2026-05-03 18:14:05,137 - INFO     - img2od: 0 | od2fr: 0 | od2lpr: 0 | od2cap: 0 | fr2kr: 0 | lpr2kr: 744 | cap2udp: 0 | kr2udp: 1 | 
2026-05-03 18:14:06,138 - INFO     - img2od: 0 | od2fr: 0 | od2lpr: 0 | od2cap: 0 | fr2kr: 0 | lpr2kr: 744 | cap2udp: 0 | kr2udp: 1 | 
2026-05-03 18:14:07,140 - INFO     - img2od: 0 | od2fr: 0 | od2lpr: 0 | od2cap: 0 | fr2kr: 0 | lpr2kr: 728 | cap2udp: 0 | kr2udp: 1 | 
2026-05-03 18:14:08,141 - INFO     - img2od: 0 | od2fr: 0 | od2lpr: 0 | od2cap: 0 | fr2kr: 0 | lpr2kr: 728 | cap2udp: 0 | kr2udp: 1 | 
2026-05-03 18:14:09,142 - INFO     - img2od: 0 | od2fr: 0 | od2lpr: 0 | od2cap: 0 | fr2kr: 0 | lpr2kr: 712 | cap2udp: 0 | kr2udp: 1 | 
2026-05-03 18:14:10,143 - INFO     - img2od: 0 | od2fr: 0 | od2lpr: 0 | od2cap: 0 | fr2kr: 0 | lpr2kr: 712 | cap2udp: 0 | kr2udp: 1 | 
2026-05-03 18:14:11,144 - INFO     - img2od: 0 | od2fr: 0 | od2lpr: 0 | od2cap: 0 | fr2kr: 0 | lpr2kr: 696 | cap2udp: 0 | kr2udp: 0 | 
2026-05-03 18:14:12,146 - INFO     - img2od: 0 | od2fr: 0 | od2lpr: 0 | od2cap: 0 | fr2kr: 0 | lpr2kr: 680 | cap2udp: 0 | kr2udp: 1 | 
2026-05-03 18:14:13,147 - INFO     - img2od: 0 | od2fr: 0 | od2lpr: 0 | od2cap: 0 | fr2kr: 0 | lpr2kr: 680 | cap2udp: 0 | kr2udp: 1 | 
2026-05-03 18:14:14,148 - INFO     - img2od: 0 | od2fr: 0 | od2lpr: 0 | od2cap: 0 | fr2kr: 0 | lpr2kr: 680 | cap2udp: 0 | kr2udp: 1 | 
2026-05-03 18:14:15,149 - INFO     - img2od: 0 | od2fr: 0 | od2lpr: 0 | od2cap: 0 | fr2kr: 0 | lpr2kr: 664 | cap2udp: 0 | kr2udp: 0 | 
2026-05-03 18:14:16,150 - INFO     - img2od: 0 | od2fr: 0 | od2lpr: 0 | od2cap: 0 | fr2kr: 0 | lpr2kr: 664 | cap2udp: 0 | kr2udp: 1 | 
2026-05-03 18:14:17,151 - INFO     - img2od: 0 | od2fr: 0 | od2lpr: 0 | od2cap: 0 | fr2kr: 0 | lpr2kr: 648 | cap2udp: 0 | kr2udp: 1 | 
2026-05-03 18:14:18,152 - INFO     - img2od: 0 | od2fr: 0 | od2lpr: 0 | od2cap: 0 | fr2kr: 0 | lpr2kr: 648 | cap2udp: 0 | kr2udp: 1 | 
2026-05-03 18:14:19,153 - INFO     - img2od: 0 | od2fr: 0 | od2lpr: 0 | od2cap: 0 | fr2kr: 0 | lpr2kr: 632 | cap2udp: 0 | kr2udp: 1 | 
2026-05-03 18:14:20,154 - INFO     - img2od: 0 | od2fr: 0 | od2lpr: 0 | od2cap: 0 | fr2kr: 0 | lpr2kr: 632 | cap2udp: 0 | kr2udp: 0 | 
2026-05-03 18:14:21,155 - INFO     - img2od: 0 | od2fr: 0 | od2lpr: 0 | od2cap: 0 | fr2kr: 0 | lpr2kr: 616 | cap2udp: 0 | kr2udp: 0 | 
2026-05-03 18:14:22,156 - INFO     - img2od: 0 | od2fr: 0 | od2lpr: 0 | od2cap: 0 | fr2kr: 0 | lpr2kr: 616 | cap2udp: 0 | kr2udp: 1 | 
2026-05-03 18:14:23,157 - INFO     - img2od: 0 | od2fr: 0 | od2lpr: 0 | od2cap: 0 | fr2kr: 0 | lpr2kr: 616 | cap2udp: 0 | kr2udp: 1 | 
2026-05-03 18:14:24,158 - INFO     - img2od: 0 | od2fr: 0 | od2lpr: 0 | od2cap: 0 | fr2kr: 0 | lpr2kr: 600 | cap2udp: 0 | kr2udp: 0 | 
2026-05-03 18:14:25,159 - INFO     - img2od: 0 | od2fr: 0 | od2lpr: 0 | od2cap: 0 | fr2kr: 0 | lpr2kr: 600 | cap2udp: 0 | kr2udp: 0 | 
2026-05-03 18:14:26,160 - INFO     - img2od: 0 | od2fr: 0 | od2lpr: 0 | od2cap: 0 | fr2kr: 0 | lpr2kr: 584 | cap2udp: 0 | kr2udp: 0 | 
2026-05-03 18:14:27,161 - INFO     - img2od: 0 | od2fr: 0 | od2lpr: 0 | od2cap: 0 | fr2kr: 0 | lpr2kr: 584 | cap2udp: 0 | kr2udp: 0 | 
2026-05-03 18:14:28,162 - INFO     - img2od: 0 | od2fr: 0 | od2lpr: 0 | od2cap: 0 | fr2kr: 0 | lpr2kr: 568 | cap2udp: 0 | kr2udp: 0 | 
2026-05-03 18:14:29,163 - INFO     - img2od: 0 | od2fr: 0 | od2lpr: 0 | od2cap: 0 | fr2kr: 0 | lpr2kr: 568 | cap2udp: 0 | kr2udp: 1 | 
2026-05-03 18:14:30,164 - INFO     - img2od: 0 | od2fr: 0 | od2lpr: 0 | od2cap: 0 | fr2kr: 0 | lpr2kr: 552 | cap2udp: 0 | kr2udp: 0 | 
2026-05-03 18:14:31,165 - INFO     - img2od: 0 | od2fr: 0 | od2lpr: 0 | od2cap: 0 | fr2kr: 0 | lpr2kr: 552 | cap2udp: 0 | kr2udp: 1 | 
2026-05-03 18:14:32,167 - INFO     - img2od: 0 | od2fr: 0 | od2lpr: 0 | od2cap: 0 | fr2kr: 0 | lpr2kr: 536 | cap2udp: 0 | kr2udp: 0 | 
2026-05-03 18:14:33,168 - INFO     - img2od: 0 | od2fr: 0 | od2lpr: 0 | od2cap: 0 | fr2kr: 0 | lpr2kr: 536 | cap2udp: 0 | kr2udp: 1 | 
2026-05-03 18:14:34,169 - INFO     - img2od: 0 | od2fr: 0 | od2lpr: 0 | od2cap: 0 | fr2kr: 0 | lpr2kr: 520 | cap2udp: 0 | kr2udp: 1 | 
2026-05-03 18:14:35,170 - INFO     - img2od: 0 | od2fr: 0 | od2lpr: 0 | od2cap: 0 | fr2kr: 0 | lpr2kr: 520 | cap2udp: 0 | kr2udp: 0 | 
2026-05-03 18:14:36,172 - INFO     - img2od: 0 | od2fr: 0 | od2lpr: 0 | od2cap: 0 | fr2kr: 0 | lpr2kr: 504 | cap2udp: 0 | kr2udp: 0 | 
2026-05-03 18:14:37,173 - INFO     - img2od: 0 | od2fr: 0 | od2lpr: 0 | od2cap: 0 | fr2kr: 0 | lpr2kr: 504 | cap2udp: 0 | kr2udp: 0 | 
2026-05-03 18:14:38,174 - INFO     - img2od: 0 | od2fr: 0 | od2lpr: 0 | od2cap: 0 | fr2kr: 0 | lpr2kr: 488 | cap2udp: 0 | kr2udp: 0 | 
2026-05-03 18:14:39,176 - INFO     - img2od: 0 | od2fr: 0 | od2lpr: 0 | od2cap: 0 | fr2kr: 0 | lpr2kr: 488 | cap2udp: 0 | kr2udp: 0 | 
2026-05-03 18:14:40,177 - INFO     - img2od: 0 | od2fr: 0 | od2lpr: 0 | od2cap: 0 | fr2kr: 0 | lpr2kr: 472 | cap2udp: 0 | kr2udp: 0 | 
2026-05-03 18:14:41,178 - INFO     - img2od: 0 | od2fr: 0 | od2lpr: 0 | od2cap: 0 | fr2kr: 0 | lpr2kr: 472 | cap2udp: 0 | kr2udp: 0 | 
2026-05-03 18:14:42,179 - INFO     - img2od: 0 | od2fr: 0 | od2lpr: 0 | od2cap: 0 | fr2kr: 0 | lpr2kr: 456 | cap2udp: 0 | kr2udp: 0 | 
2026-05-03 18:14:43,180 - INFO     - img2od: 0 | od2fr: 0 | od2lpr: 0 | od2cap: 0 | fr2kr: 0 | lpr2kr: 456 | cap2udp: 0 | kr2udp: 0 | 
2026-05-03 18:14:44,181 - INFO     - img2od: 0 | od2fr: 0 | od2lpr: 0 | od2cap: 0 | fr2kr: 0 | lpr2kr: 440 | cap2udp: 0 | kr2udp: 0 | 
2026-05-03 18:14:45,182 - INFO     - img2od: 0 | od2fr: 0 | od2lpr: 0 | od2cap: 0 | fr2kr: 0 | lpr2kr: 440 | cap2udp: 0 | kr2udp: 0 | 
2026-05-03 18:14:46,183 - INFO     - img2od: 0 | od2fr: 0 | od2lpr: 0 | od2cap: 0 | fr2kr: 0 | lpr2kr: 424 | cap2udp: 0 | kr2udp: 0 | 
2026-05-03 18:14:47,185 - INFO     - img2od: 0 | od2fr: 0 | od2lpr: 0 | od2cap: 0 | fr2kr: 0 | lpr2kr: 424 | cap2udp: 0 | kr2udp: 0 | 
2026-05-03 18:14:48,186 - INFO     - img2od: 0 | od2fr: 0 | od2lpr: 0 | od2cap: 0 | fr2kr: 0 | lpr2kr: 408 | cap2udp: 0 | kr2udp: 0 | 
2026-05-03 18:14:49,187 - INFO     - img2od: 0 | od2fr: 0 | od2lpr: 0 | od2cap: 0 | fr2kr: 0 | lpr2kr: 408 | cap2udp: 0 | kr2udp: 0 | 
2026-05-03 18:14:50,188 - INFO     - img2od: 0 | od2fr: 0 | od2lpr: 0 | od2cap: 0 | fr2kr: 0 | lpr2kr: 392 | cap2udp: 0 | kr2udp: 0 | 
2026-05-03 18:14:51,189 - INFO     - img2od: 0 | od2fr: 0 | od2lpr: 0 | od2cap: 0 | fr2kr: 0 | lpr2kr: 392 | cap2udp: 0 | kr2udp: 0 | 
2026-05-03 18:14:52,190 - INFO     - img2od: 0 | od2fr: 0 | od2lpr: 0 | od2cap: 0 | fr2kr: 0 | lpr2kr: 376 | cap2udp: 0 | kr2udp: 1 | 
2026-05-03 18:14:53,191 - INFO     - img2od: 0 | od2fr: 0 | od2lpr: 0 | od2cap: 0 | fr2kr: 0 | lpr2kr: 376 | cap2udp: 0 | kr2udp: 0 | 
2026-05-03 18:14:54,193 - INFO     - img2od: 0 | od2fr: 0 | od2lpr: 0 | od2cap: 0 | fr2kr: 0 | lpr2kr: 360 | cap2udp: 0 | kr2udp: 0 | 
2026-05-03 18:14:55,194 - INFO     - img2od: 0 | od2fr: 0 | od2lpr: 0 | od2cap: 0 | fr2kr: 0 | lpr2kr: 360 | cap2udp: 0 | kr2udp: 0 | 
2026-05-03 18:14:56,195 - INFO     - img2od: 0 | od2fr: 0 | od2lpr: 0 | od2cap: 0 | fr2kr: 0 | lpr2kr: 344 | cap2udp: 0 | kr2udp: 0 | 
2026-05-03 18:14:57,196 - INFO     - img2od: 0 | od2fr: 0 | od2lpr: 0 | od2cap: 0 | fr2kr: 0 | lpr2kr: 344 | cap2udp: 0 | kr2udp: 0 | 
2026-05-03 18:14:58,198 - INFO     - img2od: 0 | od2fr: 0 | od2lpr: 0 | od2cap: 0 | fr2kr: 0 | lpr2kr: 328 | cap2udp: 0 | kr2udp: 0 | 
2026-05-03 18:14:59,199 - INFO     - img2od: 0 | od2fr: 0 | od2lpr: 0 | od2cap: 0 | fr2kr: 0 | lpr2kr: 328 | cap2udp: 0 | kr2udp: 1 | 
2026-05-03 18:15:00,200 - INFO     - img2od: 0 | od2fr: 0 | od2lpr: 0 | od2cap: 0 | fr2kr: 0 | lpr2kr: 312 | cap2udp: 0 | kr2udp: 1 | 
2026-05-03 18:15:01,201 - INFO     - img2od: 0 | od2fr: 0 | od2lpr: 0 | od2cap: 0 | fr2kr: 0 | lpr2kr: 312 | cap2udp: 0 | kr2udp: 0 | 
2026-05-03 18:15:02,202 - INFO     - img2od: 0 | od2fr: 0 | od2lpr: 0 | od2cap: 0 | fr2kr: 0 | lpr2kr: 296 | cap2udp: 0 | kr2udp: 0 | 
2026-05-03 18:15:03,204 - INFO     - img2od: 0 | od2fr: 0 | od2lpr: 0 | od2cap: 0 | fr2kr: 0 | lpr2kr: 296 | cap2udp: 0 | kr2udp: 1 | 
2026-05-03 18:15:04,205 - INFO     - img2od: 0 | od2fr: 0 | od2lpr: 0 | od2cap: 0 | fr2kr: 0 | lpr2kr: 280 | cap2udp: 0 | kr2udp: 0 | 
2026-05-03 18:15:05,206 - INFO     - img2od: 0 | od2fr: 0 | od2lpr: 0 | od2cap: 0 | fr2kr: 0 | lpr2kr: 280 | cap2udp: 0 | kr2udp: 0 | 
2026-05-03 18:15:06,207 - INFO     - img2od: 0 | od2fr: 0 | od2lpr: 0 | od2cap: 0 | fr2kr: 0 | lpr2kr: 264 | cap2udp: 0 | kr2udp: 0 | 
2026-05-03 18:15:07,208 - INFO     - img2od: 0 | od2fr: 0 | od2lpr: 0 | od2cap: 0 | fr2kr: 0 | lpr2kr: 264 | cap2udp: 0 | kr2udp: 0 | 
2026-05-03 18:15:08,209 - INFO     - img2od: 0 | od2fr: 0 | od2lpr: 0 | od2cap: 0 | fr2kr: 0 | lpr2kr: 248 | cap2udp: 0 | kr2udp: 0 | 
2026-05-03 18:15:09,211 - INFO     - img2od: 0 | od2fr: 0 | od2lpr: 0 | od2cap: 0 | fr2kr: 0 | lpr2kr: 248 | cap2udp: 0 | kr2udp: 1 | 
2026-05-03 18:15:10,212 - INFO     - img2od: 0 | od2fr: 0 | od2lpr: 0 | od2cap: 0 | fr2kr: 0 | lpr2kr: 232 | cap2udp: 0 | kr2udp: 1 | 
2026-05-03 18:15:11,213 - INFO     - img2od: 0 | od2fr: 0 | od2lpr: 0 | od2cap: 0 | fr2kr: 0 | lpr2kr: 232 | cap2udp: 0 | kr2udp: 0 | 
2026-05-03 18:15:12,214 - INFO     - img2od: 0 | od2fr: 0 | od2lpr: 0 | od2cap: 0 | fr2kr: 0 | lpr2kr: 216 | cap2udp: 0 | kr2udp: 1 | 
2026-05-03 18:15:13,216 - INFO     - img2od: 0 | od2fr: 0 | od2lpr: 0 | od2cap: 0 | fr2kr: 0 | lpr2kr: 216 | cap2udp: 0 | kr2udp: 1 | 
2026-05-03 18:15:14,217 - INFO     - img2od: 0 | od2fr: 0 | od2lpr: 0 | od2cap: 0 | fr2kr: 0 | lpr2kr: 200 | cap2udp: 0 | kr2udp: 0 | 
2026-05-03 18:15:15,218 - INFO     - img2od: 0 | od2fr: 0 | od2lpr: 0 | od2cap: 0 | fr2kr: 0 | lpr2kr: 184 | cap2udp: 0 | kr2udp: 0 | 
2026-05-03 18:15:16,219 - INFO     - img2od: 0 | od2fr: 0 | od2lpr: 0 | od2cap: 0 | fr2kr: 0 | lpr2kr: 184 | cap2udp: 0 | kr2udp: 0 | 
2026-05-03 18:15:17,221 - INFO     - img2od: 0 | od2fr: 0 | od2lpr: 0 | od2cap: 0 | fr2kr: 0 | lpr2kr: 168 | cap2udp: 0 | kr2udp: 0 | 
2026-05-03 18:15:18,222 - INFO     - img2od: 0 | od2fr: 0 | od2lpr: 0 | od2cap: 0 | fr2kr: 0 | lpr2kr: 168 | cap2udp: 0 | kr2udp: 0 | 
2026-05-03 18:15:19,223 - INFO     - img2od: 0 | od2fr: 0 | od2lpr: 0 | od2cap: 0 | fr2kr: 0 | lpr2kr: 152 | cap2udp: 0 | kr2udp: 0 | 
2026-05-03 18:15:20,224 - INFO     - img2od: 0 | od2fr: 0 | od2lpr: 0 | od2cap: 0 | fr2kr: 0 | lpr2kr: 152 | cap2udp: 0 | kr2udp: 0 | 
2026-05-03 18:15:21,225 - INFO     - img2od: 0 | od2fr: 0 | od2lpr: 0 | od2cap: 0 | fr2kr: 0 | lpr2kr: 136 | cap2udp: 0 | kr2udp: 0 | 
2026-05-03 18:15:22,227 - INFO     - img2od: 0 | od2fr: 0 | od2lpr: 0 | od2cap: 0 | fr2kr: 0 | lpr2kr: 136 | cap2udp: 0 | kr2udp: 0 | 
2026-05-03 18:15:23,228 - INFO     - img2od: 0 | od2fr: 0 | od2lpr: 0 | od2cap: 0 | fr2kr: 0 | lpr2kr: 120 | cap2udp: 0 | kr2udp: 0 | 
2026-05-03 18:15:24,229 - INFO     - img2od: 0 | od2fr: 0 | od2lpr: 0 | od2cap: 0 | fr2kr: 0 | lpr2kr: 120 | cap2udp: 0 | kr2udp: 0 | 
2026-05-03 18:15:25,230 - INFO     - img2od: 0 | od2fr: 0 | od2lpr: 0 | od2cap: 0 | fr2kr: 0 | lpr2kr: 104 | cap2udp: 0 | kr2udp: 0 | 
2026-05-03 18:15:26,232 - INFO     - img2od: 0 | od2fr: 0 | od2lpr: 0 | od2cap: 0 | fr2kr: 0 | lpr2kr: 104 | cap2udp: 0 | kr2udp: 0 | 
2026-05-03 18:15:27,233 - INFO     - img2od: 0 | od2fr: 0 | od2lpr: 0 | od2cap: 0 | fr2kr: 0 | lpr2kr: 88 | cap2udp: 0 | kr2udp: 0 | 
2026-05-03 18:15:28,234 - INFO     - img2od: 0 | od2fr: 0 | od2lpr: 0 | od2cap: 0 | fr2kr: 0 | lpr2kr: 88 | cap2udp: 0 | kr2udp: 0 | 
2026-05-03 18:15:29,235 - INFO     - img2od: 0 | od2fr: 0 | od2lpr: 0 | od2cap: 0 | fr2kr: 0 | lpr2kr: 72 | cap2udp: 0 | kr2udp: 0 | 
2026-05-03 18:15:30,236 - INFO     - img2od: 0 | od2fr: 0 | od2lpr: 0 | od2cap: 0 | fr2kr: 0 | lpr2kr: 72 | cap2udp: 0 | kr2udp: 0 | 
2026-05-03 18:15:31,238 - INFO     - img2od: 0 | od2fr: 0 | od2lpr: 0 | od2cap: 0 | fr2kr: 0 | lpr2kr: 56 | cap2udp: 0 | kr2udp: 0 | 
2026-05-03 18:15:32,239 - INFO     - img2od: 0 | od2fr: 0 | od2lpr: 0 | od2cap: 0 | fr2kr: 0 | lpr2kr: 56 | cap2udp: 0 | kr2udp: 1 | 
2026-05-03 18:15:33,240 - INFO     - img2od: 0 | od2fr: 0 | od2lpr: 0 | od2cap: 0 | fr2kr: 0 | lpr2kr: 40 | cap2udp: 0 | kr2udp: 1 | 
2026-05-03 18:15:34,241 - INFO     - img2od: 0 | od2fr: 0 | od2lpr: 0 | od2cap: 0 | fr2kr: 0 | lpr2kr: 40 | cap2udp: 0 | kr2udp: 1 | 
2026-05-03 18:15:35,242 - INFO     - img2od: 0 | od2fr: 0 | od2lpr: 0 | od2cap: 0 | fr2kr: 0 | lpr2kr: 24 | cap2udp: 0 | kr2udp: 1 | 
2026-05-03 18:15:36,243 - INFO     - img2od: 0 | od2fr: 0 | od2lpr: 0 | od2cap: 0 | fr2kr: 0 | lpr2kr: 8 | cap2udp: 0 | kr2udp: 1 | 
2026-05-03 18:15:37,244 - INFO     - img2od: 0 | od2fr: 0 | od2lpr: 0 | od2cap: 0 | fr2kr: 0 | lpr2kr: 8 | cap2udp: 0 | kr2udp: 1 | 
2026-05-03 18:15:37,956 - INFO     - krStream     : Received end signal from LPR
2026-05-03 18:15:38,245 - INFO     - img2od: 0 | od2fr: 0 | od2lpr: 0 | od2cap: 0 | fr2kr: 0 | lpr2kr: 0 | cap2udp: 0 | kr2udp: 1 | 
2026-05-03 18:15:38,769 - INFO     - krStream     : Received BOTH END signal, shutting down
2026-05-03 18:15:38,862 - INFO     - udpStream    : Received end signal from KR
2026-05-03 18:15:38,913 - INFO     - krStream     : shutdown successful
2026-05-03 18:15:38,958 - INFO     - udpStream    : Received BOTH END signal, shutting down
2026-05-03 18:15:39,247 - INFO     - img2od: 0 | od2fr: 0 | od2lpr: 0 | od2cap: 0 | fr2kr: 0 | lpr2kr: 0 | cap2udp: 0 | kr2udp: 0 | 
2026-05-03 18:15:39,311 - INFO     - udpStream    : shutdown successful
2026-05-03 18:15:40,248 - INFO     - img2od: 0 | od2fr: 0 | od2lpr: 0 | od2cap: 0 | fr2kr: 0 | lpr2kr: 0 | cap2udp: 0 | kr2udp: 0 | 
2026-05-03 18:15:41,249 - INFO     - img2od: 0 | od2fr: 0 | od2lpr: 0 | od2cap: 0 | fr2kr: 0 | lpr2kr: 0 | cap2udp: 0 | kr2udp: 0 | 
2026-05-03 18:15:42,250 - INFO     - img2od: 0 | od2fr: 0 | od2lpr: 0 | od2cap: 0 | fr2kr: 0 | lpr2kr: 0 | cap2udp: 0 | kr2udp: 0 | 
2026-05-03 18:15:43,251 - INFO     - img2od: 0 | od2fr: 0 | od2lpr: 0 | od2cap: 0 | fr2kr: 0 | lpr2kr: 0 | cap2udp: 0 | kr2udp: 0 | 
2026-05-03 18:15:44,252 - INFO     - img2od: 0 | od2fr: 0 | od2lpr: 0 | od2cap: 0 | fr2kr: 0 | lpr2kr: 0 | cap2udp: 0 | kr2udp: 0 | 
2026-05-03 18:15:45,253 - INFO     - All queues empty, job done
2026-05-03 18:15:45,260 - INFO     - Queue logs written to ./profile_exp/mix/r0.10/sys_batch_conf/seed4/QUEUEWATCH.json
2026-05-03 18:15:45,765 - INFO     - Reach FINALLY block in MAIN process
2026-05-03 18:15:45,765 - INFO     - Starting cleanup of 7 processes.
2026-05-03 18:15:45,765 - INFO     - Draining and closing 8 queues.
2026-05-03 18:15:45,765 - INFO     - Starting cleanup for queue 0, queue size: 0.
2026-05-03 18:15:45,765 - INFO     - Starting cleanup for queue 1, queue size: 0.
2026-05-03 18:15:45,765 - INFO     - Starting cleanup for queue 2, queue size: 0.
2026-05-03 18:15:45,765 - INFO     - Starting cleanup for queue 3, queue size: 0.
2026-05-03 18:15:45,765 - INFO     - Starting cleanup for queue 4, queue size: 0.
2026-05-03 18:15:45,765 - INFO     - Starting cleanup for queue 5, queue size: 0.
2026-05-03 18:15:45,765 - INFO     - Starting cleanup for queue 6, queue size: 0.
2026-05-03 18:15:45,765 - INFO     - Starting cleanup for queue 7, queue size: 0.
2026-05-03 18:15:45,765 - INFO     - Cleanup complete.
2026-05-03 18:15:45,765 - INFO     - Cleaned up resources in MAIN process
2026-05-03 18:15:45,766 - INFO     - Summary written to ./profile_exp/mix/r0.10/sys_batch_conf/seed4/SUMMARY.json

======================================================================
PROFILING SUMMARY
======================================================================
  Total wall time:    862.50s
  Images processed:   100
  Throughput:         0.1159 img/s
  Avg E2E latency:    40.3915s
  Min E2E latency:    0.0221s
  Max E2E latency:    371.8724s

  Component          Count  Dropped     FLOPs/call    Total FLOPs
  --------------- -------- -------- -------------- --------------
  odStream             100        0   153844849936 15384484993600
  frStream             247        0     2837404864   700839001408
  lprStream           6406        0    54100765312 346569502588672
  capStream             40        0   373311103169 14932444126760
  krStream            6653        0            n/a            n/a
  udpStream           6693        0            n/a            n/a

  Total FLOPs:        377587270710440
======================================================================
