2026-05-03 18:57:22,319 - INFO     - imgStream    : internal profiling set to False
2026-05-03 18:57:22,319 - INFO     - odStream     : internal profiling set to False
2026-05-03 18:57:22,319 - INFO     - frStream     : internal profiling set to False
2026-05-03 18:57:22,319 - INFO     - lprStream    : internal profiling set to False
2026-05-03 18:57:22,319 - INFO     - capStream    : internal profiling set to False
2026-05-03 18:57:22,319 - INFO     - krStream     : internal profiling set to False
2026-05-03 18:57:22,319 - INFO     - udpStream    : internal profiling set to False


================================================================================
|                                                                              |
|                     Running: Traffic Monitoring Pipeline                     |
|                                                                              |
|                         Algorithm: None, Model ID: 0                         |
|                                                                              |
|                             Target Indices: none                             |
|                                                                              |
|                             2026-05-03 18:57:22                              |
|                                                                              |
================================================================================


Number of CUDA devices: 1
2026-05-03 18:57:25,977 - INFO     - img2od: 0 | od2fr: 0 | od2lpr: 0 | od2cap: 0 | fr2kr: 0 | lpr2kr: 0 | cap2udp: 0 | kr2udp: 0 | 
/home/lxt230026/.conda/envs/dyndl/lib/python3.10/site-packages/facenet_pytorch/models/inception_resnet_v1.py:329: FutureWarning: You are using `torch.load` with `weights_only=False` (the current default value), which uses the default pickle module implicitly. It is possible to construct malicious pickle data which will execute arbitrary code during unpickling (See https://github.com/pytorch/pytorch/blob/main/SECURITY.md#untrusted-models for more details). In a future release, the default value for `weights_only` will be flipped to `True`. This limits the functions that could be executed during unpickling. Arbitrary objects will no longer be allowed to be loaded via this mode unless they are explicitly allowlisted by the user via `torch.serialization.add_safe_globals`. We recommend you start setting `weights_only=True` for any use case where you don't have full control of the loaded file. Please open an issue on GitHub for any issues related to this experimental feature.
  state_dict = torch.load(cached_file)
2026-05-03 18:57:26,553 - INFO     - krStream     : face embeddings loaded, found 1000 embeddings
2026-05-03 18:57:26,553 - INFO     - krStream     : started
2026-05-03 18:57:26,561 - INFO     - imgStream    : mix mode ratio=0.1 seed=1 -> 90 clean / 10 attack
2026-05-03 18:57:26,561 - INFO     - imgStream    : started
2026-05-03 18:57:26,788 - INFO     - odStream     : OD model loaded, model_id = 0
2026-05-03 18:57:26,788 - INFO     - odStream     : started
2026-05-03 18:57:26,978 - INFO     - img2od: 2 | od2fr: 0 | od2lpr: 0 | od2cap: 0 | fr2kr: 0 | lpr2kr: 0 | cap2udp: 0 | kr2udp: 0 | 
/home/lxt230026/EfficiencyAttack/traffic/cmpnt/c4_lpr.py:145: FutureWarning: You are using `torch.load` with `weights_only=False` (the current default value), which uses the default pickle module implicitly. It is possible to construct malicious pickle data which will execute arbitrary code during unpickling (See https://github.com/pytorch/pytorch/blob/main/SECURITY.md#untrusted-models for more details). In a future release, the default value for `weights_only` will be flipped to `True`. This limits the functions that could be executed during unpickling. Arbitrary objects will no longer be allowed to be loaded via this mode unless they are explicitly allowlisted by the user via `torch.serialization.add_safe_globals`. We recommend you start setting `weights_only=True` for any use case where you don't have full control of the loaded file. Please open an issue on GitHub for any issues related to this experimental feature.
  self.checkpoint = torch.load(self.model_id, map_location='cpu')
2026-05-03 18:57:27,788 - INFO     - frStream     : FR model loaded, model_id = vggface2
2026-05-03 18:57:27,788 - INFO     - frStream     : started
2026-05-03 18:57:27,797 - INFO     - udpStream    : LM model loaded, model_id = gpt2
2026-05-03 18:57:27,797 - INFO     - udpStream    : started
2026-05-03 18:57:27,821 - INFO     - capStream    : CAP model loaded, model_id = microsoft/git-base
2026-05-03 18:57:27,821 - INFO     - capStream    : started
2026-05-03 18:57:27,979 - INFO     - img2od: 7 | od2fr: 0 | od2lpr: 0 | od2cap: 0 | fr2kr: 0 | lpr2kr: 0 | cap2udp: 0 | kr2udp: 0 | 
2026-05-03 18:57:28,980 - INFO     - img2od: 8 | od2fr: 0 | od2lpr: 0 | od2cap: 1 | fr2kr: 1 | lpr2kr: 0 | cap2udp: 0 | kr2udp: 0 | 
2026-05-03 18:57:29,383 - INFO     - Using custom providers: ['CPUExecutionProvider']
2026-05-03 18:57:29,383 - INFO     - Skipping download of 'argentinian-plates-cnn-model' model, already exists at /home/lxt230026/.cache/fast-plate-ocr/argentinian-plates-cnn-model
2026-05-03 18:57:29,397 - INFO     - lprStream    : LPR model loaded, model_id = model_v2.pth
2026-05-03 18:57:29,397 - INFO     - lprStream    : started
2026-05-03 18:57:29,981 - INFO     - img2od: 9 | od2fr: 69 | od2lpr: 0 | od2cap: 1 | fr2kr: 2 | lpr2kr: 0 | cap2udp: 2 | kr2udp: 0 | 
2026-05-03 18:57:30,982 - INFO     - img2od: 10 | od2fr: 67 | od2lpr: 956 | od2cap: 0 | fr2kr: 4 | lpr2kr: 4 | cap2udp: 0 | kr2udp: 1 | 
2026-05-03 18:57:31,983 - INFO     - img2od: 12 | od2fr: 99 | od2lpr: 937 | od2cap: 1 | fr2kr: 8 | lpr2kr: 29 | cap2udp: 0 | kr2udp: 1 | 
2026-05-03 18:57:32,984 - INFO     - img2od: 13 | od2fr: 136 | od2lpr: 908 | od2cap: 0 | fr2kr: 11 | lpr2kr: 61 | cap2udp: 0 | kr2udp: 1 | 
2026-05-03 18:57:33,985 - INFO     - img2od: 13 | od2fr: 137 | od2lpr: 878 | od2cap: 0 | fr2kr: 14 | lpr2kr: 95 | cap2udp: 0 | kr2udp: 1 | 
2026-05-03 18:57:34,986 - INFO     - img2od: 14 | od2fr: 132 | od2lpr: 842 | od2cap: 0 | fr2kr: 17 | lpr2kr: 129 | cap2udp: 0 | kr2udp: 1 | 
2026-05-03 18:57:35,987 - INFO     - img2od: 14 | od2fr: 136 | od2lpr: 802 | od2cap: 0 | fr2kr: 21 | lpr2kr: 168 | cap2udp: 0 | kr2udp: 1 | 
2026-05-03 18:57:36,988 - INFO     - img2od: 14 | od2fr: 130 | od2lpr: 767 | od2cap: 0 | fr2kr: 24 | lpr2kr: 202 | cap2udp: 0 | kr2udp: 1 | 
2026-05-03 18:57:37,989 - INFO     - img2od: 15 | od2fr: 157 | od2lpr: 726 | od2cap: 0 | fr2kr: 28 | lpr2kr: 240 | cap2udp: 0 | kr2udp: 1 | 
2026-05-03 18:57:38,990 - INFO     - img2od: 17 | od2fr: 153 | od2lpr: 698 | od2cap: 0 | fr2kr: 31 | lpr2kr: 267 | cap2udp: 0 | kr2udp: 0 | 
2026-05-03 18:57:39,991 - INFO     - img2od: 18 | od2fr: 187 | od2lpr: 657 | od2cap: 0 | fr2kr: 34 | lpr2kr: 307 | cap2udp: 0 | kr2udp: 1 | 
2026-05-03 18:57:40,992 - INFO     - img2od: 19 | od2fr: 224 | od2lpr: 636 | od2cap: 0 | fr2kr: 37 | lpr2kr: 338 | cap2udp: 0 | kr2udp: 1 | 
2026-05-03 18:57:41,993 - INFO     - img2od: 20 | od2fr: 248 | od2lpr: 599 | od2cap: 0 | fr2kr: 39 | lpr2kr: 376 | cap2udp: 0 | kr2udp: 1 | 
2026-05-03 18:57:42,994 - INFO     - img2od: 21 | od2fr: 249 | od2lpr: 999 | od2cap: 0 | fr2kr: 42 | lpr2kr: 417 | cap2udp: 0 | kr2udp: 0 | 
2026-05-03 18:57:43,995 - INFO     - img2od: 24 | od2fr: 245 | od2lpr: 1000 | od2cap: 0 | fr2kr: 44 | lpr2kr: 468 | cap2udp: 0 | kr2udp: 0 | 
2026-05-03 18:57:44,996 - INFO     - img2od: 29 | od2fr: 241 | od2lpr: 1000 | od2cap: 0 | fr2kr: 46 | lpr2kr: 527 | cap2udp: 0 | kr2udp: 1 | 
2026-05-03 18:57:45,997 - INFO     - img2od: 33 | od2fr: 236 | od2lpr: 1000 | od2cap: 0 | fr2kr: 50 | lpr2kr: 578 | cap2udp: 0 | kr2udp: 1 | 
2026-05-03 18:57:46,998 - INFO     - img2od: 38 | od2fr: 232 | od2lpr: 1000 | od2cap: 0 | fr2kr: 52 | lpr2kr: 635 | cap2udp: 0 | kr2udp: 1 | 
2026-05-03 18:57:47,999 - INFO     - img2od: 42 | od2fr: 227 | od2lpr: 999 | od2cap: 0 | fr2kr: 55 | lpr2kr: 683 | cap2udp: 0 | kr2udp: 0 | 
2026-05-03 18:57:49,000 - INFO     - img2od: 46 | od2fr: 221 | od2lpr: 999 | od2cap: 0 | fr2kr: 59 | lpr2kr: 739 | cap2udp: 0 | kr2udp: 0 | 
2026-05-03 18:57:49,411 - INFO     - imgStream    : completed, sending END signal
2026-05-03 18:57:49,411 - INFO     - imgStream    : shutdown
2026-05-03 18:57:49,749 - INFO     - imgStream    : shutdown successful
2026-05-03 18:57:50,001 - INFO     - img2od: 48 | od2fr: 215 | od2lpr: 1000 | od2cap: 0 | fr2kr: 64 | lpr2kr: 790 | cap2udp: 0 | kr2udp: 1 | 
2026-05-03 18:57:51,002 - INFO     - img2od: 48 | od2fr: 211 | od2lpr: 1000 | od2cap: 0 | fr2kr: 66 | lpr2kr: 850 | cap2udp: 0 | kr2udp: 1 | 
2026-05-03 18:57:52,003 - INFO     - img2od: 47 | od2fr: 207 | od2lpr: 1000 | od2cap: 0 | fr2kr: 69 | lpr2kr: 903 | cap2udp: 0 | kr2udp: 1 | 
2026-05-03 18:57:53,004 - INFO     - img2od: 47 | od2fr: 202 | od2lpr: 1000 | od2cap: 0 | fr2kr: 72 | lpr2kr: 943 | cap2udp: 0 | kr2udp: 0 | 
2026-05-03 18:57:54,005 - INFO     - img2od: 47 | od2fr: 198 | od2lpr: 999 | od2cap: 0 | fr2kr: 74 | lpr2kr: 988 | cap2udp: 0 | kr2udp: 0 | 
2026-05-03 18:57:55,006 - INFO     - img2od: 47 | od2fr: 193 | od2lpr: 1000 | od2cap: 0 | fr2kr: 77 | lpr2kr: 1000 | cap2udp: 0 | kr2udp: 1 | 
2026-05-03 18:57:56,007 - INFO     - img2od: 47 | od2fr: 187 | od2lpr: 1000 | od2cap: 0 | fr2kr: 81 | lpr2kr: 1000 | cap2udp: 0 | kr2udp: 0 | 
2026-05-03 18:57:57,008 - INFO     - img2od: 47 | od2fr: 182 | od2lpr: 1000 | od2cap: 0 | fr2kr: 84 | lpr2kr: 1000 | cap2udp: 0 | kr2udp: 0 | 
2026-05-03 18:57:58,009 - INFO     - img2od: 47 | od2fr: 176 | od2lpr: 1000 | od2cap: 0 | fr2kr: 88 | lpr2kr: 1000 | cap2udp: 0 | kr2udp: 1 | 
2026-05-03 18:57:59,010 - INFO     - img2od: 47 | od2fr: 171 | od2lpr: 1000 | od2cap: 0 | fr2kr: 91 | lpr2kr: 1000 | cap2udp: 0 | kr2udp: 0 | 
2026-05-03 18:58:00,011 - INFO     - img2od: 47 | od2fr: 166 | od2lpr: 1000 | od2cap: 0 | fr2kr: 94 | lpr2kr: 1000 | cap2udp: 0 | kr2udp: 0 | 
2026-05-03 18:58:01,012 - INFO     - img2od: 47 | od2fr: 160 | od2lpr: 1000 | od2cap: 0 | fr2kr: 98 | lpr2kr: 1000 | cap2udp: 0 | kr2udp: 1 | 
2026-05-03 18:58:02,013 - INFO     - img2od: 47 | od2fr: 154 | od2lpr: 1000 | od2cap: 0 | fr2kr: 102 | lpr2kr: 1000 | cap2udp: 0 | kr2udp: 1 | 
2026-05-03 18:58:03,014 - INFO     - img2od: 47 | od2fr: 148 | od2lpr: 1000 | od2cap: 0 | fr2kr: 104 | lpr2kr: 1000 | cap2udp: 0 | kr2udp: 1 | 
2026-05-03 18:58:04,015 - INFO     - img2od: 47 | od2fr: 143 | od2lpr: 1000 | od2cap: 0 | fr2kr: 108 | lpr2kr: 1000 | cap2udp: 0 | kr2udp: 1 | 
2026-05-03 18:58:05,016 - INFO     - img2od: 47 | od2fr: 137 | od2lpr: 1000 | od2cap: 0 | fr2kr: 112 | lpr2kr: 1000 | cap2udp: 0 | kr2udp: 1 | 
2026-05-03 18:58:06,017 - INFO     - img2od: 47 | od2fr: 131 | od2lpr: 1000 | od2cap: 0 | fr2kr: 116 | lpr2kr: 1000 | cap2udp: 0 | kr2udp: 1 | 
2026-05-03 18:58:07,018 - INFO     - img2od: 47 | od2fr: 125 | od2lpr: 1000 | od2cap: 0 | fr2kr: 119 | lpr2kr: 1000 | cap2udp: 0 | kr2udp: 1 | 
2026-05-03 18:58:08,019 - INFO     - img2od: 47 | od2fr: 120 | od2lpr: 1000 | od2cap: 0 | fr2kr: 122 | lpr2kr: 1000 | cap2udp: 0 | kr2udp: 0 | 
2026-05-03 18:58:09,020 - INFO     - img2od: 47 | od2fr: 114 | od2lpr: 1000 | od2cap: 0 | fr2kr: 126 | lpr2kr: 1000 | cap2udp: 0 | kr2udp: 0 | 
2026-05-03 18:58:10,021 - INFO     - img2od: 47 | od2fr: 109 | od2lpr: 1000 | od2cap: 0 | fr2kr: 129 | lpr2kr: 1000 | cap2udp: 0 | kr2udp: 0 | 
2026-05-03 18:58:11,022 - INFO     - img2od: 47 | od2fr: 104 | od2lpr: 1000 | od2cap: 0 | fr2kr: 132 | lpr2kr: 1000 | cap2udp: 0 | kr2udp: 0 | 
2026-05-03 18:58:12,023 - INFO     - img2od: 47 | od2fr: 99 | od2lpr: 1000 | od2cap: 0 | fr2kr: 135 | lpr2kr: 1000 | cap2udp: 0 | kr2udp: 1 | 
2026-05-03 18:58:13,024 - INFO     - img2od: 47 | od2fr: 94 | od2lpr: 1000 | od2cap: 0 | fr2kr: 138 | lpr2kr: 1000 | cap2udp: 0 | kr2udp: 1 | 
2026-05-03 18:58:14,025 - INFO     - img2od: 47 | od2fr: 89 | od2lpr: 1000 | od2cap: 0 | fr2kr: 141 | lpr2kr: 1000 | cap2udp: 0 | kr2udp: 0 | 
2026-05-03 18:58:15,026 - INFO     - img2od: 47 | od2fr: 84 | od2lpr: 1000 | od2cap: 0 | fr2kr: 144 | lpr2kr: 1000 | cap2udp: 0 | kr2udp: 1 | 
2026-05-03 18:58:16,027 - INFO     - img2od: 47 | od2fr: 79 | od2lpr: 1000 | od2cap: 0 | fr2kr: 147 | lpr2kr: 1000 | cap2udp: 0 | kr2udp: 0 | 
2026-05-03 18:58:17,028 - INFO     - img2od: 47 | od2fr: 74 | od2lpr: 1000 | od2cap: 0 | fr2kr: 150 | lpr2kr: 1000 | cap2udp: 0 | kr2udp: 1 | 
2026-05-03 18:58:18,029 - INFO     - img2od: 47 | od2fr: 69 | od2lpr: 1000 | od2cap: 0 | fr2kr: 153 | lpr2kr: 1000 | cap2udp: 0 | kr2udp: 1 | 
2026-05-03 18:58:19,030 - INFO     - img2od: 47 | od2fr: 63 | od2lpr: 1000 | od2cap: 0 | fr2kr: 157 | lpr2kr: 1000 | cap2udp: 0 | kr2udp: 1 | 
2026-05-03 18:58:20,031 - INFO     - img2od: 47 | od2fr: 58 | od2lpr: 1000 | od2cap: 0 | fr2kr: 159 | lpr2kr: 1000 | cap2udp: 0 | kr2udp: 1 | 
2026-05-03 18:58:21,032 - INFO     - img2od: 47 | od2fr: 53 | od2lpr: 1000 | od2cap: 0 | fr2kr: 163 | lpr2kr: 1000 | cap2udp: 0 | kr2udp: 1 | 
2026-05-03 18:58:22,033 - INFO     - img2od: 47 | od2fr: 48 | od2lpr: 1000 | od2cap: 0 | fr2kr: 165 | lpr2kr: 1000 | cap2udp: 0 | kr2udp: 1 | 
2026-05-03 18:58:23,034 - INFO     - img2od: 47 | od2fr: 43 | od2lpr: 1000 | od2cap: 0 | fr2kr: 168 | lpr2kr: 1000 | cap2udp: 0 | kr2udp: 0 | 
2026-05-03 18:58:24,035 - INFO     - img2od: 47 | od2fr: 38 | od2lpr: 1000 | od2cap: 0 | fr2kr: 171 | lpr2kr: 1000 | cap2udp: 0 | kr2udp: 1 | 
2026-05-03 18:58:25,036 - INFO     - img2od: 47 | od2fr: 33 | od2lpr: 1000 | od2cap: 0 | fr2kr: 174 | lpr2kr: 1000 | cap2udp: 0 | kr2udp: 1 | 
2026-05-03 18:58:26,037 - INFO     - img2od: 47 | od2fr: 28 | od2lpr: 1000 | od2cap: 0 | fr2kr: 177 | lpr2kr: 1000 | cap2udp: 0 | kr2udp: 1 | 
2026-05-03 18:58:27,038 - INFO     - img2od: 47 | od2fr: 23 | od2lpr: 1000 | od2cap: 0 | fr2kr: 180 | lpr2kr: 1000 | cap2udp: 0 | kr2udp: 0 | 
2026-05-03 18:58:28,039 - INFO     - img2od: 47 | od2fr: 18 | od2lpr: 1000 | od2cap: 0 | fr2kr: 183 | lpr2kr: 1000 | cap2udp: 0 | kr2udp: 0 | 
2026-05-03 18:58:29,040 - INFO     - img2od: 47 | od2fr: 13 | od2lpr: 1000 | od2cap: 0 | fr2kr: 186 | lpr2kr: 1000 | cap2udp: 0 | kr2udp: 1 | 
2026-05-03 18:58:30,041 - INFO     - img2od: 47 | od2fr: 7 | od2lpr: 1000 | od2cap: 0 | fr2kr: 190 | lpr2kr: 1000 | cap2udp: 0 | kr2udp: 1 | 
2026-05-03 18:58:31,042 - INFO     - img2od: 47 | od2fr: 2 | od2lpr: 1000 | od2cap: 0 | fr2kr: 193 | lpr2kr: 1000 | cap2udp: 0 | kr2udp: 1 | 
2026-05-03 18:58:32,043 - INFO     - img2od: 47 | od2fr: 0 | od2lpr: 1000 | od2cap: 0 | fr2kr: 192 | lpr2kr: 1000 | cap2udp: 0 | kr2udp: 1 | 
2026-05-03 18:58:33,044 - INFO     - img2od: 47 | od2fr: 0 | od2lpr: 1000 | od2cap: 0 | fr2kr: 191 | lpr2kr: 1000 | cap2udp: 0 | kr2udp: 1 | 
2026-05-03 18:58:34,045 - INFO     - img2od: 47 | od2fr: 0 | od2lpr: 1000 | od2cap: 0 | fr2kr: 189 | lpr2kr: 1000 | cap2udp: 0 | kr2udp: 1 | 
2026-05-03 18:58:35,046 - INFO     - img2od: 47 | od2fr: 0 | od2lpr: 1000 | od2cap: 0 | fr2kr: 187 | lpr2kr: 1000 | cap2udp: 0 | kr2udp: 1 | 
2026-05-03 18:58:36,047 - INFO     - img2od: 47 | od2fr: 0 | od2lpr: 1000 | od2cap: 0 | fr2kr: 184 | lpr2kr: 1000 | cap2udp: 0 | kr2udp: 1 | 
2026-05-03 18:58:37,048 - INFO     - img2od: 47 | od2fr: 0 | od2lpr: 1000 | od2cap: 0 | fr2kr: 182 | lpr2kr: 1000 | cap2udp: 0 | kr2udp: 1 | 
2026-05-03 18:58:38,049 - INFO     - img2od: 47 | od2fr: 0 | od2lpr: 1000 | od2cap: 0 | fr2kr: 180 | lpr2kr: 1000 | cap2udp: 0 | kr2udp: 0 | 
2026-05-03 18:58:39,050 - INFO     - img2od: 47 | od2fr: 0 | od2lpr: 1000 | od2cap: 0 | fr2kr: 178 | lpr2kr: 1000 | cap2udp: 0 | kr2udp: 0 | 
2026-05-03 18:58:40,051 - INFO     - img2od: 47 | od2fr: 0 | od2lpr: 1000 | od2cap: 0 | fr2kr: 176 | lpr2kr: 1000 | cap2udp: 0 | kr2udp: 1 | 
2026-05-03 18:58:41,052 - INFO     - img2od: 47 | od2fr: 0 | od2lpr: 1000 | od2cap: 0 | fr2kr: 174 | lpr2kr: 1000 | cap2udp: 0 | kr2udp: 1 | 
2026-05-03 18:58:42,053 - INFO     - img2od: 47 | od2fr: 0 | od2lpr: 1000 | od2cap: 0 | fr2kr: 172 | lpr2kr: 1000 | cap2udp: 0 | kr2udp: 1 | 
2026-05-03 18:58:43,054 - INFO     - img2od: 47 | od2fr: 0 | od2lpr: 1000 | od2cap: 0 | fr2kr: 170 | lpr2kr: 1000 | cap2udp: 0 | kr2udp: 0 | 
2026-05-03 18:58:44,055 - INFO     - img2od: 47 | od2fr: 0 | od2lpr: 1000 | od2cap: 0 | fr2kr: 168 | lpr2kr: 1000 | cap2udp: 0 | kr2udp: 0 | 
2026-05-03 18:58:45,056 - INFO     - img2od: 47 | od2fr: 0 | od2lpr: 1000 | od2cap: 0 | fr2kr: 166 | lpr2kr: 1000 | cap2udp: 0 | kr2udp: 1 | 
2026-05-03 18:58:46,057 - INFO     - img2od: 47 | od2fr: 0 | od2lpr: 1000 | od2cap: 0 | fr2kr: 164 | lpr2kr: 1000 | cap2udp: 0 | kr2udp: 1 | 
2026-05-03 18:58:47,058 - INFO     - img2od: 47 | od2fr: 0 | od2lpr: 1000 | od2cap: 0 | fr2kr: 161 | lpr2kr: 1000 | cap2udp: 0 | kr2udp: 1 | 
2026-05-03 18:58:48,059 - INFO     - img2od: 47 | od2fr: 0 | od2lpr: 1000 | od2cap: 0 | fr2kr: 159 | lpr2kr: 1000 | cap2udp: 0 | kr2udp: 1 | 
2026-05-03 18:58:49,060 - INFO     - img2od: 47 | od2fr: 0 | od2lpr: 1000 | od2cap: 0 | fr2kr: 157 | lpr2kr: 1000 | cap2udp: 0 | kr2udp: 1 | 
2026-05-03 18:58:50,061 - INFO     - img2od: 47 | od2fr: 0 | od2lpr: 1000 | od2cap: 0 | fr2kr: 155 | lpr2kr: 1000 | cap2udp: 0 | kr2udp: 1 | 
2026-05-03 18:58:51,062 - INFO     - img2od: 47 | od2fr: 0 | od2lpr: 1000 | od2cap: 0 | fr2kr: 153 | lpr2kr: 1000 | cap2udp: 0 | kr2udp: 1 | 
2026-05-03 18:58:52,063 - INFO     - img2od: 47 | od2fr: 0 | od2lpr: 1000 | od2cap: 0 | fr2kr: 151 | lpr2kr: 1000 | cap2udp: 0 | kr2udp: 0 | 
2026-05-03 18:58:53,064 - INFO     - img2od: 47 | od2fr: 0 | od2lpr: 1000 | od2cap: 0 | fr2kr: 149 | lpr2kr: 1000 | cap2udp: 0 | kr2udp: 1 | 
2026-05-03 18:58:54,065 - INFO     - img2od: 47 | od2fr: 0 | od2lpr: 1000 | od2cap: 0 | fr2kr: 147 | lpr2kr: 1000 | cap2udp: 0 | kr2udp: 1 | 
2026-05-03 18:58:55,066 - INFO     - img2od: 47 | od2fr: 0 | od2lpr: 1000 | od2cap: 0 | fr2kr: 145 | lpr2kr: 1000 | cap2udp: 0 | kr2udp: 0 | 
2026-05-03 18:58:56,067 - INFO     - img2od: 47 | od2fr: 0 | od2lpr: 1000 | od2cap: 0 | fr2kr: 143 | lpr2kr: 1000 | cap2udp: 0 | kr2udp: 1 | 
2026-05-03 18:58:57,068 - INFO     - img2od: 47 | od2fr: 0 | od2lpr: 1000 | od2cap: 0 | fr2kr: 141 | lpr2kr: 1000 | cap2udp: 0 | kr2udp: 2 | 
2026-05-03 18:58:58,069 - INFO     - img2od: 47 | od2fr: 0 | od2lpr: 1000 | od2cap: 0 | fr2kr: 139 | lpr2kr: 1000 | cap2udp: 0 | kr2udp: 1 | 
2026-05-03 18:58:59,070 - INFO     - img2od: 47 | od2fr: 0 | od2lpr: 1000 | od2cap: 0 | fr2kr: 136 | lpr2kr: 1000 | cap2udp: 0 | kr2udp: 0 | 
2026-05-03 18:59:00,071 - INFO     - img2od: 47 | od2fr: 0 | od2lpr: 1000 | od2cap: 0 | fr2kr: 134 | lpr2kr: 1000 | cap2udp: 0 | kr2udp: 1 | 
2026-05-03 18:59:01,072 - INFO     - img2od: 47 | od2fr: 0 | od2lpr: 1000 | od2cap: 0 | fr2kr: 132 | lpr2kr: 1000 | cap2udp: 0 | kr2udp: 0 | 
2026-05-03 18:59:02,073 - INFO     - img2od: 47 | od2fr: 0 | od2lpr: 1000 | od2cap: 0 | fr2kr: 130 | lpr2kr: 1000 | cap2udp: 0 | kr2udp: 0 | 
2026-05-03 18:59:03,074 - INFO     - img2od: 47 | od2fr: 0 | od2lpr: 1000 | od2cap: 0 | fr2kr: 128 | lpr2kr: 1000 | cap2udp: 0 | kr2udp: 0 | 
2026-05-03 18:59:04,075 - INFO     - img2od: 47 | od2fr: 0 | od2lpr: 999 | od2cap: 0 | fr2kr: 126 | lpr2kr: 1000 | cap2udp: 0 | kr2udp: 0 | 
2026-05-03 18:59:05,076 - INFO     - img2od: 47 | od2fr: 0 | od2lpr: 1000 | od2cap: 0 | fr2kr: 124 | lpr2kr: 1000 | cap2udp: 0 | kr2udp: 1 | 
2026-05-03 18:59:06,077 - INFO     - img2od: 47 | od2fr: 0 | od2lpr: 1000 | od2cap: 0 | fr2kr: 121 | lpr2kr: 1000 | cap2udp: 0 | kr2udp: 0 | 
2026-05-03 18:59:07,078 - INFO     - img2od: 47 | od2fr: 0 | od2lpr: 1000 | od2cap: 0 | fr2kr: 119 | lpr2kr: 1000 | cap2udp: 0 | kr2udp: 1 | 
2026-05-03 18:59:08,079 - INFO     - img2od: 47 | od2fr: 0 | od2lpr: 1000 | od2cap: 0 | fr2kr: 116 | lpr2kr: 1000 | cap2udp: 0 | kr2udp: 1 | 
2026-05-03 18:59:09,080 - INFO     - img2od: 47 | od2fr: 0 | od2lpr: 1000 | od2cap: 0 | fr2kr: 114 | lpr2kr: 1000 | cap2udp: 0 | kr2udp: 0 | 
2026-05-03 18:59:10,081 - INFO     - img2od: 47 | od2fr: 0 | od2lpr: 1000 | od2cap: 0 | fr2kr: 112 | lpr2kr: 1000 | cap2udp: 0 | kr2udp: 1 | 
2026-05-03 18:59:11,082 - INFO     - img2od: 47 | od2fr: 0 | od2lpr: 1000 | od2cap: 0 | fr2kr: 109 | lpr2kr: 1000 | cap2udp: 0 | kr2udp: 0 | 
2026-05-03 18:59:12,083 - INFO     - img2od: 47 | od2fr: 0 | od2lpr: 1000 | od2cap: 0 | fr2kr: 107 | lpr2kr: 1000 | cap2udp: 0 | kr2udp: 1 | 
2026-05-03 18:59:13,084 - INFO     - img2od: 47 | od2fr: 0 | od2lpr: 1000 | od2cap: 0 | fr2kr: 104 | lpr2kr: 1000 | cap2udp: 0 | kr2udp: 1 | 
2026-05-03 18:59:14,085 - INFO     - img2od: 47 | od2fr: 0 | od2lpr: 1000 | od2cap: 0 | fr2kr: 102 | lpr2kr: 1000 | cap2udp: 0 | kr2udp: 1 | 
2026-05-03 18:59:15,086 - INFO     - img2od: 47 | od2fr: 0 | od2lpr: 1000 | od2cap: 0 | fr2kr: 100 | lpr2kr: 1000 | cap2udp: 0 | kr2udp: 0 | 
2026-05-03 18:59:16,087 - INFO     - img2od: 47 | od2fr: 0 | od2lpr: 1000 | od2cap: 0 | fr2kr: 98 | lpr2kr: 1000 | cap2udp: 0 | kr2udp: 1 | 
2026-05-03 18:59:17,088 - INFO     - img2od: 47 | od2fr: 0 | od2lpr: 1000 | od2cap: 0 | fr2kr: 96 | lpr2kr: 1000 | cap2udp: 0 | kr2udp: 1 | 
2026-05-03 18:59:18,089 - INFO     - img2od: 47 | od2fr: 0 | od2lpr: 1000 | od2cap: 0 | fr2kr: 94 | lpr2kr: 1000 | cap2udp: 0 | kr2udp: 1 | 
2026-05-03 18:59:19,090 - INFO     - img2od: 47 | od2fr: 0 | od2lpr: 1000 | od2cap: 0 | fr2kr: 91 | lpr2kr: 1000 | cap2udp: 0 | kr2udp: 1 | 
2026-05-03 18:59:20,091 - INFO     - img2od: 47 | od2fr: 0 | od2lpr: 1000 | od2cap: 0 | fr2kr: 89 | lpr2kr: 1000 | cap2udp: 0 | kr2udp: 0 | 
2026-05-03 18:59:21,092 - INFO     - img2od: 47 | od2fr: 0 | od2lpr: 1000 | od2cap: 0 | fr2kr: 87 | lpr2kr: 1000 | cap2udp: 0 | kr2udp: 1 | 
2026-05-03 18:59:22,093 - INFO     - img2od: 47 | od2fr: 0 | od2lpr: 1000 | od2cap: 0 | fr2kr: 85 | lpr2kr: 1000 | cap2udp: 0 | kr2udp: 1 | 
2026-05-03 18:59:23,094 - INFO     - img2od: 47 | od2fr: 0 | od2lpr: 1000 | od2cap: 0 | fr2kr: 83 | lpr2kr: 1000 | cap2udp: 0 | kr2udp: 1 | 
2026-05-03 18:59:24,095 - INFO     - img2od: 47 | od2fr: 0 | od2lpr: 1000 | od2cap: 0 | fr2kr: 81 | lpr2kr: 1000 | cap2udp: 0 | kr2udp: 1 | 
2026-05-03 18:59:25,096 - INFO     - img2od: 47 | od2fr: 0 | od2lpr: 1000 | od2cap: 0 | fr2kr: 79 | lpr2kr: 1000 | cap2udp: 0 | kr2udp: 1 | 
2026-05-03 18:59:26,097 - INFO     - img2od: 47 | od2fr: 0 | od2lpr: 1000 | od2cap: 0 | fr2kr: 77 | lpr2kr: 1000 | cap2udp: 0 | kr2udp: 0 | 
2026-05-03 18:59:27,098 - INFO     - img2od: 47 | od2fr: 0 | od2lpr: 1000 | od2cap: 0 | fr2kr: 75 | lpr2kr: 1000 | cap2udp: 0 | kr2udp: 0 | 
2026-05-03 18:59:28,099 - INFO     - img2od: 47 | od2fr: 0 | od2lpr: 1000 | od2cap: 0 | fr2kr: 72 | lpr2kr: 1000 | cap2udp: 0 | kr2udp: 2 | 
2026-05-03 18:59:29,100 - INFO     - img2od: 47 | od2fr: 0 | od2lpr: 1000 | od2cap: 0 | fr2kr: 70 | lpr2kr: 1000 | cap2udp: 0 | kr2udp: 0 | 
2026-05-03 18:59:30,101 - INFO     - img2od: 47 | od2fr: 0 | od2lpr: 1000 | od2cap: 0 | fr2kr: 67 | lpr2kr: 1000 | cap2udp: 0 | kr2udp: 1 | 
2026-05-03 18:59:31,102 - INFO     - img2od: 47 | od2fr: 0 | od2lpr: 1000 | od2cap: 0 | fr2kr: 65 | lpr2kr: 1000 | cap2udp: 0 | kr2udp: 0 | 
2026-05-03 18:59:32,103 - INFO     - img2od: 47 | od2fr: 0 | od2lpr: 1000 | od2cap: 0 | fr2kr: 62 | lpr2kr: 1000 | cap2udp: 0 | kr2udp: 1 | 
2026-05-03 18:59:33,104 - INFO     - img2od: 47 | od2fr: 0 | od2lpr: 1000 | od2cap: 0 | fr2kr: 60 | lpr2kr: 1000 | cap2udp: 0 | kr2udp: 1 | 
2026-05-03 18:59:34,105 - INFO     - img2od: 47 | od2fr: 0 | od2lpr: 1000 | od2cap: 0 | fr2kr: 58 | lpr2kr: 1000 | cap2udp: 0 | kr2udp: 1 | 
2026-05-03 18:59:35,106 - INFO     - img2od: 47 | od2fr: 0 | od2lpr: 1000 | od2cap: 0 | fr2kr: 56 | lpr2kr: 1000 | cap2udp: 0 | kr2udp: 1 | 
2026-05-03 18:59:36,107 - INFO     - img2od: 47 | od2fr: 0 | od2lpr: 1000 | od2cap: 0 | fr2kr: 54 | lpr2kr: 1000 | cap2udp: 0 | kr2udp: 1 | 
2026-05-03 18:59:37,108 - INFO     - img2od: 47 | od2fr: 0 | od2lpr: 1000 | od2cap: 0 | fr2kr: 51 | lpr2kr: 1000 | cap2udp: 0 | kr2udp: 1 | 
2026-05-03 18:59:38,109 - INFO     - img2od: 47 | od2fr: 0 | od2lpr: 1000 | od2cap: 0 | fr2kr: 49 | lpr2kr: 1000 | cap2udp: 0 | kr2udp: 1 | 
2026-05-03 18:59:39,110 - INFO     - img2od: 47 | od2fr: 0 | od2lpr: 1000 | od2cap: 0 | fr2kr: 47 | lpr2kr: 1000 | cap2udp: 0 | kr2udp: 0 | 
2026-05-03 18:59:40,111 - INFO     - img2od: 47 | od2fr: 0 | od2lpr: 1000 | od2cap: 0 | fr2kr: 45 | lpr2kr: 1000 | cap2udp: 0 | kr2udp: 1 | 
2026-05-03 18:59:41,112 - INFO     - img2od: 47 | od2fr: 0 | od2lpr: 1000 | od2cap: 0 | fr2kr: 43 | lpr2kr: 1000 | cap2udp: 0 | kr2udp: 1 | 
2026-05-03 18:59:42,113 - INFO     - img2od: 47 | od2fr: 0 | od2lpr: 1000 | od2cap: 0 | fr2kr: 41 | lpr2kr: 1000 | cap2udp: 0 | kr2udp: 0 | 
2026-05-03 18:59:43,114 - INFO     - img2od: 47 | od2fr: 0 | od2lpr: 1000 | od2cap: 0 | fr2kr: 39 | lpr2kr: 1000 | cap2udp: 0 | kr2udp: 1 | 
2026-05-03 18:59:44,115 - INFO     - img2od: 47 | od2fr: 0 | od2lpr: 1000 | od2cap: 0 | fr2kr: 37 | lpr2kr: 1000 | cap2udp: 0 | kr2udp: 0 | 
2026-05-03 18:59:45,116 - INFO     - img2od: 47 | od2fr: 0 | od2lpr: 1000 | od2cap: 0 | fr2kr: 35 | lpr2kr: 1000 | cap2udp: 0 | kr2udp: 0 | 
2026-05-03 18:59:46,117 - INFO     - img2od: 47 | od2fr: 0 | od2lpr: 1000 | od2cap: 0 | fr2kr: 33 | lpr2kr: 1000 | cap2udp: 0 | kr2udp: 2 | 
2026-05-03 18:59:47,118 - INFO     - img2od: 47 | od2fr: 0 | od2lpr: 1000 | od2cap: 0 | fr2kr: 30 | lpr2kr: 999 | cap2udp: 0 | kr2udp: 1 | 
2026-05-03 18:59:48,119 - INFO     - img2od: 47 | od2fr: 0 | od2lpr: 1000 | od2cap: 0 | fr2kr: 28 | lpr2kr: 1000 | cap2udp: 0 | kr2udp: 1 | 
2026-05-03 18:59:49,120 - INFO     - img2od: 47 | od2fr: 0 | od2lpr: 1000 | od2cap: 0 | fr2kr: 25 | lpr2kr: 1000 | cap2udp: 0 | kr2udp: 1 | 
2026-05-03 18:59:50,121 - INFO     - img2od: 47 | od2fr: 0 | od2lpr: 1000 | od2cap: 0 | fr2kr: 23 | lpr2kr: 1000 | cap2udp: 0 | kr2udp: 0 | 
2026-05-03 18:59:51,122 - INFO     - img2od: 47 | od2fr: 0 | od2lpr: 1000 | od2cap: 0 | fr2kr: 21 | lpr2kr: 1000 | cap2udp: 0 | kr2udp: 1 | 
2026-05-03 18:59:52,123 - INFO     - img2od: 47 | od2fr: 0 | od2lpr: 1000 | od2cap: 0 | fr2kr: 18 | lpr2kr: 1000 | cap2udp: 0 | kr2udp: 0 | 
2026-05-03 18:59:53,124 - INFO     - img2od: 47 | od2fr: 0 | od2lpr: 1000 | od2cap: 0 | fr2kr: 16 | lpr2kr: 1000 | cap2udp: 0 | kr2udp: 1 | 
2026-05-03 18:59:54,125 - INFO     - img2od: 47 | od2fr: 0 | od2lpr: 1000 | od2cap: 0 | fr2kr: 14 | lpr2kr: 1000 | cap2udp: 0 | kr2udp: 1 | 
2026-05-03 18:59:55,126 - INFO     - img2od: 47 | od2fr: 0 | od2lpr: 1000 | od2cap: 0 | fr2kr: 11 | lpr2kr: 1000 | cap2udp: 0 | kr2udp: 0 | 
2026-05-03 18:59:56,127 - INFO     - img2od: 47 | od2fr: 0 | od2lpr: 1000 | od2cap: 0 | fr2kr: 9 | lpr2kr: 1000 | cap2udp: 0 | kr2udp: 0 | 
2026-05-03 18:59:57,128 - INFO     - img2od: 47 | od2fr: 0 | od2lpr: 1000 | od2cap: 0 | fr2kr: 7 | lpr2kr: 1000 | cap2udp: 0 | kr2udp: 1 | 
2026-05-03 18:59:58,129 - INFO     - img2od: 47 | od2fr: 0 | od2lpr: 1000 | od2cap: 0 | fr2kr: 5 | lpr2kr: 1000 | cap2udp: 0 | kr2udp: 1 | 
2026-05-03 18:59:59,130 - INFO     - img2od: 47 | od2fr: 0 | od2lpr: 1000 | od2cap: 0 | fr2kr: 2 | lpr2kr: 1000 | cap2udp: 0 | kr2udp: 1 | 
2026-05-03 19:00:00,131 - INFO     - img2od: 47 | od2fr: 0 | od2lpr: 1000 | od2cap: 0 | fr2kr: 0 | lpr2kr: 1000 | cap2udp: 0 | kr2udp: 0 | 
2026-05-03 19:00:01,132 - INFO     - img2od: 47 | od2fr: 0 | od2lpr: 1000 | od2cap: 0 | fr2kr: 0 | lpr2kr: 1000 | cap2udp: 0 | kr2udp: 1 | 
2026-05-03 19:00:02,133 - INFO     - img2od: 47 | od2fr: 0 | od2lpr: 1000 | od2cap: 0 | fr2kr: 0 | lpr2kr: 1000 | cap2udp: 0 | kr2udp: 1 | 
2026-05-03 19:00:03,134 - INFO     - img2od: 47 | od2fr: 0 | od2lpr: 1000 | od2cap: 0 | fr2kr: 0 | lpr2kr: 1000 | cap2udp: 0 | kr2udp: 1 | 
2026-05-03 19:00:04,135 - INFO     - img2od: 47 | od2fr: 0 | od2lpr: 1000 | od2cap: 0 | fr2kr: 0 | lpr2kr: 1000 | cap2udp: 0 | kr2udp: 1 | 
2026-05-03 19:00:05,136 - INFO     - img2od: 47 | od2fr: 0 | od2lpr: 1000 | od2cap: 0 | fr2kr: 0 | lpr2kr: 1000 | cap2udp: 0 | kr2udp: 1 | 
2026-05-03 19:00:06,137 - INFO     - img2od: 47 | od2fr: 0 | od2lpr: 1000 | od2cap: 0 | fr2kr: 0 | lpr2kr: 1000 | cap2udp: 0 | kr2udp: 1 | 
2026-05-03 19:00:07,138 - INFO     - img2od: 47 | od2fr: 0 | od2lpr: 1000 | od2cap: 0 | fr2kr: 0 | lpr2kr: 1000 | cap2udp: 0 | kr2udp: 1 | 
2026-05-03 19:00:08,139 - INFO     - img2od: 47 | od2fr: 0 | od2lpr: 1000 | od2cap: 0 | fr2kr: 0 | lpr2kr: 1000 | cap2udp: 0 | kr2udp: 1 | 
2026-05-03 19:00:09,140 - INFO     - img2od: 47 | od2fr: 0 | od2lpr: 1000 | od2cap: 0 | fr2kr: 0 | lpr2kr: 1000 | cap2udp: 0 | kr2udp: 0 | 
2026-05-03 19:00:10,141 - INFO     - img2od: 47 | od2fr: 0 | od2lpr: 1000 | od2cap: 0 | fr2kr: 0 | lpr2kr: 1000 | cap2udp: 0 | kr2udp: 1 | 
2026-05-03 19:00:11,142 - INFO     - img2od: 47 | od2fr: 0 | od2lpr: 1000 | od2cap: 0 | fr2kr: 0 | lpr2kr: 1000 | cap2udp: 0 | kr2udp: 1 | 
2026-05-03 19:00:12,143 - INFO     - img2od: 47 | od2fr: 0 | od2lpr: 1000 | od2cap: 0 | fr2kr: 0 | lpr2kr: 1000 | cap2udp: 0 | kr2udp: 1 | 
2026-05-03 19:00:13,144 - INFO     - img2od: 47 | od2fr: 0 | od2lpr: 1000 | od2cap: 0 | fr2kr: 0 | lpr2kr: 1000 | cap2udp: 0 | kr2udp: 1 | 
2026-05-03 19:00:14,145 - INFO     - img2od: 47 | od2fr: 0 | od2lpr: 1000 | od2cap: 0 | fr2kr: 0 | lpr2kr: 1000 | cap2udp: 0 | kr2udp: 1 | 
2026-05-03 19:00:15,146 - INFO     - img2od: 47 | od2fr: 0 | od2lpr: 1000 | od2cap: 0 | fr2kr: 0 | lpr2kr: 1000 | cap2udp: 0 | kr2udp: 1 | 
2026-05-03 19:00:16,147 - INFO     - img2od: 47 | od2fr: 0 | od2lpr: 1000 | od2cap: 0 | fr2kr: 0 | lpr2kr: 1000 | cap2udp: 0 | kr2udp: 1 | 
2026-05-03 19:00:17,148 - INFO     - img2od: 47 | od2fr: 0 | od2lpr: 1000 | od2cap: 0 | fr2kr: 0 | lpr2kr: 1000 | cap2udp: 0 | kr2udp: 1 | 
2026-05-03 19:00:18,149 - INFO     - img2od: 47 | od2fr: 0 | od2lpr: 1000 | od2cap: 0 | fr2kr: 0 | lpr2kr: 1000 | cap2udp: 0 | kr2udp: 1 | 
2026-05-03 19:00:19,150 - INFO     - img2od: 47 | od2fr: 0 | od2lpr: 1000 | od2cap: 0 | fr2kr: 0 | lpr2kr: 1000 | cap2udp: 0 | kr2udp: 0 | 
2026-05-03 19:00:20,151 - INFO     - img2od: 47 | od2fr: 0 | od2lpr: 1000 | od2cap: 0 | fr2kr: 0 | lpr2kr: 1000 | cap2udp: 0 | kr2udp: 0 | 
2026-05-03 19:00:21,152 - INFO     - img2od: 47 | od2fr: 0 | od2lpr: 1000 | od2cap: 0 | fr2kr: 0 | lpr2kr: 1000 | cap2udp: 0 | kr2udp: 1 | 
2026-05-03 19:00:22,153 - INFO     - img2od: 47 | od2fr: 0 | od2lpr: 1000 | od2cap: 0 | fr2kr: 0 | lpr2kr: 1000 | cap2udp: 0 | kr2udp: 1 | 
2026-05-03 19:00:23,154 - INFO     - img2od: 47 | od2fr: 0 | od2lpr: 1000 | od2cap: 0 | fr2kr: 0 | lpr2kr: 1000 | cap2udp: 0 | kr2udp: 0 | 
2026-05-03 19:00:24,155 - INFO     - img2od: 47 | od2fr: 0 | od2lpr: 1000 | od2cap: 0 | fr2kr: 0 | lpr2kr: 1000 | cap2udp: 0 | kr2udp: 1 | 
2026-05-03 19:00:25,156 - INFO     - img2od: 47 | od2fr: 0 | od2lpr: 1000 | od2cap: 0 | fr2kr: 0 | lpr2kr: 1000 | cap2udp: 0 | kr2udp: 0 | 
2026-05-03 19:00:26,157 - INFO     - img2od: 47 | od2fr: 0 | od2lpr: 1000 | od2cap: 0 | fr2kr: 0 | lpr2kr: 1000 | cap2udp: 0 | kr2udp: 1 | 
2026-05-03 19:00:27,158 - INFO     - img2od: 47 | od2fr: 0 | od2lpr: 1000 | od2cap: 0 | fr2kr: 0 | lpr2kr: 1000 | cap2udp: 0 | kr2udp: 1 | 
2026-05-03 19:00:28,159 - INFO     - img2od: 47 | od2fr: 0 | od2lpr: 1000 | od2cap: 0 | fr2kr: 0 | lpr2kr: 1000 | cap2udp: 0 | kr2udp: 1 | 
2026-05-03 19:00:29,160 - INFO     - img2od: 47 | od2fr: 0 | od2lpr: 1000 | od2cap: 0 | fr2kr: 0 | lpr2kr: 1000 | cap2udp: 0 | kr2udp: 1 | 
2026-05-03 19:00:30,161 - INFO     - img2od: 47 | od2fr: 0 | od2lpr: 1000 | od2cap: 0 | fr2kr: 0 | lpr2kr: 1000 | cap2udp: 0 | kr2udp: 1 | 
2026-05-03 19:00:31,162 - INFO     - img2od: 47 | od2fr: 0 | od2lpr: 1000 | od2cap: 0 | fr2kr: 0 | lpr2kr: 1000 | cap2udp: 0 | kr2udp: 0 | 
2026-05-03 19:00:32,163 - INFO     - img2od: 47 | od2fr: 0 | od2lpr: 1000 | od2cap: 0 | fr2kr: 0 | lpr2kr: 1000 | cap2udp: 0 | kr2udp: 1 | 
2026-05-03 19:00:33,164 - INFO     - img2od: 47 | od2fr: 0 | od2lpr: 1000 | od2cap: 0 | fr2kr: 0 | lpr2kr: 1000 | cap2udp: 0 | kr2udp: 1 | 
2026-05-03 19:00:34,165 - INFO     - img2od: 47 | od2fr: 0 | od2lpr: 1000 | od2cap: 0 | fr2kr: 0 | lpr2kr: 1000 | cap2udp: 0 | kr2udp: 1 | 
2026-05-03 19:00:35,166 - INFO     - img2od: 47 | od2fr: 0 | od2lpr: 1000 | od2cap: 0 | fr2kr: 0 | lpr2kr: 1000 | cap2udp: 0 | kr2udp: 0 | 
2026-05-03 19:00:36,167 - INFO     - img2od: 47 | od2fr: 0 | od2lpr: 1000 | od2cap: 0 | fr2kr: 0 | lpr2kr: 1000 | cap2udp: 0 | kr2udp: 1 | 
2026-05-03 19:00:37,168 - INFO     - img2od: 47 | od2fr: 0 | od2lpr: 1000 | od2cap: 0 | fr2kr: 0 | lpr2kr: 1000 | cap2udp: 0 | kr2udp: 0 | 
2026-05-03 19:00:38,169 - INFO     - img2od: 47 | od2fr: 0 | od2lpr: 1000 | od2cap: 0 | fr2kr: 0 | lpr2kr: 1000 | cap2udp: 0 | kr2udp: 1 | 
2026-05-03 19:00:39,170 - INFO     - img2od: 47 | od2fr: 0 | od2lpr: 1000 | od2cap: 0 | fr2kr: 0 | lpr2kr: 1000 | cap2udp: 0 | kr2udp: 0 | 
2026-05-03 19:00:40,171 - INFO     - img2od: 47 | od2fr: 0 | od2lpr: 1000 | od2cap: 0 | fr2kr: 0 | lpr2kr: 1000 | cap2udp: 0 | kr2udp: 1 | 
2026-05-03 19:00:41,172 - INFO     - img2od: 47 | od2fr: 0 | od2lpr: 1000 | od2cap: 0 | fr2kr: 0 | lpr2kr: 1000 | cap2udp: 0 | kr2udp: 1 | 
2026-05-03 19:00:42,173 - INFO     - img2od: 47 | od2fr: 0 | od2lpr: 1000 | od2cap: 0 | fr2kr: 0 | lpr2kr: 1000 | cap2udp: 0 | kr2udp: 1 | 
2026-05-03 19:00:43,174 - INFO     - img2od: 47 | od2fr: 0 | od2lpr: 1000 | od2cap: 0 | fr2kr: 0 | lpr2kr: 1000 | cap2udp: 0 | kr2udp: 1 | 
2026-05-03 19:00:44,175 - INFO     - img2od: 47 | od2fr: 0 | od2lpr: 1000 | od2cap: 0 | fr2kr: 0 | lpr2kr: 1000 | cap2udp: 0 | kr2udp: 1 | 
2026-05-03 19:00:45,176 - INFO     - img2od: 47 | od2fr: 0 | od2lpr: 1000 | od2cap: 0 | fr2kr: 0 | lpr2kr: 1000 | cap2udp: 0 | kr2udp: 0 | 
2026-05-03 19:00:46,177 - INFO     - img2od: 47 | od2fr: 0 | od2lpr: 1000 | od2cap: 0 | fr2kr: 0 | lpr2kr: 1000 | cap2udp: 0 | kr2udp: 0 | 
2026-05-03 19:00:47,178 - INFO     - img2od: 47 | od2fr: 0 | od2lpr: 1000 | od2cap: 0 | fr2kr: 0 | lpr2kr: 1000 | cap2udp: 0 | kr2udp: 1 | 
2026-05-03 19:00:48,179 - INFO     - img2od: 47 | od2fr: 0 | od2lpr: 1000 | od2cap: 0 | fr2kr: 0 | lpr2kr: 1000 | cap2udp: 0 | kr2udp: 0 | 
2026-05-03 19:00:49,180 - INFO     - img2od: 47 | od2fr: 0 | od2lpr: 1000 | od2cap: 0 | fr2kr: 0 | lpr2kr: 1000 | cap2udp: 0 | kr2udp: 1 | 
2026-05-03 19:00:50,181 - INFO     - img2od: 47 | od2fr: 0 | od2lpr: 1000 | od2cap: 0 | fr2kr: 0 | lpr2kr: 1000 | cap2udp: 0 | kr2udp: 0 | 
2026-05-03 19:00:51,182 - INFO     - img2od: 47 | od2fr: 0 | od2lpr: 1000 | od2cap: 0 | fr2kr: 0 | lpr2kr: 1000 | cap2udp: 0 | kr2udp: 1 | 
2026-05-03 19:00:52,183 - INFO     - img2od: 47 | od2fr: 0 | od2lpr: 1000 | od2cap: 0 | fr2kr: 0 | lpr2kr: 1000 | cap2udp: 0 | kr2udp: 1 | 
2026-05-03 19:00:53,184 - INFO     - img2od: 47 | od2fr: 0 | od2lpr: 1000 | od2cap: 0 | fr2kr: 0 | lpr2kr: 1000 | cap2udp: 0 | kr2udp: 0 | 
2026-05-03 19:00:54,185 - INFO     - img2od: 47 | od2fr: 0 | od2lpr: 1000 | od2cap: 0 | fr2kr: 0 | lpr2kr: 1000 | cap2udp: 0 | kr2udp: 0 | 
2026-05-03 19:00:55,186 - INFO     - img2od: 47 | od2fr: 0 | od2lpr: 1000 | od2cap: 0 | fr2kr: 0 | lpr2kr: 1000 | cap2udp: 0 | kr2udp: 1 | 
2026-05-03 19:00:56,187 - INFO     - img2od: 47 | od2fr: 0 | od2lpr: 1000 | od2cap: 0 | fr2kr: 0 | lpr2kr: 1000 | cap2udp: 0 | kr2udp: 1 | 
2026-05-03 19:00:57,188 - INFO     - img2od: 47 | od2fr: 0 | od2lpr: 1000 | od2cap: 0 | fr2kr: 0 | lpr2kr: 1000 | cap2udp: 0 | kr2udp: 0 | 
2026-05-03 19:00:58,189 - INFO     - img2od: 47 | od2fr: 0 | od2lpr: 999 | od2cap: 0 | fr2kr: 0 | lpr2kr: 1000 | cap2udp: 0 | kr2udp: 1 | 
2026-05-03 19:00:59,190 - INFO     - img2od: 47 | od2fr: 0 | od2lpr: 1000 | od2cap: 0 | fr2kr: 0 | lpr2kr: 1000 | cap2udp: 0 | kr2udp: 1 | 
2026-05-03 19:01:00,191 - INFO     - img2od: 47 | od2fr: 0 | od2lpr: 1000 | od2cap: 0 | fr2kr: 0 | lpr2kr: 1000 | cap2udp: 0 | kr2udp: 1 | 
2026-05-03 19:01:01,192 - INFO     - img2od: 47 | od2fr: 0 | od2lpr: 1000 | od2cap: 0 | fr2kr: 0 | lpr2kr: 1000 | cap2udp: 0 | kr2udp: 1 | 
2026-05-03 19:01:02,193 - INFO     - img2od: 47 | od2fr: 0 | od2lpr: 1000 | od2cap: 0 | fr2kr: 0 | lpr2kr: 1000 | cap2udp: 0 | kr2udp: 1 | 
2026-05-03 19:01:03,194 - INFO     - img2od: 47 | od2fr: 0 | od2lpr: 1000 | od2cap: 0 | fr2kr: 0 | lpr2kr: 1000 | cap2udp: 0 | kr2udp: 1 | 
2026-05-03 19:01:04,195 - INFO     - img2od: 47 | od2fr: 0 | od2lpr: 1000 | od2cap: 0 | fr2kr: 0 | lpr2kr: 1000 | cap2udp: 0 | kr2udp: 0 | 
2026-05-03 19:01:05,196 - INFO     - img2od: 47 | od2fr: 0 | od2lpr: 1000 | od2cap: 0 | fr2kr: 0 | lpr2kr: 1000 | cap2udp: 0 | kr2udp: 1 | 
2026-05-03 19:01:06,197 - INFO     - img2od: 47 | od2fr: 0 | od2lpr: 1000 | od2cap: 0 | fr2kr: 0 | lpr2kr: 1000 | cap2udp: 0 | kr2udp: 0 | 
2026-05-03 19:01:07,198 - INFO     - img2od: 47 | od2fr: 0 | od2lpr: 1000 | od2cap: 0 | fr2kr: 0 | lpr2kr: 1000 | cap2udp: 0 | kr2udp: 1 | 
2026-05-03 19:01:08,199 - INFO     - img2od: 47 | od2fr: 0 | od2lpr: 1000 | od2cap: 0 | fr2kr: 0 | lpr2kr: 1000 | cap2udp: 0 | kr2udp: 1 | 
2026-05-03 19:01:09,200 - INFO     - img2od: 47 | od2fr: 0 | od2lpr: 1000 | od2cap: 0 | fr2kr: 0 | lpr2kr: 1000 | cap2udp: 0 | kr2udp: 1 | 
2026-05-03 19:01:10,201 - INFO     - img2od: 47 | od2fr: 0 | od2lpr: 1000 | od2cap: 0 | fr2kr: 0 | lpr2kr: 1000 | cap2udp: 0 | kr2udp: 1 | 
2026-05-03 19:01:11,202 - INFO     - img2od: 47 | od2fr: 0 | od2lpr: 1000 | od2cap: 0 | fr2kr: 0 | lpr2kr: 1000 | cap2udp: 0 | kr2udp: 1 | 
2026-05-03 19:01:12,203 - INFO     - img2od: 47 | od2fr: 0 | od2lpr: 1000 | od2cap: 0 | fr2kr: 0 | lpr2kr: 1000 | cap2udp: 0 | kr2udp: 1 | 
2026-05-03 19:01:13,204 - INFO     - img2od: 47 | od2fr: 0 | od2lpr: 1000 | od2cap: 0 | fr2kr: 0 | lpr2kr: 1000 | cap2udp: 0 | kr2udp: 1 | 
2026-05-03 19:01:14,205 - INFO     - img2od: 47 | od2fr: 0 | od2lpr: 999 | od2cap: 0 | fr2kr: 0 | lpr2kr: 1000 | cap2udp: 0 | kr2udp: 1 | 
2026-05-03 19:01:15,206 - INFO     - img2od: 47 | od2fr: 0 | od2lpr: 1000 | od2cap: 0 | fr2kr: 0 | lpr2kr: 1000 | cap2udp: 0 | kr2udp: 1 | 
2026-05-03 19:01:16,207 - INFO     - img2od: 47 | od2fr: 0 | od2lpr: 1000 | od2cap: 0 | fr2kr: 0 | lpr2kr: 1000 | cap2udp: 0 | kr2udp: 1 | 
2026-05-03 19:01:17,208 - INFO     - img2od: 47 | od2fr: 0 | od2lpr: 1000 | od2cap: 0 | fr2kr: 0 | lpr2kr: 1000 | cap2udp: 0 | kr2udp: 1 | 
2026-05-03 19:01:18,209 - INFO     - img2od: 47 | od2fr: 0 | od2lpr: 1000 | od2cap: 0 | fr2kr: 0 | lpr2kr: 999 | cap2udp: 0 | kr2udp: 1 | 
2026-05-03 19:01:19,210 - INFO     - img2od: 47 | od2fr: 0 | od2lpr: 1000 | od2cap: 0 | fr2kr: 0 | lpr2kr: 999 | cap2udp: 0 | kr2udp: 1 | 
2026-05-03 19:01:20,211 - INFO     - img2od: 47 | od2fr: 0 | od2lpr: 1000 | od2cap: 0 | fr2kr: 0 | lpr2kr: 1000 | cap2udp: 0 | kr2udp: 1 | 
2026-05-03 19:01:21,212 - INFO     - img2od: 47 | od2fr: 0 | od2lpr: 1000 | od2cap: 0 | fr2kr: 0 | lpr2kr: 1000 | cap2udp: 0 | kr2udp: 0 | 
2026-05-03 19:01:22,213 - INFO     - img2od: 47 | od2fr: 0 | od2lpr: 1000 | od2cap: 0 | fr2kr: 0 | lpr2kr: 1000 | cap2udp: 0 | kr2udp: 1 | 
2026-05-03 19:01:23,214 - INFO     - img2od: 47 | od2fr: 0 | od2lpr: 1000 | od2cap: 0 | fr2kr: 0 | lpr2kr: 1000 | cap2udp: 0 | kr2udp: 0 | 
2026-05-03 19:01:24,215 - INFO     - img2od: 47 | od2fr: 0 | od2lpr: 1000 | od2cap: 0 | fr2kr: 0 | lpr2kr: 1000 | cap2udp: 0 | kr2udp: 1 | 
2026-05-03 19:01:25,216 - INFO     - img2od: 47 | od2fr: 0 | od2lpr: 1000 | od2cap: 0 | fr2kr: 0 | lpr2kr: 1000 | cap2udp: 0 | kr2udp: 0 | 
2026-05-03 19:01:26,217 - INFO     - img2od: 47 | od2fr: 0 | od2lpr: 1000 | od2cap: 0 | fr2kr: 0 | lpr2kr: 1000 | cap2udp: 0 | kr2udp: 1 | 
2026-05-03 19:01:27,218 - INFO     - img2od: 47 | od2fr: 0 | od2lpr: 1000 | od2cap: 0 | fr2kr: 0 | lpr2kr: 1000 | cap2udp: 0 | kr2udp: 1 | 
2026-05-03 19:01:28,219 - INFO     - img2od: 47 | od2fr: 0 | od2lpr: 1000 | od2cap: 0 | fr2kr: 0 | lpr2kr: 1000 | cap2udp: 0 | kr2udp: 1 | 
2026-05-03 19:01:29,220 - INFO     - img2od: 47 | od2fr: 0 | od2lpr: 1000 | od2cap: 0 | fr2kr: 0 | lpr2kr: 1000 | cap2udp: 0 | kr2udp: 1 | 
2026-05-03 19:01:30,221 - INFO     - img2od: 47 | od2fr: 0 | od2lpr: 1000 | od2cap: 0 | fr2kr: 0 | lpr2kr: 1000 | cap2udp: 0 | kr2udp: 0 | 
2026-05-03 19:01:31,222 - INFO     - img2od: 47 | od2fr: 0 | od2lpr: 1000 | od2cap: 0 | fr2kr: 0 | lpr2kr: 1000 | cap2udp: 0 | kr2udp: 0 | 
2026-05-03 19:01:32,223 - INFO     - img2od: 47 | od2fr: 0 | od2lpr: 1000 | od2cap: 0 | fr2kr: 0 | lpr2kr: 1000 | cap2udp: 0 | kr2udp: 1 | 
2026-05-03 19:01:33,224 - INFO     - img2od: 47 | od2fr: 0 | od2lpr: 1000 | od2cap: 0 | fr2kr: 0 | lpr2kr: 1000 | cap2udp: 0 | kr2udp: 1 | 
2026-05-03 19:01:34,225 - INFO     - img2od: 47 | od2fr: 0 | od2lpr: 1000 | od2cap: 0 | fr2kr: 0 | lpr2kr: 1000 | cap2udp: 0 | kr2udp: 1 | 
2026-05-03 19:01:35,226 - INFO     - img2od: 47 | od2fr: 0 | od2lpr: 1000 | od2cap: 0 | fr2kr: 0 | lpr2kr: 1000 | cap2udp: 0 | kr2udp: 1 | 
2026-05-03 19:01:36,227 - INFO     - img2od: 47 | od2fr: 0 | od2lpr: 1000 | od2cap: 0 | fr2kr: 0 | lpr2kr: 1000 | cap2udp: 0 | kr2udp: 1 | 
2026-05-03 19:01:37,228 - INFO     - img2od: 47 | od2fr: 0 | od2lpr: 1000 | od2cap: 0 | fr2kr: 0 | lpr2kr: 1000 | cap2udp: 0 | kr2udp: 1 | 
2026-05-03 19:01:38,229 - INFO     - img2od: 47 | od2fr: 0 | od2lpr: 1000 | od2cap: 0 | fr2kr: 0 | lpr2kr: 1000 | cap2udp: 0 | kr2udp: 1 | 
2026-05-03 19:01:39,230 - INFO     - img2od: 47 | od2fr: 0 | od2lpr: 1000 | od2cap: 0 | fr2kr: 0 | lpr2kr: 1000 | cap2udp: 0 | kr2udp: 1 | 
2026-05-03 19:01:40,231 - INFO     - img2od: 47 | od2fr: 0 | od2lpr: 1000 | od2cap: 0 | fr2kr: 0 | lpr2kr: 1000 | cap2udp: 0 | kr2udp: 0 | 
2026-05-03 19:01:41,232 - INFO     - img2od: 47 | od2fr: 0 | od2lpr: 1000 | od2cap: 0 | fr2kr: 0 | lpr2kr: 1000 | cap2udp: 0 | kr2udp: 1 | 
2026-05-03 19:01:42,233 - INFO     - img2od: 47 | od2fr: 0 | od2lpr: 1000 | od2cap: 0 | fr2kr: 0 | lpr2kr: 1000 | cap2udp: 0 | kr2udp: 0 | 
2026-05-03 19:01:43,234 - INFO     - img2od: 47 | od2fr: 0 | od2lpr: 1000 | od2cap: 0 | fr2kr: 0 | lpr2kr: 1000 | cap2udp: 0 | kr2udp: 1 | 
2026-05-03 19:01:44,235 - INFO     - img2od: 47 | od2fr: 0 | od2lpr: 1000 | od2cap: 0 | fr2kr: 0 | lpr2kr: 1000 | cap2udp: 0 | kr2udp: 0 | 
2026-05-03 19:01:45,236 - INFO     - img2od: 47 | od2fr: 0 | od2lpr: 1000 | od2cap: 0 | fr2kr: 0 | lpr2kr: 1000 | cap2udp: 0 | kr2udp: 1 | 
2026-05-03 19:01:46,237 - INFO     - img2od: 47 | od2fr: 0 | od2lpr: 999 | od2cap: 0 | fr2kr: 0 | lpr2kr: 1000 | cap2udp: 0 | kr2udp: 1 | 
2026-05-03 19:01:47,238 - INFO     - img2od: 47 | od2fr: 0 | od2lpr: 1000 | od2cap: 0 | fr2kr: 0 | lpr2kr: 1000 | cap2udp: 0 | kr2udp: 1 | 
2026-05-03 19:01:48,239 - INFO     - img2od: 47 | od2fr: 0 | od2lpr: 1000 | od2cap: 0 | fr2kr: 0 | lpr2kr: 1000 | cap2udp: 0 | kr2udp: 0 | 
2026-05-03 19:01:49,240 - INFO     - img2od: 47 | od2fr: 0 | od2lpr: 1000 | od2cap: 0 | fr2kr: 0 | lpr2kr: 1000 | cap2udp: 0 | kr2udp: 1 | 
2026-05-03 19:01:50,244 - INFO     - img2od: 47 | od2fr: 0 | od2lpr: 1000 | od2cap: 0 | fr2kr: 0 | lpr2kr: 1000 | cap2udp: 0 | kr2udp: 0 | 
2026-05-03 19:01:51,246 - INFO     - img2od: 47 | od2fr: 0 | od2lpr: 1000 | od2cap: 0 | fr2kr: 0 | lpr2kr: 1000 | cap2udp: 0 | kr2udp: 0 | 
2026-05-03 19:01:52,247 - INFO     - img2od: 47 | od2fr: 0 | od2lpr: 1000 | od2cap: 0 | fr2kr: 0 | lpr2kr: 1000 | cap2udp: 0 | kr2udp: 1 | 
2026-05-03 19:01:53,248 - INFO     - img2od: 47 | od2fr: 0 | od2lpr: 1000 | od2cap: 0 | fr2kr: 0 | lpr2kr: 1000 | cap2udp: 0 | kr2udp: 0 | 
2026-05-03 19:01:54,249 - INFO     - img2od: 47 | od2fr: 0 | od2lpr: 1000 | od2cap: 0 | fr2kr: 0 | lpr2kr: 1000 | cap2udp: 0 | kr2udp: 0 | 
2026-05-03 19:01:55,250 - INFO     - img2od: 47 | od2fr: 0 | od2lpr: 1000 | od2cap: 0 | fr2kr: 0 | lpr2kr: 1000 | cap2udp: 0 | kr2udp: 1 | 
2026-05-03 19:01:56,251 - INFO     - img2od: 47 | od2fr: 0 | od2lpr: 1000 | od2cap: 0 | fr2kr: 0 | lpr2kr: 1000 | cap2udp: 0 | kr2udp: 1 | 
2026-05-03 19:01:57,252 - INFO     - img2od: 47 | od2fr: 0 | od2lpr: 999 | od2cap: 0 | fr2kr: 0 | lpr2kr: 1000 | cap2udp: 0 | kr2udp: 1 | 
2026-05-03 19:01:58,253 - INFO     - img2od: 47 | od2fr: 0 | od2lpr: 1000 | od2cap: 0 | fr2kr: 0 | lpr2kr: 1000 | cap2udp: 0 | kr2udp: 1 | 
2026-05-03 19:01:59,254 - INFO     - img2od: 47 | od2fr: 0 | od2lpr: 1000 | od2cap: 0 | fr2kr: 0 | lpr2kr: 1000 | cap2udp: 0 | kr2udp: 1 | 
2026-05-03 19:02:00,255 - INFO     - img2od: 47 | od2fr: 0 | od2lpr: 1000 | od2cap: 0 | fr2kr: 0 | lpr2kr: 1000 | cap2udp: 0 | kr2udp: 1 | 
2026-05-03 19:02:01,256 - INFO     - img2od: 47 | od2fr: 0 | od2lpr: 1000 | od2cap: 0 | fr2kr: 0 | lpr2kr: 1000 | cap2udp: 0 | kr2udp: 1 | 
2026-05-03 19:02:02,257 - INFO     - img2od: 47 | od2fr: 0 | od2lpr: 1000 | od2cap: 0 | fr2kr: 0 | lpr2kr: 1000 | cap2udp: 0 | kr2udp: 1 | 
2026-05-03 19:02:03,258 - INFO     - img2od: 47 | od2fr: 0 | od2lpr: 1000 | od2cap: 0 | fr2kr: 0 | lpr2kr: 1000 | cap2udp: 0 | kr2udp: 1 | 
2026-05-03 19:02:04,259 - INFO     - img2od: 47 | od2fr: 0 | od2lpr: 1000 | od2cap: 0 | fr2kr: 0 | lpr2kr: 1000 | cap2udp: 0 | kr2udp: 1 | 
2026-05-03 19:02:05,260 - INFO     - img2od: 47 | od2fr: 0 | od2lpr: 1000 | od2cap: 0 | fr2kr: 0 | lpr2kr: 1000 | cap2udp: 0 | kr2udp: 1 | 
2026-05-03 19:02:06,261 - INFO     - img2od: 47 | od2fr: 0 | od2lpr: 1000 | od2cap: 0 | fr2kr: 0 | lpr2kr: 1000 | cap2udp: 0 | kr2udp: 1 | 
2026-05-03 19:02:07,262 - INFO     - img2od: 47 | od2fr: 0 | od2lpr: 1000 | od2cap: 0 | fr2kr: 0 | lpr2kr: 1000 | cap2udp: 0 | kr2udp: 1 | 
2026-05-03 19:02:08,263 - INFO     - img2od: 47 | od2fr: 0 | od2lpr: 1000 | od2cap: 0 | fr2kr: 0 | lpr2kr: 1000 | cap2udp: 0 | kr2udp: 1 | 
2026-05-03 19:02:09,264 - INFO     - img2od: 47 | od2fr: 0 | od2lpr: 1000 | od2cap: 0 | fr2kr: 0 | lpr2kr: 1000 | cap2udp: 0 | kr2udp: 0 | 
2026-05-03 19:02:10,265 - INFO     - img2od: 47 | od2fr: 0 | od2lpr: 1000 | od2cap: 0 | fr2kr: 0 | lpr2kr: 1000 | cap2udp: 0 | kr2udp: 1 | 
2026-05-03 19:02:11,266 - INFO     - img2od: 47 | od2fr: 0 | od2lpr: 1000 | od2cap: 0 | fr2kr: 0 | lpr2kr: 1000 | cap2udp: 0 | kr2udp: 1 | 
2026-05-03 19:02:12,267 - INFO     - img2od: 47 | od2fr: 0 | od2lpr: 1000 | od2cap: 0 | fr2kr: 0 | lpr2kr: 1000 | cap2udp: 0 | kr2udp: 0 | 
2026-05-03 19:02:13,268 - INFO     - img2od: 47 | od2fr: 0 | od2lpr: 1000 | od2cap: 0 | fr2kr: 0 | lpr2kr: 1000 | cap2udp: 0 | kr2udp: 1 | 
2026-05-03 19:02:14,269 - INFO     - img2od: 47 | od2fr: 0 | od2lpr: 1000 | od2cap: 0 | fr2kr: 0 | lpr2kr: 1000 | cap2udp: 0 | kr2udp: 1 | 
2026-05-03 19:02:15,270 - INFO     - img2od: 47 | od2fr: 0 | od2lpr: 1000 | od2cap: 0 | fr2kr: 0 | lpr2kr: 1000 | cap2udp: 0 | kr2udp: 1 | 
2026-05-03 19:02:16,272 - INFO     - img2od: 47 | od2fr: 0 | od2lpr: 1000 | od2cap: 0 | fr2kr: 0 | lpr2kr: 1000 | cap2udp: 0 | kr2udp: 1 | 
2026-05-03 19:02:17,273 - INFO     - img2od: 47 | od2fr: 0 | od2lpr: 1000 | od2cap: 0 | fr2kr: 0 | lpr2kr: 1000 | cap2udp: 0 | kr2udp: 1 | 
2026-05-03 19:02:18,274 - INFO     - img2od: 47 | od2fr: 0 | od2lpr: 1000 | od2cap: 0 | fr2kr: 0 | lpr2kr: 1000 | cap2udp: 0 | kr2udp: 0 | 
2026-05-03 19:02:19,275 - INFO     - img2od: 47 | od2fr: 0 | od2lpr: 1000 | od2cap: 0 | fr2kr: 0 | lpr2kr: 1000 | cap2udp: 0 | kr2udp: 0 | 
2026-05-03 19:02:20,276 - INFO     - img2od: 47 | od2fr: 0 | od2lpr: 1000 | od2cap: 0 | fr2kr: 0 | lpr2kr: 1000 | cap2udp: 0 | kr2udp: 1 | 
2026-05-03 19:02:21,277 - INFO     - img2od: 47 | od2fr: 0 | od2lpr: 1000 | od2cap: 0 | fr2kr: 0 | lpr2kr: 1000 | cap2udp: 0 | kr2udp: 1 | 
2026-05-03 19:02:22,278 - INFO     - img2od: 47 | od2fr: 0 | od2lpr: 1000 | od2cap: 0 | fr2kr: 0 | lpr2kr: 1000 | cap2udp: 0 | kr2udp: 1 | 
2026-05-03 19:02:23,279 - INFO     - img2od: 47 | od2fr: 0 | od2lpr: 1000 | od2cap: 0 | fr2kr: 0 | lpr2kr: 1000 | cap2udp: 0 | kr2udp: 1 | 
2026-05-03 19:02:24,280 - INFO     - img2od: 47 | od2fr: 0 | od2lpr: 1000 | od2cap: 0 | fr2kr: 0 | lpr2kr: 1000 | cap2udp: 0 | kr2udp: 1 | 
2026-05-03 19:02:25,281 - INFO     - img2od: 47 | od2fr: 0 | od2lpr: 1000 | od2cap: 0 | fr2kr: 0 | lpr2kr: 1000 | cap2udp: 0 | kr2udp: 0 | 
2026-05-03 19:02:26,282 - INFO     - img2od: 47 | od2fr: 0 | od2lpr: 1000 | od2cap: 0 | fr2kr: 0 | lpr2kr: 1000 | cap2udp: 0 | kr2udp: 0 | 
2026-05-03 19:02:27,283 - INFO     - img2od: 47 | od2fr: 0 | od2lpr: 1000 | od2cap: 0 | fr2kr: 0 | lpr2kr: 1000 | cap2udp: 0 | kr2udp: 1 | 
2026-05-03 19:02:28,284 - INFO     - img2od: 46 | od2fr: 0 | od2lpr: 999 | od2cap: 0 | fr2kr: 0 | lpr2kr: 1000 | cap2udp: 0 | kr2udp: 1 | 
2026-05-03 19:02:29,285 - INFO     - img2od: 46 | od2fr: 0 | od2lpr: 1000 | od2cap: 0 | fr2kr: 0 | lpr2kr: 1000 | cap2udp: 0 | kr2udp: 1 | 
2026-05-03 19:02:30,286 - INFO     - img2od: 45 | od2fr: 0 | od2lpr: 1000 | od2cap: 0 | fr2kr: 0 | lpr2kr: 1000 | cap2udp: 0 | kr2udp: 1 | 
2026-05-03 19:02:31,287 - INFO     - img2od: 45 | od2fr: 0 | od2lpr: 1000 | od2cap: 0 | fr2kr: 0 | lpr2kr: 1000 | cap2udp: 0 | kr2udp: 1 | 
2026-05-03 19:02:32,288 - INFO     - img2od: 45 | od2fr: 0 | od2lpr: 1000 | od2cap: 0 | fr2kr: 0 | lpr2kr: 1000 | cap2udp: 0 | kr2udp: 1 | 
2026-05-03 19:02:33,289 - INFO     - img2od: 45 | od2fr: 0 | od2lpr: 1000 | od2cap: 0 | fr2kr: 0 | lpr2kr: 1000 | cap2udp: 0 | kr2udp: 0 | 
2026-05-03 19:02:34,290 - INFO     - img2od: 45 | od2fr: 0 | od2lpr: 1000 | od2cap: 0 | fr2kr: 0 | lpr2kr: 1000 | cap2udp: 0 | kr2udp: 1 | 
2026-05-03 19:02:35,291 - INFO     - img2od: 45 | od2fr: 0 | od2lpr: 1000 | od2cap: 0 | fr2kr: 0 | lpr2kr: 1000 | cap2udp: 0 | kr2udp: 1 | 
2026-05-03 19:02:36,292 - INFO     - img2od: 45 | od2fr: 0 | od2lpr: 1000 | od2cap: 0 | fr2kr: 0 | lpr2kr: 1000 | cap2udp: 0 | kr2udp: 1 | 
2026-05-03 19:02:37,293 - INFO     - img2od: 45 | od2fr: 0 | od2lpr: 1000 | od2cap: 0 | fr2kr: 0 | lpr2kr: 1000 | cap2udp: 0 | kr2udp: 1 | 
2026-05-03 19:02:38,294 - INFO     - img2od: 45 | od2fr: 0 | od2lpr: 1000 | od2cap: 0 | fr2kr: 0 | lpr2kr: 1000 | cap2udp: 0 | kr2udp: 1 | 
2026-05-03 19:02:39,295 - INFO     - img2od: 45 | od2fr: 0 | od2lpr: 1000 | od2cap: 0 | fr2kr: 0 | lpr2kr: 1000 | cap2udp: 0 | kr2udp: 1 | 
2026-05-03 19:02:40,296 - INFO     - img2od: 45 | od2fr: 0 | od2lpr: 1000 | od2cap: 0 | fr2kr: 0 | lpr2kr: 1000 | cap2udp: 0 | kr2udp: 0 | 
2026-05-03 19:02:41,297 - INFO     - img2od: 45 | od2fr: 0 | od2lpr: 1000 | od2cap: 0 | fr2kr: 0 | lpr2kr: 1000 | cap2udp: 0 | kr2udp: 1 | 
2026-05-03 19:02:42,298 - INFO     - img2od: 45 | od2fr: 0 | od2lpr: 1000 | od2cap: 0 | fr2kr: 0 | lpr2kr: 1000 | cap2udp: 0 | kr2udp: 0 | 
2026-05-03 19:02:43,299 - INFO     - img2od: 45 | od2fr: 0 | od2lpr: 1000 | od2cap: 0 | fr2kr: 0 | lpr2kr: 1000 | cap2udp: 0 | kr2udp: 1 | 
2026-05-03 19:02:44,300 - INFO     - img2od: 45 | od2fr: 0 | od2lpr: 1000 | od2cap: 0 | fr2kr: 0 | lpr2kr: 1000 | cap2udp: 0 | kr2udp: 1 | 
2026-05-03 19:02:45,301 - INFO     - img2od: 45 | od2fr: 0 | od2lpr: 1000 | od2cap: 0 | fr2kr: 0 | lpr2kr: 1000 | cap2udp: 0 | kr2udp: 1 | 
2026-05-03 19:02:46,302 - INFO     - img2od: 45 | od2fr: 0 | od2lpr: 1000 | od2cap: 0 | fr2kr: 0 | lpr2kr: 1000 | cap2udp: 0 | kr2udp: 0 | 
2026-05-03 19:02:47,303 - INFO     - img2od: 45 | od2fr: 0 | od2lpr: 1000 | od2cap: 0 | fr2kr: 0 | lpr2kr: 1000 | cap2udp: 0 | kr2udp: 1 | 
2026-05-03 19:02:48,304 - INFO     - img2od: 45 | od2fr: 0 | od2lpr: 1000 | od2cap: 0 | fr2kr: 0 | lpr2kr: 1000 | cap2udp: 0 | kr2udp: 0 | 
2026-05-03 19:02:49,305 - INFO     - img2od: 45 | od2fr: 0 | od2lpr: 1000 | od2cap: 0 | fr2kr: 0 | lpr2kr: 1000 | cap2udp: 0 | kr2udp: 1 | 
2026-05-03 19:02:50,306 - INFO     - img2od: 45 | od2fr: 0 | od2lpr: 1000 | od2cap: 0 | fr2kr: 0 | lpr2kr: 1000 | cap2udp: 0 | kr2udp: 1 | 
2026-05-03 19:02:51,307 - INFO     - img2od: 45 | od2fr: 0 | od2lpr: 1000 | od2cap: 0 | fr2kr: 0 | lpr2kr: 1000 | cap2udp: 0 | kr2udp: 1 | 
2026-05-03 19:02:52,308 - INFO     - img2od: 45 | od2fr: 0 | od2lpr: 1000 | od2cap: 0 | fr2kr: 0 | lpr2kr: 1000 | cap2udp: 0 | kr2udp: 1 | 
2026-05-03 19:02:53,309 - INFO     - img2od: 45 | od2fr: 0 | od2lpr: 1000 | od2cap: 0 | fr2kr: 0 | lpr2kr: 1000 | cap2udp: 0 | kr2udp: 1 | 
2026-05-03 19:02:54,310 - INFO     - img2od: 45 | od2fr: 0 | od2lpr: 1000 | od2cap: 0 | fr2kr: 0 | lpr2kr: 1000 | cap2udp: 0 | kr2udp: 1 | 
2026-05-03 19:02:55,311 - INFO     - img2od: 45 | od2fr: 0 | od2lpr: 1000 | od2cap: 0 | fr2kr: 0 | lpr2kr: 1000 | cap2udp: 0 | kr2udp: 0 | 
2026-05-03 19:02:56,312 - INFO     - img2od: 45 | od2fr: 0 | od2lpr: 1000 | od2cap: 0 | fr2kr: 0 | lpr2kr: 1000 | cap2udp: 0 | kr2udp: 0 | 
2026-05-03 19:02:57,313 - INFO     - img2od: 45 | od2fr: 0 | od2lpr: 1000 | od2cap: 0 | fr2kr: 0 | lpr2kr: 1000 | cap2udp: 0 | kr2udp: 1 | 
2026-05-03 19:02:58,314 - INFO     - img2od: 45 | od2fr: 0 | od2lpr: 1000 | od2cap: 0 | fr2kr: 0 | lpr2kr: 1000 | cap2udp: 0 | kr2udp: 1 | 
2026-05-03 19:02:59,315 - INFO     - img2od: 45 | od2fr: 0 | od2lpr: 1000 | od2cap: 0 | fr2kr: 0 | lpr2kr: 999 | cap2udp: 0 | kr2udp: 1 | 
2026-05-03 19:03:00,316 - INFO     - img2od: 45 | od2fr: 0 | od2lpr: 1000 | od2cap: 0 | fr2kr: 0 | lpr2kr: 1000 | cap2udp: 0 | kr2udp: 1 | 
2026-05-03 19:03:01,317 - INFO     - img2od: 45 | od2fr: 0 | od2lpr: 1000 | od2cap: 0 | fr2kr: 0 | lpr2kr: 1000 | cap2udp: 0 | kr2udp: 1 | 
2026-05-03 19:03:02,318 - INFO     - img2od: 45 | od2fr: 0 | od2lpr: 1000 | od2cap: 0 | fr2kr: 0 | lpr2kr: 1000 | cap2udp: 0 | kr2udp: 1 | 
2026-05-03 19:03:03,319 - INFO     - img2od: 45 | od2fr: 0 | od2lpr: 1000 | od2cap: 0 | fr2kr: 0 | lpr2kr: 1000 | cap2udp: 0 | kr2udp: 1 | 
2026-05-03 19:03:04,320 - INFO     - img2od: 45 | od2fr: 0 | od2lpr: 1000 | od2cap: 0 | fr2kr: 0 | lpr2kr: 1000 | cap2udp: 0 | kr2udp: 1 | 
2026-05-03 19:03:05,321 - INFO     - img2od: 45 | od2fr: 0 | od2lpr: 1000 | od2cap: 0 | fr2kr: 0 | lpr2kr: 1000 | cap2udp: 0 | kr2udp: 0 | 
2026-05-03 19:03:06,322 - INFO     - img2od: 45 | od2fr: 0 | od2lpr: 1000 | od2cap: 0 | fr2kr: 0 | lpr2kr: 1000 | cap2udp: 0 | kr2udp: 1 | 
2026-05-03 19:03:07,323 - INFO     - img2od: 45 | od2fr: 0 | od2lpr: 1000 | od2cap: 0 | fr2kr: 0 | lpr2kr: 1000 | cap2udp: 0 | kr2udp: 0 | 
2026-05-03 19:03:08,324 - INFO     - img2od: 45 | od2fr: 0 | od2lpr: 1000 | od2cap: 0 | fr2kr: 0 | lpr2kr: 1000 | cap2udp: 0 | kr2udp: 1 | 
2026-05-03 19:03:09,325 - INFO     - img2od: 45 | od2fr: 0 | od2lpr: 1000 | od2cap: 0 | fr2kr: 0 | lpr2kr: 1000 | cap2udp: 0 | kr2udp: 1 | 
2026-05-03 19:03:10,326 - INFO     - img2od: 45 | od2fr: 0 | od2lpr: 1000 | od2cap: 0 | fr2kr: 0 | lpr2kr: 1000 | cap2udp: 0 | kr2udp: 0 | 
2026-05-03 19:03:11,327 - INFO     - img2od: 45 | od2fr: 0 | od2lpr: 1000 | od2cap: 0 | fr2kr: 0 | lpr2kr: 1000 | cap2udp: 0 | kr2udp: 1 | 
2026-05-03 19:03:12,328 - INFO     - img2od: 45 | od2fr: 0 | od2lpr: 1000 | od2cap: 0 | fr2kr: 0 | lpr2kr: 1000 | cap2udp: 0 | kr2udp: 1 | 
2026-05-03 19:03:13,329 - INFO     - img2od: 45 | od2fr: 0 | od2lpr: 1000 | od2cap: 0 | fr2kr: 0 | lpr2kr: 1000 | cap2udp: 0 | kr2udp: 1 | 
2026-05-03 19:03:14,330 - INFO     - img2od: 45 | od2fr: 0 | od2lpr: 1000 | od2cap: 0 | fr2kr: 0 | lpr2kr: 1000 | cap2udp: 0 | kr2udp: 1 | 
2026-05-03 19:03:15,331 - INFO     - img2od: 45 | od2fr: 0 | od2lpr: 999 | od2cap: 0 | fr2kr: 0 | lpr2kr: 1000 | cap2udp: 0 | kr2udp: 1 | 
2026-05-03 19:03:16,332 - INFO     - img2od: 45 | od2fr: 0 | od2lpr: 1000 | od2cap: 0 | fr2kr: 0 | lpr2kr: 1000 | cap2udp: 0 | kr2udp: 1 | 
2026-05-03 19:03:17,333 - INFO     - img2od: 45 | od2fr: 0 | od2lpr: 1000 | od2cap: 0 | fr2kr: 0 | lpr2kr: 1000 | cap2udp: 0 | kr2udp: 1 | 
2026-05-03 19:03:18,334 - INFO     - img2od: 45 | od2fr: 0 | od2lpr: 1000 | od2cap: 0 | fr2kr: 0 | lpr2kr: 1000 | cap2udp: 0 | kr2udp: 1 | 
2026-05-03 19:03:19,335 - INFO     - img2od: 45 | od2fr: 0 | od2lpr: 1000 | od2cap: 0 | fr2kr: 0 | lpr2kr: 1000 | cap2udp: 0 | kr2udp: 1 | 
2026-05-03 19:03:20,336 - INFO     - img2od: 45 | od2fr: 0 | od2lpr: 1000 | od2cap: 0 | fr2kr: 0 | lpr2kr: 1000 | cap2udp: 0 | kr2udp: 1 | 
2026-05-03 19:03:21,337 - INFO     - img2od: 45 | od2fr: 0 | od2lpr: 1000 | od2cap: 0 | fr2kr: 0 | lpr2kr: 1000 | cap2udp: 0 | kr2udp: 1 | 
2026-05-03 19:03:22,338 - INFO     - img2od: 45 | od2fr: 0 | od2lpr: 1000 | od2cap: 0 | fr2kr: 0 | lpr2kr: 1000 | cap2udp: 0 | kr2udp: 0 | 
2026-05-03 19:03:23,339 - INFO     - img2od: 45 | od2fr: 0 | od2lpr: 1000 | od2cap: 0 | fr2kr: 0 | lpr2kr: 1000 | cap2udp: 0 | kr2udp: 1 | 
2026-05-03 19:03:24,340 - INFO     - img2od: 45 | od2fr: 0 | od2lpr: 1000 | od2cap: 0 | fr2kr: 0 | lpr2kr: 1000 | cap2udp: 0 | kr2udp: 1 | 
2026-05-03 19:03:25,341 - INFO     - img2od: 45 | od2fr: 0 | od2lpr: 1000 | od2cap: 0 | fr2kr: 0 | lpr2kr: 1000 | cap2udp: 0 | kr2udp: 1 | 
2026-05-03 19:03:26,342 - INFO     - img2od: 45 | od2fr: 0 | od2lpr: 1000 | od2cap: 0 | fr2kr: 0 | lpr2kr: 1000 | cap2udp: 0 | kr2udp: 2 | 
2026-05-03 19:03:27,343 - INFO     - img2od: 45 | od2fr: 0 | od2lpr: 1000 | od2cap: 0 | fr2kr: 0 | lpr2kr: 1000 | cap2udp: 0 | kr2udp: 1 | 
2026-05-03 19:03:28,344 - INFO     - img2od: 45 | od2fr: 0 | od2lpr: 1000 | od2cap: 0 | fr2kr: 0 | lpr2kr: 1000 | cap2udp: 0 | kr2udp: 1 | 
2026-05-03 19:03:29,345 - INFO     - img2od: 45 | od2fr: 0 | od2lpr: 1000 | od2cap: 0 | fr2kr: 0 | lpr2kr: 1000 | cap2udp: 0 | kr2udp: 0 | 
2026-05-03 19:03:30,346 - INFO     - img2od: 45 | od2fr: 0 | od2lpr: 1000 | od2cap: 0 | fr2kr: 0 | lpr2kr: 1000 | cap2udp: 0 | kr2udp: 1 | 
2026-05-03 19:03:31,347 - INFO     - img2od: 45 | od2fr: 0 | od2lpr: 1000 | od2cap: 0 | fr2kr: 0 | lpr2kr: 1000 | cap2udp: 0 | kr2udp: 1 | 
2026-05-03 19:03:32,348 - INFO     - img2od: 45 | od2fr: 0 | od2lpr: 1000 | od2cap: 0 | fr2kr: 0 | lpr2kr: 1000 | cap2udp: 0 | kr2udp: 1 | 
2026-05-03 19:03:33,349 - INFO     - img2od: 45 | od2fr: 0 | od2lpr: 1000 | od2cap: 0 | fr2kr: 0 | lpr2kr: 1000 | cap2udp: 0 | kr2udp: 1 | 
2026-05-03 19:03:34,350 - INFO     - img2od: 45 | od2fr: 0 | od2lpr: 1000 | od2cap: 0 | fr2kr: 0 | lpr2kr: 1000 | cap2udp: 0 | kr2udp: 0 | 
2026-05-03 19:03:35,351 - INFO     - img2od: 45 | od2fr: 0 | od2lpr: 1000 | od2cap: 0 | fr2kr: 0 | lpr2kr: 1000 | cap2udp: 0 | kr2udp: 1 | 
2026-05-03 19:03:36,352 - INFO     - img2od: 45 | od2fr: 0 | od2lpr: 1000 | od2cap: 0 | fr2kr: 0 | lpr2kr: 1000 | cap2udp: 0 | kr2udp: 1 | 
2026-05-03 19:03:37,353 - INFO     - img2od: 45 | od2fr: 0 | od2lpr: 1000 | od2cap: 0 | fr2kr: 0 | lpr2kr: 1000 | cap2udp: 0 | kr2udp: 1 | 
2026-05-03 19:03:38,354 - INFO     - img2od: 45 | od2fr: 0 | od2lpr: 1000 | od2cap: 0 | fr2kr: 0 | lpr2kr: 1000 | cap2udp: 0 | kr2udp: 1 | 
2026-05-03 19:03:39,355 - INFO     - img2od: 45 | od2fr: 0 | od2lpr: 1000 | od2cap: 0 | fr2kr: 0 | lpr2kr: 1000 | cap2udp: 0 | kr2udp: 1 | 
2026-05-03 19:03:40,356 - INFO     - img2od: 45 | od2fr: 0 | od2lpr: 1000 | od2cap: 0 | fr2kr: 0 | lpr2kr: 1000 | cap2udp: 0 | kr2udp: 1 | 
2026-05-03 19:03:41,357 - INFO     - img2od: 45 | od2fr: 0 | od2lpr: 999 | od2cap: 0 | fr2kr: 0 | lpr2kr: 1000 | cap2udp: 0 | kr2udp: 1 | 
2026-05-03 19:03:42,358 - INFO     - img2od: 45 | od2fr: 0 | od2lpr: 1000 | od2cap: 0 | fr2kr: 0 | lpr2kr: 1000 | cap2udp: 0 | kr2udp: 1 | 
2026-05-03 19:03:43,359 - INFO     - img2od: 45 | od2fr: 0 | od2lpr: 1000 | od2cap: 0 | fr2kr: 0 | lpr2kr: 1000 | cap2udp: 0 | kr2udp: 1 | 
2026-05-03 19:03:44,360 - INFO     - img2od: 45 | od2fr: 0 | od2lpr: 1000 | od2cap: 0 | fr2kr: 0 | lpr2kr: 1000 | cap2udp: 0 | kr2udp: 1 | 
2026-05-03 19:03:45,361 - INFO     - img2od: 45 | od2fr: 0 | od2lpr: 1000 | od2cap: 0 | fr2kr: 0 | lpr2kr: 1000 | cap2udp: 0 | kr2udp: 1 | 
2026-05-03 19:03:46,362 - INFO     - img2od: 45 | od2fr: 0 | od2lpr: 1000 | od2cap: 0 | fr2kr: 0 | lpr2kr: 1000 | cap2udp: 0 | kr2udp: 1 | 
2026-05-03 19:03:47,363 - INFO     - img2od: 45 | od2fr: 0 | od2lpr: 1000 | od2cap: 0 | fr2kr: 0 | lpr2kr: 1000 | cap2udp: 0 | kr2udp: 1 | 
2026-05-03 19:03:48,364 - INFO     - img2od: 45 | od2fr: 0 | od2lpr: 1000 | od2cap: 0 | fr2kr: 0 | lpr2kr: 1000 | cap2udp: 0 | kr2udp: 0 | 
2026-05-03 19:03:49,365 - INFO     - img2od: 45 | od2fr: 0 | od2lpr: 1000 | od2cap: 0 | fr2kr: 0 | lpr2kr: 1000 | cap2udp: 0 | kr2udp: 0 | 
2026-05-03 19:03:50,366 - INFO     - img2od: 45 | od2fr: 0 | od2lpr: 1000 | od2cap: 0 | fr2kr: 0 | lpr2kr: 1000 | cap2udp: 0 | kr2udp: 1 | 
2026-05-03 19:03:51,367 - INFO     - img2od: 45 | od2fr: 0 | od2lpr: 1000 | od2cap: 0 | fr2kr: 0 | lpr2kr: 1000 | cap2udp: 0 | kr2udp: 1 | 
2026-05-03 19:03:52,368 - INFO     - img2od: 45 | od2fr: 0 | od2lpr: 1000 | od2cap: 0 | fr2kr: 0 | lpr2kr: 1000 | cap2udp: 0 | kr2udp: 1 | 
2026-05-03 19:03:53,369 - INFO     - img2od: 45 | od2fr: 0 | od2lpr: 1000 | od2cap: 0 | fr2kr: 0 | lpr2kr: 1000 | cap2udp: 0 | kr2udp: 0 | 
2026-05-03 19:03:54,370 - INFO     - img2od: 45 | od2fr: 0 | od2lpr: 1000 | od2cap: 0 | fr2kr: 0 | lpr2kr: 1000 | cap2udp: 0 | kr2udp: 1 | 
2026-05-03 19:03:55,371 - INFO     - img2od: 45 | od2fr: 0 | od2lpr: 1000 | od2cap: 0 | fr2kr: 0 | lpr2kr: 1000 | cap2udp: 0 | kr2udp: 1 | 
2026-05-03 19:03:56,372 - INFO     - img2od: 45 | od2fr: 0 | od2lpr: 1000 | od2cap: 0 | fr2kr: 0 | lpr2kr: 1000 | cap2udp: 0 | kr2udp: 1 | 
2026-05-03 19:03:57,373 - INFO     - img2od: 45 | od2fr: 0 | od2lpr: 1000 | od2cap: 0 | fr2kr: 0 | lpr2kr: 1000 | cap2udp: 0 | kr2udp: 0 | 
2026-05-03 19:03:58,374 - INFO     - img2od: 45 | od2fr: 0 | od2lpr: 1000 | od2cap: 0 | fr2kr: 0 | lpr2kr: 1000 | cap2udp: 0 | kr2udp: 1 | 
2026-05-03 19:03:59,375 - INFO     - img2od: 45 | od2fr: 0 | od2lpr: 1000 | od2cap: 0 | fr2kr: 0 | lpr2kr: 1000 | cap2udp: 0 | kr2udp: 1 | 
2026-05-03 19:04:00,376 - INFO     - img2od: 45 | od2fr: 0 | od2lpr: 1000 | od2cap: 0 | fr2kr: 0 | lpr2kr: 1000 | cap2udp: 0 | kr2udp: 1 | 
2026-05-03 19:04:01,377 - INFO     - img2od: 45 | od2fr: 0 | od2lpr: 1000 | od2cap: 0 | fr2kr: 0 | lpr2kr: 1000 | cap2udp: 0 | kr2udp: 0 | 
2026-05-03 19:04:02,378 - INFO     - img2od: 45 | od2fr: 0 | od2lpr: 1000 | od2cap: 0 | fr2kr: 0 | lpr2kr: 1000 | cap2udp: 0 | kr2udp: 0 | 
2026-05-03 19:04:03,379 - INFO     - img2od: 45 | od2fr: 0 | od2lpr: 1000 | od2cap: 0 | fr2kr: 0 | lpr2kr: 1000 | cap2udp: 0 | kr2udp: 1 | 
2026-05-03 19:04:04,380 - INFO     - img2od: 45 | od2fr: 0 | od2lpr: 1000 | od2cap: 0 | fr2kr: 0 | lpr2kr: 1000 | cap2udp: 0 | kr2udp: 1 | 
2026-05-03 19:04:05,381 - INFO     - img2od: 45 | od2fr: 0 | od2lpr: 1000 | od2cap: 0 | fr2kr: 0 | lpr2kr: 1000 | cap2udp: 0 | kr2udp: 1 | 
2026-05-03 19:04:06,382 - INFO     - img2od: 45 | od2fr: 0 | od2lpr: 1000 | od2cap: 0 | fr2kr: 0 | lpr2kr: 1000 | cap2udp: 0 | kr2udp: 1 | 
2026-05-03 19:04:07,383 - INFO     - img2od: 45 | od2fr: 0 | od2lpr: 1000 | od2cap: 0 | fr2kr: 0 | lpr2kr: 1000 | cap2udp: 0 | kr2udp: 1 | 
2026-05-03 19:04:08,384 - INFO     - img2od: 45 | od2fr: 0 | od2lpr: 1000 | od2cap: 0 | fr2kr: 0 | lpr2kr: 1000 | cap2udp: 0 | kr2udp: 1 | 
2026-05-03 19:04:09,385 - INFO     - img2od: 45 | od2fr: 0 | od2lpr: 1000 | od2cap: 0 | fr2kr: 0 | lpr2kr: 1000 | cap2udp: 0 | kr2udp: 1 | 
2026-05-03 19:04:10,386 - INFO     - img2od: 45 | od2fr: 0 | od2lpr: 1000 | od2cap: 0 | fr2kr: 0 | lpr2kr: 1000 | cap2udp: 0 | kr2udp: 1 | 
2026-05-03 19:04:11,387 - INFO     - img2od: 45 | od2fr: 0 | od2lpr: 1000 | od2cap: 0 | fr2kr: 0 | lpr2kr: 1000 | cap2udp: 0 | kr2udp: 0 | 
2026-05-03 19:04:12,388 - INFO     - img2od: 45 | od2fr: 0 | od2lpr: 1000 | od2cap: 0 | fr2kr: 0 | lpr2kr: 1000 | cap2udp: 0 | kr2udp: 1 | 
2026-05-03 19:04:13,389 - INFO     - img2od: 45 | od2fr: 0 | od2lpr: 1000 | od2cap: 0 | fr2kr: 0 | lpr2kr: 1000 | cap2udp: 0 | kr2udp: 1 | 
2026-05-03 19:04:14,390 - INFO     - img2od: 45 | od2fr: 0 | od2lpr: 1000 | od2cap: 0 | fr2kr: 0 | lpr2kr: 1000 | cap2udp: 0 | kr2udp: 1 | 
2026-05-03 19:04:15,391 - INFO     - img2od: 45 | od2fr: 0 | od2lpr: 1000 | od2cap: 0 | fr2kr: 0 | lpr2kr: 1000 | cap2udp: 0 | kr2udp: 1 | 
2026-05-03 19:04:16,392 - INFO     - img2od: 45 | od2fr: 0 | od2lpr: 1000 | od2cap: 0 | fr2kr: 0 | lpr2kr: 1000 | cap2udp: 0 | kr2udp: 1 | 
2026-05-03 19:04:17,393 - INFO     - img2od: 45 | od2fr: 0 | od2lpr: 1000 | od2cap: 0 | fr2kr: 0 | lpr2kr: 1000 | cap2udp: 0 | kr2udp: 1 | 
2026-05-03 19:04:18,394 - INFO     - img2od: 45 | od2fr: 0 | od2lpr: 1000 | od2cap: 0 | fr2kr: 0 | lpr2kr: 1000 | cap2udp: 0 | kr2udp: 1 | 
2026-05-03 19:04:19,395 - INFO     - img2od: 45 | od2fr: 0 | od2lpr: 1000 | od2cap: 0 | fr2kr: 0 | lpr2kr: 1000 | cap2udp: 0 | kr2udp: 1 | 
2026-05-03 19:04:20,396 - INFO     - img2od: 45 | od2fr: 0 | od2lpr: 1000 | od2cap: 0 | fr2kr: 0 | lpr2kr: 1000 | cap2udp: 0 | kr2udp: 1 | 
2026-05-03 19:04:21,397 - INFO     - img2od: 45 | od2fr: 0 | od2lpr: 1000 | od2cap: 0 | fr2kr: 0 | lpr2kr: 1000 | cap2udp: 0 | kr2udp: 1 | 
2026-05-03 19:04:22,398 - INFO     - img2od: 45 | od2fr: 0 | od2lpr: 1000 | od2cap: 0 | fr2kr: 0 | lpr2kr: 1000 | cap2udp: 0 | kr2udp: 1 | 
2026-05-03 19:04:23,399 - INFO     - img2od: 45 | od2fr: 0 | od2lpr: 1000 | od2cap: 0 | fr2kr: 0 | lpr2kr: 1000 | cap2udp: 0 | kr2udp: 0 | 
2026-05-03 19:04:24,400 - INFO     - img2od: 45 | od2fr: 0 | od2lpr: 1000 | od2cap: 0 | fr2kr: 0 | lpr2kr: 1000 | cap2udp: 0 | kr2udp: 0 | 
2026-05-03 19:04:25,401 - INFO     - img2od: 45 | od2fr: 0 | od2lpr: 1000 | od2cap: 0 | fr2kr: 0 | lpr2kr: 1000 | cap2udp: 0 | kr2udp: 1 | 
2026-05-03 19:04:26,402 - INFO     - img2od: 45 | od2fr: 0 | od2lpr: 1000 | od2cap: 0 | fr2kr: 0 | lpr2kr: 1000 | cap2udp: 0 | kr2udp: 0 | 
2026-05-03 19:04:27,403 - INFO     - img2od: 45 | od2fr: 0 | od2lpr: 1000 | od2cap: 0 | fr2kr: 0 | lpr2kr: 1000 | cap2udp: 0 | kr2udp: 0 | 
2026-05-03 19:04:28,404 - INFO     - img2od: 45 | od2fr: 0 | od2lpr: 1000 | od2cap: 0 | fr2kr: 0 | lpr2kr: 1000 | cap2udp: 0 | kr2udp: 0 | 
2026-05-03 19:04:29,405 - INFO     - img2od: 45 | od2fr: 0 | od2lpr: 1000 | od2cap: 0 | fr2kr: 0 | lpr2kr: 1000 | cap2udp: 0 | kr2udp: 1 | 
2026-05-03 19:04:30,406 - INFO     - img2od: 45 | od2fr: 0 | od2lpr: 999 | od2cap: 0 | fr2kr: 0 | lpr2kr: 1000 | cap2udp: 0 | kr2udp: 1 | 
2026-05-03 19:04:31,407 - INFO     - img2od: 45 | od2fr: 0 | od2lpr: 1000 | od2cap: 0 | fr2kr: 0 | lpr2kr: 1000 | cap2udp: 0 | kr2udp: 1 | 
2026-05-03 19:04:32,408 - INFO     - img2od: 45 | od2fr: 0 | od2lpr: 1000 | od2cap: 0 | fr2kr: 0 | lpr2kr: 1000 | cap2udp: 0 | kr2udp: 2 | 
2026-05-03 19:04:33,409 - INFO     - img2od: 45 | od2fr: 0 | od2lpr: 1000 | od2cap: 0 | fr2kr: 0 | lpr2kr: 1000 | cap2udp: 0 | kr2udp: 1 | 
2026-05-03 19:04:34,410 - INFO     - img2od: 45 | od2fr: 0 | od2lpr: 1000 | od2cap: 0 | fr2kr: 0 | lpr2kr: 1000 | cap2udp: 0 | kr2udp: 0 | 
2026-05-03 19:04:35,411 - INFO     - img2od: 45 | od2fr: 0 | od2lpr: 1000 | od2cap: 0 | fr2kr: 0 | lpr2kr: 1000 | cap2udp: 0 | kr2udp: 1 | 
2026-05-03 19:04:36,412 - INFO     - img2od: 45 | od2fr: 0 | od2lpr: 1000 | od2cap: 0 | fr2kr: 0 | lpr2kr: 1000 | cap2udp: 0 | kr2udp: 1 | 
2026-05-03 19:04:37,413 - INFO     - img2od: 45 | od2fr: 0 | od2lpr: 1000 | od2cap: 0 | fr2kr: 0 | lpr2kr: 1000 | cap2udp: 0 | kr2udp: 1 | 
2026-05-03 19:04:38,414 - INFO     - img2od: 45 | od2fr: 0 | od2lpr: 1000 | od2cap: 0 | fr2kr: 0 | lpr2kr: 1000 | cap2udp: 0 | kr2udp: 1 | 
2026-05-03 19:04:39,415 - INFO     - img2od: 45 | od2fr: 0 | od2lpr: 1000 | od2cap: 0 | fr2kr: 0 | lpr2kr: 1000 | cap2udp: 0 | kr2udp: 0 | 
2026-05-03 19:04:40,416 - INFO     - img2od: 45 | od2fr: 0 | od2lpr: 1000 | od2cap: 0 | fr2kr: 0 | lpr2kr: 1000 | cap2udp: 0 | kr2udp: 0 | 
2026-05-03 19:04:41,417 - INFO     - img2od: 45 | od2fr: 0 | od2lpr: 1000 | od2cap: 0 | fr2kr: 0 | lpr2kr: 1000 | cap2udp: 0 | kr2udp: 0 | 
2026-05-03 19:04:42,418 - INFO     - img2od: 45 | od2fr: 0 | od2lpr: 1000 | od2cap: 0 | fr2kr: 0 | lpr2kr: 1000 | cap2udp: 0 | kr2udp: 1 | 
2026-05-03 19:04:43,419 - INFO     - img2od: 45 | od2fr: 0 | od2lpr: 1000 | od2cap: 0 | fr2kr: 0 | lpr2kr: 1000 | cap2udp: 0 | kr2udp: 0 | 
2026-05-03 19:04:44,420 - INFO     - img2od: 45 | od2fr: 0 | od2lpr: 1000 | od2cap: 0 | fr2kr: 0 | lpr2kr: 999 | cap2udp: 0 | kr2udp: 1 | 
2026-05-03 19:04:45,421 - INFO     - img2od: 45 | od2fr: 0 | od2lpr: 1000 | od2cap: 0 | fr2kr: 0 | lpr2kr: 1000 | cap2udp: 0 | kr2udp: 1 | 
2026-05-03 19:04:46,422 - INFO     - img2od: 45 | od2fr: 0 | od2lpr: 1000 | od2cap: 0 | fr2kr: 0 | lpr2kr: 1000 | cap2udp: 0 | kr2udp: 1 | 
2026-05-03 19:04:47,423 - INFO     - img2od: 45 | od2fr: 0 | od2lpr: 1000 | od2cap: 0 | fr2kr: 0 | lpr2kr: 1000 | cap2udp: 0 | kr2udp: 1 | 
2026-05-03 19:04:48,424 - INFO     - img2od: 45 | od2fr: 0 | od2lpr: 1000 | od2cap: 0 | fr2kr: 0 | lpr2kr: 1000 | cap2udp: 0 | kr2udp: 1 | 
2026-05-03 19:04:49,425 - INFO     - img2od: 45 | od2fr: 0 | od2lpr: 1000 | od2cap: 0 | fr2kr: 0 | lpr2kr: 1000 | cap2udp: 0 | kr2udp: 0 | 
2026-05-03 19:04:50,431 - INFO     - img2od: 45 | od2fr: 0 | od2lpr: 1000 | od2cap: 0 | fr2kr: 0 | lpr2kr: 1000 | cap2udp: 0 | kr2udp: 1 | 
2026-05-03 19:04:51,432 - INFO     - img2od: 45 | od2fr: 0 | od2lpr: 1000 | od2cap: 0 | fr2kr: 0 | lpr2kr: 1000 | cap2udp: 0 | kr2udp: 0 | 
2026-05-03 19:04:52,433 - INFO     - img2od: 45 | od2fr: 0 | od2lpr: 1000 | od2cap: 0 | fr2kr: 0 | lpr2kr: 1000 | cap2udp: 0 | kr2udp: 0 | 
2026-05-03 19:04:53,434 - INFO     - img2od: 45 | od2fr: 0 | od2lpr: 1000 | od2cap: 0 | fr2kr: 0 | lpr2kr: 1000 | cap2udp: 0 | kr2udp: 1 | 
2026-05-03 19:04:54,435 - INFO     - img2od: 45 | od2fr: 0 | od2lpr: 1000 | od2cap: 0 | fr2kr: 0 | lpr2kr: 1000 | cap2udp: 0 | kr2udp: 0 | 
2026-05-03 19:04:55,436 - INFO     - img2od: 45 | od2fr: 0 | od2lpr: 1000 | od2cap: 0 | fr2kr: 0 | lpr2kr: 1000 | cap2udp: 0 | kr2udp: 0 | 
2026-05-03 19:04:56,437 - INFO     - img2od: 45 | od2fr: 0 | od2lpr: 1000 | od2cap: 0 | fr2kr: 0 | lpr2kr: 1000 | cap2udp: 0 | kr2udp: 1 | 
2026-05-03 19:04:57,438 - INFO     - img2od: 45 | od2fr: 0 | od2lpr: 1000 | od2cap: 0 | fr2kr: 0 | lpr2kr: 1000 | cap2udp: 0 | kr2udp: 0 | 
2026-05-03 19:04:58,439 - INFO     - img2od: 45 | od2fr: 0 | od2lpr: 1000 | od2cap: 0 | fr2kr: 0 | lpr2kr: 1000 | cap2udp: 0 | kr2udp: 0 | 
2026-05-03 19:04:59,440 - INFO     - img2od: 45 | od2fr: 0 | od2lpr: 1000 | od2cap: 0 | fr2kr: 0 | lpr2kr: 1000 | cap2udp: 0 | kr2udp: 1 | 
2026-05-03 19:05:00,441 - INFO     - img2od: 45 | od2fr: 0 | od2lpr: 1000 | od2cap: 0 | fr2kr: 0 | lpr2kr: 1000 | cap2udp: 0 | kr2udp: 0 | 
2026-05-03 19:05:01,442 - INFO     - img2od: 45 | od2fr: 0 | od2lpr: 1000 | od2cap: 0 | fr2kr: 0 | lpr2kr: 1000 | cap2udp: 0 | kr2udp: 0 | 
2026-05-03 19:05:02,443 - INFO     - img2od: 45 | od2fr: 0 | od2lpr: 1000 | od2cap: 0 | fr2kr: 0 | lpr2kr: 1000 | cap2udp: 0 | kr2udp: 1 | 
2026-05-03 19:05:03,444 - INFO     - img2od: 45 | od2fr: 0 | od2lpr: 1000 | od2cap: 0 | fr2kr: 0 | lpr2kr: 1000 | cap2udp: 0 | kr2udp: 1 | 
2026-05-03 19:05:04,445 - INFO     - img2od: 45 | od2fr: 0 | od2lpr: 1000 | od2cap: 0 | fr2kr: 0 | lpr2kr: 1000 | cap2udp: 0 | kr2udp: 1 | 
2026-05-03 19:05:05,446 - INFO     - img2od: 45 | od2fr: 0 | od2lpr: 1000 | od2cap: 0 | fr2kr: 0 | lpr2kr: 1000 | cap2udp: 0 | kr2udp: 1 | 
2026-05-03 19:05:06,447 - INFO     - img2od: 45 | od2fr: 0 | od2lpr: 1000 | od2cap: 0 | fr2kr: 0 | lpr2kr: 1000 | cap2udp: 0 | kr2udp: 0 | 
2026-05-03 19:05:07,448 - INFO     - img2od: 45 | od2fr: 0 | od2lpr: 1000 | od2cap: 0 | fr2kr: 0 | lpr2kr: 1000 | cap2udp: 0 | kr2udp: 1 | 
2026-05-03 19:05:08,449 - INFO     - img2od: 45 | od2fr: 0 | od2lpr: 1000 | od2cap: 0 | fr2kr: 0 | lpr2kr: 1000 | cap2udp: 0 | kr2udp: 1 | 
2026-05-03 19:05:09,450 - INFO     - img2od: 45 | od2fr: 0 | od2lpr: 1000 | od2cap: 0 | fr2kr: 0 | lpr2kr: 1000 | cap2udp: 0 | kr2udp: 0 | 
2026-05-03 19:05:10,451 - INFO     - img2od: 45 | od2fr: 0 | od2lpr: 1000 | od2cap: 0 | fr2kr: 0 | lpr2kr: 1000 | cap2udp: 0 | kr2udp: 1 | 
2026-05-03 19:05:11,452 - INFO     - img2od: 45 | od2fr: 0 | od2lpr: 1000 | od2cap: 0 | fr2kr: 0 | lpr2kr: 1000 | cap2udp: 0 | kr2udp: 1 | 
2026-05-03 19:05:12,453 - INFO     - img2od: 45 | od2fr: 0 | od2lpr: 1000 | od2cap: 0 | fr2kr: 0 | lpr2kr: 1000 | cap2udp: 0 | kr2udp: 0 | 
2026-05-03 19:05:13,454 - INFO     - img2od: 45 | od2fr: 0 | od2lpr: 1000 | od2cap: 0 | fr2kr: 0 | lpr2kr: 1000 | cap2udp: 0 | kr2udp: 0 | 
2026-05-03 19:05:14,455 - INFO     - img2od: 45 | od2fr: 0 | od2lpr: 1000 | od2cap: 0 | fr2kr: 0 | lpr2kr: 1000 | cap2udp: 0 | kr2udp: 0 | 
2026-05-03 19:05:15,456 - INFO     - img2od: 45 | od2fr: 0 | od2lpr: 1000 | od2cap: 0 | fr2kr: 0 | lpr2kr: 1000 | cap2udp: 0 | kr2udp: 0 | 
2026-05-03 19:05:16,457 - INFO     - img2od: 45 | od2fr: 0 | od2lpr: 1000 | od2cap: 0 | fr2kr: 0 | lpr2kr: 1000 | cap2udp: 0 | kr2udp: 0 | 
2026-05-03 19:05:17,458 - INFO     - img2od: 45 | od2fr: 0 | od2lpr: 1000 | od2cap: 0 | fr2kr: 0 | lpr2kr: 999 | cap2udp: 0 | kr2udp: 1 | 
2026-05-03 19:05:18,459 - INFO     - img2od: 45 | od2fr: 0 | od2lpr: 1000 | od2cap: 0 | fr2kr: 0 | lpr2kr: 1000 | cap2udp: 0 | kr2udp: 1 | 
2026-05-03 19:05:19,460 - INFO     - img2od: 45 | od2fr: 0 | od2lpr: 1000 | od2cap: 0 | fr2kr: 0 | lpr2kr: 1000 | cap2udp: 0 | kr2udp: 0 | 
2026-05-03 19:05:20,461 - INFO     - img2od: 45 | od2fr: 0 | od2lpr: 1000 | od2cap: 0 | fr2kr: 0 | lpr2kr: 1000 | cap2udp: 0 | kr2udp: 0 | 
2026-05-03 19:05:21,462 - INFO     - img2od: 45 | od2fr: 0 | od2lpr: 1000 | od2cap: 0 | fr2kr: 0 | lpr2kr: 1000 | cap2udp: 0 | kr2udp: 1 | 
2026-05-03 19:05:22,463 - INFO     - img2od: 45 | od2fr: 0 | od2lpr: 1000 | od2cap: 0 | fr2kr: 0 | lpr2kr: 1000 | cap2udp: 0 | kr2udp: 1 | 
2026-05-03 19:05:23,464 - INFO     - img2od: 45 | od2fr: 0 | od2lpr: 1000 | od2cap: 0 | fr2kr: 0 | lpr2kr: 1000 | cap2udp: 0 | kr2udp: 1 | 
2026-05-03 19:05:24,465 - INFO     - img2od: 45 | od2fr: 0 | od2lpr: 1000 | od2cap: 0 | fr2kr: 0 | lpr2kr: 1000 | cap2udp: 0 | kr2udp: 1 | 
2026-05-03 19:05:25,466 - INFO     - img2od: 45 | od2fr: 0 | od2lpr: 1000 | od2cap: 0 | fr2kr: 0 | lpr2kr: 1000 | cap2udp: 0 | kr2udp: 1 | 
2026-05-03 19:05:26,467 - INFO     - img2od: 45 | od2fr: 0 | od2lpr: 1000 | od2cap: 0 | fr2kr: 0 | lpr2kr: 1000 | cap2udp: 0 | kr2udp: 1 | 
2026-05-03 19:05:27,468 - INFO     - img2od: 45 | od2fr: 0 | od2lpr: 1000 | od2cap: 0 | fr2kr: 0 | lpr2kr: 1000 | cap2udp: 0 | kr2udp: 1 | 
2026-05-03 19:05:28,469 - INFO     - img2od: 45 | od2fr: 0 | od2lpr: 1000 | od2cap: 0 | fr2kr: 0 | lpr2kr: 1000 | cap2udp: 0 | kr2udp: 0 | 
2026-05-03 19:05:29,470 - INFO     - img2od: 45 | od2fr: 0 | od2lpr: 1000 | od2cap: 0 | fr2kr: 0 | lpr2kr: 1000 | cap2udp: 0 | kr2udp: 1 | 
2026-05-03 19:05:30,471 - INFO     - img2od: 45 | od2fr: 0 | od2lpr: 1000 | od2cap: 0 | fr2kr: 0 | lpr2kr: 1000 | cap2udp: 0 | kr2udp: 1 | 
2026-05-03 19:05:31,472 - INFO     - img2od: 45 | od2fr: 0 | od2lpr: 1000 | od2cap: 0 | fr2kr: 0 | lpr2kr: 1000 | cap2udp: 0 | kr2udp: 1 | 
2026-05-03 19:05:32,473 - INFO     - img2od: 45 | od2fr: 0 | od2lpr: 1000 | od2cap: 0 | fr2kr: 0 | lpr2kr: 1000 | cap2udp: 0 | kr2udp: 1 | 
2026-05-03 19:05:33,474 - INFO     - img2od: 45 | od2fr: 0 | od2lpr: 1000 | od2cap: 0 | fr2kr: 0 | lpr2kr: 1000 | cap2udp: 0 | kr2udp: 1 | 
2026-05-03 19:05:34,475 - INFO     - img2od: 45 | od2fr: 0 | od2lpr: 1000 | od2cap: 0 | fr2kr: 0 | lpr2kr: 1000 | cap2udp: 0 | kr2udp: 1 | 
2026-05-03 19:05:35,476 - INFO     - img2od: 45 | od2fr: 0 | od2lpr: 1000 | od2cap: 0 | fr2kr: 0 | lpr2kr: 1000 | cap2udp: 0 | kr2udp: 0 | 
2026-05-03 19:05:36,477 - INFO     - img2od: 45 | od2fr: 0 | od2lpr: 1000 | od2cap: 0 | fr2kr: 0 | lpr2kr: 1000 | cap2udp: 0 | kr2udp: 1 | 
2026-05-03 19:05:37,478 - INFO     - img2od: 45 | od2fr: 0 | od2lpr: 1000 | od2cap: 0 | fr2kr: 0 | lpr2kr: 1000 | cap2udp: 0 | kr2udp: 1 | 
2026-05-03 19:05:38,479 - INFO     - img2od: 45 | od2fr: 0 | od2lpr: 1000 | od2cap: 0 | fr2kr: 0 | lpr2kr: 1000 | cap2udp: 0 | kr2udp: 1 | 
2026-05-03 19:05:39,480 - INFO     - img2od: 45 | od2fr: 0 | od2lpr: 1000 | od2cap: 0 | fr2kr: 0 | lpr2kr: 1000 | cap2udp: 0 | kr2udp: 1 | 
2026-05-03 19:05:40,481 - INFO     - img2od: 45 | od2fr: 0 | od2lpr: 1000 | od2cap: 0 | fr2kr: 0 | lpr2kr: 1000 | cap2udp: 0 | kr2udp: 1 | 
2026-05-03 19:05:41,482 - INFO     - img2od: 45 | od2fr: 0 | od2lpr: 1000 | od2cap: 0 | fr2kr: 0 | lpr2kr: 1000 | cap2udp: 0 | kr2udp: 1 | 
2026-05-03 19:05:42,483 - INFO     - img2od: 45 | od2fr: 0 | od2lpr: 1000 | od2cap: 0 | fr2kr: 0 | lpr2kr: 1000 | cap2udp: 0 | kr2udp: 1 | 
2026-05-03 19:05:43,484 - INFO     - img2od: 45 | od2fr: 0 | od2lpr: 1000 | od2cap: 0 | fr2kr: 0 | lpr2kr: 999 | cap2udp: 0 | kr2udp: 1 | 
2026-05-03 19:05:44,485 - INFO     - img2od: 45 | od2fr: 0 | od2lpr: 1000 | od2cap: 0 | fr2kr: 0 | lpr2kr: 1000 | cap2udp: 0 | kr2udp: 1 | 
2026-05-03 19:05:45,486 - INFO     - img2od: 45 | od2fr: 0 | od2lpr: 1000 | od2cap: 0 | fr2kr: 0 | lpr2kr: 1000 | cap2udp: 0 | kr2udp: 1 | 
2026-05-03 19:05:46,487 - INFO     - img2od: 45 | od2fr: 0 | od2lpr: 1000 | od2cap: 0 | fr2kr: 0 | lpr2kr: 1000 | cap2udp: 0 | kr2udp: 1 | 
2026-05-03 19:05:47,488 - INFO     - img2od: 45 | od2fr: 0 | od2lpr: 1000 | od2cap: 0 | fr2kr: 0 | lpr2kr: 1000 | cap2udp: 0 | kr2udp: 1 | 
2026-05-03 19:05:48,489 - INFO     - img2od: 45 | od2fr: 0 | od2lpr: 1000 | od2cap: 0 | fr2kr: 0 | lpr2kr: 1000 | cap2udp: 0 | kr2udp: 1 | 
2026-05-03 19:05:49,490 - INFO     - img2od: 45 | od2fr: 0 | od2lpr: 1000 | od2cap: 0 | fr2kr: 0 | lpr2kr: 1000 | cap2udp: 0 | kr2udp: 1 | 
2026-05-03 19:05:50,491 - INFO     - img2od: 45 | od2fr: 0 | od2lpr: 1000 | od2cap: 0 | fr2kr: 0 | lpr2kr: 1000 | cap2udp: 0 | kr2udp: 1 | 
2026-05-03 19:05:51,492 - INFO     - img2od: 45 | od2fr: 0 | od2lpr: 1000 | od2cap: 0 | fr2kr: 0 | lpr2kr: 1000 | cap2udp: 0 | kr2udp: 1 | 
2026-05-03 19:05:52,493 - INFO     - img2od: 45 | od2fr: 0 | od2lpr: 1000 | od2cap: 0 | fr2kr: 0 | lpr2kr: 1000 | cap2udp: 0 | kr2udp: 0 | 
2026-05-03 19:05:53,494 - INFO     - img2od: 45 | od2fr: 0 | od2lpr: 1000 | od2cap: 0 | fr2kr: 0 | lpr2kr: 1000 | cap2udp: 0 | kr2udp: 1 | 
2026-05-03 19:05:54,495 - INFO     - img2od: 45 | od2fr: 0 | od2lpr: 1000 | od2cap: 0 | fr2kr: 0 | lpr2kr: 1000 | cap2udp: 0 | kr2udp: 1 | 
2026-05-03 19:05:55,496 - INFO     - img2od: 45 | od2fr: 0 | od2lpr: 1000 | od2cap: 0 | fr2kr: 0 | lpr2kr: 1000 | cap2udp: 0 | kr2udp: 1 | 
2026-05-03 19:05:56,497 - INFO     - img2od: 45 | od2fr: 0 | od2lpr: 1000 | od2cap: 0 | fr2kr: 0 | lpr2kr: 1000 | cap2udp: 0 | kr2udp: 0 | 
2026-05-03 19:05:57,498 - INFO     - img2od: 45 | od2fr: 0 | od2lpr: 1000 | od2cap: 0 | fr2kr: 0 | lpr2kr: 1000 | cap2udp: 0 | kr2udp: 1 | 
2026-05-03 19:05:58,499 - INFO     - img2od: 45 | od2fr: 0 | od2lpr: 1000 | od2cap: 0 | fr2kr: 0 | lpr2kr: 1000 | cap2udp: 0 | kr2udp: 1 | 
2026-05-03 19:05:59,500 - INFO     - img2od: 45 | od2fr: 0 | od2lpr: 1000 | od2cap: 0 | fr2kr: 0 | lpr2kr: 1000 | cap2udp: 0 | kr2udp: 2 | 
2026-05-03 19:06:00,501 - INFO     - img2od: 45 | od2fr: 0 | od2lpr: 1000 | od2cap: 0 | fr2kr: 0 | lpr2kr: 1000 | cap2udp: 0 | kr2udp: 1 | 
2026-05-03 19:06:01,502 - INFO     - img2od: 45 | od2fr: 0 | od2lpr: 1000 | od2cap: 0 | fr2kr: 0 | lpr2kr: 1000 | cap2udp: 0 | kr2udp: 1 | 
2026-05-03 19:06:02,503 - INFO     - img2od: 45 | od2fr: 0 | od2lpr: 1000 | od2cap: 0 | fr2kr: 0 | lpr2kr: 1000 | cap2udp: 0 | kr2udp: 1 | 
2026-05-03 19:06:03,504 - INFO     - img2od: 45 | od2fr: 0 | od2lpr: 1000 | od2cap: 0 | fr2kr: 0 | lpr2kr: 1000 | cap2udp: 0 | kr2udp: 1 | 
2026-05-03 19:06:04,505 - INFO     - img2od: 45 | od2fr: 0 | od2lpr: 1000 | od2cap: 0 | fr2kr: 0 | lpr2kr: 1000 | cap2udp: 0 | kr2udp: 1 | 
2026-05-03 19:06:05,506 - INFO     - img2od: 45 | od2fr: 0 | od2lpr: 1000 | od2cap: 0 | fr2kr: 0 | lpr2kr: 1000 | cap2udp: 0 | kr2udp: 1 | 
2026-05-03 19:06:06,506 - INFO     - img2od: 45 | od2fr: 0 | od2lpr: 999 | od2cap: 0 | fr2kr: 0 | lpr2kr: 1000 | cap2udp: 0 | kr2udp: 1 | 
2026-05-03 19:06:07,507 - INFO     - img2od: 45 | od2fr: 0 | od2lpr: 1000 | od2cap: 0 | fr2kr: 0 | lpr2kr: 1000 | cap2udp: 0 | kr2udp: 1 | 
2026-05-03 19:06:08,508 - INFO     - img2od: 45 | od2fr: 0 | od2lpr: 1000 | od2cap: 0 | fr2kr: 0 | lpr2kr: 1000 | cap2udp: 0 | kr2udp: 1 | 
2026-05-03 19:06:09,509 - INFO     - img2od: 45 | od2fr: 0 | od2lpr: 1000 | od2cap: 0 | fr2kr: 0 | lpr2kr: 1000 | cap2udp: 0 | kr2udp: 1 | 
2026-05-03 19:06:10,510 - INFO     - img2od: 45 | od2fr: 0 | od2lpr: 1000 | od2cap: 0 | fr2kr: 0 | lpr2kr: 1000 | cap2udp: 0 | kr2udp: 0 | 
2026-05-03 19:06:11,511 - INFO     - img2od: 45 | od2fr: 0 | od2lpr: 1000 | od2cap: 0 | fr2kr: 0 | lpr2kr: 1000 | cap2udp: 0 | kr2udp: 0 | 
2026-05-03 19:06:12,512 - INFO     - img2od: 45 | od2fr: 0 | od2lpr: 1000 | od2cap: 0 | fr2kr: 0 | lpr2kr: 1000 | cap2udp: 0 | kr2udp: 1 | 
2026-05-03 19:06:13,513 - INFO     - img2od: 45 | od2fr: 0 | od2lpr: 1000 | od2cap: 0 | fr2kr: 0 | lpr2kr: 1000 | cap2udp: 0 | kr2udp: 1 | 
2026-05-03 19:06:14,514 - INFO     - img2od: 45 | od2fr: 0 | od2lpr: 1000 | od2cap: 0 | fr2kr: 0 | lpr2kr: 1000 | cap2udp: 0 | kr2udp: 1 | 
2026-05-03 19:06:15,515 - INFO     - img2od: 45 | od2fr: 0 | od2lpr: 1000 | od2cap: 0 | fr2kr: 0 | lpr2kr: 1000 | cap2udp: 0 | kr2udp: 0 | 
2026-05-03 19:06:16,516 - INFO     - img2od: 45 | od2fr: 0 | od2lpr: 1000 | od2cap: 0 | fr2kr: 0 | lpr2kr: 1000 | cap2udp: 0 | kr2udp: 1 | 
2026-05-03 19:06:17,517 - INFO     - img2od: 45 | od2fr: 0 | od2lpr: 1000 | od2cap: 0 | fr2kr: 0 | lpr2kr: 1000 | cap2udp: 0 | kr2udp: 1 | 
2026-05-03 19:06:18,518 - INFO     - img2od: 45 | od2fr: 0 | od2lpr: 1000 | od2cap: 0 | fr2kr: 0 | lpr2kr: 1000 | cap2udp: 0 | kr2udp: 0 | 
2026-05-03 19:06:19,519 - INFO     - img2od: 45 | od2fr: 0 | od2lpr: 1000 | od2cap: 0 | fr2kr: 0 | lpr2kr: 1000 | cap2udp: 0 | kr2udp: 1 | 
2026-05-03 19:06:20,520 - INFO     - img2od: 45 | od2fr: 0 | od2lpr: 1000 | od2cap: 0 | fr2kr: 0 | lpr2kr: 1000 | cap2udp: 0 | kr2udp: 1 | 
2026-05-03 19:06:21,521 - INFO     - img2od: 45 | od2fr: 0 | od2lpr: 1000 | od2cap: 0 | fr2kr: 0 | lpr2kr: 1000 | cap2udp: 0 | kr2udp: 2 | 
2026-05-03 19:06:22,522 - INFO     - img2od: 45 | od2fr: 0 | od2lpr: 1000 | od2cap: 0 | fr2kr: 0 | lpr2kr: 1000 | cap2udp: 0 | kr2udp: 1 | 
2026-05-03 19:06:23,523 - INFO     - img2od: 45 | od2fr: 0 | od2lpr: 1000 | od2cap: 0 | fr2kr: 0 | lpr2kr: 1000 | cap2udp: 0 | kr2udp: 1 | 
2026-05-03 19:06:24,524 - INFO     - img2od: 45 | od2fr: 0 | od2lpr: 1000 | od2cap: 0 | fr2kr: 0 | lpr2kr: 1000 | cap2udp: 0 | kr2udp: 1 | 
2026-05-03 19:06:25,525 - INFO     - img2od: 45 | od2fr: 0 | od2lpr: 1000 | od2cap: 0 | fr2kr: 0 | lpr2kr: 1000 | cap2udp: 0 | kr2udp: 0 | 
2026-05-03 19:06:26,526 - INFO     - img2od: 45 | od2fr: 0 | od2lpr: 1000 | od2cap: 0 | fr2kr: 0 | lpr2kr: 1000 | cap2udp: 0 | kr2udp: 1 | 
2026-05-03 19:06:27,527 - INFO     - img2od: 45 | od2fr: 0 | od2lpr: 1000 | od2cap: 0 | fr2kr: 0 | lpr2kr: 1000 | cap2udp: 0 | kr2udp: 0 | 
2026-05-03 19:06:28,528 - INFO     - img2od: 45 | od2fr: 0 | od2lpr: 1000 | od2cap: 0 | fr2kr: 0 | lpr2kr: 1000 | cap2udp: 0 | kr2udp: 1 | 
2026-05-03 19:06:29,529 - INFO     - img2od: 45 | od2fr: 0 | od2lpr: 1000 | od2cap: 0 | fr2kr: 0 | lpr2kr: 1000 | cap2udp: 0 | kr2udp: 1 | 
2026-05-03 19:06:30,530 - INFO     - img2od: 45 | od2fr: 0 | od2lpr: 1000 | od2cap: 0 | fr2kr: 0 | lpr2kr: 1000 | cap2udp: 0 | kr2udp: 1 | 
2026-05-03 19:06:31,531 - INFO     - img2od: 45 | od2fr: 0 | od2lpr: 1000 | od2cap: 0 | fr2kr: 0 | lpr2kr: 1000 | cap2udp: 0 | kr2udp: 1 | 
2026-05-03 19:06:32,532 - INFO     - img2od: 45 | od2fr: 0 | od2lpr: 1000 | od2cap: 0 | fr2kr: 0 | lpr2kr: 1000 | cap2udp: 0 | kr2udp: 1 | 
2026-05-03 19:06:33,533 - INFO     - img2od: 45 | od2fr: 0 | od2lpr: 1000 | od2cap: 0 | fr2kr: 0 | lpr2kr: 1000 | cap2udp: 0 | kr2udp: 1 | 
2026-05-03 19:06:34,534 - INFO     - img2od: 45 | od2fr: 0 | od2lpr: 1000 | od2cap: 0 | fr2kr: 0 | lpr2kr: 1000 | cap2udp: 0 | kr2udp: 0 | 
2026-05-03 19:06:35,535 - INFO     - img2od: 45 | od2fr: 0 | od2lpr: 1000 | od2cap: 0 | fr2kr: 0 | lpr2kr: 1000 | cap2udp: 0 | kr2udp: 1 | 
2026-05-03 19:06:36,536 - INFO     - img2od: 45 | od2fr: 0 | od2lpr: 999 | od2cap: 0 | fr2kr: 0 | lpr2kr: 1000 | cap2udp: 0 | kr2udp: 0 | 
2026-05-03 19:06:37,537 - INFO     - img2od: 45 | od2fr: 0 | od2lpr: 1000 | od2cap: 0 | fr2kr: 0 | lpr2kr: 1000 | cap2udp: 0 | kr2udp: 1 | 
2026-05-03 19:06:38,538 - INFO     - img2od: 45 | od2fr: 0 | od2lpr: 1000 | od2cap: 0 | fr2kr: 0 | lpr2kr: 1000 | cap2udp: 0 | kr2udp: 1 | 
2026-05-03 19:06:39,539 - INFO     - img2od: 45 | od2fr: 0 | od2lpr: 1000 | od2cap: 0 | fr2kr: 0 | lpr2kr: 1000 | cap2udp: 0 | kr2udp: 1 | 
2026-05-03 19:06:40,540 - INFO     - img2od: 45 | od2fr: 0 | od2lpr: 1000 | od2cap: 0 | fr2kr: 0 | lpr2kr: 1000 | cap2udp: 0 | kr2udp: 0 | 
2026-05-03 19:06:41,541 - INFO     - img2od: 45 | od2fr: 0 | od2lpr: 1000 | od2cap: 0 | fr2kr: 0 | lpr2kr: 1000 | cap2udp: 0 | kr2udp: 1 | 
2026-05-03 19:06:42,542 - INFO     - img2od: 45 | od2fr: 0 | od2lpr: 1000 | od2cap: 0 | fr2kr: 0 | lpr2kr: 1000 | cap2udp: 0 | kr2udp: 1 | 
2026-05-03 19:06:43,543 - INFO     - img2od: 45 | od2fr: 0 | od2lpr: 999 | od2cap: 0 | fr2kr: 0 | lpr2kr: 1000 | cap2udp: 0 | kr2udp: 1 | 
2026-05-03 19:06:44,544 - INFO     - img2od: 45 | od2fr: 0 | od2lpr: 1000 | od2cap: 0 | fr2kr: 0 | lpr2kr: 1000 | cap2udp: 0 | kr2udp: 1 | 
2026-05-03 19:06:45,545 - INFO     - img2od: 45 | od2fr: 0 | od2lpr: 999 | od2cap: 0 | fr2kr: 0 | lpr2kr: 1000 | cap2udp: 0 | kr2udp: 1 | 
2026-05-03 19:06:46,546 - INFO     - img2od: 45 | od2fr: 0 | od2lpr: 1000 | od2cap: 0 | fr2kr: 0 | lpr2kr: 1000 | cap2udp: 0 | kr2udp: 0 | 
2026-05-03 19:06:47,547 - INFO     - img2od: 45 | od2fr: 0 | od2lpr: 1000 | od2cap: 0 | fr2kr: 0 | lpr2kr: 1000 | cap2udp: 0 | kr2udp: 1 | 
2026-05-03 19:06:48,548 - INFO     - img2od: 45 | od2fr: 0 | od2lpr: 1000 | od2cap: 0 | fr2kr: 0 | lpr2kr: 1000 | cap2udp: 0 | kr2udp: 0 | 
2026-05-03 19:06:49,549 - INFO     - img2od: 45 | od2fr: 0 | od2lpr: 1000 | od2cap: 0 | fr2kr: 0 | lpr2kr: 1000 | cap2udp: 0 | kr2udp: 0 | 
2026-05-03 19:06:50,550 - INFO     - img2od: 45 | od2fr: 0 | od2lpr: 1000 | od2cap: 0 | fr2kr: 0 | lpr2kr: 1000 | cap2udp: 0 | kr2udp: 1 | 
2026-05-03 19:06:51,551 - INFO     - img2od: 45 | od2fr: 0 | od2lpr: 1000 | od2cap: 0 | fr2kr: 0 | lpr2kr: 1000 | cap2udp: 0 | kr2udp: 1 | 
2026-05-03 19:06:52,552 - INFO     - img2od: 45 | od2fr: 0 | od2lpr: 1000 | od2cap: 0 | fr2kr: 0 | lpr2kr: 1000 | cap2udp: 0 | kr2udp: 1 | 
2026-05-03 19:06:53,553 - INFO     - img2od: 45 | od2fr: 0 | od2lpr: 1000 | od2cap: 0 | fr2kr: 0 | lpr2kr: 1000 | cap2udp: 0 | kr2udp: 0 | 
2026-05-03 19:06:54,554 - INFO     - img2od: 45 | od2fr: 0 | od2lpr: 1000 | od2cap: 0 | fr2kr: 0 | lpr2kr: 1000 | cap2udp: 0 | kr2udp: 1 | 
2026-05-03 19:06:55,555 - INFO     - img2od: 45 | od2fr: 0 | od2lpr: 1000 | od2cap: 0 | fr2kr: 0 | lpr2kr: 1000 | cap2udp: 0 | kr2udp: 1 | 
2026-05-03 19:06:56,556 - INFO     - img2od: 45 | od2fr: 0 | od2lpr: 1000 | od2cap: 0 | fr2kr: 0 | lpr2kr: 1000 | cap2udp: 0 | kr2udp: 1 | 
2026-05-03 19:06:57,557 - INFO     - img2od: 45 | od2fr: 0 | od2lpr: 1000 | od2cap: 0 | fr2kr: 0 | lpr2kr: 1000 | cap2udp: 0 | kr2udp: 0 | 
2026-05-03 19:06:58,558 - INFO     - img2od: 45 | od2fr: 0 | od2lpr: 1000 | od2cap: 0 | fr2kr: 0 | lpr2kr: 1000 | cap2udp: 0 | kr2udp: 1 | 
2026-05-03 19:06:59,559 - INFO     - img2od: 45 | od2fr: 0 | od2lpr: 1000 | od2cap: 0 | fr2kr: 0 | lpr2kr: 1000 | cap2udp: 0 | kr2udp: 1 | 
2026-05-03 19:07:00,560 - INFO     - img2od: 45 | od2fr: 0 | od2lpr: 1000 | od2cap: 0 | fr2kr: 0 | lpr2kr: 1000 | cap2udp: 0 | kr2udp: 1 | 
2026-05-03 19:07:01,561 - INFO     - img2od: 45 | od2fr: 0 | od2lpr: 1000 | od2cap: 0 | fr2kr: 0 | lpr2kr: 1000 | cap2udp: 0 | kr2udp: 1 | 
2026-05-03 19:07:02,562 - INFO     - img2od: 44 | od2fr: 0 | od2lpr: 1000 | od2cap: 0 | fr2kr: 0 | lpr2kr: 1000 | cap2udp: 0 | kr2udp: 1 | 
2026-05-03 19:07:03,563 - INFO     - img2od: 44 | od2fr: 0 | od2lpr: 1000 | od2cap: 0 | fr2kr: 0 | lpr2kr: 1000 | cap2udp: 0 | kr2udp: 1 | 
2026-05-03 19:07:04,564 - INFO     - img2od: 44 | od2fr: 0 | od2lpr: 1000 | od2cap: 0 | fr2kr: 0 | lpr2kr: 1000 | cap2udp: 0 | kr2udp: 1 | 
2026-05-03 19:07:05,565 - INFO     - img2od: 44 | od2fr: 0 | od2lpr: 1000 | od2cap: 0 | fr2kr: 0 | lpr2kr: 1000 | cap2udp: 0 | kr2udp: 0 | 
2026-05-03 19:07:06,566 - INFO     - img2od: 44 | od2fr: 0 | od2lpr: 1000 | od2cap: 0 | fr2kr: 0 | lpr2kr: 1000 | cap2udp: 0 | kr2udp: 1 | 
2026-05-03 19:07:07,567 - INFO     - img2od: 44 | od2fr: 0 | od2lpr: 1000 | od2cap: 0 | fr2kr: 0 | lpr2kr: 999 | cap2udp: 0 | kr2udp: 1 | 
2026-05-03 19:07:08,568 - INFO     - img2od: 44 | od2fr: 0 | od2lpr: 1000 | od2cap: 0 | fr2kr: 0 | lpr2kr: 1000 | cap2udp: 0 | kr2udp: 0 | 
2026-05-03 19:07:09,569 - INFO     - img2od: 44 | od2fr: 0 | od2lpr: 1000 | od2cap: 0 | fr2kr: 0 | lpr2kr: 999 | cap2udp: 0 | kr2udp: 1 | 
2026-05-03 19:07:10,570 - INFO     - img2od: 44 | od2fr: 0 | od2lpr: 1000 | od2cap: 0 | fr2kr: 0 | lpr2kr: 1000 | cap2udp: 0 | kr2udp: 0 | 
2026-05-03 19:07:11,571 - INFO     - img2od: 44 | od2fr: 0 | od2lpr: 1000 | od2cap: 0 | fr2kr: 0 | lpr2kr: 1000 | cap2udp: 0 | kr2udp: 0 | 
2026-05-03 19:07:12,572 - INFO     - img2od: 44 | od2fr: 0 | od2lpr: 1000 | od2cap: 0 | fr2kr: 0 | lpr2kr: 1000 | cap2udp: 0 | kr2udp: 1 | 
2026-05-03 19:07:13,573 - INFO     - img2od: 44 | od2fr: 0 | od2lpr: 1000 | od2cap: 0 | fr2kr: 0 | lpr2kr: 1000 | cap2udp: 0 | kr2udp: 0 | 
2026-05-03 19:07:14,574 - INFO     - img2od: 44 | od2fr: 0 | od2lpr: 1000 | od2cap: 0 | fr2kr: 0 | lpr2kr: 1000 | cap2udp: 0 | kr2udp: 0 | 
2026-05-03 19:07:15,575 - INFO     - img2od: 44 | od2fr: 0 | od2lpr: 1000 | od2cap: 0 | fr2kr: 0 | lpr2kr: 1000 | cap2udp: 0 | kr2udp: 1 | 
2026-05-03 19:07:16,576 - INFO     - img2od: 44 | od2fr: 0 | od2lpr: 1000 | od2cap: 0 | fr2kr: 0 | lpr2kr: 1000 | cap2udp: 0 | kr2udp: 1 | 
2026-05-03 19:07:17,577 - INFO     - img2od: 44 | od2fr: 0 | od2lpr: 1000 | od2cap: 0 | fr2kr: 0 | lpr2kr: 1000 | cap2udp: 0 | kr2udp: 1 | 
2026-05-03 19:07:18,578 - INFO     - img2od: 44 | od2fr: 0 | od2lpr: 1000 | od2cap: 0 | fr2kr: 0 | lpr2kr: 1000 | cap2udp: 0 | kr2udp: 1 | 
2026-05-03 19:07:19,579 - INFO     - img2od: 44 | od2fr: 0 | od2lpr: 1000 | od2cap: 0 | fr2kr: 0 | lpr2kr: 1000 | cap2udp: 0 | kr2udp: 0 | 
2026-05-03 19:07:20,580 - INFO     - img2od: 44 | od2fr: 0 | od2lpr: 1000 | od2cap: 0 | fr2kr: 0 | lpr2kr: 1000 | cap2udp: 0 | kr2udp: 1 | 
2026-05-03 19:07:21,581 - INFO     - img2od: 44 | od2fr: 0 | od2lpr: 1000 | od2cap: 0 | fr2kr: 0 | lpr2kr: 1000 | cap2udp: 0 | kr2udp: 0 | 
2026-05-03 19:07:22,582 - INFO     - img2od: 44 | od2fr: 0 | od2lpr: 1000 | od2cap: 0 | fr2kr: 0 | lpr2kr: 1000 | cap2udp: 0 | kr2udp: 0 | 
2026-05-03 19:07:23,583 - INFO     - img2od: 44 | od2fr: 0 | od2lpr: 1000 | od2cap: 0 | fr2kr: 0 | lpr2kr: 1000 | cap2udp: 0 | kr2udp: 1 | 
2026-05-03 19:07:24,584 - INFO     - img2od: 44 | od2fr: 0 | od2lpr: 1000 | od2cap: 0 | fr2kr: 0 | lpr2kr: 1000 | cap2udp: 0 | kr2udp: 1 | 
2026-05-03 19:07:25,585 - INFO     - img2od: 44 | od2fr: 0 | od2lpr: 1000 | od2cap: 0 | fr2kr: 0 | lpr2kr: 1000 | cap2udp: 0 | kr2udp: 0 | 
2026-05-03 19:07:26,586 - INFO     - img2od: 44 | od2fr: 0 | od2lpr: 1000 | od2cap: 0 | fr2kr: 0 | lpr2kr: 1000 | cap2udp: 0 | kr2udp: 0 | 
2026-05-03 19:07:27,587 - INFO     - img2od: 44 | od2fr: 0 | od2lpr: 1000 | od2cap: 0 | fr2kr: 0 | lpr2kr: 1000 | cap2udp: 0 | kr2udp: 1 | 
2026-05-03 19:07:28,588 - INFO     - img2od: 44 | od2fr: 0 | od2lpr: 1000 | od2cap: 0 | fr2kr: 0 | lpr2kr: 1000 | cap2udp: 0 | kr2udp: 1 | 
2026-05-03 19:07:29,589 - INFO     - img2od: 44 | od2fr: 0 | od2lpr: 1000 | od2cap: 0 | fr2kr: 0 | lpr2kr: 1000 | cap2udp: 0 | kr2udp: 0 | 
2026-05-03 19:07:30,590 - INFO     - img2od: 44 | od2fr: 0 | od2lpr: 1000 | od2cap: 0 | fr2kr: 0 | lpr2kr: 1000 | cap2udp: 0 | kr2udp: 0 | 
2026-05-03 19:07:31,596 - INFO     - img2od: 44 | od2fr: 0 | od2lpr: 1000 | od2cap: 0 | fr2kr: 0 | lpr2kr: 1000 | cap2udp: 0 | kr2udp: 0 | 
2026-05-03 19:07:32,597 - INFO     - img2od: 44 | od2fr: 0 | od2lpr: 1000 | od2cap: 0 | fr2kr: 0 | lpr2kr: 1000 | cap2udp: 0 | kr2udp: 0 | 
2026-05-03 19:07:33,598 - INFO     - img2od: 44 | od2fr: 0 | od2lpr: 1000 | od2cap: 0 | fr2kr: 0 | lpr2kr: 1000 | cap2udp: 0 | kr2udp: 1 | 
2026-05-03 19:07:34,599 - INFO     - img2od: 44 | od2fr: 0 | od2lpr: 1000 | od2cap: 0 | fr2kr: 0 | lpr2kr: 1000 | cap2udp: 0 | kr2udp: 1 | 
2026-05-03 19:07:35,600 - INFO     - img2od: 44 | od2fr: 0 | od2lpr: 1000 | od2cap: 0 | fr2kr: 0 | lpr2kr: 1000 | cap2udp: 0 | kr2udp: 1 | 
2026-05-03 19:07:36,601 - INFO     - img2od: 44 | od2fr: 0 | od2lpr: 1000 | od2cap: 0 | fr2kr: 0 | lpr2kr: 1000 | cap2udp: 0 | kr2udp: 1 | 
2026-05-03 19:07:37,602 - INFO     - img2od: 44 | od2fr: 0 | od2lpr: 1000 | od2cap: 0 | fr2kr: 0 | lpr2kr: 1000 | cap2udp: 0 | kr2udp: 1 | 
2026-05-03 19:07:38,603 - INFO     - img2od: 44 | od2fr: 0 | od2lpr: 1000 | od2cap: 0 | fr2kr: 0 | lpr2kr: 1000 | cap2udp: 0 | kr2udp: 1 | 
2026-05-03 19:07:39,604 - INFO     - img2od: 44 | od2fr: 0 | od2lpr: 1000 | od2cap: 0 | fr2kr: 0 | lpr2kr: 1000 | cap2udp: 0 | kr2udp: 1 | 
2026-05-03 19:07:40,605 - INFO     - img2od: 44 | od2fr: 0 | od2lpr: 1000 | od2cap: 0 | fr2kr: 0 | lpr2kr: 1000 | cap2udp: 0 | kr2udp: 0 | 
2026-05-03 19:07:41,606 - INFO     - img2od: 44 | od2fr: 0 | od2lpr: 1000 | od2cap: 0 | fr2kr: 0 | lpr2kr: 1000 | cap2udp: 0 | kr2udp: 1 | 
2026-05-03 19:07:42,607 - INFO     - img2od: 44 | od2fr: 0 | od2lpr: 1000 | od2cap: 0 | fr2kr: 0 | lpr2kr: 1000 | cap2udp: 0 | kr2udp: 1 | 
2026-05-03 19:07:43,608 - INFO     - img2od: 44 | od2fr: 0 | od2lpr: 1000 | od2cap: 0 | fr2kr: 0 | lpr2kr: 1000 | cap2udp: 0 | kr2udp: 1 | 
2026-05-03 19:07:44,609 - INFO     - img2od: 44 | od2fr: 0 | od2lpr: 1000 | od2cap: 0 | fr2kr: 0 | lpr2kr: 1000 | cap2udp: 0 | kr2udp: 1 | 
2026-05-03 19:07:45,610 - INFO     - img2od: 44 | od2fr: 0 | od2lpr: 1000 | od2cap: 0 | fr2kr: 0 | lpr2kr: 1000 | cap2udp: 0 | kr2udp: 1 | 
2026-05-03 19:07:46,611 - INFO     - img2od: 44 | od2fr: 0 | od2lpr: 1000 | od2cap: 0 | fr2kr: 0 | lpr2kr: 1000 | cap2udp: 0 | kr2udp: 1 | 
2026-05-03 19:07:47,612 - INFO     - img2od: 44 | od2fr: 0 | od2lpr: 1000 | od2cap: 0 | fr2kr: 0 | lpr2kr: 1000 | cap2udp: 0 | kr2udp: 1 | 
2026-05-03 19:07:48,613 - INFO     - img2od: 44 | od2fr: 0 | od2lpr: 1000 | od2cap: 0 | fr2kr: 0 | lpr2kr: 1000 | cap2udp: 0 | kr2udp: 1 | 
2026-05-03 19:07:49,614 - INFO     - img2od: 44 | od2fr: 0 | od2lpr: 1000 | od2cap: 0 | fr2kr: 0 | lpr2kr: 1000 | cap2udp: 0 | kr2udp: 1 | 
2026-05-03 19:07:50,615 - INFO     - img2od: 44 | od2fr: 0 | od2lpr: 1000 | od2cap: 0 | fr2kr: 0 | lpr2kr: 1000 | cap2udp: 0 | kr2udp: 0 | 
2026-05-03 19:07:51,616 - INFO     - img2od: 44 | od2fr: 0 | od2lpr: 1000 | od2cap: 0 | fr2kr: 0 | lpr2kr: 1000 | cap2udp: 0 | kr2udp: 0 | 
2026-05-03 19:07:52,617 - INFO     - img2od: 44 | od2fr: 0 | od2lpr: 1000 | od2cap: 0 | fr2kr: 0 | lpr2kr: 1000 | cap2udp: 0 | kr2udp: 0 | 
2026-05-03 19:07:53,618 - INFO     - img2od: 44 | od2fr: 0 | od2lpr: 1000 | od2cap: 0 | fr2kr: 0 | lpr2kr: 1000 | cap2udp: 0 | kr2udp: 1 | 
2026-05-03 19:07:54,619 - INFO     - img2od: 44 | od2fr: 0 | od2lpr: 1000 | od2cap: 0 | fr2kr: 0 | lpr2kr: 1000 | cap2udp: 0 | kr2udp: 1 | 
2026-05-03 19:07:55,620 - INFO     - img2od: 44 | od2fr: 0 | od2lpr: 1000 | od2cap: 0 | fr2kr: 0 | lpr2kr: 1000 | cap2udp: 0 | kr2udp: 1 | 
2026-05-03 19:07:56,621 - INFO     - img2od: 44 | od2fr: 0 | od2lpr: 1000 | od2cap: 0 | fr2kr: 0 | lpr2kr: 1000 | cap2udp: 0 | kr2udp: 0 | 
2026-05-03 19:07:57,622 - INFO     - img2od: 44 | od2fr: 0 | od2lpr: 1000 | od2cap: 0 | fr2kr: 0 | lpr2kr: 1000 | cap2udp: 0 | kr2udp: 1 | 
2026-05-03 19:07:58,623 - INFO     - img2od: 44 | od2fr: 0 | od2lpr: 1000 | od2cap: 0 | fr2kr: 0 | lpr2kr: 1000 | cap2udp: 0 | kr2udp: 1 | 
2026-05-03 19:07:59,624 - INFO     - img2od: 44 | od2fr: 0 | od2lpr: 1000 | od2cap: 0 | fr2kr: 0 | lpr2kr: 1000 | cap2udp: 0 | kr2udp: 1 | 
2026-05-03 19:08:00,625 - INFO     - img2od: 44 | od2fr: 0 | od2lpr: 1000 | od2cap: 0 | fr2kr: 0 | lpr2kr: 1000 | cap2udp: 0 | kr2udp: 0 | 
2026-05-03 19:08:01,626 - INFO     - img2od: 44 | od2fr: 0 | od2lpr: 1000 | od2cap: 0 | fr2kr: 0 | lpr2kr: 1000 | cap2udp: 0 | kr2udp: 1 | 
2026-05-03 19:08:02,627 - INFO     - img2od: 44 | od2fr: 0 | od2lpr: 1000 | od2cap: 0 | fr2kr: 0 | lpr2kr: 1000 | cap2udp: 0 | kr2udp: 1 | 
2026-05-03 19:08:03,628 - INFO     - img2od: 44 | od2fr: 0 | od2lpr: 1000 | od2cap: 0 | fr2kr: 0 | lpr2kr: 1000 | cap2udp: 0 | kr2udp: 1 | 
2026-05-03 19:08:04,629 - INFO     - img2od: 44 | od2fr: 0 | od2lpr: 1000 | od2cap: 0 | fr2kr: 0 | lpr2kr: 1000 | cap2udp: 0 | kr2udp: 1 | 
2026-05-03 19:08:05,630 - INFO     - img2od: 44 | od2fr: 0 | od2lpr: 1000 | od2cap: 0 | fr2kr: 0 | lpr2kr: 1000 | cap2udp: 0 | kr2udp: 1 | 
2026-05-03 19:08:06,631 - INFO     - img2od: 44 | od2fr: 0 | od2lpr: 1000 | od2cap: 0 | fr2kr: 0 | lpr2kr: 999 | cap2udp: 0 | kr2udp: 1 | 
2026-05-03 19:08:07,632 - INFO     - img2od: 44 | od2fr: 0 | od2lpr: 1000 | od2cap: 0 | fr2kr: 0 | lpr2kr: 1000 | cap2udp: 0 | kr2udp: 1 | 
2026-05-03 19:08:08,633 - INFO     - img2od: 44 | od2fr: 0 | od2lpr: 1000 | od2cap: 0 | fr2kr: 0 | lpr2kr: 1000 | cap2udp: 0 | kr2udp: 0 | 
2026-05-03 19:08:09,634 - INFO     - img2od: 44 | od2fr: 0 | od2lpr: 1000 | od2cap: 0 | fr2kr: 0 | lpr2kr: 1000 | cap2udp: 0 | kr2udp: 0 | 
2026-05-03 19:08:10,635 - INFO     - img2od: 44 | od2fr: 0 | od2lpr: 999 | od2cap: 0 | fr2kr: 0 | lpr2kr: 1000 | cap2udp: 0 | kr2udp: 1 | 
2026-05-03 19:08:11,636 - INFO     - img2od: 44 | od2fr: 0 | od2lpr: 1000 | od2cap: 0 | fr2kr: 0 | lpr2kr: 1000 | cap2udp: 0 | kr2udp: 1 | 
2026-05-03 19:08:12,637 - INFO     - img2od: 44 | od2fr: 0 | od2lpr: 1000 | od2cap: 0 | fr2kr: 0 | lpr2kr: 1000 | cap2udp: 0 | kr2udp: 1 | 
2026-05-03 19:08:13,638 - INFO     - img2od: 44 | od2fr: 0 | od2lpr: 1000 | od2cap: 0 | fr2kr: 0 | lpr2kr: 1000 | cap2udp: 0 | kr2udp: 1 | 
2026-05-03 19:08:14,639 - INFO     - img2od: 44 | od2fr: 0 | od2lpr: 1000 | od2cap: 0 | fr2kr: 0 | lpr2kr: 1000 | cap2udp: 0 | kr2udp: 1 | 
2026-05-03 19:08:15,640 - INFO     - img2od: 44 | od2fr: 0 | od2lpr: 1000 | od2cap: 0 | fr2kr: 0 | lpr2kr: 1000 | cap2udp: 0 | kr2udp: 1 | 
2026-05-03 19:08:16,641 - INFO     - img2od: 44 | od2fr: 0 | od2lpr: 1000 | od2cap: 0 | fr2kr: 0 | lpr2kr: 1000 | cap2udp: 0 | kr2udp: 0 | 
2026-05-03 19:08:17,642 - INFO     - img2od: 44 | od2fr: 0 | od2lpr: 1000 | od2cap: 0 | fr2kr: 0 | lpr2kr: 1000 | cap2udp: 0 | kr2udp: 1 | 
2026-05-03 19:08:18,643 - INFO     - img2od: 44 | od2fr: 0 | od2lpr: 1000 | od2cap: 0 | fr2kr: 0 | lpr2kr: 1000 | cap2udp: 0 | kr2udp: 1 | 
2026-05-03 19:08:19,644 - INFO     - img2od: 44 | od2fr: 0 | od2lpr: 1000 | od2cap: 0 | fr2kr: 0 | lpr2kr: 1000 | cap2udp: 0 | kr2udp: 0 | 
2026-05-03 19:08:20,645 - INFO     - img2od: 44 | od2fr: 0 | od2lpr: 1000 | od2cap: 0 | fr2kr: 0 | lpr2kr: 1000 | cap2udp: 0 | kr2udp: 0 | 
2026-05-03 19:08:21,646 - INFO     - img2od: 44 | od2fr: 0 | od2lpr: 1000 | od2cap: 0 | fr2kr: 0 | lpr2kr: 1000 | cap2udp: 0 | kr2udp: 1 | 
2026-05-03 19:08:22,647 - INFO     - img2od: 44 | od2fr: 0 | od2lpr: 1000 | od2cap: 0 | fr2kr: 0 | lpr2kr: 1000 | cap2udp: 0 | kr2udp: 0 | 
2026-05-03 19:08:23,648 - INFO     - img2od: 44 | od2fr: 0 | od2lpr: 1000 | od2cap: 0 | fr2kr: 0 | lpr2kr: 1000 | cap2udp: 0 | kr2udp: 1 | 
2026-05-03 19:08:24,649 - INFO     - img2od: 44 | od2fr: 0 | od2lpr: 1000 | od2cap: 0 | fr2kr: 0 | lpr2kr: 1000 | cap2udp: 0 | kr2udp: 1 | 
2026-05-03 19:08:25,650 - INFO     - img2od: 44 | od2fr: 0 | od2lpr: 1000 | od2cap: 0 | fr2kr: 0 | lpr2kr: 1000 | cap2udp: 0 | kr2udp: 1 | 
2026-05-03 19:08:26,651 - INFO     - img2od: 44 | od2fr: 0 | od2lpr: 1000 | od2cap: 0 | fr2kr: 0 | lpr2kr: 1000 | cap2udp: 0 | kr2udp: 1 | 
2026-05-03 19:08:27,652 - INFO     - img2od: 44 | od2fr: 0 | od2lpr: 1000 | od2cap: 0 | fr2kr: 0 | lpr2kr: 1000 | cap2udp: 0 | kr2udp: 1 | 
2026-05-03 19:08:28,653 - INFO     - img2od: 44 | od2fr: 0 | od2lpr: 1000 | od2cap: 0 | fr2kr: 0 | lpr2kr: 1000 | cap2udp: 0 | kr2udp: 1 | 
2026-05-03 19:08:29,654 - INFO     - img2od: 44 | od2fr: 0 | od2lpr: 1000 | od2cap: 0 | fr2kr: 0 | lpr2kr: 1000 | cap2udp: 0 | kr2udp: 1 | 
2026-05-03 19:08:30,655 - INFO     - img2od: 44 | od2fr: 0 | od2lpr: 1000 | od2cap: 0 | fr2kr: 0 | lpr2kr: 1000 | cap2udp: 0 | kr2udp: 1 | 
2026-05-03 19:08:31,656 - INFO     - img2od: 44 | od2fr: 0 | od2lpr: 1000 | od2cap: 0 | fr2kr: 0 | lpr2kr: 1000 | cap2udp: 0 | kr2udp: 1 | 
2026-05-03 19:08:32,657 - INFO     - img2od: 44 | od2fr: 0 | od2lpr: 1000 | od2cap: 0 | fr2kr: 0 | lpr2kr: 1000 | cap2udp: 0 | kr2udp: 0 | 
2026-05-03 19:08:33,658 - INFO     - img2od: 44 | od2fr: 0 | od2lpr: 1000 | od2cap: 0 | fr2kr: 0 | lpr2kr: 1000 | cap2udp: 0 | kr2udp: 0 | 
2026-05-03 19:08:34,659 - INFO     - img2od: 44 | od2fr: 0 | od2lpr: 1000 | od2cap: 0 | fr2kr: 0 | lpr2kr: 1000 | cap2udp: 0 | kr2udp: 1 | 
2026-05-03 19:08:35,660 - INFO     - img2od: 44 | od2fr: 0 | od2lpr: 1000 | od2cap: 0 | fr2kr: 0 | lpr2kr: 1000 | cap2udp: 0 | kr2udp: 1 | 
2026-05-03 19:08:36,661 - INFO     - img2od: 44 | od2fr: 0 | od2lpr: 1000 | od2cap: 0 | fr2kr: 0 | lpr2kr: 1000 | cap2udp: 0 | kr2udp: 1 | 
2026-05-03 19:08:37,662 - INFO     - img2od: 44 | od2fr: 0 | od2lpr: 1000 | od2cap: 0 | fr2kr: 0 | lpr2kr: 1000 | cap2udp: 0 | kr2udp: 1 | 
2026-05-03 19:08:38,663 - INFO     - img2od: 44 | od2fr: 0 | od2lpr: 1000 | od2cap: 0 | fr2kr: 0 | lpr2kr: 1000 | cap2udp: 0 | kr2udp: 1 | 
2026-05-03 19:08:39,664 - INFO     - img2od: 44 | od2fr: 0 | od2lpr: 1000 | od2cap: 0 | fr2kr: 0 | lpr2kr: 1000 | cap2udp: 0 | kr2udp: 1 | 
2026-05-03 19:08:40,665 - INFO     - img2od: 44 | od2fr: 0 | od2lpr: 1000 | od2cap: 0 | fr2kr: 0 | lpr2kr: 1000 | cap2udp: 0 | kr2udp: 1 | 
2026-05-03 19:08:41,666 - INFO     - img2od: 44 | od2fr: 0 | od2lpr: 1000 | od2cap: 0 | fr2kr: 0 | lpr2kr: 1000 | cap2udp: 0 | kr2udp: 1 | 
2026-05-03 19:08:42,667 - INFO     - img2od: 44 | od2fr: 0 | od2lpr: 1000 | od2cap: 0 | fr2kr: 0 | lpr2kr: 1000 | cap2udp: 0 | kr2udp: 1 | 
2026-05-03 19:08:43,668 - INFO     - img2od: 44 | od2fr: 0 | od2lpr: 1000 | od2cap: 0 | fr2kr: 0 | lpr2kr: 1000 | cap2udp: 0 | kr2udp: 1 | 
2026-05-03 19:08:44,669 - INFO     - img2od: 44 | od2fr: 0 | od2lpr: 1000 | od2cap: 0 | fr2kr: 0 | lpr2kr: 1000 | cap2udp: 0 | kr2udp: 1 | 
2026-05-03 19:08:45,670 - INFO     - img2od: 44 | od2fr: 0 | od2lpr: 1000 | od2cap: 0 | fr2kr: 0 | lpr2kr: 1000 | cap2udp: 0 | kr2udp: 0 | 
2026-05-03 19:08:46,671 - INFO     - img2od: 44 | od2fr: 0 | od2lpr: 1000 | od2cap: 0 | fr2kr: 0 | lpr2kr: 1000 | cap2udp: 0 | kr2udp: 0 | 
2026-05-03 19:08:47,672 - INFO     - img2od: 44 | od2fr: 0 | od2lpr: 1000 | od2cap: 0 | fr2kr: 0 | lpr2kr: 1000 | cap2udp: 0 | kr2udp: 1 | 
2026-05-03 19:08:48,673 - INFO     - img2od: 44 | od2fr: 0 | od2lpr: 1000 | od2cap: 0 | fr2kr: 0 | lpr2kr: 1000 | cap2udp: 0 | kr2udp: 1 | 
2026-05-03 19:08:49,674 - INFO     - img2od: 44 | od2fr: 0 | od2lpr: 1000 | od2cap: 0 | fr2kr: 0 | lpr2kr: 1000 | cap2udp: 0 | kr2udp: 1 | 
2026-05-03 19:08:50,675 - INFO     - img2od: 44 | od2fr: 0 | od2lpr: 1000 | od2cap: 0 | fr2kr: 0 | lpr2kr: 1000 | cap2udp: 0 | kr2udp: 1 | 
2026-05-03 19:08:51,676 - INFO     - img2od: 44 | od2fr: 0 | od2lpr: 1000 | od2cap: 0 | fr2kr: 0 | lpr2kr: 1000 | cap2udp: 0 | kr2udp: 1 | 
2026-05-03 19:08:52,677 - INFO     - img2od: 44 | od2fr: 0 | od2lpr: 1000 | od2cap: 0 | fr2kr: 0 | lpr2kr: 1000 | cap2udp: 0 | kr2udp: 0 | 
2026-05-03 19:08:53,678 - INFO     - img2od: 44 | od2fr: 0 | od2lpr: 1000 | od2cap: 0 | fr2kr: 0 | lpr2kr: 1000 | cap2udp: 0 | kr2udp: 1 | 
2026-05-03 19:08:54,679 - INFO     - img2od: 44 | od2fr: 0 | od2lpr: 1000 | od2cap: 0 | fr2kr: 0 | lpr2kr: 1000 | cap2udp: 0 | kr2udp: 1 | 
2026-05-03 19:08:55,680 - INFO     - img2od: 44 | od2fr: 0 | od2lpr: 1000 | od2cap: 0 | fr2kr: 0 | lpr2kr: 1000 | cap2udp: 0 | kr2udp: 1 | 
2026-05-03 19:08:56,681 - INFO     - img2od: 44 | od2fr: 0 | od2lpr: 1000 | od2cap: 0 | fr2kr: 0 | lpr2kr: 1000 | cap2udp: 0 | kr2udp: 1 | 
2026-05-03 19:08:57,682 - INFO     - img2od: 44 | od2fr: 0 | od2lpr: 1000 | od2cap: 0 | fr2kr: 0 | lpr2kr: 1000 | cap2udp: 0 | kr2udp: 1 | 
2026-05-03 19:08:58,683 - INFO     - img2od: 44 | od2fr: 0 | od2lpr: 1000 | od2cap: 0 | fr2kr: 0 | lpr2kr: 1000 | cap2udp: 0 | kr2udp: 1 | 
2026-05-03 19:08:59,684 - INFO     - img2od: 44 | od2fr: 0 | od2lpr: 1000 | od2cap: 0 | fr2kr: 0 | lpr2kr: 1000 | cap2udp: 0 | kr2udp: 1 | 
2026-05-03 19:09:00,685 - INFO     - img2od: 44 | od2fr: 0 | od2lpr: 1000 | od2cap: 0 | fr2kr: 0 | lpr2kr: 1000 | cap2udp: 0 | kr2udp: 0 | 
2026-05-03 19:09:01,686 - INFO     - img2od: 44 | od2fr: 0 | od2lpr: 1000 | od2cap: 0 | fr2kr: 0 | lpr2kr: 1000 | cap2udp: 0 | kr2udp: 0 | 
2026-05-03 19:09:02,687 - INFO     - img2od: 44 | od2fr: 0 | od2lpr: 1000 | od2cap: 0 | fr2kr: 0 | lpr2kr: 1000 | cap2udp: 0 | kr2udp: 1 | 
2026-05-03 19:09:03,688 - INFO     - img2od: 44 | od2fr: 0 | od2lpr: 1000 | od2cap: 0 | fr2kr: 0 | lpr2kr: 1000 | cap2udp: 0 | kr2udp: 1 | 
2026-05-03 19:09:04,689 - INFO     - img2od: 44 | od2fr: 0 | od2lpr: 1000 | od2cap: 0 | fr2kr: 0 | lpr2kr: 1000 | cap2udp: 0 | kr2udp: 1 | 
2026-05-03 19:09:05,690 - INFO     - img2od: 44 | od2fr: 0 | od2lpr: 1000 | od2cap: 0 | fr2kr: 0 | lpr2kr: 1000 | cap2udp: 0 | kr2udp: 1 | 
2026-05-03 19:09:06,691 - INFO     - img2od: 44 | od2fr: 0 | od2lpr: 1000 | od2cap: 0 | fr2kr: 0 | lpr2kr: 1000 | cap2udp: 0 | kr2udp: 0 | 
2026-05-03 19:09:07,692 - INFO     - img2od: 44 | od2fr: 0 | od2lpr: 1000 | od2cap: 0 | fr2kr: 0 | lpr2kr: 1000 | cap2udp: 0 | kr2udp: 1 | 
2026-05-03 19:09:08,693 - INFO     - img2od: 44 | od2fr: 0 | od2lpr: 1000 | od2cap: 0 | fr2kr: 0 | lpr2kr: 1000 | cap2udp: 0 | kr2udp: 1 | 
2026-05-03 19:09:09,694 - INFO     - img2od: 44 | od2fr: 0 | od2lpr: 1000 | od2cap: 0 | fr2kr: 0 | lpr2kr: 1000 | cap2udp: 0 | kr2udp: 1 | 
2026-05-03 19:09:10,695 - INFO     - img2od: 44 | od2fr: 0 | od2lpr: 1000 | od2cap: 0 | fr2kr: 0 | lpr2kr: 1000 | cap2udp: 0 | kr2udp: 1 | 
2026-05-03 19:09:11,696 - INFO     - img2od: 44 | od2fr: 0 | od2lpr: 1000 | od2cap: 0 | fr2kr: 0 | lpr2kr: 1000 | cap2udp: 0 | kr2udp: 1 | 
2026-05-03 19:09:12,697 - INFO     - img2od: 44 | od2fr: 0 | od2lpr: 1000 | od2cap: 0 | fr2kr: 0 | lpr2kr: 1000 | cap2udp: 0 | kr2udp: 0 | 
2026-05-03 19:09:13,698 - INFO     - img2od: 44 | od2fr: 0 | od2lpr: 1000 | od2cap: 0 | fr2kr: 0 | lpr2kr: 1000 | cap2udp: 0 | kr2udp: 1 | 
2026-05-03 19:09:14,699 - INFO     - img2od: 44 | od2fr: 0 | od2lpr: 1000 | od2cap: 0 | fr2kr: 0 | lpr2kr: 1000 | cap2udp: 0 | kr2udp: 1 | 
2026-05-03 19:09:15,700 - INFO     - img2od: 44 | od2fr: 0 | od2lpr: 1000 | od2cap: 0 | fr2kr: 0 | lpr2kr: 1000 | cap2udp: 0 | kr2udp: 0 | 
2026-05-03 19:09:16,701 - INFO     - img2od: 44 | od2fr: 0 | od2lpr: 1000 | od2cap: 0 | fr2kr: 0 | lpr2kr: 1000 | cap2udp: 0 | kr2udp: 1 | 
2026-05-03 19:09:17,702 - INFO     - img2od: 44 | od2fr: 0 | od2lpr: 1000 | od2cap: 0 | fr2kr: 0 | lpr2kr: 1000 | cap2udp: 0 | kr2udp: 1 | 
2026-05-03 19:09:18,703 - INFO     - img2od: 44 | od2fr: 0 | od2lpr: 1000 | od2cap: 0 | fr2kr: 0 | lpr2kr: 1000 | cap2udp: 0 | kr2udp: 0 | 
2026-05-03 19:09:19,704 - INFO     - img2od: 44 | od2fr: 0 | od2lpr: 1000 | od2cap: 0 | fr2kr: 0 | lpr2kr: 1000 | cap2udp: 0 | kr2udp: 0 | 
2026-05-03 19:09:20,705 - INFO     - img2od: 44 | od2fr: 0 | od2lpr: 1000 | od2cap: 0 | fr2kr: 0 | lpr2kr: 1000 | cap2udp: 0 | kr2udp: 1 | 
2026-05-03 19:09:21,706 - INFO     - img2od: 44 | od2fr: 0 | od2lpr: 1000 | od2cap: 0 | fr2kr: 0 | lpr2kr: 1000 | cap2udp: 0 | kr2udp: 1 | 
2026-05-03 19:09:22,707 - INFO     - img2od: 44 | od2fr: 0 | od2lpr: 1000 | od2cap: 0 | fr2kr: 0 | lpr2kr: 1000 | cap2udp: 0 | kr2udp: 1 | 
2026-05-03 19:09:23,708 - INFO     - img2od: 44 | od2fr: 0 | od2lpr: 1000 | od2cap: 0 | fr2kr: 0 | lpr2kr: 1000 | cap2udp: 0 | kr2udp: 1 | 
2026-05-03 19:09:24,709 - INFO     - img2od: 44 | od2fr: 0 | od2lpr: 1000 | od2cap: 0 | fr2kr: 0 | lpr2kr: 999 | cap2udp: 0 | kr2udp: 1 | 
2026-05-03 19:09:25,710 - INFO     - img2od: 44 | od2fr: 0 | od2lpr: 1000 | od2cap: 0 | fr2kr: 0 | lpr2kr: 1000 | cap2udp: 0 | kr2udp: 1 | 
2026-05-03 19:09:26,711 - INFO     - img2od: 44 | od2fr: 0 | od2lpr: 1000 | od2cap: 0 | fr2kr: 0 | lpr2kr: 1000 | cap2udp: 0 | kr2udp: 1 | 
2026-05-03 19:09:27,712 - INFO     - img2od: 44 | od2fr: 0 | od2lpr: 1000 | od2cap: 0 | fr2kr: 0 | lpr2kr: 1000 | cap2udp: 0 | kr2udp: 1 | 
2026-05-03 19:09:28,713 - INFO     - img2od: 44 | od2fr: 0 | od2lpr: 1000 | od2cap: 0 | fr2kr: 0 | lpr2kr: 1000 | cap2udp: 0 | kr2udp: 1 | 
2026-05-03 19:09:29,714 - INFO     - img2od: 44 | od2fr: 0 | od2lpr: 1000 | od2cap: 0 | fr2kr: 0 | lpr2kr: 1000 | cap2udp: 0 | kr2udp: 1 | 
2026-05-03 19:09:30,715 - INFO     - img2od: 44 | od2fr: 0 | od2lpr: 1000 | od2cap: 0 | fr2kr: 0 | lpr2kr: 1000 | cap2udp: 0 | kr2udp: 1 | 
2026-05-03 19:09:31,716 - INFO     - img2od: 44 | od2fr: 0 | od2lpr: 1000 | od2cap: 0 | fr2kr: 0 | lpr2kr: 1000 | cap2udp: 0 | kr2udp: 1 | 
2026-05-03 19:09:32,717 - INFO     - img2od: 44 | od2fr: 0 | od2lpr: 1000 | od2cap: 0 | fr2kr: 0 | lpr2kr: 1000 | cap2udp: 0 | kr2udp: 1 | 
2026-05-03 19:09:33,718 - INFO     - img2od: 44 | od2fr: 0 | od2lpr: 1000 | od2cap: 0 | fr2kr: 0 | lpr2kr: 1000 | cap2udp: 0 | kr2udp: 0 | 
2026-05-03 19:09:34,719 - INFO     - img2od: 44 | od2fr: 0 | od2lpr: 1000 | od2cap: 0 | fr2kr: 0 | lpr2kr: 1000 | cap2udp: 0 | kr2udp: 1 | 
2026-05-03 19:09:35,720 - INFO     - img2od: 44 | od2fr: 0 | od2lpr: 1000 | od2cap: 0 | fr2kr: 0 | lpr2kr: 1000 | cap2udp: 0 | kr2udp: 1 | 
2026-05-03 19:09:36,721 - INFO     - img2od: 44 | od2fr: 0 | od2lpr: 1000 | od2cap: 0 | fr2kr: 0 | lpr2kr: 1000 | cap2udp: 0 | kr2udp: 1 | 
2026-05-03 19:09:37,722 - INFO     - img2od: 44 | od2fr: 0 | od2lpr: 1000 | od2cap: 0 | fr2kr: 0 | lpr2kr: 1000 | cap2udp: 0 | kr2udp: 1 | 
2026-05-03 19:09:38,723 - INFO     - img2od: 44 | od2fr: 0 | od2lpr: 1000 | od2cap: 0 | fr2kr: 0 | lpr2kr: 1000 | cap2udp: 0 | kr2udp: 1 | 
2026-05-03 19:09:39,724 - INFO     - img2od: 44 | od2fr: 0 | od2lpr: 1000 | od2cap: 0 | fr2kr: 0 | lpr2kr: 1000 | cap2udp: 0 | kr2udp: 1 | 
2026-05-03 19:09:40,725 - INFO     - img2od: 44 | od2fr: 0 | od2lpr: 1000 | od2cap: 0 | fr2kr: 0 | lpr2kr: 999 | cap2udp: 0 | kr2udp: 1 | 
2026-05-03 19:09:41,726 - INFO     - img2od: 44 | od2fr: 0 | od2lpr: 1000 | od2cap: 0 | fr2kr: 0 | lpr2kr: 1000 | cap2udp: 0 | kr2udp: 1 | 
2026-05-03 19:09:42,727 - INFO     - img2od: 44 | od2fr: 0 | od2lpr: 1000 | od2cap: 0 | fr2kr: 0 | lpr2kr: 1000 | cap2udp: 0 | kr2udp: 0 | 
2026-05-03 19:09:43,728 - INFO     - img2od: 44 | od2fr: 0 | od2lpr: 1000 | od2cap: 0 | fr2kr: 0 | lpr2kr: 1000 | cap2udp: 0 | kr2udp: 1 | 
2026-05-03 19:09:44,729 - INFO     - img2od: 44 | od2fr: 0 | od2lpr: 1000 | od2cap: 0 | fr2kr: 0 | lpr2kr: 1000 | cap2udp: 0 | kr2udp: 1 | 
2026-05-03 19:09:45,730 - INFO     - img2od: 44 | od2fr: 0 | od2lpr: 1000 | od2cap: 0 | fr2kr: 0 | lpr2kr: 1000 | cap2udp: 0 | kr2udp: 1 | 
2026-05-03 19:09:46,731 - INFO     - img2od: 44 | od2fr: 0 | od2lpr: 1000 | od2cap: 0 | fr2kr: 0 | lpr2kr: 1000 | cap2udp: 0 | kr2udp: 1 | 
2026-05-03 19:09:47,732 - INFO     - img2od: 44 | od2fr: 0 | od2lpr: 1000 | od2cap: 0 | fr2kr: 0 | lpr2kr: 1000 | cap2udp: 0 | kr2udp: 0 | 
2026-05-03 19:09:48,733 - INFO     - img2od: 44 | od2fr: 0 | od2lpr: 1000 | od2cap: 0 | fr2kr: 0 | lpr2kr: 1000 | cap2udp: 0 | kr2udp: 0 | 
2026-05-03 19:09:49,734 - INFO     - img2od: 44 | od2fr: 0 | od2lpr: 1000 | od2cap: 0 | fr2kr: 0 | lpr2kr: 1000 | cap2udp: 0 | kr2udp: 0 | 
2026-05-03 19:09:50,735 - INFO     - img2od: 44 | od2fr: 0 | od2lpr: 1000 | od2cap: 0 | fr2kr: 0 | lpr2kr: 1000 | cap2udp: 0 | kr2udp: 1 | 
2026-05-03 19:09:51,736 - INFO     - img2od: 44 | od2fr: 0 | od2lpr: 1000 | od2cap: 0 | fr2kr: 0 | lpr2kr: 1000 | cap2udp: 0 | kr2udp: 1 | 
2026-05-03 19:09:52,737 - INFO     - img2od: 44 | od2fr: 0 | od2lpr: 1000 | od2cap: 0 | fr2kr: 0 | lpr2kr: 1000 | cap2udp: 0 | kr2udp: 1 | 
2026-05-03 19:09:53,738 - INFO     - img2od: 44 | od2fr: 0 | od2lpr: 1000 | od2cap: 0 | fr2kr: 0 | lpr2kr: 1000 | cap2udp: 0 | kr2udp: 1 | 
2026-05-03 19:09:54,739 - INFO     - img2od: 44 | od2fr: 0 | od2lpr: 1000 | od2cap: 0 | fr2kr: 0 | lpr2kr: 1000 | cap2udp: 0 | kr2udp: 1 | 
2026-05-03 19:09:55,740 - INFO     - img2od: 44 | od2fr: 0 | od2lpr: 1000 | od2cap: 0 | fr2kr: 0 | lpr2kr: 1000 | cap2udp: 0 | kr2udp: 1 | 
2026-05-03 19:09:56,741 - INFO     - img2od: 44 | od2fr: 0 | od2lpr: 1000 | od2cap: 0 | fr2kr: 0 | lpr2kr: 1000 | cap2udp: 0 | kr2udp: 1 | 
2026-05-03 19:09:57,742 - INFO     - img2od: 44 | od2fr: 0 | od2lpr: 1000 | od2cap: 0 | fr2kr: 0 | lpr2kr: 1000 | cap2udp: 0 | kr2udp: 0 | 
2026-05-03 19:09:58,743 - INFO     - img2od: 44 | od2fr: 0 | od2lpr: 1000 | od2cap: 0 | fr2kr: 0 | lpr2kr: 1000 | cap2udp: 0 | kr2udp: 0 | 
2026-05-03 19:09:59,744 - INFO     - img2od: 44 | od2fr: 0 | od2lpr: 999 | od2cap: 0 | fr2kr: 0 | lpr2kr: 1000 | cap2udp: 0 | kr2udp: 1 | 
2026-05-03 19:10:00,745 - INFO     - img2od: 44 | od2fr: 0 | od2lpr: 1000 | od2cap: 0 | fr2kr: 0 | lpr2kr: 1000 | cap2udp: 0 | kr2udp: 1 | 
2026-05-03 19:10:01,746 - INFO     - img2od: 44 | od2fr: 0 | od2lpr: 1000 | od2cap: 0 | fr2kr: 0 | lpr2kr: 1000 | cap2udp: 0 | kr2udp: 1 | 
2026-05-03 19:10:02,747 - INFO     - img2od: 44 | od2fr: 0 | od2lpr: 1000 | od2cap: 0 | fr2kr: 0 | lpr2kr: 1000 | cap2udp: 0 | kr2udp: 1 | 
2026-05-03 19:10:03,748 - INFO     - img2od: 44 | od2fr: 0 | od2lpr: 1000 | od2cap: 0 | fr2kr: 0 | lpr2kr: 1000 | cap2udp: 0 | kr2udp: 1 | 
2026-05-03 19:10:04,749 - INFO     - img2od: 44 | od2fr: 0 | od2lpr: 1000 | od2cap: 0 | fr2kr: 0 | lpr2kr: 1000 | cap2udp: 0 | kr2udp: 0 | 
2026-05-03 19:10:05,750 - INFO     - img2od: 44 | od2fr: 0 | od2lpr: 1000 | od2cap: 0 | fr2kr: 0 | lpr2kr: 1000 | cap2udp: 0 | kr2udp: 1 | 
2026-05-03 19:10:06,751 - INFO     - img2od: 44 | od2fr: 0 | od2lpr: 1000 | od2cap: 0 | fr2kr: 0 | lpr2kr: 1000 | cap2udp: 0 | kr2udp: 1 | 
2026-05-03 19:10:07,752 - INFO     - img2od: 44 | od2fr: 0 | od2lpr: 1000 | od2cap: 0 | fr2kr: 0 | lpr2kr: 1000 | cap2udp: 0 | kr2udp: 1 | 
2026-05-03 19:10:08,753 - INFO     - img2od: 44 | od2fr: 0 | od2lpr: 1000 | od2cap: 0 | fr2kr: 0 | lpr2kr: 1000 | cap2udp: 0 | kr2udp: 1 | 
2026-05-03 19:10:09,754 - INFO     - img2od: 44 | od2fr: 0 | od2lpr: 1000 | od2cap: 0 | fr2kr: 0 | lpr2kr: 1000 | cap2udp: 0 | kr2udp: 1 | 
2026-05-03 19:10:10,755 - INFO     - img2od: 44 | od2fr: 0 | od2lpr: 1000 | od2cap: 0 | fr2kr: 0 | lpr2kr: 1000 | cap2udp: 0 | kr2udp: 0 | 
2026-05-03 19:10:11,756 - INFO     - img2od: 44 | od2fr: 0 | od2lpr: 1000 | od2cap: 0 | fr2kr: 0 | lpr2kr: 1000 | cap2udp: 0 | kr2udp: 1 | 
2026-05-03 19:10:12,757 - INFO     - img2od: 44 | od2fr: 0 | od2lpr: 1000 | od2cap: 0 | fr2kr: 0 | lpr2kr: 1000 | cap2udp: 0 | kr2udp: 0 | 
2026-05-03 19:10:13,758 - INFO     - img2od: 44 | od2fr: 0 | od2lpr: 1000 | od2cap: 0 | fr2kr: 0 | lpr2kr: 1000 | cap2udp: 0 | kr2udp: 1 | 
2026-05-03 19:10:14,759 - INFO     - img2od: 44 | od2fr: 0 | od2lpr: 1000 | od2cap: 0 | fr2kr: 0 | lpr2kr: 1000 | cap2udp: 0 | kr2udp: 1 | 
2026-05-03 19:10:15,760 - INFO     - img2od: 44 | od2fr: 0 | od2lpr: 1000 | od2cap: 0 | fr2kr: 0 | lpr2kr: 1000 | cap2udp: 0 | kr2udp: 1 | 
2026-05-03 19:10:16,761 - INFO     - img2od: 44 | od2fr: 0 | od2lpr: 1000 | od2cap: 0 | fr2kr: 0 | lpr2kr: 1000 | cap2udp: 0 | kr2udp: 0 | 
2026-05-03 19:10:17,762 - INFO     - img2od: 44 | od2fr: 0 | od2lpr: 1000 | od2cap: 0 | fr2kr: 0 | lpr2kr: 1000 | cap2udp: 0 | kr2udp: 1 | 
2026-05-03 19:10:18,763 - INFO     - img2od: 44 | od2fr: 0 | od2lpr: 1000 | od2cap: 0 | fr2kr: 0 | lpr2kr: 1000 | cap2udp: 0 | kr2udp: 1 | 
2026-05-03 19:10:19,764 - INFO     - img2od: 44 | od2fr: 0 | od2lpr: 1000 | od2cap: 0 | fr2kr: 0 | lpr2kr: 1000 | cap2udp: 0 | kr2udp: 1 | 
2026-05-03 19:10:20,765 - INFO     - img2od: 44 | od2fr: 0 | od2lpr: 1000 | od2cap: 0 | fr2kr: 0 | lpr2kr: 1000 | cap2udp: 0 | kr2udp: 1 | 
2026-05-03 19:10:21,766 - INFO     - img2od: 44 | od2fr: 0 | od2lpr: 1000 | od2cap: 0 | fr2kr: 0 | lpr2kr: 1000 | cap2udp: 0 | kr2udp: 1 | 
2026-05-03 19:10:22,767 - INFO     - img2od: 44 | od2fr: 0 | od2lpr: 1000 | od2cap: 0 | fr2kr: 0 | lpr2kr: 1000 | cap2udp: 0 | kr2udp: 1 | 
2026-05-03 19:10:23,768 - INFO     - img2od: 44 | od2fr: 0 | od2lpr: 1000 | od2cap: 0 | fr2kr: 0 | lpr2kr: 1000 | cap2udp: 0 | kr2udp: 1 | 
2026-05-03 19:10:24,769 - INFO     - img2od: 44 | od2fr: 0 | od2lpr: 1000 | od2cap: 0 | fr2kr: 0 | lpr2kr: 1000 | cap2udp: 0 | kr2udp: 1 | 
2026-05-03 19:10:25,770 - INFO     - img2od: 44 | od2fr: 0 | od2lpr: 1000 | od2cap: 0 | fr2kr: 0 | lpr2kr: 1000 | cap2udp: 0 | kr2udp: 1 | 
2026-05-03 19:10:26,771 - INFO     - img2od: 44 | od2fr: 0 | od2lpr: 1000 | od2cap: 0 | fr2kr: 0 | lpr2kr: 1000 | cap2udp: 0 | kr2udp: 0 | 
2026-05-03 19:10:27,772 - INFO     - img2od: 44 | od2fr: 0 | od2lpr: 1000 | od2cap: 0 | fr2kr: 0 | lpr2kr: 1000 | cap2udp: 0 | kr2udp: 0 | 
2026-05-03 19:10:28,773 - INFO     - img2od: 44 | od2fr: 0 | od2lpr: 1000 | od2cap: 0 | fr2kr: 0 | lpr2kr: 1000 | cap2udp: 0 | kr2udp: 1 | 
2026-05-03 19:10:29,774 - INFO     - img2od: 44 | od2fr: 0 | od2lpr: 1000 | od2cap: 0 | fr2kr: 0 | lpr2kr: 1000 | cap2udp: 0 | kr2udp: 1 | 
2026-05-03 19:10:30,775 - INFO     - img2od: 44 | od2fr: 0 | od2lpr: 1000 | od2cap: 0 | fr2kr: 0 | lpr2kr: 1000 | cap2udp: 0 | kr2udp: 0 | 
2026-05-03 19:10:31,776 - INFO     - img2od: 44 | od2fr: 0 | od2lpr: 1000 | od2cap: 0 | fr2kr: 0 | lpr2kr: 1000 | cap2udp: 0 | kr2udp: 0 | 
2026-05-03 19:10:32,777 - INFO     - img2od: 44 | od2fr: 0 | od2lpr: 1000 | od2cap: 0 | fr2kr: 0 | lpr2kr: 1000 | cap2udp: 0 | kr2udp: 1 | 
2026-05-03 19:10:33,778 - INFO     - img2od: 44 | od2fr: 0 | od2lpr: 1000 | od2cap: 0 | fr2kr: 0 | lpr2kr: 1000 | cap2udp: 0 | kr2udp: 1 | 
2026-05-03 19:10:34,779 - INFO     - img2od: 44 | od2fr: 0 | od2lpr: 1000 | od2cap: 0 | fr2kr: 0 | lpr2kr: 1000 | cap2udp: 0 | kr2udp: 1 | 
2026-05-03 19:10:35,780 - INFO     - img2od: 44 | od2fr: 0 | od2lpr: 1000 | od2cap: 0 | fr2kr: 0 | lpr2kr: 1000 | cap2udp: 0 | kr2udp: 0 | 
2026-05-03 19:10:36,781 - INFO     - img2od: 44 | od2fr: 0 | od2lpr: 1000 | od2cap: 0 | fr2kr: 0 | lpr2kr: 1000 | cap2udp: 0 | kr2udp: 1 | 
2026-05-03 19:10:37,782 - INFO     - img2od: 44 | od2fr: 0 | od2lpr: 1000 | od2cap: 0 | fr2kr: 0 | lpr2kr: 1000 | cap2udp: 0 | kr2udp: 1 | 
2026-05-03 19:10:38,783 - INFO     - img2od: 44 | od2fr: 0 | od2lpr: 1000 | od2cap: 0 | fr2kr: 0 | lpr2kr: 1000 | cap2udp: 0 | kr2udp: 1 | 
2026-05-03 19:10:39,784 - INFO     - img2od: 44 | od2fr: 0 | od2lpr: 1000 | od2cap: 0 | fr2kr: 0 | lpr2kr: 1000 | cap2udp: 0 | kr2udp: 1 | 
2026-05-03 19:10:40,785 - INFO     - img2od: 44 | od2fr: 0 | od2lpr: 1000 | od2cap: 0 | fr2kr: 0 | lpr2kr: 1000 | cap2udp: 0 | kr2udp: 1 | 
2026-05-03 19:10:41,786 - INFO     - img2od: 44 | od2fr: 0 | od2lpr: 1000 | od2cap: 0 | fr2kr: 0 | lpr2kr: 1000 | cap2udp: 0 | kr2udp: 0 | 
2026-05-03 19:10:42,787 - INFO     - img2od: 44 | od2fr: 0 | od2lpr: 1000 | od2cap: 0 | fr2kr: 0 | lpr2kr: 1000 | cap2udp: 0 | kr2udp: 1 | 
2026-05-03 19:10:43,788 - INFO     - img2od: 44 | od2fr: 0 | od2lpr: 1000 | od2cap: 0 | fr2kr: 0 | lpr2kr: 1000 | cap2udp: 0 | kr2udp: 1 | 
2026-05-03 19:10:44,789 - INFO     - img2od: 44 | od2fr: 0 | od2lpr: 1000 | od2cap: 0 | fr2kr: 0 | lpr2kr: 1000 | cap2udp: 0 | kr2udp: 1 | 
2026-05-03 19:10:45,790 - INFO     - img2od: 44 | od2fr: 0 | od2lpr: 1000 | od2cap: 0 | fr2kr: 0 | lpr2kr: 1000 | cap2udp: 0 | kr2udp: 1 | 
2026-05-03 19:10:46,791 - INFO     - img2od: 44 | od2fr: 0 | od2lpr: 1000 | od2cap: 0 | fr2kr: 0 | lpr2kr: 1000 | cap2udp: 0 | kr2udp: 1 | 
2026-05-03 19:10:47,792 - INFO     - img2od: 44 | od2fr: 0 | od2lpr: 1000 | od2cap: 0 | fr2kr: 0 | lpr2kr: 999 | cap2udp: 0 | kr2udp: 1 | 
2026-05-03 19:10:48,793 - INFO     - img2od: 44 | od2fr: 0 | od2lpr: 1000 | od2cap: 0 | fr2kr: 0 | lpr2kr: 1000 | cap2udp: 0 | kr2udp: 1 | 
2026-05-03 19:10:49,794 - INFO     - img2od: 44 | od2fr: 0 | od2lpr: 1000 | od2cap: 0 | fr2kr: 0 | lpr2kr: 1000 | cap2udp: 0 | kr2udp: 0 | 
2026-05-03 19:10:50,795 - INFO     - img2od: 44 | od2fr: 0 | od2lpr: 1000 | od2cap: 0 | fr2kr: 0 | lpr2kr: 1000 | cap2udp: 0 | kr2udp: 0 | 
2026-05-03 19:10:51,796 - INFO     - img2od: 44 | od2fr: 0 | od2lpr: 1000 | od2cap: 0 | fr2kr: 0 | lpr2kr: 1000 | cap2udp: 0 | kr2udp: 1 | 
2026-05-03 19:10:52,797 - INFO     - img2od: 44 | od2fr: 0 | od2lpr: 1000 | od2cap: 0 | fr2kr: 0 | lpr2kr: 1000 | cap2udp: 0 | kr2udp: 1 | 
2026-05-03 19:10:53,798 - INFO     - img2od: 44 | od2fr: 0 | od2lpr: 1000 | od2cap: 0 | fr2kr: 0 | lpr2kr: 1000 | cap2udp: 0 | kr2udp: 1 | 
2026-05-03 19:10:54,799 - INFO     - img2od: 44 | od2fr: 0 | od2lpr: 1000 | od2cap: 0 | fr2kr: 0 | lpr2kr: 1000 | cap2udp: 0 | kr2udp: 1 | 
2026-05-03 19:10:55,800 - INFO     - img2od: 44 | od2fr: 0 | od2lpr: 1000 | od2cap: 0 | fr2kr: 0 | lpr2kr: 1000 | cap2udp: 0 | kr2udp: 1 | 
2026-05-03 19:10:56,801 - INFO     - img2od: 44 | od2fr: 0 | od2lpr: 1000 | od2cap: 0 | fr2kr: 0 | lpr2kr: 1000 | cap2udp: 0 | kr2udp: 1 | 
2026-05-03 19:10:57,802 - INFO     - img2od: 44 | od2fr: 0 | od2lpr: 1000 | od2cap: 0 | fr2kr: 0 | lpr2kr: 1000 | cap2udp: 0 | kr2udp: 1 | 
2026-05-03 19:10:58,803 - INFO     - img2od: 44 | od2fr: 0 | od2lpr: 1000 | od2cap: 0 | fr2kr: 0 | lpr2kr: 1000 | cap2udp: 0 | kr2udp: 0 | 
2026-05-03 19:10:59,804 - INFO     - img2od: 44 | od2fr: 0 | od2lpr: 999 | od2cap: 0 | fr2kr: 0 | lpr2kr: 1000 | cap2udp: 0 | kr2udp: 1 | 
2026-05-03 19:11:00,805 - INFO     - img2od: 44 | od2fr: 0 | od2lpr: 1000 | od2cap: 0 | fr2kr: 0 | lpr2kr: 1000 | cap2udp: 0 | kr2udp: 1 | 
2026-05-03 19:11:01,806 - INFO     - img2od: 44 | od2fr: 0 | od2lpr: 999 | od2cap: 0 | fr2kr: 0 | lpr2kr: 1000 | cap2udp: 0 | kr2udp: 1 | 
2026-05-03 19:11:02,807 - INFO     - img2od: 44 | od2fr: 0 | od2lpr: 1000 | od2cap: 0 | fr2kr: 0 | lpr2kr: 1000 | cap2udp: 0 | kr2udp: 1 | 
2026-05-03 19:11:03,808 - INFO     - img2od: 44 | od2fr: 0 | od2lpr: 1000 | od2cap: 0 | fr2kr: 0 | lpr2kr: 1000 | cap2udp: 0 | kr2udp: 1 | 
2026-05-03 19:11:04,809 - INFO     - img2od: 44 | od2fr: 0 | od2lpr: 1000 | od2cap: 0 | fr2kr: 0 | lpr2kr: 1000 | cap2udp: 0 | kr2udp: 1 | 
2026-05-03 19:11:05,810 - INFO     - img2od: 44 | od2fr: 0 | od2lpr: 1000 | od2cap: 0 | fr2kr: 0 | lpr2kr: 1000 | cap2udp: 0 | kr2udp: 1 | 
2026-05-03 19:11:06,811 - INFO     - img2od: 44 | od2fr: 0 | od2lpr: 1000 | od2cap: 0 | fr2kr: 0 | lpr2kr: 1000 | cap2udp: 0 | kr2udp: 0 | 
2026-05-03 19:11:07,812 - INFO     - img2od: 44 | od2fr: 0 | od2lpr: 1000 | od2cap: 0 | fr2kr: 0 | lpr2kr: 1000 | cap2udp: 0 | kr2udp: 1 | 
2026-05-03 19:11:08,813 - INFO     - img2od: 44 | od2fr: 0 | od2lpr: 1000 | od2cap: 0 | fr2kr: 0 | lpr2kr: 1000 | cap2udp: 0 | kr2udp: 1 | 
2026-05-03 19:11:09,814 - INFO     - img2od: 44 | od2fr: 0 | od2lpr: 1000 | od2cap: 0 | fr2kr: 0 | lpr2kr: 1000 | cap2udp: 0 | kr2udp: 0 | 
2026-05-03 19:11:10,815 - INFO     - img2od: 44 | od2fr: 0 | od2lpr: 1000 | od2cap: 0 | fr2kr: 0 | lpr2kr: 999 | cap2udp: 0 | kr2udp: 1 | 
2026-05-03 19:11:11,816 - INFO     - img2od: 44 | od2fr: 0 | od2lpr: 1000 | od2cap: 0 | fr2kr: 0 | lpr2kr: 1000 | cap2udp: 0 | kr2udp: 0 | 
2026-05-03 19:11:12,817 - INFO     - img2od: 44 | od2fr: 0 | od2lpr: 1000 | od2cap: 0 | fr2kr: 0 | lpr2kr: 1000 | cap2udp: 0 | kr2udp: 0 | 
2026-05-03 19:11:13,818 - INFO     - img2od: 44 | od2fr: 0 | od2lpr: 1000 | od2cap: 0 | fr2kr: 0 | lpr2kr: 1000 | cap2udp: 0 | kr2udp: 1 | 
2026-05-03 19:11:14,819 - INFO     - img2od: 44 | od2fr: 0 | od2lpr: 1000 | od2cap: 0 | fr2kr: 0 | lpr2kr: 1000 | cap2udp: 0 | kr2udp: 0 | 
2026-05-03 19:11:15,820 - INFO     - img2od: 44 | od2fr: 0 | od2lpr: 1000 | od2cap: 0 | fr2kr: 0 | lpr2kr: 1000 | cap2udp: 0 | kr2udp: 0 | 
2026-05-03 19:11:16,821 - INFO     - img2od: 44 | od2fr: 0 | od2lpr: 1000 | od2cap: 0 | fr2kr: 0 | lpr2kr: 1000 | cap2udp: 0 | kr2udp: 0 | 
2026-05-03 19:11:17,822 - INFO     - img2od: 44 | od2fr: 0 | od2lpr: 1000 | od2cap: 0 | fr2kr: 0 | lpr2kr: 1000 | cap2udp: 0 | kr2udp: 1 | 
2026-05-03 19:11:18,823 - INFO     - img2od: 44 | od2fr: 0 | od2lpr: 1000 | od2cap: 0 | fr2kr: 0 | lpr2kr: 1000 | cap2udp: 0 | kr2udp: 1 | 
2026-05-03 19:11:19,824 - INFO     - img2od: 44 | od2fr: 0 | od2lpr: 1000 | od2cap: 0 | fr2kr: 0 | lpr2kr: 1000 | cap2udp: 0 | kr2udp: 1 | 
2026-05-03 19:11:20,825 - INFO     - img2od: 44 | od2fr: 0 | od2lpr: 1000 | od2cap: 0 | fr2kr: 0 | lpr2kr: 1000 | cap2udp: 0 | kr2udp: 1 | 
2026-05-03 19:11:21,826 - INFO     - img2od: 44 | od2fr: 0 | od2lpr: 1000 | od2cap: 0 | fr2kr: 0 | lpr2kr: 1000 | cap2udp: 0 | kr2udp: 1 | 
2026-05-03 19:11:22,827 - INFO     - img2od: 44 | od2fr: 0 | od2lpr: 1000 | od2cap: 0 | fr2kr: 0 | lpr2kr: 1000 | cap2udp: 0 | kr2udp: 1 | 
2026-05-03 19:11:23,828 - INFO     - img2od: 44 | od2fr: 0 | od2lpr: 1000 | od2cap: 0 | fr2kr: 0 | lpr2kr: 1000 | cap2udp: 0 | kr2udp: 0 | 
2026-05-03 19:11:24,829 - INFO     - img2od: 44 | od2fr: 0 | od2lpr: 1000 | od2cap: 0 | fr2kr: 0 | lpr2kr: 1000 | cap2udp: 0 | kr2udp: 0 | 
2026-05-03 19:11:25,830 - INFO     - img2od: 44 | od2fr: 0 | od2lpr: 1000 | od2cap: 0 | fr2kr: 0 | lpr2kr: 1000 | cap2udp: 0 | kr2udp: 0 | 
2026-05-03 19:11:26,831 - INFO     - img2od: 44 | od2fr: 0 | od2lpr: 1000 | od2cap: 0 | fr2kr: 0 | lpr2kr: 1000 | cap2udp: 0 | kr2udp: 0 | 
2026-05-03 19:11:27,832 - INFO     - img2od: 44 | od2fr: 0 | od2lpr: 1000 | od2cap: 0 | fr2kr: 0 | lpr2kr: 1000 | cap2udp: 0 | kr2udp: 0 | 
2026-05-03 19:11:28,833 - INFO     - img2od: 44 | od2fr: 0 | od2lpr: 1000 | od2cap: 0 | fr2kr: 0 | lpr2kr: 1000 | cap2udp: 0 | kr2udp: 1 | 
2026-05-03 19:11:29,834 - INFO     - img2od: 44 | od2fr: 0 | od2lpr: 1000 | od2cap: 0 | fr2kr: 0 | lpr2kr: 1000 | cap2udp: 0 | kr2udp: 0 | 
2026-05-03 19:11:30,835 - INFO     - img2od: 44 | od2fr: 0 | od2lpr: 1000 | od2cap: 0 | fr2kr: 0 | lpr2kr: 1000 | cap2udp: 0 | kr2udp: 0 | 
2026-05-03 19:11:31,836 - INFO     - img2od: 44 | od2fr: 0 | od2lpr: 1000 | od2cap: 0 | fr2kr: 0 | lpr2kr: 1000 | cap2udp: 0 | kr2udp: 1 | 
2026-05-03 19:11:32,837 - INFO     - img2od: 44 | od2fr: 0 | od2lpr: 1000 | od2cap: 0 | fr2kr: 0 | lpr2kr: 1000 | cap2udp: 0 | kr2udp: 1 | 
2026-05-03 19:11:33,838 - INFO     - img2od: 44 | od2fr: 0 | od2lpr: 1000 | od2cap: 0 | fr2kr: 0 | lpr2kr: 1000 | cap2udp: 0 | kr2udp: 1 | 
2026-05-03 19:11:34,839 - INFO     - img2od: 44 | od2fr: 0 | od2lpr: 1000 | od2cap: 0 | fr2kr: 0 | lpr2kr: 1000 | cap2udp: 0 | kr2udp: 1 | 
2026-05-03 19:11:35,840 - INFO     - img2od: 44 | od2fr: 0 | od2lpr: 1000 | od2cap: 0 | fr2kr: 0 | lpr2kr: 1000 | cap2udp: 0 | kr2udp: 1 | 
2026-05-03 19:11:36,841 - INFO     - img2od: 44 | od2fr: 0 | od2lpr: 1000 | od2cap: 0 | fr2kr: 0 | lpr2kr: 1000 | cap2udp: 0 | kr2udp: 0 | 
2026-05-03 19:11:37,842 - INFO     - img2od: 44 | od2fr: 0 | od2lpr: 1000 | od2cap: 0 | fr2kr: 0 | lpr2kr: 1000 | cap2udp: 0 | kr2udp: 1 | 
2026-05-03 19:11:38,843 - INFO     - img2od: 44 | od2fr: 0 | od2lpr: 1000 | od2cap: 0 | fr2kr: 0 | lpr2kr: 1000 | cap2udp: 0 | kr2udp: 0 | 
2026-05-03 19:11:39,844 - INFO     - img2od: 44 | od2fr: 0 | od2lpr: 1000 | od2cap: 0 | fr2kr: 0 | lpr2kr: 1000 | cap2udp: 0 | kr2udp: 0 | 
2026-05-03 19:11:40,845 - INFO     - img2od: 44 | od2fr: 0 | od2lpr: 1000 | od2cap: 0 | fr2kr: 0 | lpr2kr: 1000 | cap2udp: 0 | kr2udp: 0 | 
2026-05-03 19:11:41,846 - INFO     - img2od: 44 | od2fr: 0 | od2lpr: 1000 | od2cap: 0 | fr2kr: 0 | lpr2kr: 1000 | cap2udp: 0 | kr2udp: 1 | 
2026-05-03 19:11:42,847 - INFO     - img2od: 44 | od2fr: 0 | od2lpr: 1000 | od2cap: 0 | fr2kr: 0 | lpr2kr: 1000 | cap2udp: 0 | kr2udp: 1 | 
2026-05-03 19:11:43,848 - INFO     - img2od: 44 | od2fr: 0 | od2lpr: 1000 | od2cap: 0 | fr2kr: 0 | lpr2kr: 1000 | cap2udp: 0 | kr2udp: 1 | 
2026-05-03 19:11:44,849 - INFO     - img2od: 44 | od2fr: 0 | od2lpr: 1000 | od2cap: 0 | fr2kr: 0 | lpr2kr: 1000 | cap2udp: 0 | kr2udp: 1 | 
2026-05-03 19:11:45,850 - INFO     - img2od: 44 | od2fr: 0 | od2lpr: 1000 | od2cap: 0 | fr2kr: 0 | lpr2kr: 1000 | cap2udp: 0 | kr2udp: 1 | 
2026-05-03 19:11:46,851 - INFO     - img2od: 44 | od2fr: 0 | od2lpr: 1000 | od2cap: 0 | fr2kr: 0 | lpr2kr: 1000 | cap2udp: 0 | kr2udp: 1 | 
2026-05-03 19:11:47,852 - INFO     - img2od: 44 | od2fr: 0 | od2lpr: 1000 | od2cap: 0 | fr2kr: 0 | lpr2kr: 1000 | cap2udp: 0 | kr2udp: 1 | 
2026-05-03 19:11:48,853 - INFO     - img2od: 44 | od2fr: 0 | od2lpr: 1000 | od2cap: 0 | fr2kr: 0 | lpr2kr: 1000 | cap2udp: 0 | kr2udp: 1 | 
2026-05-03 19:11:49,854 - INFO     - img2od: 44 | od2fr: 0 | od2lpr: 1000 | od2cap: 0 | fr2kr: 0 | lpr2kr: 1000 | cap2udp: 0 | kr2udp: 0 | 
2026-05-03 19:11:50,855 - INFO     - img2od: 44 | od2fr: 0 | od2lpr: 1000 | od2cap: 0 | fr2kr: 0 | lpr2kr: 1000 | cap2udp: 0 | kr2udp: 0 | 
2026-05-03 19:11:51,856 - INFO     - img2od: 44 | od2fr: 0 | od2lpr: 1000 | od2cap: 0 | fr2kr: 0 | lpr2kr: 1000 | cap2udp: 0 | kr2udp: 2 | 
2026-05-03 19:11:52,857 - INFO     - img2od: 44 | od2fr: 0 | od2lpr: 1000 | od2cap: 0 | fr2kr: 0 | lpr2kr: 1000 | cap2udp: 0 | kr2udp: 0 | 
2026-05-03 19:11:53,858 - INFO     - img2od: 44 | od2fr: 0 | od2lpr: 1000 | od2cap: 0 | fr2kr: 0 | lpr2kr: 1000 | cap2udp: 0 | kr2udp: 1 | 
2026-05-03 19:11:54,859 - INFO     - img2od: 44 | od2fr: 0 | od2lpr: 1000 | od2cap: 0 | fr2kr: 0 | lpr2kr: 1000 | cap2udp: 0 | kr2udp: 0 | 
2026-05-03 19:11:55,860 - INFO     - img2od: 44 | od2fr: 0 | od2lpr: 1000 | od2cap: 0 | fr2kr: 0 | lpr2kr: 1000 | cap2udp: 0 | kr2udp: 0 | 
2026-05-03 19:11:56,861 - INFO     - img2od: 44 | od2fr: 0 | od2lpr: 1000 | od2cap: 0 | fr2kr: 0 | lpr2kr: 1000 | cap2udp: 0 | kr2udp: 1 | 
2026-05-03 19:11:57,862 - INFO     - img2od: 44 | od2fr: 0 | od2lpr: 1000 | od2cap: 0 | fr2kr: 0 | lpr2kr: 1000 | cap2udp: 0 | kr2udp: 0 | 
2026-05-03 19:11:58,863 - INFO     - img2od: 44 | od2fr: 0 | od2lpr: 1000 | od2cap: 0 | fr2kr: 0 | lpr2kr: 1000 | cap2udp: 0 | kr2udp: 1 | 
2026-05-03 19:11:59,864 - INFO     - img2od: 43 | od2fr: 0 | od2lpr: 1000 | od2cap: 0 | fr2kr: 1 | lpr2kr: 1000 | cap2udp: 0 | kr2udp: 1 | 
2026-05-03 19:12:00,865 - INFO     - img2od: 38 | od2fr: 3 | od2lpr: 998 | od2cap: 0 | fr2kr: 1 | lpr2kr: 1000 | cap2udp: 0 | kr2udp: 1 | 
2026-05-03 19:12:01,866 - INFO     - img2od: 34 | od2fr: 10 | od2lpr: 996 | od2cap: 1 | fr2kr: 5 | lpr2kr: 1000 | cap2udp: 0 | kr2udp: 0 | 
2026-05-03 19:12:02,867 - INFO     - img2od: 32 | od2fr: 6 | od2lpr: 1000 | od2cap: 0 | fr2kr: 8 | lpr2kr: 1000 | cap2udp: 0 | kr2udp: 0 | 
2026-05-03 19:12:03,868 - INFO     - img2od: 32 | od2fr: 1 | od2lpr: 1000 | od2cap: 0 | fr2kr: 11 | lpr2kr: 1000 | cap2udp: 0 | kr2udp: 1 | 
2026-05-03 19:12:04,869 - INFO     - img2od: 32 | od2fr: 0 | od2lpr: 999 | od2cap: 0 | fr2kr: 10 | lpr2kr: 1000 | cap2udp: 0 | kr2udp: 1 | 
2026-05-03 19:12:05,870 - INFO     - img2od: 32 | od2fr: 0 | od2lpr: 1000 | od2cap: 0 | fr2kr: 8 | lpr2kr: 1000 | cap2udp: 0 | kr2udp: 0 | 
2026-05-03 19:12:06,871 - INFO     - img2od: 32 | od2fr: 0 | od2lpr: 1000 | od2cap: 0 | fr2kr: 6 | lpr2kr: 1000 | cap2udp: 0 | kr2udp: 0 | 
2026-05-03 19:12:07,872 - INFO     - img2od: 32 | od2fr: 0 | od2lpr: 1000 | od2cap: 0 | fr2kr: 4 | lpr2kr: 1000 | cap2udp: 0 | kr2udp: 1 | 
2026-05-03 19:12:08,873 - INFO     - img2od: 32 | od2fr: 0 | od2lpr: 1000 | od2cap: 0 | fr2kr: 2 | lpr2kr: 1000 | cap2udp: 0 | kr2udp: 1 | 
2026-05-03 19:12:09,874 - INFO     - img2od: 32 | od2fr: 0 | od2lpr: 1000 | od2cap: 0 | fr2kr: 0 | lpr2kr: 1000 | cap2udp: 0 | kr2udp: 0 | 
2026-05-03 19:12:10,875 - INFO     - img2od: 32 | od2fr: 0 | od2lpr: 1000 | od2cap: 0 | fr2kr: 0 | lpr2kr: 1000 | cap2udp: 0 | kr2udp: 1 | 
2026-05-03 19:12:11,876 - INFO     - img2od: 32 | od2fr: 0 | od2lpr: 1000 | od2cap: 0 | fr2kr: 0 | lpr2kr: 1000 | cap2udp: 0 | kr2udp: 1 | 
2026-05-03 19:12:12,877 - INFO     - img2od: 32 | od2fr: 0 | od2lpr: 1000 | od2cap: 0 | fr2kr: 0 | lpr2kr: 1000 | cap2udp: 0 | kr2udp: 1 | 
2026-05-03 19:12:13,878 - INFO     - img2od: 32 | od2fr: 0 | od2lpr: 1000 | od2cap: 0 | fr2kr: 0 | lpr2kr: 1000 | cap2udp: 0 | kr2udp: 0 | 
2026-05-03 19:12:14,879 - INFO     - img2od: 32 | od2fr: 0 | od2lpr: 1000 | od2cap: 0 | fr2kr: 0 | lpr2kr: 1000 | cap2udp: 0 | kr2udp: 0 | 
2026-05-03 19:12:15,880 - INFO     - img2od: 32 | od2fr: 0 | od2lpr: 1000 | od2cap: 0 | fr2kr: 0 | lpr2kr: 1000 | cap2udp: 0 | kr2udp: 1 | 
2026-05-03 19:12:16,881 - INFO     - img2od: 32 | od2fr: 0 | od2lpr: 1000 | od2cap: 0 | fr2kr: 0 | lpr2kr: 1000 | cap2udp: 0 | kr2udp: 1 | 
2026-05-03 19:12:17,882 - INFO     - img2od: 32 | od2fr: 0 | od2lpr: 1000 | od2cap: 0 | fr2kr: 0 | lpr2kr: 1000 | cap2udp: 0 | kr2udp: 0 | 
2026-05-03 19:12:18,883 - INFO     - img2od: 32 | od2fr: 0 | od2lpr: 1000 | od2cap: 0 | fr2kr: 0 | lpr2kr: 1000 | cap2udp: 0 | kr2udp: 1 | 
2026-05-03 19:12:19,884 - INFO     - img2od: 32 | od2fr: 0 | od2lpr: 1000 | od2cap: 0 | fr2kr: 0 | lpr2kr: 999 | cap2udp: 0 | kr2udp: 1 | 
2026-05-03 19:12:20,885 - INFO     - img2od: 32 | od2fr: 0 | od2lpr: 1000 | od2cap: 0 | fr2kr: 0 | lpr2kr: 1000 | cap2udp: 0 | kr2udp: 0 | 
2026-05-03 19:12:21,886 - INFO     - img2od: 32 | od2fr: 0 | od2lpr: 1000 | od2cap: 0 | fr2kr: 0 | lpr2kr: 1000 | cap2udp: 0 | kr2udp: 1 | 
2026-05-03 19:12:22,887 - INFO     - img2od: 32 | od2fr: 0 | od2lpr: 1000 | od2cap: 0 | fr2kr: 0 | lpr2kr: 1000 | cap2udp: 0 | kr2udp: 1 | 
2026-05-03 19:12:23,888 - INFO     - img2od: 32 | od2fr: 0 | od2lpr: 1000 | od2cap: 0 | fr2kr: 0 | lpr2kr: 1000 | cap2udp: 0 | kr2udp: 0 | 
2026-05-03 19:12:24,889 - INFO     - img2od: 32 | od2fr: 0 | od2lpr: 1000 | od2cap: 0 | fr2kr: 0 | lpr2kr: 1000 | cap2udp: 0 | kr2udp: 1 | 
2026-05-03 19:12:25,890 - INFO     - img2od: 32 | od2fr: 0 | od2lpr: 1000 | od2cap: 0 | fr2kr: 0 | lpr2kr: 1000 | cap2udp: 0 | kr2udp: 0 | 
2026-05-03 19:12:26,891 - INFO     - img2od: 32 | od2fr: 0 | od2lpr: 1000 | od2cap: 0 | fr2kr: 0 | lpr2kr: 1000 | cap2udp: 0 | kr2udp: 0 | 
2026-05-03 19:12:27,892 - INFO     - img2od: 32 | od2fr: 0 | od2lpr: 1000 | od2cap: 0 | fr2kr: 0 | lpr2kr: 1000 | cap2udp: 0 | kr2udp: 1 | 
2026-05-03 19:12:28,893 - INFO     - img2od: 32 | od2fr: 0 | od2lpr: 1000 | od2cap: 0 | fr2kr: 0 | lpr2kr: 1000 | cap2udp: 0 | kr2udp: 1 | 
2026-05-03 19:12:29,894 - INFO     - img2od: 32 | od2fr: 0 | od2lpr: 1000 | od2cap: 0 | fr2kr: 0 | lpr2kr: 1000 | cap2udp: 0 | kr2udp: 1 | 
2026-05-03 19:12:30,895 - INFO     - img2od: 32 | od2fr: 0 | od2lpr: 1000 | od2cap: 0 | fr2kr: 0 | lpr2kr: 1000 | cap2udp: 0 | kr2udp: 0 | 
2026-05-03 19:12:31,896 - INFO     - img2od: 32 | od2fr: 0 | od2lpr: 1000 | od2cap: 0 | fr2kr: 0 | lpr2kr: 1000 | cap2udp: 0 | kr2udp: 0 | 
2026-05-03 19:12:32,897 - INFO     - img2od: 32 | od2fr: 0 | od2lpr: 1000 | od2cap: 0 | fr2kr: 0 | lpr2kr: 1000 | cap2udp: 0 | kr2udp: 0 | 
2026-05-03 19:12:33,898 - INFO     - img2od: 32 | od2fr: 0 | od2lpr: 1000 | od2cap: 0 | fr2kr: 0 | lpr2kr: 1000 | cap2udp: 0 | kr2udp: 1 | 
2026-05-03 19:12:34,899 - INFO     - img2od: 32 | od2fr: 0 | od2lpr: 1000 | od2cap: 0 | fr2kr: 0 | lpr2kr: 1000 | cap2udp: 0 | kr2udp: 0 | 
2026-05-03 19:12:35,900 - INFO     - img2od: 32 | od2fr: 0 | od2lpr: 1000 | od2cap: 0 | fr2kr: 0 | lpr2kr: 1000 | cap2udp: 0 | kr2udp: 1 | 
2026-05-03 19:12:36,901 - INFO     - img2od: 32 | od2fr: 0 | od2lpr: 1000 | od2cap: 0 | fr2kr: 0 | lpr2kr: 1000 | cap2udp: 0 | kr2udp: 1 | 
2026-05-03 19:12:37,902 - INFO     - img2od: 32 | od2fr: 0 | od2lpr: 1000 | od2cap: 0 | fr2kr: 0 | lpr2kr: 1000 | cap2udp: 0 | kr2udp: 1 | 
2026-05-03 19:12:38,903 - INFO     - img2od: 32 | od2fr: 0 | od2lpr: 999 | od2cap: 0 | fr2kr: 0 | lpr2kr: 1000 | cap2udp: 0 | kr2udp: 1 | 
2026-05-03 19:12:39,905 - INFO     - img2od: 32 | od2fr: 0 | od2lpr: 1000 | od2cap: 0 | fr2kr: 0 | lpr2kr: 1000 | cap2udp: 0 | kr2udp: 1 | 
2026-05-03 19:12:40,906 - INFO     - img2od: 32 | od2fr: 0 | od2lpr: 1000 | od2cap: 0 | fr2kr: 0 | lpr2kr: 1000 | cap2udp: 0 | kr2udp: 1 | 
2026-05-03 19:12:41,907 - INFO     - img2od: 32 | od2fr: 0 | od2lpr: 1000 | od2cap: 0 | fr2kr: 0 | lpr2kr: 1000 | cap2udp: 0 | kr2udp: 1 | 
2026-05-03 19:12:42,908 - INFO     - img2od: 32 | od2fr: 0 | od2lpr: 1000 | od2cap: 0 | fr2kr: 0 | lpr2kr: 1000 | cap2udp: 0 | kr2udp: 1 | 
2026-05-03 19:12:43,909 - INFO     - img2od: 32 | od2fr: 0 | od2lpr: 1000 | od2cap: 0 | fr2kr: 0 | lpr2kr: 1000 | cap2udp: 0 | kr2udp: 0 | 
2026-05-03 19:12:44,910 - INFO     - img2od: 32 | od2fr: 0 | od2lpr: 1000 | od2cap: 0 | fr2kr: 0 | lpr2kr: 1000 | cap2udp: 0 | kr2udp: 0 | 
2026-05-03 19:12:45,911 - INFO     - img2od: 32 | od2fr: 0 | od2lpr: 1000 | od2cap: 0 | fr2kr: 0 | lpr2kr: 1000 | cap2udp: 0 | kr2udp: 1 | 
2026-05-03 19:12:46,912 - INFO     - img2od: 32 | od2fr: 0 | od2lpr: 1000 | od2cap: 0 | fr2kr: 0 | lpr2kr: 1000 | cap2udp: 0 | kr2udp: 1 | 
2026-05-03 19:12:47,913 - INFO     - img2od: 32 | od2fr: 0 | od2lpr: 1000 | od2cap: 0 | fr2kr: 0 | lpr2kr: 1000 | cap2udp: 0 | kr2udp: 1 | 
2026-05-03 19:12:48,914 - INFO     - img2od: 32 | od2fr: 0 | od2lpr: 1000 | od2cap: 0 | fr2kr: 0 | lpr2kr: 1000 | cap2udp: 0 | kr2udp: 1 | 
2026-05-03 19:12:49,915 - INFO     - img2od: 32 | od2fr: 0 | od2lpr: 1000 | od2cap: 0 | fr2kr: 0 | lpr2kr: 1000 | cap2udp: 0 | kr2udp: 1 | 
2026-05-03 19:12:50,916 - INFO     - img2od: 32 | od2fr: 0 | od2lpr: 1000 | od2cap: 0 | fr2kr: 0 | lpr2kr: 1000 | cap2udp: 0 | kr2udp: 1 | 
2026-05-03 19:12:51,917 - INFO     - img2od: 32 | od2fr: 0 | od2lpr: 1000 | od2cap: 0 | fr2kr: 0 | lpr2kr: 1000 | cap2udp: 0 | kr2udp: 1 | 
2026-05-03 19:12:52,918 - INFO     - img2od: 32 | od2fr: 0 | od2lpr: 1000 | od2cap: 0 | fr2kr: 0 | lpr2kr: 1000 | cap2udp: 0 | kr2udp: 1 | 
2026-05-03 19:12:53,919 - INFO     - img2od: 32 | od2fr: 0 | od2lpr: 1000 | od2cap: 0 | fr2kr: 0 | lpr2kr: 1000 | cap2udp: 0 | kr2udp: 0 | 
2026-05-03 19:12:54,920 - INFO     - img2od: 32 | od2fr: 0 | od2lpr: 1000 | od2cap: 0 | fr2kr: 0 | lpr2kr: 1000 | cap2udp: 0 | kr2udp: 2 | 
2026-05-03 19:12:55,921 - INFO     - img2od: 32 | od2fr: 0 | od2lpr: 1000 | od2cap: 0 | fr2kr: 0 | lpr2kr: 1000 | cap2udp: 0 | kr2udp: 1 | 
2026-05-03 19:12:56,922 - INFO     - img2od: 32 | od2fr: 0 | od2lpr: 1000 | od2cap: 0 | fr2kr: 0 | lpr2kr: 1000 | cap2udp: 0 | kr2udp: 1 | 
2026-05-03 19:12:57,923 - INFO     - img2od: 32 | od2fr: 0 | od2lpr: 1000 | od2cap: 0 | fr2kr: 0 | lpr2kr: 1000 | cap2udp: 0 | kr2udp: 1 | 
2026-05-03 19:12:58,924 - INFO     - img2od: 32 | od2fr: 0 | od2lpr: 1000 | od2cap: 0 | fr2kr: 0 | lpr2kr: 1000 | cap2udp: 0 | kr2udp: 0 | 
2026-05-03 19:12:59,925 - INFO     - img2od: 32 | od2fr: 0 | od2lpr: 1000 | od2cap: 0 | fr2kr: 0 | lpr2kr: 1000 | cap2udp: 0 | kr2udp: 1 | 
2026-05-03 19:13:00,926 - INFO     - img2od: 32 | od2fr: 0 | od2lpr: 1000 | od2cap: 0 | fr2kr: 0 | lpr2kr: 1000 | cap2udp: 0 | kr2udp: 1 | 
2026-05-03 19:13:01,927 - INFO     - img2od: 32 | od2fr: 0 | od2lpr: 1000 | od2cap: 0 | fr2kr: 0 | lpr2kr: 1000 | cap2udp: 0 | kr2udp: 1 | 
2026-05-03 19:13:02,928 - INFO     - img2od: 32 | od2fr: 0 | od2lpr: 1000 | od2cap: 0 | fr2kr: 0 | lpr2kr: 1000 | cap2udp: 0 | kr2udp: 0 | 
2026-05-03 19:13:03,929 - INFO     - img2od: 32 | od2fr: 0 | od2lpr: 1000 | od2cap: 0 | fr2kr: 0 | lpr2kr: 1000 | cap2udp: 0 | kr2udp: 1 | 
2026-05-03 19:13:04,930 - INFO     - img2od: 32 | od2fr: 0 | od2lpr: 1000 | od2cap: 0 | fr2kr: 0 | lpr2kr: 1000 | cap2udp: 0 | kr2udp: 0 | 
2026-05-03 19:13:05,931 - INFO     - img2od: 32 | od2fr: 0 | od2lpr: 1000 | od2cap: 0 | fr2kr: 0 | lpr2kr: 1000 | cap2udp: 0 | kr2udp: 1 | 
2026-05-03 19:13:06,932 - INFO     - img2od: 32 | od2fr: 0 | od2lpr: 1000 | od2cap: 0 | fr2kr: 0 | lpr2kr: 1000 | cap2udp: 0 | kr2udp: 0 | 
2026-05-03 19:13:07,933 - INFO     - img2od: 32 | od2fr: 0 | od2lpr: 1000 | od2cap: 0 | fr2kr: 0 | lpr2kr: 1000 | cap2udp: 0 | kr2udp: 1 | 
2026-05-03 19:13:08,934 - INFO     - img2od: 32 | od2fr: 0 | od2lpr: 1000 | od2cap: 0 | fr2kr: 0 | lpr2kr: 1000 | cap2udp: 0 | kr2udp: 1 | 
2026-05-03 19:13:09,935 - INFO     - img2od: 32 | od2fr: 0 | od2lpr: 1000 | od2cap: 0 | fr2kr: 0 | lpr2kr: 1000 | cap2udp: 0 | kr2udp: 1 | 
2026-05-03 19:13:10,936 - INFO     - img2od: 32 | od2fr: 0 | od2lpr: 1000 | od2cap: 0 | fr2kr: 0 | lpr2kr: 1000 | cap2udp: 0 | kr2udp: 2 | 
2026-05-03 19:13:11,937 - INFO     - img2od: 32 | od2fr: 0 | od2lpr: 1000 | od2cap: 0 | fr2kr: 0 | lpr2kr: 1000 | cap2udp: 0 | kr2udp: 1 | 
2026-05-03 19:13:12,938 - INFO     - img2od: 32 | od2fr: 0 | od2lpr: 1000 | od2cap: 0 | fr2kr: 0 | lpr2kr: 1000 | cap2udp: 0 | kr2udp: 1 | 
2026-05-03 19:13:13,939 - INFO     - img2od: 32 | od2fr: 0 | od2lpr: 1000 | od2cap: 0 | fr2kr: 0 | lpr2kr: 1000 | cap2udp: 0 | kr2udp: 1 | 
2026-05-03 19:13:14,940 - INFO     - img2od: 32 | od2fr: 0 | od2lpr: 1000 | od2cap: 0 | fr2kr: 0 | lpr2kr: 1000 | cap2udp: 0 | kr2udp: 1 | 
2026-05-03 19:13:15,941 - INFO     - img2od: 32 | od2fr: 0 | od2lpr: 1000 | od2cap: 0 | fr2kr: 0 | lpr2kr: 1000 | cap2udp: 0 | kr2udp: 1 | 
2026-05-03 19:13:16,942 - INFO     - img2od: 32 | od2fr: 0 | od2lpr: 1000 | od2cap: 0 | fr2kr: 0 | lpr2kr: 1000 | cap2udp: 0 | kr2udp: 1 | 
2026-05-03 19:13:17,943 - INFO     - img2od: 32 | od2fr: 0 | od2lpr: 1000 | od2cap: 0 | fr2kr: 0 | lpr2kr: 1000 | cap2udp: 0 | kr2udp: 0 | 
2026-05-03 19:13:18,944 - INFO     - img2od: 32 | od2fr: 0 | od2lpr: 1000 | od2cap: 0 | fr2kr: 0 | lpr2kr: 1000 | cap2udp: 0 | kr2udp: 1 | 
2026-05-03 19:13:19,945 - INFO     - img2od: 32 | od2fr: 0 | od2lpr: 1000 | od2cap: 0 | fr2kr: 0 | lpr2kr: 1000 | cap2udp: 0 | kr2udp: 1 | 
2026-05-03 19:13:20,946 - INFO     - img2od: 32 | od2fr: 0 | od2lpr: 1000 | od2cap: 0 | fr2kr: 0 | lpr2kr: 1000 | cap2udp: 0 | kr2udp: 1 | 
2026-05-03 19:13:21,947 - INFO     - img2od: 32 | od2fr: 0 | od2lpr: 1000 | od2cap: 0 | fr2kr: 0 | lpr2kr: 1000 | cap2udp: 0 | kr2udp: 1 | 
2026-05-03 19:13:22,948 - INFO     - img2od: 32 | od2fr: 0 | od2lpr: 1000 | od2cap: 0 | fr2kr: 0 | lpr2kr: 1000 | cap2udp: 0 | kr2udp: 1 | 
2026-05-03 19:13:23,949 - INFO     - img2od: 32 | od2fr: 0 | od2lpr: 1000 | od2cap: 0 | fr2kr: 0 | lpr2kr: 1000 | cap2udp: 0 | kr2udp: 1 | 
2026-05-03 19:13:24,950 - INFO     - img2od: 32 | od2fr: 0 | od2lpr: 1000 | od2cap: 0 | fr2kr: 0 | lpr2kr: 1000 | cap2udp: 0 | kr2udp: 1 | 
2026-05-03 19:13:25,951 - INFO     - img2od: 32 | od2fr: 0 | od2lpr: 1000 | od2cap: 0 | fr2kr: 0 | lpr2kr: 1000 | cap2udp: 0 | kr2udp: 1 | 
2026-05-03 19:13:26,952 - INFO     - img2od: 32 | od2fr: 0 | od2lpr: 1000 | od2cap: 0 | fr2kr: 0 | lpr2kr: 1000 | cap2udp: 0 | kr2udp: 1 | 
2026-05-03 19:13:27,953 - INFO     - img2od: 32 | od2fr: 0 | od2lpr: 1000 | od2cap: 0 | fr2kr: 0 | lpr2kr: 1000 | cap2udp: 0 | kr2udp: 1 | 
2026-05-03 19:13:28,954 - INFO     - img2od: 32 | od2fr: 0 | od2lpr: 1000 | od2cap: 0 | fr2kr: 0 | lpr2kr: 1000 | cap2udp: 0 | kr2udp: 1 | 
2026-05-03 19:13:29,955 - INFO     - img2od: 32 | od2fr: 0 | od2lpr: 1000 | od2cap: 0 | fr2kr: 0 | lpr2kr: 1000 | cap2udp: 0 | kr2udp: 1 | 
2026-05-03 19:13:30,956 - INFO     - img2od: 32 | od2fr: 0 | od2lpr: 1000 | od2cap: 0 | fr2kr: 0 | lpr2kr: 1000 | cap2udp: 0 | kr2udp: 1 | 
2026-05-03 19:13:31,957 - INFO     - img2od: 32 | od2fr: 0 | od2lpr: 1000 | od2cap: 0 | fr2kr: 0 | lpr2kr: 999 | cap2udp: 0 | kr2udp: 1 | 
2026-05-03 19:13:32,958 - INFO     - img2od: 32 | od2fr: 0 | od2lpr: 1000 | od2cap: 0 | fr2kr: 0 | lpr2kr: 1000 | cap2udp: 0 | kr2udp: 1 | 
2026-05-03 19:13:33,959 - INFO     - img2od: 32 | od2fr: 0 | od2lpr: 1000 | od2cap: 0 | fr2kr: 0 | lpr2kr: 1000 | cap2udp: 0 | kr2udp: 0 | 
2026-05-03 19:13:34,960 - INFO     - img2od: 32 | od2fr: 0 | od2lpr: 1000 | od2cap: 0 | fr2kr: 0 | lpr2kr: 1000 | cap2udp: 0 | kr2udp: 0 | 
2026-05-03 19:13:35,961 - INFO     - img2od: 32 | od2fr: 0 | od2lpr: 1000 | od2cap: 0 | fr2kr: 0 | lpr2kr: 1000 | cap2udp: 0 | kr2udp: 1 | 
2026-05-03 19:13:36,962 - INFO     - img2od: 32 | od2fr: 0 | od2lpr: 999 | od2cap: 0 | fr2kr: 0 | lpr2kr: 1000 | cap2udp: 0 | kr2udp: 1 | 
2026-05-03 19:13:37,963 - INFO     - img2od: 32 | od2fr: 0 | od2lpr: 1000 | od2cap: 0 | fr2kr: 0 | lpr2kr: 1000 | cap2udp: 0 | kr2udp: 1 | 
2026-05-03 19:13:38,964 - INFO     - img2od: 32 | od2fr: 0 | od2lpr: 1000 | od2cap: 0 | fr2kr: 0 | lpr2kr: 1000 | cap2udp: 0 | kr2udp: 1 | 
2026-05-03 19:13:39,965 - INFO     - img2od: 32 | od2fr: 0 | od2lpr: 1000 | od2cap: 0 | fr2kr: 0 | lpr2kr: 1000 | cap2udp: 0 | kr2udp: 0 | 
2026-05-03 19:13:40,966 - INFO     - img2od: 32 | od2fr: 0 | od2lpr: 1000 | od2cap: 0 | fr2kr: 0 | lpr2kr: 1000 | cap2udp: 0 | kr2udp: 1 | 
2026-05-03 19:13:41,967 - INFO     - img2od: 32 | od2fr: 0 | od2lpr: 1000 | od2cap: 0 | fr2kr: 0 | lpr2kr: 1000 | cap2udp: 0 | kr2udp: 1 | 
2026-05-03 19:13:42,968 - INFO     - img2od: 32 | od2fr: 0 | od2lpr: 1000 | od2cap: 0 | fr2kr: 0 | lpr2kr: 1000 | cap2udp: 0 | kr2udp: 1 | 
2026-05-03 19:13:43,969 - INFO     - img2od: 32 | od2fr: 0 | od2lpr: 1000 | od2cap: 0 | fr2kr: 0 | lpr2kr: 999 | cap2udp: 0 | kr2udp: 1 | 
2026-05-03 19:13:44,971 - INFO     - img2od: 32 | od2fr: 0 | od2lpr: 1000 | od2cap: 0 | fr2kr: 0 | lpr2kr: 1000 | cap2udp: 0 | kr2udp: 0 | 
2026-05-03 19:13:45,972 - INFO     - img2od: 32 | od2fr: 0 | od2lpr: 1000 | od2cap: 0 | fr2kr: 0 | lpr2kr: 1000 | cap2udp: 0 | kr2udp: 1 | 
2026-05-03 19:13:46,973 - INFO     - img2od: 32 | od2fr: 0 | od2lpr: 1000 | od2cap: 0 | fr2kr: 0 | lpr2kr: 1000 | cap2udp: 0 | kr2udp: 1 | 
2026-05-03 19:13:47,974 - INFO     - img2od: 32 | od2fr: 0 | od2lpr: 1000 | od2cap: 0 | fr2kr: 0 | lpr2kr: 1000 | cap2udp: 0 | kr2udp: 1 | 
2026-05-03 19:13:48,975 - INFO     - img2od: 32 | od2fr: 0 | od2lpr: 1000 | od2cap: 0 | fr2kr: 0 | lpr2kr: 1000 | cap2udp: 0 | kr2udp: 1 | 
2026-05-03 19:13:49,976 - INFO     - img2od: 32 | od2fr: 0 | od2lpr: 1000 | od2cap: 0 | fr2kr: 0 | lpr2kr: 1000 | cap2udp: 0 | kr2udp: 1 | 
2026-05-03 19:13:50,977 - INFO     - img2od: 32 | od2fr: 0 | od2lpr: 1000 | od2cap: 0 | fr2kr: 0 | lpr2kr: 1000 | cap2udp: 0 | kr2udp: 1 | 
2026-05-03 19:13:51,978 - INFO     - img2od: 32 | od2fr: 0 | od2lpr: 1000 | od2cap: 0 | fr2kr: 0 | lpr2kr: 1000 | cap2udp: 0 | kr2udp: 1 | 
2026-05-03 19:13:52,979 - INFO     - img2od: 32 | od2fr: 0 | od2lpr: 1000 | od2cap: 0 | fr2kr: 0 | lpr2kr: 1000 | cap2udp: 0 | kr2udp: 0 | 
2026-05-03 19:13:53,980 - INFO     - img2od: 32 | od2fr: 0 | od2lpr: 1000 | od2cap: 0 | fr2kr: 0 | lpr2kr: 1000 | cap2udp: 0 | kr2udp: 0 | 
2026-05-03 19:13:54,981 - INFO     - img2od: 32 | od2fr: 0 | od2lpr: 1000 | od2cap: 0 | fr2kr: 0 | lpr2kr: 1000 | cap2udp: 0 | kr2udp: 1 | 
2026-05-03 19:13:55,982 - INFO     - img2od: 32 | od2fr: 0 | od2lpr: 1000 | od2cap: 0 | fr2kr: 0 | lpr2kr: 1000 | cap2udp: 0 | kr2udp: 1 | 
2026-05-03 19:13:56,983 - INFO     - img2od: 32 | od2fr: 0 | od2lpr: 1000 | od2cap: 0 | fr2kr: 0 | lpr2kr: 1000 | cap2udp: 0 | kr2udp: 1 | 
2026-05-03 19:13:57,984 - INFO     - img2od: 32 | od2fr: 0 | od2lpr: 1000 | od2cap: 0 | fr2kr: 0 | lpr2kr: 1000 | cap2udp: 0 | kr2udp: 0 | 
2026-05-03 19:13:58,985 - INFO     - img2od: 32 | od2fr: 0 | od2lpr: 1000 | od2cap: 0 | fr2kr: 0 | lpr2kr: 1000 | cap2udp: 0 | kr2udp: 1 | 
2026-05-03 19:13:59,986 - INFO     - img2od: 32 | od2fr: 0 | od2lpr: 1000 | od2cap: 0 | fr2kr: 0 | lpr2kr: 1000 | cap2udp: 0 | kr2udp: 1 | 
2026-05-03 19:14:00,987 - INFO     - img2od: 32 | od2fr: 0 | od2lpr: 1000 | od2cap: 0 | fr2kr: 0 | lpr2kr: 1000 | cap2udp: 0 | kr2udp: 0 | 
2026-05-03 19:14:01,988 - INFO     - img2od: 32 | od2fr: 0 | od2lpr: 1000 | od2cap: 0 | fr2kr: 0 | lpr2kr: 1000 | cap2udp: 0 | kr2udp: 0 | 
2026-05-03 19:14:02,989 - INFO     - img2od: 32 | od2fr: 0 | od2lpr: 1000 | od2cap: 0 | fr2kr: 0 | lpr2kr: 1000 | cap2udp: 0 | kr2udp: 1 | 
2026-05-03 19:14:03,990 - INFO     - img2od: 32 | od2fr: 0 | od2lpr: 1000 | od2cap: 0 | fr2kr: 0 | lpr2kr: 1000 | cap2udp: 0 | kr2udp: 1 | 
2026-05-03 19:14:04,991 - INFO     - img2od: 32 | od2fr: 0 | od2lpr: 1000 | od2cap: 0 | fr2kr: 0 | lpr2kr: 1000 | cap2udp: 0 | kr2udp: 1 | 
2026-05-03 19:14:05,992 - INFO     - img2od: 32 | od2fr: 0 | od2lpr: 1000 | od2cap: 0 | fr2kr: 0 | lpr2kr: 1000 | cap2udp: 0 | kr2udp: 1 | 
2026-05-03 19:14:06,993 - INFO     - img2od: 32 | od2fr: 0 | od2lpr: 1000 | od2cap: 0 | fr2kr: 0 | lpr2kr: 1000 | cap2udp: 0 | kr2udp: 1 | 
2026-05-03 19:14:07,994 - INFO     - img2od: 32 | od2fr: 0 | od2lpr: 1000 | od2cap: 0 | fr2kr: 0 | lpr2kr: 1000 | cap2udp: 0 | kr2udp: 1 | 
2026-05-03 19:14:08,995 - INFO     - img2od: 32 | od2fr: 0 | od2lpr: 1000 | od2cap: 0 | fr2kr: 0 | lpr2kr: 1000 | cap2udp: 0 | kr2udp: 1 | 
2026-05-03 19:14:09,996 - INFO     - img2od: 32 | od2fr: 0 | od2lpr: 1000 | od2cap: 0 | fr2kr: 0 | lpr2kr: 1000 | cap2udp: 0 | kr2udp: 1 | 
2026-05-03 19:14:10,997 - INFO     - img2od: 32 | od2fr: 0 | od2lpr: 1000 | od2cap: 0 | fr2kr: 0 | lpr2kr: 1000 | cap2udp: 0 | kr2udp: 1 | 
2026-05-03 19:14:11,998 - INFO     - img2od: 32 | od2fr: 0 | od2lpr: 1000 | od2cap: 0 | fr2kr: 0 | lpr2kr: 1000 | cap2udp: 0 | kr2udp: 0 | 
2026-05-03 19:14:12,999 - INFO     - img2od: 32 | od2fr: 0 | od2lpr: 1000 | od2cap: 0 | fr2kr: 0 | lpr2kr: 1000 | cap2udp: 0 | kr2udp: 1 | 
2026-05-03 19:14:14,000 - INFO     - img2od: 32 | od2fr: 0 | od2lpr: 1000 | od2cap: 0 | fr2kr: 0 | lpr2kr: 1000 | cap2udp: 0 | kr2udp: 1 | 
2026-05-03 19:14:15,001 - INFO     - img2od: 32 | od2fr: 0 | od2lpr: 1000 | od2cap: 0 | fr2kr: 0 | lpr2kr: 1000 | cap2udp: 0 | kr2udp: 0 | 
2026-05-03 19:14:16,002 - INFO     - img2od: 32 | od2fr: 0 | od2lpr: 1000 | od2cap: 0 | fr2kr: 0 | lpr2kr: 1000 | cap2udp: 0 | kr2udp: 1 | 
2026-05-03 19:14:17,003 - INFO     - img2od: 32 | od2fr: 0 | od2lpr: 1000 | od2cap: 0 | fr2kr: 0 | lpr2kr: 1000 | cap2udp: 0 | kr2udp: 1 | 
2026-05-03 19:14:18,004 - INFO     - img2od: 32 | od2fr: 0 | od2lpr: 1000 | od2cap: 0 | fr2kr: 0 | lpr2kr: 1000 | cap2udp: 0 | kr2udp: 1 | 
2026-05-03 19:14:19,005 - INFO     - img2od: 32 | od2fr: 0 | od2lpr: 1000 | od2cap: 0 | fr2kr: 0 | lpr2kr: 1000 | cap2udp: 0 | kr2udp: 0 | 
2026-05-03 19:14:20,006 - INFO     - img2od: 32 | od2fr: 0 | od2lpr: 1000 | od2cap: 0 | fr2kr: 0 | lpr2kr: 1000 | cap2udp: 0 | kr2udp: 0 | 
2026-05-03 19:14:21,007 - INFO     - img2od: 32 | od2fr: 0 | od2lpr: 1000 | od2cap: 0 | fr2kr: 0 | lpr2kr: 1000 | cap2udp: 0 | kr2udp: 0 | 
2026-05-03 19:14:22,008 - INFO     - img2od: 32 | od2fr: 0 | od2lpr: 1000 | od2cap: 0 | fr2kr: 0 | lpr2kr: 1000 | cap2udp: 0 | kr2udp: 1 | 
2026-05-03 19:14:23,009 - INFO     - img2od: 32 | od2fr: 0 | od2lpr: 1000 | od2cap: 0 | fr2kr: 0 | lpr2kr: 1000 | cap2udp: 0 | kr2udp: 1 | 
2026-05-03 19:14:24,010 - INFO     - img2od: 32 | od2fr: 0 | od2lpr: 1000 | od2cap: 0 | fr2kr: 0 | lpr2kr: 1000 | cap2udp: 0 | kr2udp: 1 | 
2026-05-03 19:14:25,011 - INFO     - img2od: 32 | od2fr: 0 | od2lpr: 1000 | od2cap: 0 | fr2kr: 0 | lpr2kr: 1000 | cap2udp: 0 | kr2udp: 1 | 
2026-05-03 19:14:26,012 - INFO     - img2od: 32 | od2fr: 0 | od2lpr: 1000 | od2cap: 0 | fr2kr: 0 | lpr2kr: 1000 | cap2udp: 0 | kr2udp: 1 | 
2026-05-03 19:14:27,013 - INFO     - img2od: 32 | od2fr: 0 | od2lpr: 1000 | od2cap: 0 | fr2kr: 0 | lpr2kr: 1000 | cap2udp: 0 | kr2udp: 1 | 
2026-05-03 19:14:28,014 - INFO     - img2od: 32 | od2fr: 0 | od2lpr: 1000 | od2cap: 0 | fr2kr: 0 | lpr2kr: 1000 | cap2udp: 0 | kr2udp: 1 | 
2026-05-03 19:14:29,015 - INFO     - img2od: 32 | od2fr: 0 | od2lpr: 1000 | od2cap: 0 | fr2kr: 0 | lpr2kr: 1000 | cap2udp: 0 | kr2udp: 1 | 
2026-05-03 19:14:30,016 - INFO     - img2od: 32 | od2fr: 0 | od2lpr: 1000 | od2cap: 0 | fr2kr: 0 | lpr2kr: 1000 | cap2udp: 0 | kr2udp: 1 | 
2026-05-03 19:14:31,017 - INFO     - img2od: 32 | od2fr: 0 | od2lpr: 1000 | od2cap: 0 | fr2kr: 0 | lpr2kr: 1000 | cap2udp: 0 | kr2udp: 1 | 
2026-05-03 19:14:32,018 - INFO     - img2od: 32 | od2fr: 0 | od2lpr: 1000 | od2cap: 0 | fr2kr: 0 | lpr2kr: 1000 | cap2udp: 0 | kr2udp: 0 | 
2026-05-03 19:14:33,019 - INFO     - img2od: 32 | od2fr: 0 | od2lpr: 1000 | od2cap: 0 | fr2kr: 0 | lpr2kr: 1000 | cap2udp: 0 | kr2udp: 1 | 
2026-05-03 19:14:34,020 - INFO     - img2od: 32 | od2fr: 0 | od2lpr: 1000 | od2cap: 0 | fr2kr: 0 | lpr2kr: 1000 | cap2udp: 0 | kr2udp: 0 | 
2026-05-03 19:14:35,021 - INFO     - img2od: 32 | od2fr: 0 | od2lpr: 1000 | od2cap: 0 | fr2kr: 0 | lpr2kr: 1000 | cap2udp: 0 | kr2udp: 1 | 
2026-05-03 19:14:36,022 - INFO     - img2od: 32 | od2fr: 0 | od2lpr: 1000 | od2cap: 0 | fr2kr: 0 | lpr2kr: 1000 | cap2udp: 0 | kr2udp: 0 | 
2026-05-03 19:14:37,023 - INFO     - img2od: 32 | od2fr: 0 | od2lpr: 1000 | od2cap: 0 | fr2kr: 0 | lpr2kr: 1000 | cap2udp: 0 | kr2udp: 1 | 
2026-05-03 19:14:38,024 - INFO     - img2od: 32 | od2fr: 0 | od2lpr: 1000 | od2cap: 0 | fr2kr: 0 | lpr2kr: 1000 | cap2udp: 0 | kr2udp: 1 | 
2026-05-03 19:14:39,025 - INFO     - img2od: 32 | od2fr: 0 | od2lpr: 1000 | od2cap: 0 | fr2kr: 0 | lpr2kr: 1000 | cap2udp: 0 | kr2udp: 1 | 
2026-05-03 19:14:40,026 - INFO     - img2od: 32 | od2fr: 0 | od2lpr: 1000 | od2cap: 0 | fr2kr: 0 | lpr2kr: 1000 | cap2udp: 0 | kr2udp: 0 | 
2026-05-03 19:14:41,027 - INFO     - img2od: 32 | od2fr: 0 | od2lpr: 1000 | od2cap: 0 | fr2kr: 0 | lpr2kr: 1000 | cap2udp: 0 | kr2udp: 0 | 
2026-05-03 19:14:42,028 - INFO     - img2od: 32 | od2fr: 0 | od2lpr: 1000 | od2cap: 0 | fr2kr: 0 | lpr2kr: 1000 | cap2udp: 0 | kr2udp: 1 | 
2026-05-03 19:14:43,029 - INFO     - img2od: 32 | od2fr: 0 | od2lpr: 1000 | od2cap: 0 | fr2kr: 0 | lpr2kr: 1000 | cap2udp: 0 | kr2udp: 0 | 
2026-05-03 19:14:44,030 - INFO     - img2od: 32 | od2fr: 0 | od2lpr: 1000 | od2cap: 0 | fr2kr: 0 | lpr2kr: 1000 | cap2udp: 0 | kr2udp: 0 | 
2026-05-03 19:14:45,031 - INFO     - img2od: 32 | od2fr: 0 | od2lpr: 1000 | od2cap: 0 | fr2kr: 0 | lpr2kr: 1000 | cap2udp: 0 | kr2udp: 0 | 
2026-05-03 19:14:46,032 - INFO     - img2od: 32 | od2fr: 0 | od2lpr: 1000 | od2cap: 0 | fr2kr: 0 | lpr2kr: 1000 | cap2udp: 0 | kr2udp: 1 | 
2026-05-03 19:14:47,033 - INFO     - img2od: 32 | od2fr: 0 | od2lpr: 1000 | od2cap: 0 | fr2kr: 0 | lpr2kr: 1000 | cap2udp: 0 | kr2udp: 1 | 
2026-05-03 19:14:48,034 - INFO     - img2od: 32 | od2fr: 0 | od2lpr: 1000 | od2cap: 0 | fr2kr: 0 | lpr2kr: 1000 | cap2udp: 0 | kr2udp: 1 | 
2026-05-03 19:14:49,035 - INFO     - img2od: 32 | od2fr: 0 | od2lpr: 1000 | od2cap: 0 | fr2kr: 0 | lpr2kr: 1000 | cap2udp: 0 | kr2udp: 1 | 
2026-05-03 19:14:50,036 - INFO     - img2od: 32 | od2fr: 0 | od2lpr: 1000 | od2cap: 0 | fr2kr: 0 | lpr2kr: 1000 | cap2udp: 0 | kr2udp: 1 | 
2026-05-03 19:14:51,037 - INFO     - img2od: 32 | od2fr: 0 | od2lpr: 1000 | od2cap: 0 | fr2kr: 0 | lpr2kr: 1000 | cap2udp: 0 | kr2udp: 1 | 
2026-05-03 19:14:52,038 - INFO     - img2od: 32 | od2fr: 0 | od2lpr: 1000 | od2cap: 0 | fr2kr: 0 | lpr2kr: 1000 | cap2udp: 0 | kr2udp: 0 | 
2026-05-03 19:14:53,039 - INFO     - img2od: 32 | od2fr: 0 | od2lpr: 1000 | od2cap: 0 | fr2kr: 0 | lpr2kr: 1000 | cap2udp: 0 | kr2udp: 1 | 
2026-05-03 19:14:54,040 - INFO     - img2od: 32 | od2fr: 0 | od2lpr: 1000 | od2cap: 0 | fr2kr: 0 | lpr2kr: 1000 | cap2udp: 0 | kr2udp: 1 | 
2026-05-03 19:14:55,041 - INFO     - img2od: 32 | od2fr: 0 | od2lpr: 999 | od2cap: 0 | fr2kr: 0 | lpr2kr: 1000 | cap2udp: 0 | kr2udp: 1 | 
2026-05-03 19:14:56,042 - INFO     - img2od: 32 | od2fr: 0 | od2lpr: 1000 | od2cap: 0 | fr2kr: 0 | lpr2kr: 1000 | cap2udp: 0 | kr2udp: 1 | 
2026-05-03 19:14:57,043 - INFO     - img2od: 32 | od2fr: 0 | od2lpr: 1000 | od2cap: 0 | fr2kr: 0 | lpr2kr: 1000 | cap2udp: 0 | kr2udp: 1 | 
2026-05-03 19:14:58,044 - INFO     - img2od: 32 | od2fr: 0 | od2lpr: 999 | od2cap: 0 | fr2kr: 0 | lpr2kr: 1000 | cap2udp: 0 | kr2udp: 1 | 
2026-05-03 19:14:59,045 - INFO     - img2od: 32 | od2fr: 0 | od2lpr: 1000 | od2cap: 0 | fr2kr: 0 | lpr2kr: 1000 | cap2udp: 0 | kr2udp: 1 | 
2026-05-03 19:15:00,046 - INFO     - img2od: 32 | od2fr: 0 | od2lpr: 1000 | od2cap: 0 | fr2kr: 0 | lpr2kr: 1000 | cap2udp: 0 | kr2udp: 0 | 
2026-05-03 19:15:01,047 - INFO     - img2od: 32 | od2fr: 0 | od2lpr: 1000 | od2cap: 0 | fr2kr: 0 | lpr2kr: 1000 | cap2udp: 0 | kr2udp: 0 | 
2026-05-03 19:15:02,048 - INFO     - img2od: 32 | od2fr: 0 | od2lpr: 1000 | od2cap: 0 | fr2kr: 0 | lpr2kr: 1000 | cap2udp: 0 | kr2udp: 0 | 
2026-05-03 19:15:03,056 - INFO     - img2od: 32 | od2fr: 0 | od2lpr: 1000 | od2cap: 0 | fr2kr: 0 | lpr2kr: 1000 | cap2udp: 0 | kr2udp: 1 | 
2026-05-03 19:15:04,057 - INFO     - img2od: 32 | od2fr: 0 | od2lpr: 1000 | od2cap: 0 | fr2kr: 0 | lpr2kr: 1000 | cap2udp: 0 | kr2udp: 0 | 
2026-05-03 19:15:05,058 - INFO     - img2od: 32 | od2fr: 0 | od2lpr: 1000 | od2cap: 0 | fr2kr: 0 | lpr2kr: 1000 | cap2udp: 0 | kr2udp: 1 | 
2026-05-03 19:15:06,059 - INFO     - img2od: 32 | od2fr: 0 | od2lpr: 1000 | od2cap: 0 | fr2kr: 0 | lpr2kr: 1000 | cap2udp: 0 | kr2udp: 0 | 
2026-05-03 19:15:07,060 - INFO     - img2od: 32 | od2fr: 0 | od2lpr: 1000 | od2cap: 0 | fr2kr: 0 | lpr2kr: 1000 | cap2udp: 0 | kr2udp: 0 | 
2026-05-03 19:15:08,061 - INFO     - img2od: 32 | od2fr: 0 | od2lpr: 1000 | od2cap: 0 | fr2kr: 0 | lpr2kr: 1000 | cap2udp: 0 | kr2udp: 1 | 
2026-05-03 19:15:09,062 - INFO     - img2od: 32 | od2fr: 0 | od2lpr: 1000 | od2cap: 0 | fr2kr: 0 | lpr2kr: 1000 | cap2udp: 0 | kr2udp: 1 | 
2026-05-03 19:15:10,063 - INFO     - img2od: 32 | od2fr: 0 | od2lpr: 1000 | od2cap: 0 | fr2kr: 0 | lpr2kr: 1000 | cap2udp: 0 | kr2udp: 0 | 
2026-05-03 19:15:11,064 - INFO     - img2od: 32 | od2fr: 0 | od2lpr: 1000 | od2cap: 0 | fr2kr: 0 | lpr2kr: 1000 | cap2udp: 0 | kr2udp: 0 | 
2026-05-03 19:15:12,065 - INFO     - img2od: 32 | od2fr: 0 | od2lpr: 1000 | od2cap: 0 | fr2kr: 0 | lpr2kr: 1000 | cap2udp: 0 | kr2udp: 1 | 
2026-05-03 19:15:13,066 - INFO     - img2od: 32 | od2fr: 0 | od2lpr: 1000 | od2cap: 0 | fr2kr: 0 | lpr2kr: 1000 | cap2udp: 0 | kr2udp: 0 | 
2026-05-03 19:15:14,067 - INFO     - img2od: 32 | od2fr: 0 | od2lpr: 1000 | od2cap: 0 | fr2kr: 0 | lpr2kr: 1000 | cap2udp: 0 | kr2udp: 1 | 
2026-05-03 19:15:15,068 - INFO     - img2od: 32 | od2fr: 0 | od2lpr: 1000 | od2cap: 0 | fr2kr: 0 | lpr2kr: 1000 | cap2udp: 0 | kr2udp: 1 | 
2026-05-03 19:15:16,069 - INFO     - img2od: 32 | od2fr: 0 | od2lpr: 1000 | od2cap: 0 | fr2kr: 0 | lpr2kr: 1000 | cap2udp: 0 | kr2udp: 1 | 
2026-05-03 19:15:17,070 - INFO     - img2od: 32 | od2fr: 0 | od2lpr: 1000 | od2cap: 0 | fr2kr: 0 | lpr2kr: 1000 | cap2udp: 0 | kr2udp: 1 | 
2026-05-03 19:15:18,071 - INFO     - img2od: 32 | od2fr: 0 | od2lpr: 1000 | od2cap: 0 | fr2kr: 0 | lpr2kr: 1000 | cap2udp: 0 | kr2udp: 0 | 
2026-05-03 19:15:19,072 - INFO     - img2od: 32 | od2fr: 0 | od2lpr: 1000 | od2cap: 0 | fr2kr: 0 | lpr2kr: 1000 | cap2udp: 0 | kr2udp: 0 | 
2026-05-03 19:15:20,073 - INFO     - img2od: 32 | od2fr: 0 | od2lpr: 1000 | od2cap: 0 | fr2kr: 0 | lpr2kr: 1000 | cap2udp: 0 | kr2udp: 1 | 
2026-05-03 19:15:21,074 - INFO     - img2od: 32 | od2fr: 0 | od2lpr: 1000 | od2cap: 0 | fr2kr: 0 | lpr2kr: 1000 | cap2udp: 0 | kr2udp: 1 | 
2026-05-03 19:15:22,075 - INFO     - img2od: 32 | od2fr: 0 | od2lpr: 1000 | od2cap: 0 | fr2kr: 0 | lpr2kr: 999 | cap2udp: 0 | kr2udp: 1 | 
2026-05-03 19:15:23,076 - INFO     - img2od: 32 | od2fr: 0 | od2lpr: 1000 | od2cap: 0 | fr2kr: 0 | lpr2kr: 1000 | cap2udp: 0 | kr2udp: 1 | 
2026-05-03 19:15:24,077 - INFO     - img2od: 32 | od2fr: 0 | od2lpr: 1000 | od2cap: 0 | fr2kr: 0 | lpr2kr: 1000 | cap2udp: 0 | kr2udp: 1 | 
2026-05-03 19:15:25,078 - INFO     - img2od: 32 | od2fr: 0 | od2lpr: 1000 | od2cap: 0 | fr2kr: 0 | lpr2kr: 1000 | cap2udp: 0 | kr2udp: 0 | 
2026-05-03 19:15:26,079 - INFO     - img2od: 32 | od2fr: 0 | od2lpr: 1000 | od2cap: 0 | fr2kr: 0 | lpr2kr: 1000 | cap2udp: 0 | kr2udp: 0 | 
2026-05-03 19:15:27,080 - INFO     - img2od: 32 | od2fr: 0 | od2lpr: 1000 | od2cap: 0 | fr2kr: 0 | lpr2kr: 1000 | cap2udp: 0 | kr2udp: 1 | 
2026-05-03 19:15:28,081 - INFO     - img2od: 32 | od2fr: 0 | od2lpr: 1000 | od2cap: 0 | fr2kr: 0 | lpr2kr: 1000 | cap2udp: 0 | kr2udp: 1 | 
2026-05-03 19:15:29,082 - INFO     - img2od: 32 | od2fr: 0 | od2lpr: 1000 | od2cap: 0 | fr2kr: 0 | lpr2kr: 1000 | cap2udp: 0 | kr2udp: 0 | 
2026-05-03 19:15:30,083 - INFO     - img2od: 32 | od2fr: 0 | od2lpr: 1000 | od2cap: 0 | fr2kr: 0 | lpr2kr: 1000 | cap2udp: 0 | kr2udp: 0 | 
2026-05-03 19:15:31,084 - INFO     - img2od: 32 | od2fr: 0 | od2lpr: 1000 | od2cap: 0 | fr2kr: 0 | lpr2kr: 1000 | cap2udp: 0 | kr2udp: 1 | 
2026-05-03 19:15:32,085 - INFO     - img2od: 32 | od2fr: 0 | od2lpr: 1000 | od2cap: 0 | fr2kr: 0 | lpr2kr: 1000 | cap2udp: 0 | kr2udp: 1 | 
2026-05-03 19:15:33,086 - INFO     - img2od: 32 | od2fr: 0 | od2lpr: 999 | od2cap: 0 | fr2kr: 0 | lpr2kr: 1000 | cap2udp: 0 | kr2udp: 0 | 
2026-05-03 19:15:34,087 - INFO     - img2od: 32 | od2fr: 0 | od2lpr: 1000 | od2cap: 0 | fr2kr: 0 | lpr2kr: 1000 | cap2udp: 0 | kr2udp: 1 | 
2026-05-03 19:15:35,088 - INFO     - img2od: 32 | od2fr: 0 | od2lpr: 1000 | od2cap: 0 | fr2kr: 0 | lpr2kr: 1000 | cap2udp: 0 | kr2udp: 1 | 
2026-05-03 19:15:36,089 - INFO     - img2od: 32 | od2fr: 0 | od2lpr: 999 | od2cap: 0 | fr2kr: 0 | lpr2kr: 1000 | cap2udp: 0 | kr2udp: 1 | 
2026-05-03 19:15:37,090 - INFO     - img2od: 32 | od2fr: 0 | od2lpr: 1000 | od2cap: 0 | fr2kr: 0 | lpr2kr: 1000 | cap2udp: 0 | kr2udp: 1 | 
2026-05-03 19:15:38,091 - INFO     - img2od: 32 | od2fr: 0 | od2lpr: 1000 | od2cap: 0 | fr2kr: 0 | lpr2kr: 1000 | cap2udp: 0 | kr2udp: 0 | 
2026-05-03 19:15:39,092 - INFO     - img2od: 32 | od2fr: 0 | od2lpr: 1000 | od2cap: 0 | fr2kr: 0 | lpr2kr: 1000 | cap2udp: 0 | kr2udp: 1 | 
2026-05-03 19:15:40,093 - INFO     - img2od: 32 | od2fr: 0 | od2lpr: 1000 | od2cap: 0 | fr2kr: 0 | lpr2kr: 1000 | cap2udp: 0 | kr2udp: 1 | 
2026-05-03 19:15:41,094 - INFO     - img2od: 32 | od2fr: 0 | od2lpr: 1000 | od2cap: 0 | fr2kr: 0 | lpr2kr: 1000 | cap2udp: 0 | kr2udp: 1 | 
2026-05-03 19:15:42,095 - INFO     - img2od: 32 | od2fr: 0 | od2lpr: 1000 | od2cap: 0 | fr2kr: 0 | lpr2kr: 1000 | cap2udp: 0 | kr2udp: 1 | 
2026-05-03 19:15:43,096 - INFO     - img2od: 32 | od2fr: 0 | od2lpr: 1000 | od2cap: 0 | fr2kr: 0 | lpr2kr: 1000 | cap2udp: 0 | kr2udp: 0 | 
2026-05-03 19:15:44,097 - INFO     - img2od: 32 | od2fr: 0 | od2lpr: 1000 | od2cap: 0 | fr2kr: 0 | lpr2kr: 1000 | cap2udp: 0 | kr2udp: 1 | 
2026-05-03 19:15:45,098 - INFO     - img2od: 32 | od2fr: 0 | od2lpr: 1000 | od2cap: 0 | fr2kr: 0 | lpr2kr: 999 | cap2udp: 0 | kr2udp: 1 | 
2026-05-03 19:15:46,099 - INFO     - img2od: 32 | od2fr: 0 | od2lpr: 1000 | od2cap: 0 | fr2kr: 0 | lpr2kr: 1000 | cap2udp: 0 | kr2udp: 0 | 
2026-05-03 19:15:47,100 - INFO     - img2od: 32 | od2fr: 0 | od2lpr: 1000 | od2cap: 0 | fr2kr: 0 | lpr2kr: 1000 | cap2udp: 0 | kr2udp: 1 | 
2026-05-03 19:15:48,101 - INFO     - img2od: 32 | od2fr: 0 | od2lpr: 1000 | od2cap: 0 | fr2kr: 0 | lpr2kr: 1000 | cap2udp: 0 | kr2udp: 0 | 
2026-05-03 19:15:49,102 - INFO     - img2od: 32 | od2fr: 0 | od2lpr: 1000 | od2cap: 0 | fr2kr: 0 | lpr2kr: 1000 | cap2udp: 0 | kr2udp: 0 | 
2026-05-03 19:15:50,103 - INFO     - img2od: 32 | od2fr: 0 | od2lpr: 1000 | od2cap: 0 | fr2kr: 0 | lpr2kr: 1000 | cap2udp: 0 | kr2udp: 1 | 
2026-05-03 19:15:51,104 - INFO     - img2od: 32 | od2fr: 0 | od2lpr: 1000 | od2cap: 0 | fr2kr: 0 | lpr2kr: 1000 | cap2udp: 0 | kr2udp: 0 | 
2026-05-03 19:15:52,105 - INFO     - img2od: 32 | od2fr: 0 | od2lpr: 1000 | od2cap: 0 | fr2kr: 0 | lpr2kr: 1000 | cap2udp: 0 | kr2udp: 1 | 
2026-05-03 19:15:53,106 - INFO     - img2od: 32 | od2fr: 0 | od2lpr: 1000 | od2cap: 0 | fr2kr: 0 | lpr2kr: 1000 | cap2udp: 0 | kr2udp: 1 | 
2026-05-03 19:15:54,107 - INFO     - img2od: 32 | od2fr: 0 | od2lpr: 1000 | od2cap: 0 | fr2kr: 0 | lpr2kr: 1000 | cap2udp: 0 | kr2udp: 1 | 
2026-05-03 19:15:55,108 - INFO     - img2od: 32 | od2fr: 0 | od2lpr: 1000 | od2cap: 0 | fr2kr: 0 | lpr2kr: 1000 | cap2udp: 0 | kr2udp: 1 | 
2026-05-03 19:15:56,109 - INFO     - img2od: 32 | od2fr: 0 | od2lpr: 1000 | od2cap: 0 | fr2kr: 0 | lpr2kr: 1000 | cap2udp: 0 | kr2udp: 0 | 
2026-05-03 19:15:57,110 - INFO     - img2od: 32 | od2fr: 0 | od2lpr: 1000 | od2cap: 0 | fr2kr: 0 | lpr2kr: 1000 | cap2udp: 0 | kr2udp: 1 | 
2026-05-03 19:15:58,111 - INFO     - img2od: 32 | od2fr: 0 | od2lpr: 1000 | od2cap: 0 | fr2kr: 0 | lpr2kr: 1000 | cap2udp: 0 | kr2udp: 1 | 
2026-05-03 19:15:59,112 - INFO     - img2od: 32 | od2fr: 0 | od2lpr: 1000 | od2cap: 0 | fr2kr: 0 | lpr2kr: 1000 | cap2udp: 0 | kr2udp: 1 | 
2026-05-03 19:16:00,113 - INFO     - img2od: 32 | od2fr: 0 | od2lpr: 1000 | od2cap: 0 | fr2kr: 0 | lpr2kr: 1000 | cap2udp: 0 | kr2udp: 1 | 
2026-05-03 19:16:01,114 - INFO     - img2od: 32 | od2fr: 0 | od2lpr: 1000 | od2cap: 0 | fr2kr: 0 | lpr2kr: 1000 | cap2udp: 0 | kr2udp: 1 | 
2026-05-03 19:16:02,115 - INFO     - img2od: 32 | od2fr: 0 | od2lpr: 1000 | od2cap: 0 | fr2kr: 0 | lpr2kr: 1000 | cap2udp: 0 | kr2udp: 1 | 
2026-05-03 19:16:03,116 - INFO     - img2od: 32 | od2fr: 0 | od2lpr: 1000 | od2cap: 0 | fr2kr: 0 | lpr2kr: 1000 | cap2udp: 0 | kr2udp: 1 | 
2026-05-03 19:16:04,117 - INFO     - img2od: 32 | od2fr: 0 | od2lpr: 1000 | od2cap: 0 | fr2kr: 0 | lpr2kr: 1000 | cap2udp: 0 | kr2udp: 0 | 
2026-05-03 19:16:05,118 - INFO     - img2od: 32 | od2fr: 0 | od2lpr: 1000 | od2cap: 0 | fr2kr: 0 | lpr2kr: 1000 | cap2udp: 0 | kr2udp: 1 | 
2026-05-03 19:16:06,119 - INFO     - img2od: 32 | od2fr: 0 | od2lpr: 1000 | od2cap: 0 | fr2kr: 0 | lpr2kr: 1000 | cap2udp: 0 | kr2udp: 1 | 
2026-05-03 19:16:07,120 - INFO     - img2od: 32 | od2fr: 0 | od2lpr: 1000 | od2cap: 0 | fr2kr: 0 | lpr2kr: 1000 | cap2udp: 0 | kr2udp: 1 | 
2026-05-03 19:16:08,121 - INFO     - img2od: 32 | od2fr: 0 | od2lpr: 1000 | od2cap: 0 | fr2kr: 0 | lpr2kr: 1000 | cap2udp: 0 | kr2udp: 1 | 
2026-05-03 19:16:09,122 - INFO     - img2od: 32 | od2fr: 0 | od2lpr: 1000 | od2cap: 0 | fr2kr: 0 | lpr2kr: 1000 | cap2udp: 0 | kr2udp: 1 | 
2026-05-03 19:16:10,123 - INFO     - img2od: 32 | od2fr: 0 | od2lpr: 1000 | od2cap: 0 | fr2kr: 0 | lpr2kr: 1000 | cap2udp: 0 | kr2udp: 1 | 
2026-05-03 19:16:11,124 - INFO     - img2od: 32 | od2fr: 0 | od2lpr: 1000 | od2cap: 0 | fr2kr: 0 | lpr2kr: 1000 | cap2udp: 0 | kr2udp: 1 | 
2026-05-03 19:16:12,125 - INFO     - img2od: 32 | od2fr: 0 | od2lpr: 1000 | od2cap: 0 | fr2kr: 0 | lpr2kr: 1000 | cap2udp: 0 | kr2udp: 0 | 
2026-05-03 19:16:13,126 - INFO     - img2od: 32 | od2fr: 0 | od2lpr: 1000 | od2cap: 0 | fr2kr: 0 | lpr2kr: 1000 | cap2udp: 0 | kr2udp: 1 | 
2026-05-03 19:16:14,127 - INFO     - img2od: 32 | od2fr: 0 | od2lpr: 1000 | od2cap: 0 | fr2kr: 0 | lpr2kr: 1000 | cap2udp: 0 | kr2udp: 1 | 
2026-05-03 19:16:15,128 - INFO     - img2od: 32 | od2fr: 0 | od2lpr: 1000 | od2cap: 0 | fr2kr: 0 | lpr2kr: 1000 | cap2udp: 0 | kr2udp: 0 | 
2026-05-03 19:16:16,129 - INFO     - img2od: 32 | od2fr: 0 | od2lpr: 1000 | od2cap: 0 | fr2kr: 0 | lpr2kr: 1000 | cap2udp: 0 | kr2udp: 0 | 
2026-05-03 19:16:17,130 - INFO     - img2od: 32 | od2fr: 0 | od2lpr: 1000 | od2cap: 0 | fr2kr: 0 | lpr2kr: 1000 | cap2udp: 0 | kr2udp: 0 | 
2026-05-03 19:16:18,131 - INFO     - img2od: 32 | od2fr: 0 | od2lpr: 1000 | od2cap: 0 | fr2kr: 0 | lpr2kr: 1000 | cap2udp: 0 | kr2udp: 1 | 
2026-05-03 19:16:19,132 - INFO     - img2od: 32 | od2fr: 0 | od2lpr: 1000 | od2cap: 0 | fr2kr: 0 | lpr2kr: 1000 | cap2udp: 0 | kr2udp: 0 | 
2026-05-03 19:16:20,133 - INFO     - img2od: 32 | od2fr: 0 | od2lpr: 1000 | od2cap: 0 | fr2kr: 0 | lpr2kr: 1000 | cap2udp: 0 | kr2udp: 1 | 
2026-05-03 19:16:21,134 - INFO     - img2od: 32 | od2fr: 0 | od2lpr: 1000 | od2cap: 0 | fr2kr: 0 | lpr2kr: 999 | cap2udp: 0 | kr2udp: 1 | 
2026-05-03 19:16:22,135 - INFO     - img2od: 32 | od2fr: 0 | od2lpr: 1000 | od2cap: 0 | fr2kr: 0 | lpr2kr: 1000 | cap2udp: 0 | kr2udp: 1 | 
2026-05-03 19:16:23,136 - INFO     - img2od: 32 | od2fr: 0 | od2lpr: 1000 | od2cap: 0 | fr2kr: 0 | lpr2kr: 1000 | cap2udp: 0 | kr2udp: 1 | 
2026-05-03 19:16:24,137 - INFO     - img2od: 32 | od2fr: 0 | od2lpr: 1000 | od2cap: 0 | fr2kr: 0 | lpr2kr: 1000 | cap2udp: 0 | kr2udp: 1 | 
2026-05-03 19:16:25,138 - INFO     - img2od: 32 | od2fr: 0 | od2lpr: 1000 | od2cap: 0 | fr2kr: 0 | lpr2kr: 1000 | cap2udp: 0 | kr2udp: 1 | 
2026-05-03 19:16:26,139 - INFO     - img2od: 32 | od2fr: 0 | od2lpr: 1000 | od2cap: 0 | fr2kr: 0 | lpr2kr: 1000 | cap2udp: 0 | kr2udp: 1 | 
2026-05-03 19:16:27,140 - INFO     - img2od: 32 | od2fr: 0 | od2lpr: 1000 | od2cap: 0 | fr2kr: 0 | lpr2kr: 999 | cap2udp: 0 | kr2udp: 1 | 
2026-05-03 19:16:28,141 - INFO     - img2od: 32 | od2fr: 0 | od2lpr: 1000 | od2cap: 0 | fr2kr: 0 | lpr2kr: 1000 | cap2udp: 0 | kr2udp: 1 | 
2026-05-03 19:16:29,142 - INFO     - img2od: 32 | od2fr: 0 | od2lpr: 1000 | od2cap: 0 | fr2kr: 0 | lpr2kr: 1000 | cap2udp: 0 | kr2udp: 1 | 
2026-05-03 19:16:30,143 - INFO     - img2od: 32 | od2fr: 0 | od2lpr: 1000 | od2cap: 0 | fr2kr: 0 | lpr2kr: 1000 | cap2udp: 0 | kr2udp: 1 | 
2026-05-03 19:16:31,144 - INFO     - img2od: 32 | od2fr: 0 | od2lpr: 1000 | od2cap: 0 | fr2kr: 0 | lpr2kr: 1000 | cap2udp: 0 | kr2udp: 1 | 
2026-05-03 19:16:32,145 - INFO     - img2od: 32 | od2fr: 0 | od2lpr: 1000 | od2cap: 0 | fr2kr: 0 | lpr2kr: 1000 | cap2udp: 0 | kr2udp: 0 | 
2026-05-03 19:16:33,146 - INFO     - img2od: 32 | od2fr: 0 | od2lpr: 1000 | od2cap: 0 | fr2kr: 0 | lpr2kr: 1000 | cap2udp: 0 | kr2udp: 0 | 
2026-05-03 19:16:34,147 - INFO     - img2od: 32 | od2fr: 0 | od2lpr: 1000 | od2cap: 0 | fr2kr: 0 | lpr2kr: 1000 | cap2udp: 0 | kr2udp: 1 | 
2026-05-03 19:16:35,148 - INFO     - img2od: 32 | od2fr: 0 | od2lpr: 1000 | od2cap: 0 | fr2kr: 0 | lpr2kr: 1000 | cap2udp: 0 | kr2udp: 1 | 
2026-05-03 19:16:36,153 - INFO     - img2od: 32 | od2fr: 0 | od2lpr: 1000 | od2cap: 0 | fr2kr: 0 | lpr2kr: 1000 | cap2udp: 0 | kr2udp: 1 | 
2026-05-03 19:16:37,154 - INFO     - img2od: 32 | od2fr: 0 | od2lpr: 1000 | od2cap: 0 | fr2kr: 0 | lpr2kr: 1000 | cap2udp: 0 | kr2udp: 1 | 
2026-05-03 19:16:38,155 - INFO     - img2od: 32 | od2fr: 0 | od2lpr: 1000 | od2cap: 0 | fr2kr: 0 | lpr2kr: 1000 | cap2udp: 0 | kr2udp: 1 | 
2026-05-03 19:16:39,156 - INFO     - img2od: 32 | od2fr: 0 | od2lpr: 1000 | od2cap: 0 | fr2kr: 0 | lpr2kr: 1000 | cap2udp: 0 | kr2udp: 0 | 
2026-05-03 19:16:40,157 - INFO     - img2od: 32 | od2fr: 0 | od2lpr: 1000 | od2cap: 0 | fr2kr: 0 | lpr2kr: 1000 | cap2udp: 0 | kr2udp: 1 | 
2026-05-03 19:16:41,158 - INFO     - img2od: 32 | od2fr: 0 | od2lpr: 1000 | od2cap: 0 | fr2kr: 0 | lpr2kr: 1000 | cap2udp: 0 | kr2udp: 0 | 
2026-05-03 19:16:42,159 - INFO     - img2od: 32 | od2fr: 0 | od2lpr: 1000 | od2cap: 0 | fr2kr: 0 | lpr2kr: 1000 | cap2udp: 0 | kr2udp: 1 | 
2026-05-03 19:16:43,160 - INFO     - img2od: 32 | od2fr: 0 | od2lpr: 1000 | od2cap: 0 | fr2kr: 0 | lpr2kr: 1000 | cap2udp: 0 | kr2udp: 0 | 
2026-05-03 19:16:44,161 - INFO     - img2od: 32 | od2fr: 0 | od2lpr: 1000 | od2cap: 0 | fr2kr: 0 | lpr2kr: 1000 | cap2udp: 0 | kr2udp: 1 | 
2026-05-03 19:16:45,162 - INFO     - img2od: 32 | od2fr: 0 | od2lpr: 1000 | od2cap: 0 | fr2kr: 0 | lpr2kr: 1000 | cap2udp: 0 | kr2udp: 1 | 
2026-05-03 19:16:46,163 - INFO     - img2od: 32 | od2fr: 0 | od2lpr: 1000 | od2cap: 0 | fr2kr: 0 | lpr2kr: 1000 | cap2udp: 0 | kr2udp: 1 | 
2026-05-03 19:16:47,164 - INFO     - img2od: 32 | od2fr: 0 | od2lpr: 1000 | od2cap: 0 | fr2kr: 0 | lpr2kr: 1000 | cap2udp: 0 | kr2udp: 1 | 
2026-05-03 19:16:48,165 - INFO     - img2od: 32 | od2fr: 0 | od2lpr: 1000 | od2cap: 0 | fr2kr: 0 | lpr2kr: 1000 | cap2udp: 0 | kr2udp: 1 | 
2026-05-03 19:16:49,166 - INFO     - img2od: 32 | od2fr: 0 | od2lpr: 1000 | od2cap: 0 | fr2kr: 0 | lpr2kr: 1000 | cap2udp: 0 | kr2udp: 0 | 
2026-05-03 19:16:50,167 - INFO     - img2od: 32 | od2fr: 0 | od2lpr: 1000 | od2cap: 0 | fr2kr: 0 | lpr2kr: 1000 | cap2udp: 0 | kr2udp: 0 | 
2026-05-03 19:16:51,168 - INFO     - img2od: 32 | od2fr: 0 | od2lpr: 1000 | od2cap: 0 | fr2kr: 0 | lpr2kr: 1000 | cap2udp: 0 | kr2udp: 1 | 
2026-05-03 19:16:52,169 - INFO     - img2od: 32 | od2fr: 0 | od2lpr: 1000 | od2cap: 0 | fr2kr: 0 | lpr2kr: 1000 | cap2udp: 0 | kr2udp: 0 | 
2026-05-03 19:16:53,170 - INFO     - img2od: 32 | od2fr: 0 | od2lpr: 1000 | od2cap: 0 | fr2kr: 0 | lpr2kr: 1000 | cap2udp: 0 | kr2udp: 1 | 
2026-05-03 19:16:54,171 - INFO     - img2od: 32 | od2fr: 0 | od2lpr: 1000 | od2cap: 0 | fr2kr: 0 | lpr2kr: 1000 | cap2udp: 0 | kr2udp: 0 | 
2026-05-03 19:16:55,172 - INFO     - img2od: 32 | od2fr: 0 | od2lpr: 1000 | od2cap: 0 | fr2kr: 0 | lpr2kr: 1000 | cap2udp: 0 | kr2udp: 1 | 
2026-05-03 19:16:56,173 - INFO     - img2od: 32 | od2fr: 0 | od2lpr: 1000 | od2cap: 0 | fr2kr: 0 | lpr2kr: 1000 | cap2udp: 0 | kr2udp: 1 | 
2026-05-03 19:16:57,174 - INFO     - img2od: 32 | od2fr: 0 | od2lpr: 1000 | od2cap: 0 | fr2kr: 0 | lpr2kr: 1000 | cap2udp: 0 | kr2udp: 1 | 
2026-05-03 19:16:58,175 - INFO     - img2od: 32 | od2fr: 0 | od2lpr: 1000 | od2cap: 0 | fr2kr: 0 | lpr2kr: 1000 | cap2udp: 0 | kr2udp: 0 | 
2026-05-03 19:16:59,176 - INFO     - img2od: 32 | od2fr: 0 | od2lpr: 1000 | od2cap: 0 | fr2kr: 0 | lpr2kr: 1000 | cap2udp: 0 | kr2udp: 1 | 
2026-05-03 19:17:00,177 - INFO     - img2od: 32 | od2fr: 0 | od2lpr: 1000 | od2cap: 0 | fr2kr: 0 | lpr2kr: 1000 | cap2udp: 0 | kr2udp: 1 | 
2026-05-03 19:17:01,178 - INFO     - img2od: 32 | od2fr: 0 | od2lpr: 1000 | od2cap: 0 | fr2kr: 0 | lpr2kr: 1000 | cap2udp: 0 | kr2udp: 0 | 
2026-05-03 19:17:02,179 - INFO     - img2od: 32 | od2fr: 0 | od2lpr: 1000 | od2cap: 0 | fr2kr: 0 | lpr2kr: 1000 | cap2udp: 0 | kr2udp: 1 | 
2026-05-03 19:17:03,180 - INFO     - img2od: 32 | od2fr: 0 | od2lpr: 1000 | od2cap: 0 | fr2kr: 0 | lpr2kr: 1000 | cap2udp: 0 | kr2udp: 1 | 
2026-05-03 19:17:04,181 - INFO     - img2od: 32 | od2fr: 0 | od2lpr: 1000 | od2cap: 0 | fr2kr: 0 | lpr2kr: 1000 | cap2udp: 0 | kr2udp: 1 | 
2026-05-03 19:17:05,182 - INFO     - img2od: 32 | od2fr: 0 | od2lpr: 1000 | od2cap: 0 | fr2kr: 0 | lpr2kr: 1000 | cap2udp: 0 | kr2udp: 1 | 
2026-05-03 19:17:06,183 - INFO     - img2od: 32 | od2fr: 0 | od2lpr: 1000 | od2cap: 0 | fr2kr: 0 | lpr2kr: 1000 | cap2udp: 0 | kr2udp: 1 | 
2026-05-03 19:17:07,184 - INFO     - img2od: 32 | od2fr: 0 | od2lpr: 1000 | od2cap: 0 | fr2kr: 0 | lpr2kr: 1000 | cap2udp: 0 | kr2udp: 1 | 
2026-05-03 19:17:08,185 - INFO     - img2od: 31 | od2fr: 4 | od2lpr: 1000 | od2cap: 0 | fr2kr: 1 | lpr2kr: 1000 | cap2udp: 0 | kr2udp: 0 | 
2026-05-03 19:17:09,186 - INFO     - img2od: 31 | od2fr: 0 | od2lpr: 1000 | od2cap: 0 | fr2kr: 3 | lpr2kr: 1000 | cap2udp: 0 | kr2udp: 1 | 
2026-05-03 19:17:10,187 - INFO     - img2od: 31 | od2fr: 0 | od2lpr: 1000 | od2cap: 0 | fr2kr: 1 | lpr2kr: 1000 | cap2udp: 0 | kr2udp: 1 | 
2026-05-03 19:17:11,188 - INFO     - img2od: 31 | od2fr: 0 | od2lpr: 1000 | od2cap: 0 | fr2kr: 0 | lpr2kr: 999 | cap2udp: 0 | kr2udp: 0 | 
2026-05-03 19:17:12,189 - INFO     - img2od: 31 | od2fr: 0 | od2lpr: 1000 | od2cap: 0 | fr2kr: 0 | lpr2kr: 1000 | cap2udp: 0 | kr2udp: 0 | 
2026-05-03 19:17:13,190 - INFO     - img2od: 31 | od2fr: 0 | od2lpr: 1000 | od2cap: 0 | fr2kr: 0 | lpr2kr: 1000 | cap2udp: 0 | kr2udp: 0 | 
2026-05-03 19:17:14,191 - INFO     - img2od: 31 | od2fr: 0 | od2lpr: 1000 | od2cap: 0 | fr2kr: 0 | lpr2kr: 1000 | cap2udp: 0 | kr2udp: 1 | 
2026-05-03 19:17:15,192 - INFO     - img2od: 31 | od2fr: 0 | od2lpr: 1000 | od2cap: 0 | fr2kr: 0 | lpr2kr: 1000 | cap2udp: 0 | kr2udp: 0 | 
2026-05-03 19:17:16,193 - INFO     - img2od: 31 | od2fr: 0 | od2lpr: 1000 | od2cap: 0 | fr2kr: 0 | lpr2kr: 1000 | cap2udp: 0 | kr2udp: 0 | 
2026-05-03 19:17:17,194 - INFO     - img2od: 31 | od2fr: 0 | od2lpr: 1000 | od2cap: 0 | fr2kr: 0 | lpr2kr: 1000 | cap2udp: 0 | kr2udp: 0 | 
2026-05-03 19:17:18,195 - INFO     - img2od: 31 | od2fr: 0 | od2lpr: 1000 | od2cap: 0 | fr2kr: 0 | lpr2kr: 1000 | cap2udp: 0 | kr2udp: 1 | 
2026-05-03 19:17:19,196 - INFO     - img2od: 31 | od2fr: 0 | od2lpr: 1000 | od2cap: 0 | fr2kr: 0 | lpr2kr: 1000 | cap2udp: 0 | kr2udp: 0 | 
2026-05-03 19:17:20,197 - INFO     - img2od: 31 | od2fr: 0 | od2lpr: 1000 | od2cap: 0 | fr2kr: 0 | lpr2kr: 1000 | cap2udp: 0 | kr2udp: 1 | 
2026-05-03 19:17:21,198 - INFO     - img2od: 31 | od2fr: 0 | od2lpr: 1000 | od2cap: 0 | fr2kr: 0 | lpr2kr: 1000 | cap2udp: 0 | kr2udp: 1 | 
2026-05-03 19:17:22,199 - INFO     - img2od: 31 | od2fr: 0 | od2lpr: 1000 | od2cap: 0 | fr2kr: 0 | lpr2kr: 1000 | cap2udp: 0 | kr2udp: 1 | 
2026-05-03 19:17:23,200 - INFO     - img2od: 31 | od2fr: 0 | od2lpr: 1000 | od2cap: 0 | fr2kr: 0 | lpr2kr: 1000 | cap2udp: 0 | kr2udp: 1 | 
2026-05-03 19:17:24,201 - INFO     - img2od: 31 | od2fr: 0 | od2lpr: 1000 | od2cap: 0 | fr2kr: 0 | lpr2kr: 1000 | cap2udp: 0 | kr2udp: 0 | 
2026-05-03 19:17:25,202 - INFO     - img2od: 31 | od2fr: 0 | od2lpr: 1000 | od2cap: 0 | fr2kr: 0 | lpr2kr: 1000 | cap2udp: 0 | kr2udp: 1 | 
2026-05-03 19:17:26,203 - INFO     - img2od: 31 | od2fr: 0 | od2lpr: 1000 | od2cap: 0 | fr2kr: 0 | lpr2kr: 1000 | cap2udp: 0 | kr2udp: 1 | 
2026-05-03 19:17:27,204 - INFO     - img2od: 31 | od2fr: 0 | od2lpr: 1000 | od2cap: 0 | fr2kr: 0 | lpr2kr: 1000 | cap2udp: 0 | kr2udp: 0 | 
2026-05-03 19:17:28,205 - INFO     - img2od: 31 | od2fr: 0 | od2lpr: 1000 | od2cap: 0 | fr2kr: 0 | lpr2kr: 1000 | cap2udp: 0 | kr2udp: 1 | 
2026-05-03 19:17:29,206 - INFO     - img2od: 31 | od2fr: 0 | od2lpr: 1000 | od2cap: 0 | fr2kr: 0 | lpr2kr: 1000 | cap2udp: 0 | kr2udp: 1 | 
2026-05-03 19:17:30,207 - INFO     - img2od: 31 | od2fr: 0 | od2lpr: 1000 | od2cap: 0 | fr2kr: 0 | lpr2kr: 1000 | cap2udp: 0 | kr2udp: 1 | 
2026-05-03 19:17:31,208 - INFO     - img2od: 31 | od2fr: 0 | od2lpr: 1000 | od2cap: 0 | fr2kr: 0 | lpr2kr: 999 | cap2udp: 0 | kr2udp: 1 | 
2026-05-03 19:17:32,209 - INFO     - img2od: 31 | od2fr: 0 | od2lpr: 1000 | od2cap: 0 | fr2kr: 0 | lpr2kr: 1000 | cap2udp: 0 | kr2udp: 1 | 
2026-05-03 19:17:33,210 - INFO     - img2od: 31 | od2fr: 0 | od2lpr: 1000 | od2cap: 0 | fr2kr: 0 | lpr2kr: 1000 | cap2udp: 0 | kr2udp: 1 | 
2026-05-03 19:17:34,211 - INFO     - img2od: 31 | od2fr: 0 | od2lpr: 1000 | od2cap: 0 | fr2kr: 0 | lpr2kr: 1000 | cap2udp: 0 | kr2udp: 0 | 
2026-05-03 19:17:35,212 - INFO     - img2od: 31 | od2fr: 0 | od2lpr: 1000 | od2cap: 0 | fr2kr: 0 | lpr2kr: 1000 | cap2udp: 0 | kr2udp: 0 | 
2026-05-03 19:17:36,213 - INFO     - img2od: 31 | od2fr: 0 | od2lpr: 1000 | od2cap: 0 | fr2kr: 0 | lpr2kr: 1000 | cap2udp: 0 | kr2udp: 1 | 
2026-05-03 19:17:37,214 - INFO     - img2od: 31 | od2fr: 0 | od2lpr: 1000 | od2cap: 0 | fr2kr: 0 | lpr2kr: 1000 | cap2udp: 0 | kr2udp: 1 | 
2026-05-03 19:17:38,215 - INFO     - img2od: 31 | od2fr: 0 | od2lpr: 1000 | od2cap: 0 | fr2kr: 0 | lpr2kr: 1000 | cap2udp: 0 | kr2udp: 1 | 
2026-05-03 19:17:39,216 - INFO     - img2od: 31 | od2fr: 0 | od2lpr: 1000 | od2cap: 0 | fr2kr: 0 | lpr2kr: 1000 | cap2udp: 0 | kr2udp: 0 | 
2026-05-03 19:17:40,217 - INFO     - img2od: 31 | od2fr: 0 | od2lpr: 1000 | od2cap: 0 | fr2kr: 0 | lpr2kr: 1000 | cap2udp: 0 | kr2udp: 0 | 
2026-05-03 19:17:41,218 - INFO     - img2od: 31 | od2fr: 0 | od2lpr: 1000 | od2cap: 0 | fr2kr: 0 | lpr2kr: 1000 | cap2udp: 0 | kr2udp: 1 | 
2026-05-03 19:17:42,219 - INFO     - img2od: 31 | od2fr: 0 | od2lpr: 1000 | od2cap: 0 | fr2kr: 0 | lpr2kr: 1000 | cap2udp: 0 | kr2udp: 1 | 
2026-05-03 19:17:43,220 - INFO     - img2od: 31 | od2fr: 0 | od2lpr: 1000 | od2cap: 0 | fr2kr: 0 | lpr2kr: 1000 | cap2udp: 0 | kr2udp: 1 | 
2026-05-03 19:17:44,221 - INFO     - img2od: 31 | od2fr: 0 | od2lpr: 1000 | od2cap: 0 | fr2kr: 0 | lpr2kr: 1000 | cap2udp: 0 | kr2udp: 1 | 
2026-05-03 19:17:45,222 - INFO     - img2od: 31 | od2fr: 0 | od2lpr: 1000 | od2cap: 0 | fr2kr: 0 | lpr2kr: 1000 | cap2udp: 0 | kr2udp: 1 | 
2026-05-03 19:17:46,223 - INFO     - img2od: 31 | od2fr: 0 | od2lpr: 1000 | od2cap: 0 | fr2kr: 0 | lpr2kr: 1000 | cap2udp: 0 | kr2udp: 0 | 
2026-05-03 19:17:47,224 - INFO     - img2od: 31 | od2fr: 0 | od2lpr: 1000 | od2cap: 0 | fr2kr: 0 | lpr2kr: 1000 | cap2udp: 0 | kr2udp: 0 | 
2026-05-03 19:17:48,225 - INFO     - img2od: 31 | od2fr: 0 | od2lpr: 1000 | od2cap: 0 | fr2kr: 0 | lpr2kr: 1000 | cap2udp: 0 | kr2udp: 1 | 
2026-05-03 19:17:49,226 - INFO     - img2od: 31 | od2fr: 0 | od2lpr: 1000 | od2cap: 0 | fr2kr: 0 | lpr2kr: 1000 | cap2udp: 0 | kr2udp: 0 | 
2026-05-03 19:17:50,227 - INFO     - img2od: 31 | od2fr: 0 | od2lpr: 1000 | od2cap: 0 | fr2kr: 0 | lpr2kr: 1000 | cap2udp: 0 | kr2udp: 0 | 
2026-05-03 19:17:51,228 - INFO     - img2od: 31 | od2fr: 0 | od2lpr: 1000 | od2cap: 0 | fr2kr: 0 | lpr2kr: 1000 | cap2udp: 0 | kr2udp: 1 | 
2026-05-03 19:17:52,229 - INFO     - img2od: 31 | od2fr: 0 | od2lpr: 1000 | od2cap: 0 | fr2kr: 0 | lpr2kr: 1000 | cap2udp: 0 | kr2udp: 1 | 
2026-05-03 19:17:53,230 - INFO     - img2od: 31 | od2fr: 0 | od2lpr: 1000 | od2cap: 0 | fr2kr: 0 | lpr2kr: 1000 | cap2udp: 0 | kr2udp: 0 | 
2026-05-03 19:17:54,231 - INFO     - img2od: 31 | od2fr: 0 | od2lpr: 1000 | od2cap: 0 | fr2kr: 0 | lpr2kr: 1000 | cap2udp: 0 | kr2udp: 1 | 
2026-05-03 19:17:55,232 - INFO     - img2od: 31 | od2fr: 0 | od2lpr: 1000 | od2cap: 0 | fr2kr: 0 | lpr2kr: 1000 | cap2udp: 0 | kr2udp: 0 | 
2026-05-03 19:17:56,233 - INFO     - img2od: 31 | od2fr: 0 | od2lpr: 1000 | od2cap: 0 | fr2kr: 0 | lpr2kr: 1000 | cap2udp: 0 | kr2udp: 1 | 
2026-05-03 19:17:57,234 - INFO     - img2od: 31 | od2fr: 0 | od2lpr: 1000 | od2cap: 0 | fr2kr: 0 | lpr2kr: 1000 | cap2udp: 0 | kr2udp: 1 | 
2026-05-03 19:17:58,235 - INFO     - img2od: 31 | od2fr: 0 | od2lpr: 1000 | od2cap: 0 | fr2kr: 0 | lpr2kr: 1000 | cap2udp: 0 | kr2udp: 1 | 
2026-05-03 19:17:59,236 - INFO     - img2od: 31 | od2fr: 0 | od2lpr: 1000 | od2cap: 0 | fr2kr: 0 | lpr2kr: 1000 | cap2udp: 0 | kr2udp: 2 | 
2026-05-03 19:18:00,237 - INFO     - img2od: 31 | od2fr: 0 | od2lpr: 1000 | od2cap: 0 | fr2kr: 0 | lpr2kr: 1000 | cap2udp: 0 | kr2udp: 1 | 
2026-05-03 19:18:01,238 - INFO     - img2od: 31 | od2fr: 0 | od2lpr: 1000 | od2cap: 0 | fr2kr: 0 | lpr2kr: 1000 | cap2udp: 0 | kr2udp: 0 | 
2026-05-03 19:18:02,239 - INFO     - img2od: 31 | od2fr: 0 | od2lpr: 1000 | od2cap: 0 | fr2kr: 0 | lpr2kr: 1000 | cap2udp: 0 | kr2udp: 1 | 
2026-05-03 19:18:03,240 - INFO     - img2od: 31 | od2fr: 0 | od2lpr: 1000 | od2cap: 0 | fr2kr: 0 | lpr2kr: 1000 | cap2udp: 0 | kr2udp: 1 | 
2026-05-03 19:18:04,241 - INFO     - img2od: 31 | od2fr: 0 | od2lpr: 1000 | od2cap: 0 | fr2kr: 0 | lpr2kr: 1000 | cap2udp: 0 | kr2udp: 1 | 
2026-05-03 19:18:05,242 - INFO     - img2od: 31 | od2fr: 0 | od2lpr: 1000 | od2cap: 0 | fr2kr: 0 | lpr2kr: 1000 | cap2udp: 0 | kr2udp: 0 | 
2026-05-03 19:18:06,243 - INFO     - img2od: 31 | od2fr: 0 | od2lpr: 1000 | od2cap: 0 | fr2kr: 0 | lpr2kr: 1000 | cap2udp: 0 | kr2udp: 1 | 
2026-05-03 19:18:07,244 - INFO     - img2od: 31 | od2fr: 0 | od2lpr: 1000 | od2cap: 0 | fr2kr: 0 | lpr2kr: 1000 | cap2udp: 0 | kr2udp: 0 | 
2026-05-03 19:18:08,245 - INFO     - img2od: 31 | od2fr: 0 | od2lpr: 1000 | od2cap: 0 | fr2kr: 0 | lpr2kr: 1000 | cap2udp: 0 | kr2udp: 1 | 
2026-05-03 19:18:09,246 - INFO     - img2od: 31 | od2fr: 0 | od2lpr: 1000 | od2cap: 0 | fr2kr: 0 | lpr2kr: 1000 | cap2udp: 0 | kr2udp: 0 | 
2026-05-03 19:18:10,247 - INFO     - img2od: 31 | od2fr: 0 | od2lpr: 1000 | od2cap: 0 | fr2kr: 0 | lpr2kr: 1000 | cap2udp: 0 | kr2udp: 1 | 
2026-05-03 19:18:11,248 - INFO     - img2od: 31 | od2fr: 0 | od2lpr: 1000 | od2cap: 0 | fr2kr: 0 | lpr2kr: 1000 | cap2udp: 0 | kr2udp: 1 | 
2026-05-03 19:18:12,249 - INFO     - img2od: 31 | od2fr: 0 | od2lpr: 1000 | od2cap: 0 | fr2kr: 0 | lpr2kr: 1000 | cap2udp: 0 | kr2udp: 1 | 
2026-05-03 19:18:13,250 - INFO     - img2od: 31 | od2fr: 0 | od2lpr: 1000 | od2cap: 0 | fr2kr: 0 | lpr2kr: 1000 | cap2udp: 0 | kr2udp: 1 | 
2026-05-03 19:18:14,251 - INFO     - img2od: 31 | od2fr: 0 | od2lpr: 1000 | od2cap: 0 | fr2kr: 0 | lpr2kr: 1000 | cap2udp: 0 | kr2udp: 0 | 
2026-05-03 19:18:15,252 - INFO     - img2od: 31 | od2fr: 0 | od2lpr: 1000 | od2cap: 0 | fr2kr: 0 | lpr2kr: 1000 | cap2udp: 0 | kr2udp: 0 | 
2026-05-03 19:18:16,253 - INFO     - img2od: 31 | od2fr: 0 | od2lpr: 1000 | od2cap: 0 | fr2kr: 0 | lpr2kr: 1000 | cap2udp: 0 | kr2udp: 0 | 
2026-05-03 19:18:17,254 - INFO     - img2od: 31 | od2fr: 0 | od2lpr: 1000 | od2cap: 0 | fr2kr: 0 | lpr2kr: 1000 | cap2udp: 0 | kr2udp: 1 | 
2026-05-03 19:18:18,255 - INFO     - img2od: 31 | od2fr: 0 | od2lpr: 1000 | od2cap: 0 | fr2kr: 0 | lpr2kr: 1000 | cap2udp: 0 | kr2udp: 1 | 
2026-05-03 19:18:19,256 - INFO     - img2od: 31 | od2fr: 0 | od2lpr: 1000 | od2cap: 0 | fr2kr: 0 | lpr2kr: 1000 | cap2udp: 0 | kr2udp: 0 | 
2026-05-03 19:18:20,257 - INFO     - img2od: 31 | od2fr: 0 | od2lpr: 1000 | od2cap: 0 | fr2kr: 0 | lpr2kr: 1000 | cap2udp: 0 | kr2udp: 1 | 
2026-05-03 19:18:21,258 - INFO     - img2od: 31 | od2fr: 0 | od2lpr: 1000 | od2cap: 0 | fr2kr: 0 | lpr2kr: 1000 | cap2udp: 0 | kr2udp: 0 | 
2026-05-03 19:18:22,259 - INFO     - img2od: 31 | od2fr: 0 | od2lpr: 1000 | od2cap: 0 | fr2kr: 0 | lpr2kr: 1000 | cap2udp: 0 | kr2udp: 0 | 
2026-05-03 19:18:23,260 - INFO     - img2od: 31 | od2fr: 0 | od2lpr: 1000 | od2cap: 0 | fr2kr: 0 | lpr2kr: 1000 | cap2udp: 0 | kr2udp: 1 | 
2026-05-03 19:18:24,261 - INFO     - img2od: 31 | od2fr: 0 | od2lpr: 1000 | od2cap: 0 | fr2kr: 0 | lpr2kr: 1000 | cap2udp: 0 | kr2udp: 1 | 
2026-05-03 19:18:25,262 - INFO     - img2od: 31 | od2fr: 0 | od2lpr: 1000 | od2cap: 0 | fr2kr: 0 | lpr2kr: 1000 | cap2udp: 0 | kr2udp: 0 | 
2026-05-03 19:18:26,263 - INFO     - img2od: 31 | od2fr: 0 | od2lpr: 1000 | od2cap: 0 | fr2kr: 0 | lpr2kr: 1000 | cap2udp: 0 | kr2udp: 1 | 
2026-05-03 19:18:27,264 - INFO     - img2od: 31 | od2fr: 0 | od2lpr: 1000 | od2cap: 0 | fr2kr: 0 | lpr2kr: 1000 | cap2udp: 0 | kr2udp: 1 | 
2026-05-03 19:18:28,265 - INFO     - img2od: 31 | od2fr: 0 | od2lpr: 1000 | od2cap: 0 | fr2kr: 0 | lpr2kr: 1000 | cap2udp: 0 | kr2udp: 1 | 
2026-05-03 19:18:29,266 - INFO     - img2od: 31 | od2fr: 0 | od2lpr: 1000 | od2cap: 0 | fr2kr: 0 | lpr2kr: 1000 | cap2udp: 0 | kr2udp: 1 | 
2026-05-03 19:18:30,267 - INFO     - img2od: 31 | od2fr: 0 | od2lpr: 1000 | od2cap: 0 | fr2kr: 0 | lpr2kr: 1000 | cap2udp: 0 | kr2udp: 1 | 
2026-05-03 19:18:31,268 - INFO     - img2od: 31 | od2fr: 0 | od2lpr: 1000 | od2cap: 0 | fr2kr: 0 | lpr2kr: 1000 | cap2udp: 0 | kr2udp: 0 | 
2026-05-03 19:18:32,269 - INFO     - img2od: 31 | od2fr: 0 | od2lpr: 1000 | od2cap: 0 | fr2kr: 0 | lpr2kr: 1000 | cap2udp: 0 | kr2udp: 1 | 
2026-05-03 19:18:33,270 - INFO     - img2od: 31 | od2fr: 0 | od2lpr: 1000 | od2cap: 0 | fr2kr: 0 | lpr2kr: 1000 | cap2udp: 0 | kr2udp: 0 | 
2026-05-03 19:18:34,271 - INFO     - img2od: 31 | od2fr: 0 | od2lpr: 1000 | od2cap: 0 | fr2kr: 0 | lpr2kr: 1000 | cap2udp: 0 | kr2udp: 0 | 
2026-05-03 19:18:35,272 - INFO     - img2od: 31 | od2fr: 0 | od2lpr: 1000 | od2cap: 0 | fr2kr: 0 | lpr2kr: 1000 | cap2udp: 0 | kr2udp: 1 | 
2026-05-03 19:18:36,273 - INFO     - img2od: 31 | od2fr: 0 | od2lpr: 1000 | od2cap: 0 | fr2kr: 0 | lpr2kr: 1000 | cap2udp: 0 | kr2udp: 1 | 
2026-05-03 19:18:37,274 - INFO     - img2od: 31 | od2fr: 0 | od2lpr: 1000 | od2cap: 0 | fr2kr: 0 | lpr2kr: 1000 | cap2udp: 0 | kr2udp: 0 | 
2026-05-03 19:18:38,275 - INFO     - img2od: 31 | od2fr: 0 | od2lpr: 1000 | od2cap: 0 | fr2kr: 0 | lpr2kr: 1000 | cap2udp: 0 | kr2udp: 1 | 
2026-05-03 19:18:39,276 - INFO     - img2od: 31 | od2fr: 0 | od2lpr: 1000 | od2cap: 0 | fr2kr: 0 | lpr2kr: 1000 | cap2udp: 0 | kr2udp: 1 | 
2026-05-03 19:18:40,277 - INFO     - img2od: 31 | od2fr: 0 | od2lpr: 1000 | od2cap: 0 | fr2kr: 0 | lpr2kr: 1000 | cap2udp: 0 | kr2udp: 1 | 
2026-05-03 19:18:41,278 - INFO     - img2od: 31 | od2fr: 0 | od2lpr: 1000 | od2cap: 0 | fr2kr: 0 | lpr2kr: 1000 | cap2udp: 0 | kr2udp: 0 | 
2026-05-03 19:18:42,279 - INFO     - img2od: 31 | od2fr: 0 | od2lpr: 1000 | od2cap: 0 | fr2kr: 0 | lpr2kr: 1000 | cap2udp: 0 | kr2udp: 1 | 
2026-05-03 19:18:43,280 - INFO     - img2od: 31 | od2fr: 0 | od2lpr: 1000 | od2cap: 0 | fr2kr: 0 | lpr2kr: 1000 | cap2udp: 0 | kr2udp: 0 | 
2026-05-03 19:18:44,286 - INFO     - img2od: 31 | od2fr: 0 | od2lpr: 1000 | od2cap: 0 | fr2kr: 0 | lpr2kr: 1000 | cap2udp: 0 | kr2udp: 1 | 
2026-05-03 19:18:45,287 - INFO     - img2od: 31 | od2fr: 0 | od2lpr: 1000 | od2cap: 0 | fr2kr: 0 | lpr2kr: 1000 | cap2udp: 0 | kr2udp: 1 | 
2026-05-03 19:18:46,288 - INFO     - img2od: 31 | od2fr: 0 | od2lpr: 1000 | od2cap: 0 | fr2kr: 0 | lpr2kr: 1000 | cap2udp: 0 | kr2udp: 0 | 
2026-05-03 19:18:47,289 - INFO     - img2od: 31 | od2fr: 0 | od2lpr: 1000 | od2cap: 0 | fr2kr: 0 | lpr2kr: 1000 | cap2udp: 0 | kr2udp: 1 | 
2026-05-03 19:18:48,290 - INFO     - img2od: 31 | od2fr: 0 | od2lpr: 1000 | od2cap: 0 | fr2kr: 0 | lpr2kr: 1000 | cap2udp: 0 | kr2udp: 1 | 
2026-05-03 19:18:49,291 - INFO     - img2od: 31 | od2fr: 0 | od2lpr: 1000 | od2cap: 0 | fr2kr: 0 | lpr2kr: 1000 | cap2udp: 0 | kr2udp: 0 | 
2026-05-03 19:18:50,292 - INFO     - img2od: 31 | od2fr: 0 | od2lpr: 1000 | od2cap: 0 | fr2kr: 0 | lpr2kr: 1000 | cap2udp: 0 | kr2udp: 1 | 
2026-05-03 19:18:51,293 - INFO     - img2od: 31 | od2fr: 0 | od2lpr: 1000 | od2cap: 0 | fr2kr: 0 | lpr2kr: 1000 | cap2udp: 0 | kr2udp: 0 | 
2026-05-03 19:18:52,294 - INFO     - img2od: 31 | od2fr: 0 | od2lpr: 1000 | od2cap: 0 | fr2kr: 0 | lpr2kr: 1000 | cap2udp: 0 | kr2udp: 1 | 
2026-05-03 19:18:53,295 - INFO     - img2od: 31 | od2fr: 0 | od2lpr: 1000 | od2cap: 0 | fr2kr: 0 | lpr2kr: 1000 | cap2udp: 0 | kr2udp: 0 | 
2026-05-03 19:18:54,296 - INFO     - img2od: 31 | od2fr: 0 | od2lpr: 1000 | od2cap: 0 | fr2kr: 0 | lpr2kr: 1000 | cap2udp: 0 | kr2udp: 0 | 
2026-05-03 19:18:55,297 - INFO     - img2od: 31 | od2fr: 0 | od2lpr: 1000 | od2cap: 0 | fr2kr: 0 | lpr2kr: 1000 | cap2udp: 0 | kr2udp: 1 | 
2026-05-03 19:18:56,298 - INFO     - img2od: 31 | od2fr: 0 | od2lpr: 1000 | od2cap: 0 | fr2kr: 0 | lpr2kr: 1000 | cap2udp: 0 | kr2udp: 0 | 
2026-05-03 19:18:57,299 - INFO     - img2od: 31 | od2fr: 0 | od2lpr: 1000 | od2cap: 0 | fr2kr: 0 | lpr2kr: 1000 | cap2udp: 0 | kr2udp: 1 | 
2026-05-03 19:18:58,300 - INFO     - img2od: 31 | od2fr: 0 | od2lpr: 1000 | od2cap: 0 | fr2kr: 0 | lpr2kr: 1000 | cap2udp: 0 | kr2udp: 1 | 
2026-05-03 19:18:59,301 - INFO     - img2od: 31 | od2fr: 0 | od2lpr: 1000 | od2cap: 0 | fr2kr: 0 | lpr2kr: 1000 | cap2udp: 0 | kr2udp: 1 | 
2026-05-03 19:19:00,302 - INFO     - img2od: 31 | od2fr: 0 | od2lpr: 1000 | od2cap: 0 | fr2kr: 0 | lpr2kr: 1000 | cap2udp: 0 | kr2udp: 1 | 
2026-05-03 19:19:01,303 - INFO     - img2od: 31 | od2fr: 0 | od2lpr: 1000 | od2cap: 0 | fr2kr: 0 | lpr2kr: 1000 | cap2udp: 0 | kr2udp: 1 | 
2026-05-03 19:19:02,304 - INFO     - img2od: 31 | od2fr: 0 | od2lpr: 1000 | od2cap: 0 | fr2kr: 0 | lpr2kr: 1000 | cap2udp: 0 | kr2udp: 1 | 
2026-05-03 19:19:03,305 - INFO     - img2od: 31 | od2fr: 0 | od2lpr: 1000 | od2cap: 0 | fr2kr: 0 | lpr2kr: 1000 | cap2udp: 0 | kr2udp: 1 | 
2026-05-03 19:19:04,306 - INFO     - img2od: 31 | od2fr: 0 | od2lpr: 1000 | od2cap: 0 | fr2kr: 0 | lpr2kr: 1000 | cap2udp: 0 | kr2udp: 1 | 
2026-05-03 19:19:05,307 - INFO     - img2od: 31 | od2fr: 0 | od2lpr: 1000 | od2cap: 0 | fr2kr: 0 | lpr2kr: 1000 | cap2udp: 0 | kr2udp: 0 | 
2026-05-03 19:19:06,308 - INFO     - img2od: 31 | od2fr: 0 | od2lpr: 1000 | od2cap: 0 | fr2kr: 0 | lpr2kr: 1000 | cap2udp: 0 | kr2udp: 1 | 
2026-05-03 19:19:07,309 - INFO     - img2od: 31 | od2fr: 0 | od2lpr: 1000 | od2cap: 0 | fr2kr: 0 | lpr2kr: 1000 | cap2udp: 0 | kr2udp: 1 | 
2026-05-03 19:19:08,310 - INFO     - img2od: 31 | od2fr: 0 | od2lpr: 1000 | od2cap: 0 | fr2kr: 0 | lpr2kr: 1000 | cap2udp: 0 | kr2udp: 1 | 
2026-05-03 19:19:09,311 - INFO     - img2od: 31 | od2fr: 0 | od2lpr: 1000 | od2cap: 0 | fr2kr: 0 | lpr2kr: 1000 | cap2udp: 0 | kr2udp: 1 | 
2026-05-03 19:19:10,312 - INFO     - img2od: 31 | od2fr: 0 | od2lpr: 1000 | od2cap: 0 | fr2kr: 0 | lpr2kr: 1000 | cap2udp: 0 | kr2udp: 1 | 
2026-05-03 19:19:11,313 - INFO     - img2od: 31 | od2fr: 0 | od2lpr: 1000 | od2cap: 0 | fr2kr: 0 | lpr2kr: 1000 | cap2udp: 0 | kr2udp: 1 | 
2026-05-03 19:19:12,314 - INFO     - img2od: 31 | od2fr: 0 | od2lpr: 1000 | od2cap: 0 | fr2kr: 0 | lpr2kr: 1000 | cap2udp: 0 | kr2udp: 1 | 
2026-05-03 19:19:13,315 - INFO     - img2od: 31 | od2fr: 0 | od2lpr: 1000 | od2cap: 0 | fr2kr: 0 | lpr2kr: 1000 | cap2udp: 0 | kr2udp: 1 | 
2026-05-03 19:19:14,316 - INFO     - img2od: 31 | od2fr: 0 | od2lpr: 1000 | od2cap: 0 | fr2kr: 0 | lpr2kr: 1000 | cap2udp: 0 | kr2udp: 1 | 
2026-05-03 19:19:15,317 - INFO     - img2od: 31 | od2fr: 0 | od2lpr: 1000 | od2cap: 0 | fr2kr: 0 | lpr2kr: 1000 | cap2udp: 0 | kr2udp: 1 | 
2026-05-03 19:19:16,318 - INFO     - img2od: 31 | od2fr: 0 | od2lpr: 1000 | od2cap: 0 | fr2kr: 0 | lpr2kr: 1000 | cap2udp: 0 | kr2udp: 1 | 
2026-05-03 19:19:17,319 - INFO     - img2od: 31 | od2fr: 0 | od2lpr: 1000 | od2cap: 0 | fr2kr: 0 | lpr2kr: 1000 | cap2udp: 0 | kr2udp: 0 | 
2026-05-03 19:19:18,320 - INFO     - img2od: 31 | od2fr: 0 | od2lpr: 1000 | od2cap: 0 | fr2kr: 0 | lpr2kr: 1000 | cap2udp: 0 | kr2udp: 1 | 
2026-05-03 19:19:19,321 - INFO     - img2od: 31 | od2fr: 0 | od2lpr: 1000 | od2cap: 0 | fr2kr: 0 | lpr2kr: 1000 | cap2udp: 0 | kr2udp: 1 | 
2026-05-03 19:19:20,322 - INFO     - img2od: 31 | od2fr: 0 | od2lpr: 1000 | od2cap: 0 | fr2kr: 0 | lpr2kr: 1000 | cap2udp: 0 | kr2udp: 1 | 
2026-05-03 19:19:21,323 - INFO     - img2od: 31 | od2fr: 0 | od2lpr: 1000 | od2cap: 0 | fr2kr: 0 | lpr2kr: 1000 | cap2udp: 0 | kr2udp: 0 | 
2026-05-03 19:19:22,324 - INFO     - img2od: 31 | od2fr: 0 | od2lpr: 1000 | od2cap: 0 | fr2kr: 0 | lpr2kr: 1000 | cap2udp: 0 | kr2udp: 0 | 
2026-05-03 19:19:23,325 - INFO     - img2od: 31 | od2fr: 0 | od2lpr: 1000 | od2cap: 0 | fr2kr: 0 | lpr2kr: 1000 | cap2udp: 0 | kr2udp: 1 | 
2026-05-03 19:19:24,326 - INFO     - img2od: 31 | od2fr: 0 | od2lpr: 1000 | od2cap: 0 | fr2kr: 0 | lpr2kr: 1000 | cap2udp: 0 | kr2udp: 1 | 
2026-05-03 19:19:25,327 - INFO     - img2od: 31 | od2fr: 0 | od2lpr: 1000 | od2cap: 0 | fr2kr: 0 | lpr2kr: 1000 | cap2udp: 0 | kr2udp: 1 | 
2026-05-03 19:19:26,328 - INFO     - img2od: 31 | od2fr: 0 | od2lpr: 1000 | od2cap: 0 | fr2kr: 0 | lpr2kr: 1000 | cap2udp: 0 | kr2udp: 1 | 
2026-05-03 19:19:27,329 - INFO     - img2od: 31 | od2fr: 0 | od2lpr: 1000 | od2cap: 0 | fr2kr: 0 | lpr2kr: 1000 | cap2udp: 0 | kr2udp: 1 | 
2026-05-03 19:19:28,330 - INFO     - img2od: 31 | od2fr: 0 | od2lpr: 999 | od2cap: 0 | fr2kr: 0 | lpr2kr: 1000 | cap2udp: 0 | kr2udp: 1 | 
2026-05-03 19:19:29,331 - INFO     - img2od: 31 | od2fr: 0 | od2lpr: 1000 | od2cap: 0 | fr2kr: 0 | lpr2kr: 1000 | cap2udp: 0 | kr2udp: 0 | 
2026-05-03 19:19:30,332 - INFO     - img2od: 31 | od2fr: 0 | od2lpr: 1000 | od2cap: 0 | fr2kr: 0 | lpr2kr: 1000 | cap2udp: 0 | kr2udp: 1 | 
2026-05-03 19:19:31,333 - INFO     - img2od: 31 | od2fr: 0 | od2lpr: 1000 | od2cap: 0 | fr2kr: 0 | lpr2kr: 1000 | cap2udp: 0 | kr2udp: 1 | 
2026-05-03 19:19:32,334 - INFO     - img2od: 31 | od2fr: 0 | od2lpr: 1000 | od2cap: 0 | fr2kr: 0 | lpr2kr: 1000 | cap2udp: 0 | kr2udp: 1 | 
2026-05-03 19:19:33,335 - INFO     - img2od: 31 | od2fr: 0 | od2lpr: 1000 | od2cap: 0 | fr2kr: 0 | lpr2kr: 1000 | cap2udp: 0 | kr2udp: 1 | 
2026-05-03 19:19:34,336 - INFO     - img2od: 31 | od2fr: 0 | od2lpr: 1000 | od2cap: 0 | fr2kr: 0 | lpr2kr: 1000 | cap2udp: 0 | kr2udp: 1 | 
2026-05-03 19:19:35,337 - INFO     - img2od: 31 | od2fr: 0 | od2lpr: 1000 | od2cap: 0 | fr2kr: 0 | lpr2kr: 1000 | cap2udp: 0 | kr2udp: 1 | 
2026-05-03 19:19:36,338 - INFO     - img2od: 31 | od2fr: 0 | od2lpr: 1000 | od2cap: 0 | fr2kr: 0 | lpr2kr: 1000 | cap2udp: 0 | kr2udp: 1 | 
2026-05-03 19:19:37,339 - INFO     - img2od: 31 | od2fr: 0 | od2lpr: 1000 | od2cap: 0 | fr2kr: 0 | lpr2kr: 1000 | cap2udp: 0 | kr2udp: 1 | 
2026-05-03 19:19:38,340 - INFO     - img2od: 31 | od2fr: 0 | od2lpr: 1000 | od2cap: 0 | fr2kr: 0 | lpr2kr: 1000 | cap2udp: 0 | kr2udp: 0 | 
2026-05-03 19:19:39,341 - INFO     - img2od: 31 | od2fr: 0 | od2lpr: 1000 | od2cap: 0 | fr2kr: 0 | lpr2kr: 1000 | cap2udp: 0 | kr2udp: 0 | 
2026-05-03 19:19:40,342 - INFO     - img2od: 31 | od2fr: 0 | od2lpr: 1000 | od2cap: 0 | fr2kr: 0 | lpr2kr: 1000 | cap2udp: 0 | kr2udp: 0 | 
2026-05-03 19:19:41,343 - INFO     - img2od: 31 | od2fr: 0 | od2lpr: 1000 | od2cap: 0 | fr2kr: 0 | lpr2kr: 1000 | cap2udp: 0 | kr2udp: 0 | 
2026-05-03 19:19:42,344 - INFO     - img2od: 31 | od2fr: 0 | od2lpr: 1000 | od2cap: 0 | fr2kr: 0 | lpr2kr: 1000 | cap2udp: 0 | kr2udp: 1 | 
2026-05-03 19:19:43,345 - INFO     - img2od: 31 | od2fr: 0 | od2lpr: 1000 | od2cap: 0 | fr2kr: 0 | lpr2kr: 1000 | cap2udp: 0 | kr2udp: 1 | 
2026-05-03 19:19:44,346 - INFO     - img2od: 31 | od2fr: 0 | od2lpr: 1000 | od2cap: 0 | fr2kr: 0 | lpr2kr: 1000 | cap2udp: 0 | kr2udp: 1 | 
2026-05-03 19:19:45,347 - INFO     - img2od: 31 | od2fr: 0 | od2lpr: 1000 | od2cap: 0 | fr2kr: 0 | lpr2kr: 1000 | cap2udp: 0 | kr2udp: 0 | 
2026-05-03 19:19:46,348 - INFO     - img2od: 31 | od2fr: 0 | od2lpr: 1000 | od2cap: 0 | fr2kr: 0 | lpr2kr: 1000 | cap2udp: 0 | kr2udp: 0 | 
2026-05-03 19:19:47,349 - INFO     - img2od: 31 | od2fr: 0 | od2lpr: 1000 | od2cap: 0 | fr2kr: 0 | lpr2kr: 1000 | cap2udp: 0 | kr2udp: 0 | 
2026-05-03 19:19:48,350 - INFO     - img2od: 31 | od2fr: 0 | od2lpr: 1000 | od2cap: 0 | fr2kr: 0 | lpr2kr: 1000 | cap2udp: 0 | kr2udp: 1 | 
2026-05-03 19:19:49,351 - INFO     - img2od: 31 | od2fr: 0 | od2lpr: 1000 | od2cap: 0 | fr2kr: 0 | lpr2kr: 1000 | cap2udp: 0 | kr2udp: 1 | 
2026-05-03 19:19:50,352 - INFO     - img2od: 31 | od2fr: 0 | od2lpr: 1000 | od2cap: 0 | fr2kr: 0 | lpr2kr: 1000 | cap2udp: 0 | kr2udp: 1 | 
2026-05-03 19:19:51,353 - INFO     - img2od: 31 | od2fr: 0 | od2lpr: 1000 | od2cap: 0 | fr2kr: 0 | lpr2kr: 1000 | cap2udp: 0 | kr2udp: 1 | 
2026-05-03 19:19:52,354 - INFO     - img2od: 31 | od2fr: 0 | od2lpr: 1000 | od2cap: 0 | fr2kr: 0 | lpr2kr: 1000 | cap2udp: 0 | kr2udp: 0 | 
2026-05-03 19:19:53,355 - INFO     - img2od: 31 | od2fr: 0 | od2lpr: 1000 | od2cap: 0 | fr2kr: 0 | lpr2kr: 1000 | cap2udp: 0 | kr2udp: 1 | 
2026-05-03 19:19:54,356 - INFO     - img2od: 31 | od2fr: 0 | od2lpr: 1000 | od2cap: 0 | fr2kr: 0 | lpr2kr: 1000 | cap2udp: 0 | kr2udp: 1 | 
2026-05-03 19:19:55,357 - INFO     - img2od: 31 | od2fr: 0 | od2lpr: 1000 | od2cap: 0 | fr2kr: 0 | lpr2kr: 1000 | cap2udp: 0 | kr2udp: 1 | 
2026-05-03 19:19:56,358 - INFO     - img2od: 31 | od2fr: 0 | od2lpr: 1000 | od2cap: 0 | fr2kr: 0 | lpr2kr: 1000 | cap2udp: 0 | kr2udp: 0 | 
2026-05-03 19:19:57,359 - INFO     - img2od: 31 | od2fr: 0 | od2lpr: 1000 | od2cap: 0 | fr2kr: 0 | lpr2kr: 1000 | cap2udp: 0 | kr2udp: 0 | 
2026-05-03 19:19:58,360 - INFO     - img2od: 31 | od2fr: 0 | od2lpr: 1000 | od2cap: 0 | fr2kr: 0 | lpr2kr: 1000 | cap2udp: 0 | kr2udp: 1 | 
2026-05-03 19:19:59,361 - INFO     - img2od: 31 | od2fr: 0 | od2lpr: 1000 | od2cap: 0 | fr2kr: 0 | lpr2kr: 1000 | cap2udp: 0 | kr2udp: 0 | 
2026-05-03 19:20:00,362 - INFO     - img2od: 31 | od2fr: 0 | od2lpr: 1000 | od2cap: 0 | fr2kr: 0 | lpr2kr: 1000 | cap2udp: 0 | kr2udp: 0 | 
2026-05-03 19:20:01,363 - INFO     - img2od: 31 | od2fr: 0 | od2lpr: 1000 | od2cap: 0 | fr2kr: 0 | lpr2kr: 1000 | cap2udp: 0 | kr2udp: 1 | 
2026-05-03 19:20:02,364 - INFO     - img2od: 31 | od2fr: 0 | od2lpr: 1000 | od2cap: 0 | fr2kr: 0 | lpr2kr: 1000 | cap2udp: 0 | kr2udp: 1 | 
2026-05-03 19:20:03,365 - INFO     - img2od: 31 | od2fr: 0 | od2lpr: 1000 | od2cap: 0 | fr2kr: 0 | lpr2kr: 1000 | cap2udp: 0 | kr2udp: 1 | 
2026-05-03 19:20:04,366 - INFO     - img2od: 31 | od2fr: 0 | od2lpr: 1000 | od2cap: 0 | fr2kr: 0 | lpr2kr: 1000 | cap2udp: 0 | kr2udp: 1 | 
2026-05-03 19:20:05,367 - INFO     - img2od: 31 | od2fr: 0 | od2lpr: 1000 | od2cap: 0 | fr2kr: 0 | lpr2kr: 1000 | cap2udp: 0 | kr2udp: 1 | 
2026-05-03 19:20:06,368 - INFO     - img2od: 31 | od2fr: 0 | od2lpr: 1000 | od2cap: 0 | fr2kr: 0 | lpr2kr: 1000 | cap2udp: 0 | kr2udp: 1 | 
2026-05-03 19:20:07,369 - INFO     - img2od: 31 | od2fr: 0 | od2lpr: 1000 | od2cap: 0 | fr2kr: 0 | lpr2kr: 1000 | cap2udp: 0 | kr2udp: 1 | 
2026-05-03 19:20:08,370 - INFO     - img2od: 31 | od2fr: 0 | od2lpr: 1000 | od2cap: 0 | fr2kr: 0 | lpr2kr: 1000 | cap2udp: 0 | kr2udp: 1 | 
2026-05-03 19:20:09,371 - INFO     - img2od: 31 | od2fr: 0 | od2lpr: 1000 | od2cap: 0 | fr2kr: 0 | lpr2kr: 1000 | cap2udp: 0 | kr2udp: 1 | 
2026-05-03 19:20:10,372 - INFO     - img2od: 31 | od2fr: 0 | od2lpr: 1000 | od2cap: 0 | fr2kr: 0 | lpr2kr: 1000 | cap2udp: 0 | kr2udp: 0 | 
2026-05-03 19:20:11,373 - INFO     - img2od: 31 | od2fr: 0 | od2lpr: 1000 | od2cap: 0 | fr2kr: 0 | lpr2kr: 1000 | cap2udp: 0 | kr2udp: 1 | 
2026-05-03 19:20:12,374 - INFO     - img2od: 31 | od2fr: 0 | od2lpr: 1000 | od2cap: 0 | fr2kr: 0 | lpr2kr: 1000 | cap2udp: 0 | kr2udp: 1 | 
2026-05-03 19:20:13,375 - INFO     - img2od: 31 | od2fr: 0 | od2lpr: 1000 | od2cap: 0 | fr2kr: 0 | lpr2kr: 1000 | cap2udp: 0 | kr2udp: 1 | 
2026-05-03 19:20:14,376 - INFO     - img2od: 31 | od2fr: 0 | od2lpr: 1000 | od2cap: 0 | fr2kr: 0 | lpr2kr: 1000 | cap2udp: 0 | kr2udp: 1 | 
2026-05-03 19:20:15,377 - INFO     - img2od: 31 | od2fr: 0 | od2lpr: 1000 | od2cap: 0 | fr2kr: 0 | lpr2kr: 1000 | cap2udp: 0 | kr2udp: 1 | 
2026-05-03 19:20:16,378 - INFO     - img2od: 31 | od2fr: 0 | od2lpr: 1000 | od2cap: 0 | fr2kr: 0 | lpr2kr: 1000 | cap2udp: 0 | kr2udp: 1 | 
2026-05-03 19:20:17,379 - INFO     - img2od: 31 | od2fr: 0 | od2lpr: 1000 | od2cap: 0 | fr2kr: 0 | lpr2kr: 1000 | cap2udp: 0 | kr2udp: 1 | 
2026-05-03 19:20:18,380 - INFO     - img2od: 31 | od2fr: 0 | od2lpr: 1000 | od2cap: 0 | fr2kr: 0 | lpr2kr: 1000 | cap2udp: 0 | kr2udp: 1 | 
2026-05-03 19:20:19,381 - INFO     - img2od: 31 | od2fr: 0 | od2lpr: 1000 | od2cap: 0 | fr2kr: 0 | lpr2kr: 1000 | cap2udp: 0 | kr2udp: 1 | 
2026-05-03 19:20:20,382 - INFO     - img2od: 31 | od2fr: 0 | od2lpr: 1000 | od2cap: 0 | fr2kr: 0 | lpr2kr: 1000 | cap2udp: 0 | kr2udp: 1 | 
2026-05-03 19:20:21,383 - INFO     - img2od: 31 | od2fr: 0 | od2lpr: 1000 | od2cap: 0 | fr2kr: 0 | lpr2kr: 1000 | cap2udp: 0 | kr2udp: 1 | 
2026-05-03 19:20:22,384 - INFO     - img2od: 31 | od2fr: 0 | od2lpr: 1000 | od2cap: 0 | fr2kr: 0 | lpr2kr: 1000 | cap2udp: 0 | kr2udp: 0 | 
2026-05-03 19:20:23,385 - INFO     - img2od: 31 | od2fr: 0 | od2lpr: 1000 | od2cap: 0 | fr2kr: 0 | lpr2kr: 1000 | cap2udp: 0 | kr2udp: 0 | 
2026-05-03 19:20:24,386 - INFO     - img2od: 31 | od2fr: 0 | od2lpr: 1000 | od2cap: 0 | fr2kr: 0 | lpr2kr: 1000 | cap2udp: 0 | kr2udp: 1 | 
2026-05-03 19:20:25,387 - INFO     - img2od: 31 | od2fr: 0 | od2lpr: 1000 | od2cap: 0 | fr2kr: 0 | lpr2kr: 1000 | cap2udp: 0 | kr2udp: 1 | 
2026-05-03 19:20:26,388 - INFO     - img2od: 31 | od2fr: 0 | od2lpr: 1000 | od2cap: 0 | fr2kr: 0 | lpr2kr: 1000 | cap2udp: 0 | kr2udp: 1 | 
2026-05-03 19:20:27,389 - INFO     - img2od: 31 | od2fr: 0 | od2lpr: 1000 | od2cap: 0 | fr2kr: 0 | lpr2kr: 1000 | cap2udp: 0 | kr2udp: 1 | 
2026-05-03 19:20:28,390 - INFO     - img2od: 31 | od2fr: 0 | od2lpr: 1000 | od2cap: 0 | fr2kr: 0 | lpr2kr: 1000 | cap2udp: 0 | kr2udp: 0 | 
2026-05-03 19:20:29,391 - INFO     - img2od: 31 | od2fr: 0 | od2lpr: 1000 | od2cap: 0 | fr2kr: 0 | lpr2kr: 1000 | cap2udp: 0 | kr2udp: 1 | 
2026-05-03 19:20:30,392 - INFO     - img2od: 31 | od2fr: 0 | od2lpr: 1000 | od2cap: 0 | fr2kr: 0 | lpr2kr: 1000 | cap2udp: 0 | kr2udp: 1 | 
2026-05-03 19:20:31,393 - INFO     - img2od: 31 | od2fr: 0 | od2lpr: 1000 | od2cap: 0 | fr2kr: 0 | lpr2kr: 1000 | cap2udp: 0 | kr2udp: 1 | 
2026-05-03 19:20:32,394 - INFO     - img2od: 31 | od2fr: 0 | od2lpr: 1000 | od2cap: 0 | fr2kr: 0 | lpr2kr: 1000 | cap2udp: 0 | kr2udp: 1 | 
2026-05-03 19:20:33,395 - INFO     - img2od: 31 | od2fr: 0 | od2lpr: 1000 | od2cap: 0 | fr2kr: 0 | lpr2kr: 1000 | cap2udp: 0 | kr2udp: 0 | 
2026-05-03 19:20:34,396 - INFO     - img2od: 31 | od2fr: 0 | od2lpr: 1000 | od2cap: 0 | fr2kr: 0 | lpr2kr: 1000 | cap2udp: 0 | kr2udp: 1 | 
2026-05-03 19:20:35,397 - INFO     - img2od: 31 | od2fr: 0 | od2lpr: 1000 | od2cap: 0 | fr2kr: 0 | lpr2kr: 1000 | cap2udp: 0 | kr2udp: 1 | 
2026-05-03 19:20:36,398 - INFO     - img2od: 31 | od2fr: 0 | od2lpr: 1000 | od2cap: 0 | fr2kr: 0 | lpr2kr: 1000 | cap2udp: 0 | kr2udp: 1 | 
2026-05-03 19:20:37,399 - INFO     - img2od: 31 | od2fr: 0 | od2lpr: 1000 | od2cap: 0 | fr2kr: 0 | lpr2kr: 1000 | cap2udp: 0 | kr2udp: 1 | 
2026-05-03 19:20:38,400 - INFO     - img2od: 31 | od2fr: 0 | od2lpr: 1000 | od2cap: 0 | fr2kr: 0 | lpr2kr: 1000 | cap2udp: 0 | kr2udp: 1 | 
2026-05-03 19:20:39,401 - INFO     - img2od: 31 | od2fr: 0 | od2lpr: 1000 | od2cap: 0 | fr2kr: 0 | lpr2kr: 1000 | cap2udp: 0 | kr2udp: 1 | 
2026-05-03 19:20:40,402 - INFO     - img2od: 31 | od2fr: 0 | od2lpr: 1000 | od2cap: 0 | fr2kr: 0 | lpr2kr: 1000 | cap2udp: 0 | kr2udp: 1 | 
2026-05-03 19:20:41,403 - INFO     - img2od: 31 | od2fr: 0 | od2lpr: 1000 | od2cap: 0 | fr2kr: 0 | lpr2kr: 1000 | cap2udp: 0 | kr2udp: 1 | 
2026-05-03 19:20:42,404 - INFO     - img2od: 31 | od2fr: 0 | od2lpr: 1000 | od2cap: 0 | fr2kr: 0 | lpr2kr: 1000 | cap2udp: 0 | kr2udp: 1 | 
2026-05-03 19:20:43,405 - INFO     - img2od: 31 | od2fr: 0 | od2lpr: 1000 | od2cap: 0 | fr2kr: 0 | lpr2kr: 1000 | cap2udp: 0 | kr2udp: 1 | 
2026-05-03 19:20:44,406 - INFO     - img2od: 31 | od2fr: 0 | od2lpr: 1000 | od2cap: 0 | fr2kr: 0 | lpr2kr: 1000 | cap2udp: 0 | kr2udp: 1 | 
2026-05-03 19:20:45,407 - INFO     - img2od: 31 | od2fr: 0 | od2lpr: 1000 | od2cap: 0 | fr2kr: 0 | lpr2kr: 1000 | cap2udp: 0 | kr2udp: 0 | 
2026-05-03 19:20:46,408 - INFO     - img2od: 31 | od2fr: 0 | od2lpr: 1000 | od2cap: 0 | fr2kr: 0 | lpr2kr: 1000 | cap2udp: 0 | kr2udp: 0 | 
2026-05-03 19:20:47,409 - INFO     - img2od: 31 | od2fr: 0 | od2lpr: 1000 | od2cap: 0 | fr2kr: 0 | lpr2kr: 1000 | cap2udp: 0 | kr2udp: 1 | 
2026-05-03 19:20:48,410 - INFO     - img2od: 31 | od2fr: 0 | od2lpr: 1000 | od2cap: 0 | fr2kr: 0 | lpr2kr: 999 | cap2udp: 0 | kr2udp: 1 | 
2026-05-03 19:20:49,411 - INFO     - img2od: 31 | od2fr: 0 | od2lpr: 1000 | od2cap: 0 | fr2kr: 0 | lpr2kr: 1000 | cap2udp: 0 | kr2udp: 1 | 
2026-05-03 19:20:50,412 - INFO     - img2od: 31 | od2fr: 0 | od2lpr: 1000 | od2cap: 0 | fr2kr: 0 | lpr2kr: 1000 | cap2udp: 0 | kr2udp: 1 | 
2026-05-03 19:20:51,413 - INFO     - img2od: 31 | od2fr: 0 | od2lpr: 1000 | od2cap: 0 | fr2kr: 0 | lpr2kr: 1000 | cap2udp: 0 | kr2udp: 1 | 
2026-05-03 19:20:52,414 - INFO     - img2od: 31 | od2fr: 0 | od2lpr: 1000 | od2cap: 0 | fr2kr: 0 | lpr2kr: 1000 | cap2udp: 0 | kr2udp: 1 | 
2026-05-03 19:20:53,415 - INFO     - img2od: 31 | od2fr: 0 | od2lpr: 1000 | od2cap: 0 | fr2kr: 0 | lpr2kr: 1000 | cap2udp: 0 | kr2udp: 1 | 
2026-05-03 19:20:54,416 - INFO     - img2od: 31 | od2fr: 0 | od2lpr: 1000 | od2cap: 0 | fr2kr: 0 | lpr2kr: 1000 | cap2udp: 0 | kr2udp: 1 | 
2026-05-03 19:20:55,417 - INFO     - img2od: 31 | od2fr: 0 | od2lpr: 1000 | od2cap: 0 | fr2kr: 0 | lpr2kr: 1000 | cap2udp: 0 | kr2udp: 1 | 
2026-05-03 19:20:56,418 - INFO     - img2od: 31 | od2fr: 0 | od2lpr: 1000 | od2cap: 0 | fr2kr: 0 | lpr2kr: 1000 | cap2udp: 0 | kr2udp: 1 | 
2026-05-03 19:20:57,419 - INFO     - img2od: 31 | od2fr: 0 | od2lpr: 1000 | od2cap: 0 | fr2kr: 0 | lpr2kr: 1000 | cap2udp: 0 | kr2udp: 1 | 
2026-05-03 19:20:58,420 - INFO     - img2od: 31 | od2fr: 0 | od2lpr: 1000 | od2cap: 0 | fr2kr: 0 | lpr2kr: 1000 | cap2udp: 0 | kr2udp: 0 | 
2026-05-03 19:20:59,421 - INFO     - img2od: 31 | od2fr: 0 | od2lpr: 1000 | od2cap: 0 | fr2kr: 0 | lpr2kr: 1000 | cap2udp: 0 | kr2udp: 1 | 
2026-05-03 19:21:00,422 - INFO     - img2od: 31 | od2fr: 0 | od2lpr: 1000 | od2cap: 0 | fr2kr: 0 | lpr2kr: 1000 | cap2udp: 0 | kr2udp: 1 | 
2026-05-03 19:21:01,423 - INFO     - img2od: 31 | od2fr: 0 | od2lpr: 1000 | od2cap: 0 | fr2kr: 0 | lpr2kr: 1000 | cap2udp: 0 | kr2udp: 1 | 
2026-05-03 19:21:02,424 - INFO     - img2od: 31 | od2fr: 0 | od2lpr: 1000 | od2cap: 0 | fr2kr: 0 | lpr2kr: 1000 | cap2udp: 0 | kr2udp: 1 | 
2026-05-03 19:21:03,425 - INFO     - img2od: 31 | od2fr: 0 | od2lpr: 1000 | od2cap: 0 | fr2kr: 0 | lpr2kr: 1000 | cap2udp: 0 | kr2udp: 1 | 
2026-05-03 19:21:04,426 - INFO     - img2od: 31 | od2fr: 0 | od2lpr: 1000 | od2cap: 0 | fr2kr: 0 | lpr2kr: 1000 | cap2udp: 0 | kr2udp: 0 | 
2026-05-03 19:21:05,427 - INFO     - img2od: 31 | od2fr: 0 | od2lpr: 1000 | od2cap: 0 | fr2kr: 0 | lpr2kr: 1000 | cap2udp: 0 | kr2udp: 1 | 
2026-05-03 19:21:06,428 - INFO     - img2od: 31 | od2fr: 0 | od2lpr: 1000 | od2cap: 0 | fr2kr: 0 | lpr2kr: 1000 | cap2udp: 0 | kr2udp: 1 | 
2026-05-03 19:21:07,429 - INFO     - img2od: 31 | od2fr: 0 | od2lpr: 1000 | od2cap: 0 | fr2kr: 0 | lpr2kr: 1000 | cap2udp: 0 | kr2udp: 1 | 
2026-05-03 19:21:08,430 - INFO     - img2od: 31 | od2fr: 0 | od2lpr: 1000 | od2cap: 0 | fr2kr: 0 | lpr2kr: 1000 | cap2udp: 0 | kr2udp: 1 | 
2026-05-03 19:21:09,431 - INFO     - img2od: 31 | od2fr: 0 | od2lpr: 1000 | od2cap: 0 | fr2kr: 0 | lpr2kr: 1000 | cap2udp: 0 | kr2udp: 1 | 
2026-05-03 19:21:10,432 - INFO     - img2od: 31 | od2fr: 0 | od2lpr: 1000 | od2cap: 0 | fr2kr: 0 | lpr2kr: 1000 | cap2udp: 0 | kr2udp: 1 | 
2026-05-03 19:21:11,433 - INFO     - img2od: 31 | od2fr: 0 | od2lpr: 999 | od2cap: 0 | fr2kr: 0 | lpr2kr: 1000 | cap2udp: 0 | kr2udp: 1 | 
2026-05-03 19:21:12,434 - INFO     - img2od: 31 | od2fr: 0 | od2lpr: 1000 | od2cap: 0 | fr2kr: 0 | lpr2kr: 1000 | cap2udp: 0 | kr2udp: 1 | 
2026-05-03 19:21:13,435 - INFO     - img2od: 31 | od2fr: 0 | od2lpr: 1000 | od2cap: 0 | fr2kr: 0 | lpr2kr: 1000 | cap2udp: 0 | kr2udp: 1 | 
2026-05-03 19:21:14,436 - INFO     - img2od: 31 | od2fr: 0 | od2lpr: 1000 | od2cap: 0 | fr2kr: 0 | lpr2kr: 1000 | cap2udp: 0 | kr2udp: 1 | 
2026-05-03 19:21:15,437 - INFO     - img2od: 31 | od2fr: 0 | od2lpr: 1000 | od2cap: 0 | fr2kr: 0 | lpr2kr: 1000 | cap2udp: 0 | kr2udp: 1 | 
2026-05-03 19:21:16,438 - INFO     - img2od: 31 | od2fr: 0 | od2lpr: 1000 | od2cap: 0 | fr2kr: 0 | lpr2kr: 1000 | cap2udp: 0 | kr2udp: 1 | 
2026-05-03 19:21:17,439 - INFO     - img2od: 31 | od2fr: 0 | od2lpr: 1000 | od2cap: 0 | fr2kr: 0 | lpr2kr: 1000 | cap2udp: 0 | kr2udp: 1 | 
2026-05-03 19:21:18,440 - INFO     - img2od: 31 | od2fr: 0 | od2lpr: 1000 | od2cap: 0 | fr2kr: 0 | lpr2kr: 1000 | cap2udp: 0 | kr2udp: 0 | 
2026-05-03 19:21:19,441 - INFO     - img2od: 31 | od2fr: 0 | od2lpr: 1000 | od2cap: 0 | fr2kr: 0 | lpr2kr: 1000 | cap2udp: 0 | kr2udp: 1 | 
2026-05-03 19:21:20,442 - INFO     - img2od: 31 | od2fr: 0 | od2lpr: 1000 | od2cap: 0 | fr2kr: 0 | lpr2kr: 1000 | cap2udp: 0 | kr2udp: 0 | 
2026-05-03 19:21:21,443 - INFO     - img2od: 31 | od2fr: 0 | od2lpr: 1000 | od2cap: 0 | fr2kr: 0 | lpr2kr: 1000 | cap2udp: 0 | kr2udp: 1 | 
2026-05-03 19:21:22,444 - INFO     - img2od: 31 | od2fr: 0 | od2lpr: 1000 | od2cap: 0 | fr2kr: 0 | lpr2kr: 1000 | cap2udp: 0 | kr2udp: 0 | 
2026-05-03 19:21:23,445 - INFO     - img2od: 31 | od2fr: 0 | od2lpr: 1000 | od2cap: 0 | fr2kr: 0 | lpr2kr: 1000 | cap2udp: 0 | kr2udp: 0 | 
2026-05-03 19:21:24,446 - INFO     - img2od: 31 | od2fr: 0 | od2lpr: 1000 | od2cap: 0 | fr2kr: 0 | lpr2kr: 1000 | cap2udp: 0 | kr2udp: 1 | 
2026-05-03 19:21:25,447 - INFO     - img2od: 31 | od2fr: 0 | od2lpr: 1000 | od2cap: 0 | fr2kr: 0 | lpr2kr: 1000 | cap2udp: 0 | kr2udp: 1 | 
2026-05-03 19:21:26,448 - INFO     - img2od: 31 | od2fr: 0 | od2lpr: 1000 | od2cap: 0 | fr2kr: 0 | lpr2kr: 1000 | cap2udp: 0 | kr2udp: 0 | 
2026-05-03 19:21:27,449 - INFO     - img2od: 31 | od2fr: 0 | od2lpr: 1000 | od2cap: 0 | fr2kr: 0 | lpr2kr: 1000 | cap2udp: 0 | kr2udp: 0 | 
2026-05-03 19:21:28,450 - INFO     - img2od: 31 | od2fr: 0 | od2lpr: 1000 | od2cap: 0 | fr2kr: 0 | lpr2kr: 1000 | cap2udp: 0 | kr2udp: 1 | 
2026-05-03 19:21:29,451 - INFO     - img2od: 31 | od2fr: 0 | od2lpr: 1000 | od2cap: 0 | fr2kr: 0 | lpr2kr: 1000 | cap2udp: 0 | kr2udp: 1 | 
2026-05-03 19:21:30,452 - INFO     - img2od: 31 | od2fr: 0 | od2lpr: 1000 | od2cap: 0 | fr2kr: 0 | lpr2kr: 1000 | cap2udp: 0 | kr2udp: 1 | 
2026-05-03 19:21:31,453 - INFO     - img2od: 31 | od2fr: 0 | od2lpr: 1000 | od2cap: 0 | fr2kr: 0 | lpr2kr: 1000 | cap2udp: 0 | kr2udp: 0 | 
2026-05-03 19:21:32,454 - INFO     - img2od: 31 | od2fr: 0 | od2lpr: 1000 | od2cap: 0 | fr2kr: 0 | lpr2kr: 1000 | cap2udp: 0 | kr2udp: 0 | 
2026-05-03 19:21:33,455 - INFO     - img2od: 31 | od2fr: 0 | od2lpr: 1000 | od2cap: 0 | fr2kr: 0 | lpr2kr: 1000 | cap2udp: 0 | kr2udp: 1 | 
2026-05-03 19:21:34,456 - INFO     - img2od: 31 | od2fr: 0 | od2lpr: 1000 | od2cap: 0 | fr2kr: 0 | lpr2kr: 1000 | cap2udp: 0 | kr2udp: 1 | 
2026-05-03 19:21:35,457 - INFO     - img2od: 31 | od2fr: 0 | od2lpr: 1000 | od2cap: 0 | fr2kr: 0 | lpr2kr: 1000 | cap2udp: 0 | kr2udp: 1 | 
2026-05-03 19:21:36,458 - INFO     - img2od: 31 | od2fr: 0 | od2lpr: 1000 | od2cap: 0 | fr2kr: 0 | lpr2kr: 1000 | cap2udp: 0 | kr2udp: 1 | 
2026-05-03 19:21:37,459 - INFO     - img2od: 31 | od2fr: 0 | od2lpr: 1000 | od2cap: 0 | fr2kr: 0 | lpr2kr: 1000 | cap2udp: 0 | kr2udp: 0 | 
2026-05-03 19:21:38,460 - INFO     - img2od: 31 | od2fr: 0 | od2lpr: 1000 | od2cap: 0 | fr2kr: 0 | lpr2kr: 1000 | cap2udp: 0 | kr2udp: 0 | 
2026-05-03 19:21:39,461 - INFO     - img2od: 31 | od2fr: 0 | od2lpr: 1000 | od2cap: 0 | fr2kr: 0 | lpr2kr: 1000 | cap2udp: 0 | kr2udp: 1 | 
2026-05-03 19:21:40,462 - INFO     - img2od: 31 | od2fr: 0 | od2lpr: 1000 | od2cap: 0 | fr2kr: 0 | lpr2kr: 1000 | cap2udp: 0 | kr2udp: 1 | 
2026-05-03 19:21:41,463 - INFO     - img2od: 31 | od2fr: 0 | od2lpr: 1000 | od2cap: 0 | fr2kr: 0 | lpr2kr: 1000 | cap2udp: 0 | kr2udp: 1 | 
2026-05-03 19:21:42,464 - INFO     - img2od: 31 | od2fr: 0 | od2lpr: 1000 | od2cap: 0 | fr2kr: 0 | lpr2kr: 1000 | cap2udp: 0 | kr2udp: 0 | 
2026-05-03 19:21:43,465 - INFO     - img2od: 31 | od2fr: 0 | od2lpr: 1000 | od2cap: 0 | fr2kr: 0 | lpr2kr: 1000 | cap2udp: 0 | kr2udp: 1 | 
2026-05-03 19:21:44,466 - INFO     - img2od: 31 | od2fr: 0 | od2lpr: 1000 | od2cap: 0 | fr2kr: 0 | lpr2kr: 1000 | cap2udp: 0 | kr2udp: 1 | 
2026-05-03 19:21:45,467 - INFO     - img2od: 31 | od2fr: 0 | od2lpr: 1000 | od2cap: 0 | fr2kr: 0 | lpr2kr: 1000 | cap2udp: 0 | kr2udp: 0 | 
2026-05-03 19:21:46,468 - INFO     - img2od: 31 | od2fr: 0 | od2lpr: 1000 | od2cap: 0 | fr2kr: 0 | lpr2kr: 1000 | cap2udp: 0 | kr2udp: 1 | 
2026-05-03 19:21:47,469 - INFO     - img2od: 31 | od2fr: 0 | od2lpr: 1000 | od2cap: 0 | fr2kr: 0 | lpr2kr: 1000 | cap2udp: 0 | kr2udp: 0 | 
2026-05-03 19:21:48,470 - INFO     - img2od: 31 | od2fr: 0 | od2lpr: 1000 | od2cap: 0 | fr2kr: 0 | lpr2kr: 1000 | cap2udp: 0 | kr2udp: 0 | 
2026-05-03 19:21:49,471 - INFO     - img2od: 31 | od2fr: 0 | od2lpr: 1000 | od2cap: 0 | fr2kr: 0 | lpr2kr: 999 | cap2udp: 0 | kr2udp: 1 | 
2026-05-03 19:21:50,472 - INFO     - img2od: 31 | od2fr: 0 | od2lpr: 1000 | od2cap: 0 | fr2kr: 0 | lpr2kr: 1000 | cap2udp: 0 | kr2udp: 1 | 
2026-05-03 19:21:51,473 - INFO     - img2od: 31 | od2fr: 0 | od2lpr: 1000 | od2cap: 0 | fr2kr: 0 | lpr2kr: 1000 | cap2udp: 0 | kr2udp: 1 | 
2026-05-03 19:21:52,474 - INFO     - img2od: 31 | od2fr: 0 | od2lpr: 1000 | od2cap: 0 | fr2kr: 0 | lpr2kr: 1000 | cap2udp: 0 | kr2udp: 1 | 
2026-05-03 19:21:53,475 - INFO     - img2od: 31 | od2fr: 0 | od2lpr: 1000 | od2cap: 0 | fr2kr: 0 | lpr2kr: 1000 | cap2udp: 0 | kr2udp: 1 | 
2026-05-03 19:21:54,476 - INFO     - img2od: 31 | od2fr: 0 | od2lpr: 1000 | od2cap: 0 | fr2kr: 0 | lpr2kr: 1000 | cap2udp: 0 | kr2udp: 0 | 
2026-05-03 19:21:55,477 - INFO     - img2od: 31 | od2fr: 0 | od2lpr: 1000 | od2cap: 0 | fr2kr: 0 | lpr2kr: 1000 | cap2udp: 0 | kr2udp: 1 | 
2026-05-03 19:21:56,478 - INFO     - img2od: 31 | od2fr: 0 | od2lpr: 1000 | od2cap: 0 | fr2kr: 0 | lpr2kr: 1000 | cap2udp: 0 | kr2udp: 0 | 
2026-05-03 19:21:57,479 - INFO     - img2od: 31 | od2fr: 0 | od2lpr: 1000 | od2cap: 0 | fr2kr: 0 | lpr2kr: 1000 | cap2udp: 0 | kr2udp: 0 | 
2026-05-03 19:21:58,480 - INFO     - img2od: 31 | od2fr: 0 | od2lpr: 1000 | od2cap: 0 | fr2kr: 0 | lpr2kr: 1000 | cap2udp: 0 | kr2udp: 1 | 
2026-05-03 19:21:59,481 - INFO     - img2od: 31 | od2fr: 0 | od2lpr: 1000 | od2cap: 0 | fr2kr: 0 | lpr2kr: 1000 | cap2udp: 0 | kr2udp: 1 | 
2026-05-03 19:22:00,482 - INFO     - img2od: 31 | od2fr: 0 | od2lpr: 1000 | od2cap: 0 | fr2kr: 0 | lpr2kr: 1000 | cap2udp: 0 | kr2udp: 0 | 
2026-05-03 19:22:01,483 - INFO     - img2od: 31 | od2fr: 0 | od2lpr: 1000 | od2cap: 0 | fr2kr: 0 | lpr2kr: 1000 | cap2udp: 0 | kr2udp: 0 | 
2026-05-03 19:22:02,484 - INFO     - img2od: 31 | od2fr: 0 | od2lpr: 1000 | od2cap: 0 | fr2kr: 0 | lpr2kr: 1000 | cap2udp: 0 | kr2udp: 1 | 
2026-05-03 19:22:03,485 - INFO     - img2od: 31 | od2fr: 0 | od2lpr: 1000 | od2cap: 0 | fr2kr: 0 | lpr2kr: 1000 | cap2udp: 0 | kr2udp: 1 | 
2026-05-03 19:22:04,486 - INFO     - img2od: 31 | od2fr: 0 | od2lpr: 1000 | od2cap: 0 | fr2kr: 0 | lpr2kr: 1000 | cap2udp: 0 | kr2udp: 1 | 
2026-05-03 19:22:05,487 - INFO     - img2od: 31 | od2fr: 0 | od2lpr: 1000 | od2cap: 0 | fr2kr: 0 | lpr2kr: 1000 | cap2udp: 0 | kr2udp: 1 | 
2026-05-03 19:22:06,488 - INFO     - img2od: 31 | od2fr: 0 | od2lpr: 1000 | od2cap: 0 | fr2kr: 0 | lpr2kr: 1000 | cap2udp: 0 | kr2udp: 1 | 
2026-05-03 19:22:07,489 - INFO     - img2od: 29 | od2fr: 1 | od2lpr: 999 | od2cap: 0 | fr2kr: 1 | lpr2kr: 1000 | cap2udp: 0 | kr2udp: 0 | 
2026-05-03 19:22:08,490 - INFO     - img2od: 24 | od2fr: 0 | od2lpr: 997 | od2cap: 0 | fr2kr: 4 | lpr2kr: 1000 | cap2udp: 0 | kr2udp: 1 | 
2026-05-03 19:22:09,491 - INFO     - img2od: 21 | od2fr: 0 | od2lpr: 1000 | od2cap: 0 | fr2kr: 5 | lpr2kr: 1000 | cap2udp: 0 | kr2udp: 1 | 
2026-05-03 19:22:10,492 - INFO     - img2od: 21 | od2fr: 0 | od2lpr: 999 | od2cap: 0 | fr2kr: 3 | lpr2kr: 1000 | cap2udp: 0 | kr2udp: 1 | 
2026-05-03 19:22:11,493 - INFO     - img2od: 21 | od2fr: 0 | od2lpr: 1000 | od2cap: 0 | fr2kr: 1 | lpr2kr: 1000 | cap2udp: 0 | kr2udp: 0 | 
2026-05-03 19:22:12,494 - INFO     - img2od: 21 | od2fr: 0 | od2lpr: 1000 | od2cap: 0 | fr2kr: 0 | lpr2kr: 1000 | cap2udp: 0 | kr2udp: 0 | 
2026-05-03 19:22:13,495 - INFO     - img2od: 21 | od2fr: 0 | od2lpr: 1000 | od2cap: 0 | fr2kr: 0 | lpr2kr: 1000 | cap2udp: 0 | kr2udp: 1 | 
2026-05-03 19:22:14,496 - INFO     - img2od: 21 | od2fr: 0 | od2lpr: 1000 | od2cap: 0 | fr2kr: 0 | lpr2kr: 1000 | cap2udp: 0 | kr2udp: 1 | 
2026-05-03 19:22:15,497 - INFO     - img2od: 21 | od2fr: 0 | od2lpr: 1000 | od2cap: 0 | fr2kr: 0 | lpr2kr: 1000 | cap2udp: 0 | kr2udp: 1 | 
2026-05-03 19:22:16,498 - INFO     - img2od: 21 | od2fr: 0 | od2lpr: 1000 | od2cap: 0 | fr2kr: 0 | lpr2kr: 999 | cap2udp: 0 | kr2udp: 1 | 
2026-05-03 19:22:17,499 - INFO     - img2od: 21 | od2fr: 0 | od2lpr: 1000 | od2cap: 0 | fr2kr: 0 | lpr2kr: 1000 | cap2udp: 0 | kr2udp: 0 | 
2026-05-03 19:22:18,500 - INFO     - img2od: 21 | od2fr: 0 | od2lpr: 1000 | od2cap: 0 | fr2kr: 0 | lpr2kr: 1000 | cap2udp: 0 | kr2udp: 1 | 
2026-05-03 19:22:19,501 - INFO     - img2od: 21 | od2fr: 0 | od2lpr: 1000 | od2cap: 0 | fr2kr: 0 | lpr2kr: 1000 | cap2udp: 0 | kr2udp: 0 | 
2026-05-03 19:22:20,502 - INFO     - img2od: 21 | od2fr: 0 | od2lpr: 1000 | od2cap: 0 | fr2kr: 0 | lpr2kr: 1000 | cap2udp: 0 | kr2udp: 1 | 
2026-05-03 19:22:21,503 - INFO     - img2od: 21 | od2fr: 0 | od2lpr: 1000 | od2cap: 0 | fr2kr: 0 | lpr2kr: 1000 | cap2udp: 0 | kr2udp: 0 | 
2026-05-03 19:22:22,504 - INFO     - img2od: 21 | od2fr: 0 | od2lpr: 1000 | od2cap: 0 | fr2kr: 0 | lpr2kr: 1000 | cap2udp: 0 | kr2udp: 0 | 
2026-05-03 19:22:23,505 - INFO     - img2od: 21 | od2fr: 0 | od2lpr: 1000 | od2cap: 0 | fr2kr: 0 | lpr2kr: 1000 | cap2udp: 0 | kr2udp: 1 | 
2026-05-03 19:22:24,506 - INFO     - img2od: 21 | od2fr: 0 | od2lpr: 1000 | od2cap: 0 | fr2kr: 0 | lpr2kr: 1000 | cap2udp: 0 | kr2udp: 1 | 
2026-05-03 19:22:25,507 - INFO     - img2od: 21 | od2fr: 0 | od2lpr: 1000 | od2cap: 0 | fr2kr: 0 | lpr2kr: 1000 | cap2udp: 0 | kr2udp: 0 | 
2026-05-03 19:22:26,508 - INFO     - img2od: 21 | od2fr: 0 | od2lpr: 1000 | od2cap: 0 | fr2kr: 0 | lpr2kr: 1000 | cap2udp: 0 | kr2udp: 0 | 
2026-05-03 19:22:27,509 - INFO     - img2od: 21 | od2fr: 0 | od2lpr: 1000 | od2cap: 0 | fr2kr: 0 | lpr2kr: 1000 | cap2udp: 0 | kr2udp: 1 | 
2026-05-03 19:22:28,510 - INFO     - img2od: 21 | od2fr: 0 | od2lpr: 1000 | od2cap: 0 | fr2kr: 0 | lpr2kr: 1000 | cap2udp: 0 | kr2udp: 1 | 
2026-05-03 19:22:29,511 - INFO     - img2od: 21 | od2fr: 0 | od2lpr: 1000 | od2cap: 0 | fr2kr: 0 | lpr2kr: 1000 | cap2udp: 0 | kr2udp: 1 | 
2026-05-03 19:22:30,512 - INFO     - img2od: 21 | od2fr: 0 | od2lpr: 1000 | od2cap: 0 | fr2kr: 0 | lpr2kr: 1000 | cap2udp: 0 | kr2udp: 1 | 
2026-05-03 19:22:31,513 - INFO     - img2od: 21 | od2fr: 0 | od2lpr: 1000 | od2cap: 0 | fr2kr: 0 | lpr2kr: 1000 | cap2udp: 0 | kr2udp: 1 | 
2026-05-03 19:22:32,514 - INFO     - img2od: 21 | od2fr: 0 | od2lpr: 1000 | od2cap: 0 | fr2kr: 0 | lpr2kr: 1000 | cap2udp: 0 | kr2udp: 1 | 
2026-05-03 19:22:33,515 - INFO     - img2od: 21 | od2fr: 0 | od2lpr: 1000 | od2cap: 0 | fr2kr: 0 | lpr2kr: 1000 | cap2udp: 0 | kr2udp: 1 | 
2026-05-03 19:22:34,516 - INFO     - img2od: 21 | od2fr: 0 | od2lpr: 1000 | od2cap: 0 | fr2kr: 0 | lpr2kr: 1000 | cap2udp: 0 | kr2udp: 1 | 
2026-05-03 19:22:35,517 - INFO     - img2od: 21 | od2fr: 0 | od2lpr: 1000 | od2cap: 0 | fr2kr: 0 | lpr2kr: 1000 | cap2udp: 0 | kr2udp: 1 | 
2026-05-03 19:22:36,518 - INFO     - img2od: 21 | od2fr: 0 | od2lpr: 1000 | od2cap: 0 | fr2kr: 0 | lpr2kr: 1000 | cap2udp: 0 | kr2udp: 0 | 
2026-05-03 19:22:37,519 - INFO     - img2od: 21 | od2fr: 0 | od2lpr: 1000 | od2cap: 0 | fr2kr: 0 | lpr2kr: 1000 | cap2udp: 0 | kr2udp: 1 | 
2026-05-03 19:22:38,520 - INFO     - img2od: 21 | od2fr: 0 | od2lpr: 1000 | od2cap: 0 | fr2kr: 0 | lpr2kr: 1000 | cap2udp: 0 | kr2udp: 1 | 
2026-05-03 19:22:39,521 - INFO     - img2od: 21 | od2fr: 0 | od2lpr: 1000 | od2cap: 0 | fr2kr: 0 | lpr2kr: 1000 | cap2udp: 0 | kr2udp: 0 | 
2026-05-03 19:22:40,522 - INFO     - img2od: 21 | od2fr: 0 | od2lpr: 999 | od2cap: 0 | fr2kr: 0 | lpr2kr: 1000 | cap2udp: 0 | kr2udp: 1 | 
2026-05-03 19:22:41,523 - INFO     - img2od: 21 | od2fr: 0 | od2lpr: 1000 | od2cap: 0 | fr2kr: 0 | lpr2kr: 1000 | cap2udp: 0 | kr2udp: 1 | 
2026-05-03 19:22:42,524 - INFO     - img2od: 21 | od2fr: 0 | od2lpr: 1000 | od2cap: 0 | fr2kr: 0 | lpr2kr: 1000 | cap2udp: 0 | kr2udp: 0 | 
2026-05-03 19:22:43,525 - INFO     - img2od: 21 | od2fr: 0 | od2lpr: 1000 | od2cap: 0 | fr2kr: 0 | lpr2kr: 1000 | cap2udp: 0 | kr2udp: 1 | 
2026-05-03 19:22:44,526 - INFO     - img2od: 21 | od2fr: 0 | od2lpr: 1000 | od2cap: 0 | fr2kr: 0 | lpr2kr: 1000 | cap2udp: 0 | kr2udp: 1 | 
2026-05-03 19:22:45,527 - INFO     - img2od: 21 | od2fr: 0 | od2lpr: 1000 | od2cap: 0 | fr2kr: 0 | lpr2kr: 1000 | cap2udp: 0 | kr2udp: 1 | 
2026-05-03 19:22:46,528 - INFO     - img2od: 21 | od2fr: 0 | od2lpr: 1000 | od2cap: 0 | fr2kr: 0 | lpr2kr: 1000 | cap2udp: 0 | kr2udp: 0 | 
2026-05-03 19:22:47,529 - INFO     - img2od: 21 | od2fr: 0 | od2lpr: 1000 | od2cap: 0 | fr2kr: 0 | lpr2kr: 1000 | cap2udp: 0 | kr2udp: 0 | 
2026-05-03 19:22:48,530 - INFO     - img2od: 21 | od2fr: 0 | od2lpr: 1000 | od2cap: 0 | fr2kr: 0 | lpr2kr: 1000 | cap2udp: 0 | kr2udp: 1 | 
2026-05-03 19:22:49,531 - INFO     - img2od: 21 | od2fr: 0 | od2lpr: 1000 | od2cap: 0 | fr2kr: 0 | lpr2kr: 1000 | cap2udp: 0 | kr2udp: 1 | 
2026-05-03 19:22:50,532 - INFO     - img2od: 21 | od2fr: 0 | od2lpr: 1000 | od2cap: 0 | fr2kr: 0 | lpr2kr: 1000 | cap2udp: 0 | kr2udp: 1 | 
2026-05-03 19:22:51,533 - INFO     - img2od: 21 | od2fr: 0 | od2lpr: 1000 | od2cap: 0 | fr2kr: 0 | lpr2kr: 1000 | cap2udp: 0 | kr2udp: 1 | 
2026-05-03 19:22:52,534 - INFO     - img2od: 21 | od2fr: 0 | od2lpr: 1000 | od2cap: 0 | fr2kr: 0 | lpr2kr: 1000 | cap2udp: 0 | kr2udp: 0 | 
2026-05-03 19:22:53,535 - INFO     - img2od: 21 | od2fr: 0 | od2lpr: 1000 | od2cap: 0 | fr2kr: 0 | lpr2kr: 1000 | cap2udp: 0 | kr2udp: 0 | 
2026-05-03 19:22:54,536 - INFO     - img2od: 21 | od2fr: 0 | od2lpr: 1000 | od2cap: 0 | fr2kr: 0 | lpr2kr: 1000 | cap2udp: 0 | kr2udp: 0 | 
2026-05-03 19:22:55,537 - INFO     - img2od: 21 | od2fr: 0 | od2lpr: 1000 | od2cap: 0 | fr2kr: 0 | lpr2kr: 1000 | cap2udp: 0 | kr2udp: 0 | 
2026-05-03 19:22:56,538 - INFO     - img2od: 21 | od2fr: 0 | od2lpr: 1000 | od2cap: 0 | fr2kr: 0 | lpr2kr: 1000 | cap2udp: 0 | kr2udp: 0 | 
2026-05-03 19:22:57,539 - INFO     - img2od: 21 | od2fr: 0 | od2lpr: 1000 | od2cap: 0 | fr2kr: 0 | lpr2kr: 1000 | cap2udp: 0 | kr2udp: 1 | 
2026-05-03 19:22:58,540 - INFO     - img2od: 21 | od2fr: 0 | od2lpr: 1000 | od2cap: 0 | fr2kr: 0 | lpr2kr: 1000 | cap2udp: 0 | kr2udp: 1 | 
2026-05-03 19:22:59,541 - INFO     - img2od: 21 | od2fr: 0 | od2lpr: 1000 | od2cap: 0 | fr2kr: 0 | lpr2kr: 1000 | cap2udp: 0 | kr2udp: 0 | 
2026-05-03 19:23:00,542 - INFO     - img2od: 21 | od2fr: 0 | od2lpr: 1000 | od2cap: 0 | fr2kr: 0 | lpr2kr: 1000 | cap2udp: 0 | kr2udp: 1 | 
2026-05-03 19:23:01,543 - INFO     - img2od: 21 | od2fr: 0 | od2lpr: 1000 | od2cap: 0 | fr2kr: 0 | lpr2kr: 1000 | cap2udp: 0 | kr2udp: 1 | 
2026-05-03 19:23:02,544 - INFO     - img2od: 21 | od2fr: 0 | od2lpr: 1000 | od2cap: 0 | fr2kr: 0 | lpr2kr: 1000 | cap2udp: 0 | kr2udp: 1 | 
2026-05-03 19:23:03,545 - INFO     - img2od: 21 | od2fr: 0 | od2lpr: 1000 | od2cap: 0 | fr2kr: 0 | lpr2kr: 1000 | cap2udp: 0 | kr2udp: 0 | 
2026-05-03 19:23:04,546 - INFO     - img2od: 21 | od2fr: 0 | od2lpr: 1000 | od2cap: 0 | fr2kr: 0 | lpr2kr: 1000 | cap2udp: 0 | kr2udp: 1 | 
2026-05-03 19:23:05,547 - INFO     - img2od: 21 | od2fr: 0 | od2lpr: 1000 | od2cap: 0 | fr2kr: 0 | lpr2kr: 1000 | cap2udp: 0 | kr2udp: 0 | 
2026-05-03 19:23:06,548 - INFO     - img2od: 21 | od2fr: 0 | od2lpr: 1000 | od2cap: 0 | fr2kr: 0 | lpr2kr: 1000 | cap2udp: 0 | kr2udp: 1 | 
2026-05-03 19:23:07,549 - INFO     - img2od: 21 | od2fr: 0 | od2lpr: 1000 | od2cap: 0 | fr2kr: 0 | lpr2kr: 1000 | cap2udp: 0 | kr2udp: 1 | 
2026-05-03 19:23:08,550 - INFO     - img2od: 21 | od2fr: 0 | od2lpr: 1000 | od2cap: 0 | fr2kr: 0 | lpr2kr: 1000 | cap2udp: 0 | kr2udp: 0 | 
2026-05-03 19:23:09,551 - INFO     - img2od: 21 | od2fr: 0 | od2lpr: 1000 | od2cap: 0 | fr2kr: 0 | lpr2kr: 1000 | cap2udp: 0 | kr2udp: 0 | 
2026-05-03 19:23:10,552 - INFO     - img2od: 21 | od2fr: 0 | od2lpr: 1000 | od2cap: 0 | fr2kr: 0 | lpr2kr: 1000 | cap2udp: 0 | kr2udp: 1 | 
2026-05-03 19:23:11,553 - INFO     - img2od: 21 | od2fr: 0 | od2lpr: 1000 | od2cap: 0 | fr2kr: 0 | lpr2kr: 1000 | cap2udp: 0 | kr2udp: 1 | 
2026-05-03 19:23:12,554 - INFO     - img2od: 21 | od2fr: 0 | od2lpr: 1000 | od2cap: 0 | fr2kr: 0 | lpr2kr: 1000 | cap2udp: 0 | kr2udp: 1 | 
2026-05-03 19:23:13,555 - INFO     - img2od: 21 | od2fr: 0 | od2lpr: 1000 | od2cap: 0 | fr2kr: 0 | lpr2kr: 1000 | cap2udp: 0 | kr2udp: 1 | 
2026-05-03 19:23:14,556 - INFO     - img2od: 21 | od2fr: 0 | od2lpr: 1000 | od2cap: 0 | fr2kr: 0 | lpr2kr: 1000 | cap2udp: 0 | kr2udp: 1 | 
2026-05-03 19:23:15,557 - INFO     - img2od: 21 | od2fr: 0 | od2lpr: 1000 | od2cap: 0 | fr2kr: 0 | lpr2kr: 1000 | cap2udp: 0 | kr2udp: 0 | 
2026-05-03 19:23:16,558 - INFO     - img2od: 21 | od2fr: 0 | od2lpr: 1000 | od2cap: 0 | fr2kr: 0 | lpr2kr: 1000 | cap2udp: 0 | kr2udp: 1 | 
2026-05-03 19:23:17,559 - INFO     - img2od: 21 | od2fr: 0 | od2lpr: 1000 | od2cap: 0 | fr2kr: 0 | lpr2kr: 1000 | cap2udp: 0 | kr2udp: 1 | 
2026-05-03 19:23:18,560 - INFO     - img2od: 21 | od2fr: 0 | od2lpr: 1000 | od2cap: 0 | fr2kr: 0 | lpr2kr: 1000 | cap2udp: 0 | kr2udp: 1 | 
2026-05-03 19:23:19,561 - INFO     - img2od: 21 | od2fr: 0 | od2lpr: 1000 | od2cap: 0 | fr2kr: 0 | lpr2kr: 1000 | cap2udp: 0 | kr2udp: 1 | 
2026-05-03 19:23:20,562 - INFO     - img2od: 21 | od2fr: 0 | od2lpr: 1000 | od2cap: 0 | fr2kr: 0 | lpr2kr: 1000 | cap2udp: 0 | kr2udp: 1 | 
2026-05-03 19:23:21,563 - INFO     - img2od: 21 | od2fr: 0 | od2lpr: 1000 | od2cap: 0 | fr2kr: 0 | lpr2kr: 1000 | cap2udp: 0 | kr2udp: 0 | 
2026-05-03 19:23:22,564 - INFO     - img2od: 21 | od2fr: 0 | od2lpr: 1000 | od2cap: 0 | fr2kr: 0 | lpr2kr: 1000 | cap2udp: 0 | kr2udp: 0 | 
2026-05-03 19:23:23,565 - INFO     - img2od: 21 | od2fr: 0 | od2lpr: 1000 | od2cap: 0 | fr2kr: 0 | lpr2kr: 1000 | cap2udp: 0 | kr2udp: 0 | 
2026-05-03 19:23:24,566 - INFO     - img2od: 21 | od2fr: 0 | od2lpr: 1000 | od2cap: 0 | fr2kr: 0 | lpr2kr: 1000 | cap2udp: 0 | kr2udp: 0 | 
2026-05-03 19:23:25,567 - INFO     - img2od: 21 | od2fr: 0 | od2lpr: 1000 | od2cap: 0 | fr2kr: 0 | lpr2kr: 1000 | cap2udp: 0 | kr2udp: 1 | 
2026-05-03 19:23:26,568 - INFO     - img2od: 21 | od2fr: 0 | od2lpr: 1000 | od2cap: 0 | fr2kr: 0 | lpr2kr: 1000 | cap2udp: 0 | kr2udp: 0 | 
2026-05-03 19:23:27,569 - INFO     - img2od: 21 | od2fr: 0 | od2lpr: 1000 | od2cap: 0 | fr2kr: 0 | lpr2kr: 1000 | cap2udp: 0 | kr2udp: 1 | 
2026-05-03 19:23:28,570 - INFO     - img2od: 21 | od2fr: 0 | od2lpr: 1000 | od2cap: 0 | fr2kr: 0 | lpr2kr: 1000 | cap2udp: 0 | kr2udp: 1 | 
2026-05-03 19:23:29,571 - INFO     - img2od: 21 | od2fr: 0 | od2lpr: 1000 | od2cap: 0 | fr2kr: 0 | lpr2kr: 1000 | cap2udp: 0 | kr2udp: 1 | 
2026-05-03 19:23:30,572 - INFO     - img2od: 21 | od2fr: 0 | od2lpr: 999 | od2cap: 0 | fr2kr: 0 | lpr2kr: 1000 | cap2udp: 0 | kr2udp: 1 | 
2026-05-03 19:23:31,573 - INFO     - img2od: 21 | od2fr: 0 | od2lpr: 1000 | od2cap: 0 | fr2kr: 0 | lpr2kr: 1000 | cap2udp: 0 | kr2udp: 1 | 
2026-05-03 19:23:32,574 - INFO     - img2od: 21 | od2fr: 0 | od2lpr: 1000 | od2cap: 0 | fr2kr: 0 | lpr2kr: 1000 | cap2udp: 0 | kr2udp: 1 | 
2026-05-03 19:23:33,575 - INFO     - img2od: 21 | od2fr: 0 | od2lpr: 1000 | od2cap: 0 | fr2kr: 0 | lpr2kr: 1000 | cap2udp: 0 | kr2udp: 0 | 
2026-05-03 19:23:34,576 - INFO     - img2od: 21 | od2fr: 0 | od2lpr: 1000 | od2cap: 0 | fr2kr: 0 | lpr2kr: 1000 | cap2udp: 0 | kr2udp: 0 | 
2026-05-03 19:23:35,577 - INFO     - img2od: 21 | od2fr: 0 | od2lpr: 1000 | od2cap: 0 | fr2kr: 0 | lpr2kr: 1000 | cap2udp: 0 | kr2udp: 1 | 
2026-05-03 19:23:36,578 - INFO     - img2od: 21 | od2fr: 0 | od2lpr: 1000 | od2cap: 0 | fr2kr: 0 | lpr2kr: 1000 | cap2udp: 0 | kr2udp: 0 | 
2026-05-03 19:23:37,579 - INFO     - img2od: 21 | od2fr: 0 | od2lpr: 1000 | od2cap: 0 | fr2kr: 0 | lpr2kr: 1000 | cap2udp: 0 | kr2udp: 1 | 
2026-05-03 19:23:38,580 - INFO     - img2od: 21 | od2fr: 0 | od2lpr: 1000 | od2cap: 0 | fr2kr: 0 | lpr2kr: 1000 | cap2udp: 0 | kr2udp: 1 | 
2026-05-03 19:23:39,581 - INFO     - img2od: 21 | od2fr: 0 | od2lpr: 1000 | od2cap: 0 | fr2kr: 0 | lpr2kr: 1000 | cap2udp: 0 | kr2udp: 1 | 
2026-05-03 19:23:40,582 - INFO     - img2od: 21 | od2fr: 0 | od2lpr: 1000 | od2cap: 0 | fr2kr: 0 | lpr2kr: 1000 | cap2udp: 0 | kr2udp: 1 | 
2026-05-03 19:23:41,583 - INFO     - img2od: 21 | od2fr: 0 | od2lpr: 1000 | od2cap: 0 | fr2kr: 0 | lpr2kr: 1000 | cap2udp: 0 | kr2udp: 1 | 
2026-05-03 19:23:42,584 - INFO     - img2od: 21 | od2fr: 0 | od2lpr: 1000 | od2cap: 0 | fr2kr: 0 | lpr2kr: 1000 | cap2udp: 0 | kr2udp: 1 | 
2026-05-03 19:23:43,585 - INFO     - img2od: 21 | od2fr: 0 | od2lpr: 1000 | od2cap: 0 | fr2kr: 0 | lpr2kr: 1000 | cap2udp: 0 | kr2udp: 1 | 
2026-05-03 19:23:44,586 - INFO     - img2od: 21 | od2fr: 0 | od2lpr: 1000 | od2cap: 0 | fr2kr: 0 | lpr2kr: 1000 | cap2udp: 0 | kr2udp: 1 | 
2026-05-03 19:23:45,587 - INFO     - img2od: 21 | od2fr: 0 | od2lpr: 1000 | od2cap: 0 | fr2kr: 0 | lpr2kr: 1000 | cap2udp: 0 | kr2udp: 1 | 
2026-05-03 19:23:46,588 - INFO     - img2od: 21 | od2fr: 0 | od2lpr: 1000 | od2cap: 0 | fr2kr: 0 | lpr2kr: 1000 | cap2udp: 0 | kr2udp: 0 | 
2026-05-03 19:23:47,589 - INFO     - img2od: 21 | od2fr: 0 | od2lpr: 1000 | od2cap: 0 | fr2kr: 0 | lpr2kr: 1000 | cap2udp: 0 | kr2udp: 1 | 
2026-05-03 19:23:48,590 - INFO     - img2od: 21 | od2fr: 0 | od2lpr: 1000 | od2cap: 0 | fr2kr: 0 | lpr2kr: 1000 | cap2udp: 0 | kr2udp: 1 | 
2026-05-03 19:23:49,591 - INFO     - img2od: 21 | od2fr: 0 | od2lpr: 1000 | od2cap: 0 | fr2kr: 0 | lpr2kr: 1000 | cap2udp: 0 | kr2udp: 1 | 
2026-05-03 19:23:50,592 - INFO     - img2od: 21 | od2fr: 0 | od2lpr: 1000 | od2cap: 0 | fr2kr: 0 | lpr2kr: 1000 | cap2udp: 0 | kr2udp: 1 | 
2026-05-03 19:23:51,593 - INFO     - img2od: 21 | od2fr: 0 | od2lpr: 1000 | od2cap: 0 | fr2kr: 0 | lpr2kr: 1000 | cap2udp: 0 | kr2udp: 0 | 
2026-05-03 19:23:52,594 - INFO     - img2od: 21 | od2fr: 0 | od2lpr: 1000 | od2cap: 0 | fr2kr: 0 | lpr2kr: 1000 | cap2udp: 0 | kr2udp: 1 | 
2026-05-03 19:23:53,595 - INFO     - img2od: 21 | od2fr: 0 | od2lpr: 1000 | od2cap: 0 | fr2kr: 0 | lpr2kr: 1000 | cap2udp: 0 | kr2udp: 1 | 
2026-05-03 19:23:54,596 - INFO     - img2od: 21 | od2fr: 0 | od2lpr: 1000 | od2cap: 0 | fr2kr: 0 | lpr2kr: 1000 | cap2udp: 0 | kr2udp: 0 | 
2026-05-03 19:23:55,597 - INFO     - img2od: 21 | od2fr: 0 | od2lpr: 1000 | od2cap: 0 | fr2kr: 0 | lpr2kr: 1000 | cap2udp: 0 | kr2udp: 1 | 
2026-05-03 19:23:56,598 - INFO     - img2od: 21 | od2fr: 0 | od2lpr: 1000 | od2cap: 0 | fr2kr: 0 | lpr2kr: 1000 | cap2udp: 0 | kr2udp: 1 | 
2026-05-03 19:23:57,599 - INFO     - img2od: 21 | od2fr: 0 | od2lpr: 1000 | od2cap: 0 | fr2kr: 0 | lpr2kr: 1000 | cap2udp: 0 | kr2udp: 1 | 
2026-05-03 19:23:58,600 - INFO     - img2od: 21 | od2fr: 0 | od2lpr: 1000 | od2cap: 0 | fr2kr: 0 | lpr2kr: 1000 | cap2udp: 0 | kr2udp: 0 | 
2026-05-03 19:23:59,601 - INFO     - img2od: 21 | od2fr: 0 | od2lpr: 1000 | od2cap: 0 | fr2kr: 0 | lpr2kr: 1000 | cap2udp: 0 | kr2udp: 1 | 
2026-05-03 19:24:00,602 - INFO     - img2od: 21 | od2fr: 0 | od2lpr: 1000 | od2cap: 0 | fr2kr: 0 | lpr2kr: 1000 | cap2udp: 0 | kr2udp: 1 | 
2026-05-03 19:24:01,603 - INFO     - img2od: 21 | od2fr: 0 | od2lpr: 1000 | od2cap: 0 | fr2kr: 0 | lpr2kr: 1000 | cap2udp: 0 | kr2udp: 1 | 
2026-05-03 19:24:02,604 - INFO     - img2od: 21 | od2fr: 0 | od2lpr: 1000 | od2cap: 0 | fr2kr: 0 | lpr2kr: 1000 | cap2udp: 0 | kr2udp: 1 | 
2026-05-03 19:24:03,605 - INFO     - img2od: 21 | od2fr: 0 | od2lpr: 1000 | od2cap: 0 | fr2kr: 0 | lpr2kr: 1000 | cap2udp: 0 | kr2udp: 0 | 
2026-05-03 19:24:04,606 - INFO     - img2od: 21 | od2fr: 0 | od2lpr: 1000 | od2cap: 0 | fr2kr: 0 | lpr2kr: 1000 | cap2udp: 0 | kr2udp: 0 | 
2026-05-03 19:24:05,607 - INFO     - img2od: 21 | od2fr: 0 | od2lpr: 1000 | od2cap: 0 | fr2kr: 0 | lpr2kr: 1000 | cap2udp: 0 | kr2udp: 0 | 
2026-05-03 19:24:06,608 - INFO     - img2od: 21 | od2fr: 0 | od2lpr: 1000 | od2cap: 0 | fr2kr: 0 | lpr2kr: 1000 | cap2udp: 0 | kr2udp: 1 | 
2026-05-03 19:24:07,609 - INFO     - img2od: 21 | od2fr: 0 | od2lpr: 1000 | od2cap: 0 | fr2kr: 0 | lpr2kr: 1000 | cap2udp: 0 | kr2udp: 1 | 
2026-05-03 19:24:08,610 - INFO     - img2od: 21 | od2fr: 0 | od2lpr: 999 | od2cap: 0 | fr2kr: 0 | lpr2kr: 1000 | cap2udp: 0 | kr2udp: 1 | 
2026-05-03 19:24:09,611 - INFO     - img2od: 21 | od2fr: 0 | od2lpr: 1000 | od2cap: 0 | fr2kr: 0 | lpr2kr: 1000 | cap2udp: 0 | kr2udp: 1 | 
2026-05-03 19:24:10,612 - INFO     - img2od: 21 | od2fr: 0 | od2lpr: 1000 | od2cap: 0 | fr2kr: 0 | lpr2kr: 1000 | cap2udp: 0 | kr2udp: 1 | 
2026-05-03 19:24:11,613 - INFO     - img2od: 21 | od2fr: 0 | od2lpr: 1000 | od2cap: 0 | fr2kr: 0 | lpr2kr: 1000 | cap2udp: 0 | kr2udp: 1 | 
2026-05-03 19:24:12,614 - INFO     - img2od: 21 | od2fr: 0 | od2lpr: 1000 | od2cap: 0 | fr2kr: 0 | lpr2kr: 1000 | cap2udp: 0 | kr2udp: 1 | 
2026-05-03 19:24:13,615 - INFO     - img2od: 21 | od2fr: 0 | od2lpr: 1000 | od2cap: 0 | fr2kr: 0 | lpr2kr: 1000 | cap2udp: 0 | kr2udp: 1 | 
2026-05-03 19:24:14,616 - INFO     - img2od: 21 | od2fr: 0 | od2lpr: 1000 | od2cap: 0 | fr2kr: 0 | lpr2kr: 1000 | cap2udp: 0 | kr2udp: 1 | 
2026-05-03 19:24:15,617 - INFO     - img2od: 21 | od2fr: 0 | od2lpr: 1000 | od2cap: 0 | fr2kr: 0 | lpr2kr: 1000 | cap2udp: 0 | kr2udp: 1 | 
2026-05-03 19:24:16,618 - INFO     - img2od: 21 | od2fr: 0 | od2lpr: 1000 | od2cap: 0 | fr2kr: 0 | lpr2kr: 1000 | cap2udp: 0 | kr2udp: 1 | 
2026-05-03 19:24:17,619 - INFO     - img2od: 21 | od2fr: 0 | od2lpr: 1000 | od2cap: 0 | fr2kr: 0 | lpr2kr: 1000 | cap2udp: 0 | kr2udp: 1 | 
2026-05-03 19:24:18,620 - INFO     - img2od: 21 | od2fr: 0 | od2lpr: 1000 | od2cap: 0 | fr2kr: 0 | lpr2kr: 1000 | cap2udp: 0 | kr2udp: 1 | 
2026-05-03 19:24:19,621 - INFO     - img2od: 21 | od2fr: 0 | od2lpr: 1000 | od2cap: 0 | fr2kr: 0 | lpr2kr: 1000 | cap2udp: 0 | kr2udp: 1 | 
2026-05-03 19:24:20,622 - INFO     - img2od: 21 | od2fr: 0 | od2lpr: 1000 | od2cap: 0 | fr2kr: 0 | lpr2kr: 1000 | cap2udp: 0 | kr2udp: 0 | 
2026-05-03 19:24:21,623 - INFO     - img2od: 21 | od2fr: 0 | od2lpr: 1000 | od2cap: 0 | fr2kr: 0 | lpr2kr: 1000 | cap2udp: 0 | kr2udp: 0 | 
2026-05-03 19:24:22,624 - INFO     - img2od: 21 | od2fr: 0 | od2lpr: 1000 | od2cap: 0 | fr2kr: 0 | lpr2kr: 1000 | cap2udp: 0 | kr2udp: 1 | 
2026-05-03 19:24:23,625 - INFO     - img2od: 21 | od2fr: 0 | od2lpr: 1000 | od2cap: 0 | fr2kr: 0 | lpr2kr: 1000 | cap2udp: 0 | kr2udp: 1 | 
2026-05-03 19:24:24,626 - INFO     - img2od: 21 | od2fr: 0 | od2lpr: 1000 | od2cap: 0 | fr2kr: 0 | lpr2kr: 1000 | cap2udp: 0 | kr2udp: 1 | 
2026-05-03 19:24:25,627 - INFO     - img2od: 21 | od2fr: 0 | od2lpr: 1000 | od2cap: 0 | fr2kr: 0 | lpr2kr: 1000 | cap2udp: 0 | kr2udp: 1 | 
2026-05-03 19:24:26,628 - INFO     - img2od: 21 | od2fr: 0 | od2lpr: 1000 | od2cap: 0 | fr2kr: 0 | lpr2kr: 1000 | cap2udp: 0 | kr2udp: 1 | 
2026-05-03 19:24:27,629 - INFO     - img2od: 21 | od2fr: 0 | od2lpr: 1000 | od2cap: 0 | fr2kr: 0 | lpr2kr: 1000 | cap2udp: 0 | kr2udp: 0 | 
2026-05-03 19:24:28,630 - INFO     - img2od: 21 | od2fr: 0 | od2lpr: 1000 | od2cap: 0 | fr2kr: 0 | lpr2kr: 1000 | cap2udp: 0 | kr2udp: 1 | 
2026-05-03 19:24:29,631 - INFO     - img2od: 21 | od2fr: 0 | od2lpr: 1000 | od2cap: 0 | fr2kr: 0 | lpr2kr: 1000 | cap2udp: 0 | kr2udp: 1 | 
2026-05-03 19:24:30,632 - INFO     - img2od: 21 | od2fr: 0 | od2lpr: 1000 | od2cap: 0 | fr2kr: 0 | lpr2kr: 1000 | cap2udp: 0 | kr2udp: 1 | 
2026-05-03 19:24:31,633 - INFO     - img2od: 21 | od2fr: 0 | od2lpr: 1000 | od2cap: 0 | fr2kr: 0 | lpr2kr: 1000 | cap2udp: 0 | kr2udp: 1 | 
2026-05-03 19:24:32,634 - INFO     - img2od: 21 | od2fr: 0 | od2lpr: 1000 | od2cap: 0 | fr2kr: 0 | lpr2kr: 1000 | cap2udp: 0 | kr2udp: 1 | 
2026-05-03 19:24:33,635 - INFO     - img2od: 21 | od2fr: 0 | od2lpr: 1000 | od2cap: 0 | fr2kr: 0 | lpr2kr: 1000 | cap2udp: 0 | kr2udp: 1 | 
2026-05-03 19:24:34,636 - INFO     - img2od: 21 | od2fr: 0 | od2lpr: 1000 | od2cap: 0 | fr2kr: 0 | lpr2kr: 1000 | cap2udp: 0 | kr2udp: 1 | 
2026-05-03 19:24:35,637 - INFO     - img2od: 21 | od2fr: 0 | od2lpr: 1000 | od2cap: 0 | fr2kr: 0 | lpr2kr: 1000 | cap2udp: 0 | kr2udp: 1 | 
2026-05-03 19:24:36,638 - INFO     - img2od: 21 | od2fr: 0 | od2lpr: 1000 | od2cap: 0 | fr2kr: 0 | lpr2kr: 1000 | cap2udp: 0 | kr2udp: 1 | 
2026-05-03 19:24:37,639 - INFO     - img2od: 21 | od2fr: 0 | od2lpr: 1000 | od2cap: 0 | fr2kr: 0 | lpr2kr: 1000 | cap2udp: 0 | kr2udp: 2 | 
2026-05-03 19:24:38,640 - INFO     - img2od: 21 | od2fr: 0 | od2lpr: 1000 | od2cap: 0 | fr2kr: 0 | lpr2kr: 1000 | cap2udp: 0 | kr2udp: 1 | 
2026-05-03 19:24:39,641 - INFO     - img2od: 21 | od2fr: 0 | od2lpr: 1000 | od2cap: 0 | fr2kr: 0 | lpr2kr: 1000 | cap2udp: 0 | kr2udp: 1 | 
2026-05-03 19:24:40,642 - INFO     - img2od: 21 | od2fr: 0 | od2lpr: 1000 | od2cap: 0 | fr2kr: 0 | lpr2kr: 1000 | cap2udp: 0 | kr2udp: 0 | 
2026-05-03 19:24:41,643 - INFO     - img2od: 21 | od2fr: 0 | od2lpr: 1000 | od2cap: 0 | fr2kr: 0 | lpr2kr: 1000 | cap2udp: 0 | kr2udp: 1 | 
2026-05-03 19:24:42,644 - INFO     - img2od: 21 | od2fr: 0 | od2lpr: 1000 | od2cap: 0 | fr2kr: 0 | lpr2kr: 1000 | cap2udp: 0 | kr2udp: 0 | 
2026-05-03 19:24:43,645 - INFO     - img2od: 21 | od2fr: 0 | od2lpr: 1000 | od2cap: 0 | fr2kr: 0 | lpr2kr: 1000 | cap2udp: 0 | kr2udp: 1 | 
2026-05-03 19:24:44,646 - INFO     - img2od: 21 | od2fr: 0 | od2lpr: 1000 | od2cap: 0 | fr2kr: 0 | lpr2kr: 1000 | cap2udp: 0 | kr2udp: 1 | 
2026-05-03 19:24:45,647 - INFO     - img2od: 21 | od2fr: 0 | od2lpr: 1000 | od2cap: 0 | fr2kr: 0 | lpr2kr: 1000 | cap2udp: 0 | kr2udp: 1 | 
2026-05-03 19:24:46,648 - INFO     - img2od: 21 | od2fr: 0 | od2lpr: 1000 | od2cap: 0 | fr2kr: 0 | lpr2kr: 1000 | cap2udp: 0 | kr2udp: 1 | 
2026-05-03 19:24:47,649 - INFO     - img2od: 21 | od2fr: 0 | od2lpr: 1000 | od2cap: 0 | fr2kr: 0 | lpr2kr: 1000 | cap2udp: 0 | kr2udp: 1 | 
2026-05-03 19:24:48,650 - INFO     - img2od: 21 | od2fr: 0 | od2lpr: 1000 | od2cap: 0 | fr2kr: 0 | lpr2kr: 1000 | cap2udp: 0 | kr2udp: 0 | 
2026-05-03 19:24:49,651 - INFO     - img2od: 21 | od2fr: 0 | od2lpr: 1000 | od2cap: 0 | fr2kr: 0 | lpr2kr: 1000 | cap2udp: 0 | kr2udp: 0 | 
2026-05-03 19:24:50,652 - INFO     - img2od: 21 | od2fr: 0 | od2lpr: 1000 | od2cap: 0 | fr2kr: 0 | lpr2kr: 1000 | cap2udp: 0 | kr2udp: 1 | 
2026-05-03 19:24:51,653 - INFO     - img2od: 21 | od2fr: 0 | od2lpr: 1000 | od2cap: 0 | fr2kr: 0 | lpr2kr: 1000 | cap2udp: 0 | kr2udp: 1 | 
2026-05-03 19:24:52,654 - INFO     - img2od: 21 | od2fr: 0 | od2lpr: 1000 | od2cap: 0 | fr2kr: 0 | lpr2kr: 1000 | cap2udp: 0 | kr2udp: 1 | 
2026-05-03 19:24:53,655 - INFO     - img2od: 21 | od2fr: 0 | od2lpr: 1000 | od2cap: 0 | fr2kr: 0 | lpr2kr: 1000 | cap2udp: 0 | kr2udp: 1 | 
2026-05-03 19:24:54,656 - INFO     - img2od: 21 | od2fr: 0 | od2lpr: 1000 | od2cap: 0 | fr2kr: 0 | lpr2kr: 1000 | cap2udp: 0 | kr2udp: 1 | 
2026-05-03 19:24:55,657 - INFO     - img2od: 21 | od2fr: 0 | od2lpr: 1000 | od2cap: 0 | fr2kr: 0 | lpr2kr: 1000 | cap2udp: 0 | kr2udp: 1 | 
2026-05-03 19:24:56,658 - INFO     - img2od: 21 | od2fr: 0 | od2lpr: 1000 | od2cap: 0 | fr2kr: 0 | lpr2kr: 1000 | cap2udp: 0 | kr2udp: 0 | 
2026-05-03 19:24:57,659 - INFO     - img2od: 21 | od2fr: 0 | od2lpr: 1000 | od2cap: 0 | fr2kr: 0 | lpr2kr: 1000 | cap2udp: 0 | kr2udp: 1 | 
2026-05-03 19:24:58,660 - INFO     - img2od: 21 | od2fr: 0 | od2lpr: 1000 | od2cap: 0 | fr2kr: 0 | lpr2kr: 1000 | cap2udp: 0 | kr2udp: 1 | 
2026-05-03 19:24:59,661 - INFO     - img2od: 21 | od2fr: 0 | od2lpr: 999 | od2cap: 0 | fr2kr: 0 | lpr2kr: 1000 | cap2udp: 0 | kr2udp: 1 | 
2026-05-03 19:25:00,662 - INFO     - img2od: 21 | od2fr: 0 | od2lpr: 1000 | od2cap: 0 | fr2kr: 0 | lpr2kr: 1000 | cap2udp: 0 | kr2udp: 1 | 
2026-05-03 19:25:01,663 - INFO     - img2od: 21 | od2fr: 0 | od2lpr: 1000 | od2cap: 0 | fr2kr: 0 | lpr2kr: 1000 | cap2udp: 0 | kr2udp: 1 | 
2026-05-03 19:25:02,664 - INFO     - img2od: 21 | od2fr: 0 | od2lpr: 1000 | od2cap: 0 | fr2kr: 0 | lpr2kr: 1000 | cap2udp: 0 | kr2udp: 1 | 
2026-05-03 19:25:03,665 - INFO     - img2od: 21 | od2fr: 0 | od2lpr: 1000 | od2cap: 0 | fr2kr: 0 | lpr2kr: 1000 | cap2udp: 0 | kr2udp: 1 | 
2026-05-03 19:25:04,666 - INFO     - img2od: 21 | od2fr: 0 | od2lpr: 1000 | od2cap: 0 | fr2kr: 0 | lpr2kr: 1000 | cap2udp: 0 | kr2udp: 1 | 
2026-05-03 19:25:05,667 - INFO     - img2od: 21 | od2fr: 0 | od2lpr: 1000 | od2cap: 0 | fr2kr: 0 | lpr2kr: 1000 | cap2udp: 0 | kr2udp: 1 | 
2026-05-03 19:25:06,668 - INFO     - img2od: 21 | od2fr: 0 | od2lpr: 1000 | od2cap: 0 | fr2kr: 0 | lpr2kr: 1000 | cap2udp: 0 | kr2udp: 1 | 
2026-05-03 19:25:07,669 - INFO     - img2od: 21 | od2fr: 0 | od2lpr: 1000 | od2cap: 0 | fr2kr: 0 | lpr2kr: 1000 | cap2udp: 0 | kr2udp: 1 | 
2026-05-03 19:25:08,670 - INFO     - img2od: 21 | od2fr: 0 | od2lpr: 1000 | od2cap: 0 | fr2kr: 0 | lpr2kr: 1000 | cap2udp: 0 | kr2udp: 0 | 
2026-05-03 19:25:09,671 - INFO     - img2od: 21 | od2fr: 0 | od2lpr: 1000 | od2cap: 0 | fr2kr: 0 | lpr2kr: 1000 | cap2udp: 0 | kr2udp: 0 | 
2026-05-03 19:25:10,672 - INFO     - img2od: 21 | od2fr: 0 | od2lpr: 1000 | od2cap: 0 | fr2kr: 0 | lpr2kr: 1000 | cap2udp: 0 | kr2udp: 0 | 
2026-05-03 19:25:11,673 - INFO     - img2od: 21 | od2fr: 0 | od2lpr: 1000 | od2cap: 0 | fr2kr: 0 | lpr2kr: 1000 | cap2udp: 0 | kr2udp: 0 | 
2026-05-03 19:25:12,674 - INFO     - img2od: 21 | od2fr: 0 | od2lpr: 1000 | od2cap: 0 | fr2kr: 0 | lpr2kr: 1000 | cap2udp: 0 | kr2udp: 1 | 
2026-05-03 19:25:13,675 - INFO     - img2od: 21 | od2fr: 0 | od2lpr: 1000 | od2cap: 0 | fr2kr: 0 | lpr2kr: 1000 | cap2udp: 0 | kr2udp: 1 | 
2026-05-03 19:25:14,676 - INFO     - img2od: 21 | od2fr: 0 | od2lpr: 1000 | od2cap: 0 | fr2kr: 0 | lpr2kr: 1000 | cap2udp: 0 | kr2udp: 1 | 
2026-05-03 19:25:15,677 - INFO     - img2od: 21 | od2fr: 0 | od2lpr: 1000 | od2cap: 0 | fr2kr: 0 | lpr2kr: 1000 | cap2udp: 0 | kr2udp: 1 | 
2026-05-03 19:25:16,678 - INFO     - img2od: 21 | od2fr: 0 | od2lpr: 1000 | od2cap: 0 | fr2kr: 0 | lpr2kr: 1000 | cap2udp: 0 | kr2udp: 1 | 
2026-05-03 19:25:17,679 - INFO     - img2od: 21 | od2fr: 0 | od2lpr: 1000 | od2cap: 0 | fr2kr: 0 | lpr2kr: 1000 | cap2udp: 0 | kr2udp: 0 | 
2026-05-03 19:25:18,680 - INFO     - img2od: 21 | od2fr: 0 | od2lpr: 1000 | od2cap: 0 | fr2kr: 0 | lpr2kr: 1000 | cap2udp: 0 | kr2udp: 0 | 
2026-05-03 19:25:19,681 - INFO     - img2od: 21 | od2fr: 0 | od2lpr: 1000 | od2cap: 0 | fr2kr: 0 | lpr2kr: 1000 | cap2udp: 0 | kr2udp: 1 | 
2026-05-03 19:25:20,682 - INFO     - img2od: 21 | od2fr: 0 | od2lpr: 1000 | od2cap: 0 | fr2kr: 0 | lpr2kr: 1000 | cap2udp: 0 | kr2udp: 1 | 
2026-05-03 19:25:21,683 - INFO     - img2od: 21 | od2fr: 0 | od2lpr: 1000 | od2cap: 0 | fr2kr: 0 | lpr2kr: 1000 | cap2udp: 0 | kr2udp: 1 | 
2026-05-03 19:25:22,684 - INFO     - img2od: 21 | od2fr: 0 | od2lpr: 1000 | od2cap: 0 | fr2kr: 0 | lpr2kr: 1000 | cap2udp: 0 | kr2udp: 1 | 
2026-05-03 19:25:23,685 - INFO     - img2od: 21 | od2fr: 0 | od2lpr: 1000 | od2cap: 0 | fr2kr: 0 | lpr2kr: 1000 | cap2udp: 0 | kr2udp: 1 | 
2026-05-03 19:25:24,686 - INFO     - img2od: 21 | od2fr: 0 | od2lpr: 1000 | od2cap: 0 | fr2kr: 0 | lpr2kr: 1000 | cap2udp: 0 | kr2udp: 1 | 
2026-05-03 19:25:25,687 - INFO     - img2od: 21 | od2fr: 0 | od2lpr: 1000 | od2cap: 0 | fr2kr: 0 | lpr2kr: 1000 | cap2udp: 0 | kr2udp: 1 | 
2026-05-03 19:25:26,688 - INFO     - img2od: 21 | od2fr: 0 | od2lpr: 1000 | od2cap: 0 | fr2kr: 0 | lpr2kr: 1000 | cap2udp: 0 | kr2udp: 0 | 
2026-05-03 19:25:27,689 - INFO     - img2od: 21 | od2fr: 0 | od2lpr: 1000 | od2cap: 0 | fr2kr: 0 | lpr2kr: 1000 | cap2udp: 0 | kr2udp: 1 | 
2026-05-03 19:25:28,690 - INFO     - img2od: 21 | od2fr: 0 | od2lpr: 1000 | od2cap: 0 | fr2kr: 0 | lpr2kr: 1000 | cap2udp: 0 | kr2udp: 0 | 
2026-05-03 19:25:29,691 - INFO     - img2od: 21 | od2fr: 0 | od2lpr: 1000 | od2cap: 0 | fr2kr: 0 | lpr2kr: 1000 | cap2udp: 0 | kr2udp: 1 | 
2026-05-03 19:25:30,692 - INFO     - img2od: 21 | od2fr: 0 | od2lpr: 1000 | od2cap: 0 | fr2kr: 0 | lpr2kr: 1000 | cap2udp: 0 | kr2udp: 1 | 
2026-05-03 19:25:31,693 - INFO     - img2od: 21 | od2fr: 0 | od2lpr: 1000 | od2cap: 0 | fr2kr: 0 | lpr2kr: 1000 | cap2udp: 0 | kr2udp: 0 | 
2026-05-03 19:25:32,694 - INFO     - img2od: 21 | od2fr: 0 | od2lpr: 1000 | od2cap: 0 | fr2kr: 0 | lpr2kr: 1000 | cap2udp: 0 | kr2udp: 1 | 
2026-05-03 19:25:33,695 - INFO     - img2od: 21 | od2fr: 0 | od2lpr: 1000 | od2cap: 0 | fr2kr: 0 | lpr2kr: 1000 | cap2udp: 0 | kr2udp: 1 | 
2026-05-03 19:25:34,696 - INFO     - img2od: 21 | od2fr: 0 | od2lpr: 1000 | od2cap: 0 | fr2kr: 0 | lpr2kr: 1000 | cap2udp: 0 | kr2udp: 0 | 
2026-05-03 19:25:35,697 - INFO     - img2od: 21 | od2fr: 0 | od2lpr: 1000 | od2cap: 0 | fr2kr: 0 | lpr2kr: 1000 | cap2udp: 0 | kr2udp: 1 | 
2026-05-03 19:25:36,698 - INFO     - img2od: 21 | od2fr: 0 | od2lpr: 1000 | od2cap: 0 | fr2kr: 0 | lpr2kr: 1000 | cap2udp: 0 | kr2udp: 1 | 
2026-05-03 19:25:37,699 - INFO     - img2od: 21 | od2fr: 0 | od2lpr: 1000 | od2cap: 0 | fr2kr: 0 | lpr2kr: 1000 | cap2udp: 0 | kr2udp: 0 | 
2026-05-03 19:25:38,700 - INFO     - img2od: 21 | od2fr: 0 | od2lpr: 1000 | od2cap: 0 | fr2kr: 0 | lpr2kr: 1000 | cap2udp: 0 | kr2udp: 1 | 
2026-05-03 19:25:39,701 - INFO     - img2od: 21 | od2fr: 0 | od2lpr: 1000 | od2cap: 0 | fr2kr: 0 | lpr2kr: 1000 | cap2udp: 0 | kr2udp: 1 | 
2026-05-03 19:25:40,702 - INFO     - img2od: 21 | od2fr: 0 | od2lpr: 1000 | od2cap: 0 | fr2kr: 0 | lpr2kr: 1000 | cap2udp: 0 | kr2udp: 2 | 
2026-05-03 19:25:41,703 - INFO     - img2od: 21 | od2fr: 0 | od2lpr: 1000 | od2cap: 0 | fr2kr: 0 | lpr2kr: 1000 | cap2udp: 0 | kr2udp: 1 | 
2026-05-03 19:25:42,704 - INFO     - img2od: 21 | od2fr: 0 | od2lpr: 999 | od2cap: 0 | fr2kr: 0 | lpr2kr: 1000 | cap2udp: 0 | kr2udp: 1 | 
2026-05-03 19:25:43,705 - INFO     - img2od: 21 | od2fr: 0 | od2lpr: 1000 | od2cap: 0 | fr2kr: 0 | lpr2kr: 1000 | cap2udp: 0 | kr2udp: 1 | 
2026-05-03 19:25:44,706 - INFO     - img2od: 21 | od2fr: 0 | od2lpr: 1000 | od2cap: 0 | fr2kr: 0 | lpr2kr: 1000 | cap2udp: 0 | kr2udp: 0 | 
2026-05-03 19:25:45,707 - INFO     - img2od: 21 | od2fr: 0 | od2lpr: 1000 | od2cap: 0 | fr2kr: 0 | lpr2kr: 1000 | cap2udp: 0 | kr2udp: 1 | 
2026-05-03 19:25:46,708 - INFO     - img2od: 21 | od2fr: 0 | od2lpr: 1000 | od2cap: 0 | fr2kr: 0 | lpr2kr: 1000 | cap2udp: 0 | kr2udp: 1 | 
2026-05-03 19:25:47,709 - INFO     - img2od: 21 | od2fr: 0 | od2lpr: 1000 | od2cap: 0 | fr2kr: 0 | lpr2kr: 1000 | cap2udp: 0 | kr2udp: 0 | 
2026-05-03 19:25:48,710 - INFO     - img2od: 21 | od2fr: 0 | od2lpr: 1000 | od2cap: 0 | fr2kr: 0 | lpr2kr: 1000 | cap2udp: 0 | kr2udp: 0 | 
2026-05-03 19:25:49,711 - INFO     - img2od: 21 | od2fr: 0 | od2lpr: 1000 | od2cap: 0 | fr2kr: 0 | lpr2kr: 1000 | cap2udp: 0 | kr2udp: 1 | 
2026-05-03 19:25:50,712 - INFO     - img2od: 21 | od2fr: 0 | od2lpr: 1000 | od2cap: 0 | fr2kr: 0 | lpr2kr: 1000 | cap2udp: 0 | kr2udp: 1 | 
2026-05-03 19:25:51,713 - INFO     - img2od: 21 | od2fr: 0 | od2lpr: 1000 | od2cap: 0 | fr2kr: 0 | lpr2kr: 1000 | cap2udp: 0 | kr2udp: 1 | 
2026-05-03 19:25:52,714 - INFO     - img2od: 21 | od2fr: 0 | od2lpr: 1000 | od2cap: 0 | fr2kr: 0 | lpr2kr: 1000 | cap2udp: 0 | kr2udp: 1 | 
2026-05-03 19:25:53,715 - INFO     - img2od: 21 | od2fr: 0 | od2lpr: 1000 | od2cap: 0 | fr2kr: 0 | lpr2kr: 1000 | cap2udp: 0 | kr2udp: 0 | 
2026-05-03 19:25:54,716 - INFO     - img2od: 21 | od2fr: 0 | od2lpr: 1000 | od2cap: 0 | fr2kr: 0 | lpr2kr: 1000 | cap2udp: 0 | kr2udp: 0 | 
2026-05-03 19:25:55,717 - INFO     - img2od: 21 | od2fr: 0 | od2lpr: 1000 | od2cap: 0 | fr2kr: 0 | lpr2kr: 1000 | cap2udp: 0 | kr2udp: 1 | 
2026-05-03 19:25:56,718 - INFO     - img2od: 21 | od2fr: 0 | od2lpr: 1000 | od2cap: 0 | fr2kr: 0 | lpr2kr: 1000 | cap2udp: 0 | kr2udp: 0 | 
2026-05-03 19:25:57,719 - INFO     - img2od: 21 | od2fr: 0 | od2lpr: 1000 | od2cap: 0 | fr2kr: 0 | lpr2kr: 1000 | cap2udp: 0 | kr2udp: 0 | 
2026-05-03 19:25:58,720 - INFO     - img2od: 21 | od2fr: 0 | od2lpr: 1000 | od2cap: 0 | fr2kr: 0 | lpr2kr: 1000 | cap2udp: 0 | kr2udp: 1 | 
2026-05-03 19:25:59,721 - INFO     - img2od: 21 | od2fr: 0 | od2lpr: 1000 | od2cap: 0 | fr2kr: 0 | lpr2kr: 1000 | cap2udp: 0 | kr2udp: 1 | 
2026-05-03 19:26:00,722 - INFO     - img2od: 21 | od2fr: 0 | od2lpr: 1000 | od2cap: 0 | fr2kr: 0 | lpr2kr: 1000 | cap2udp: 0 | kr2udp: 1 | 
2026-05-03 19:26:01,723 - INFO     - img2od: 21 | od2fr: 0 | od2lpr: 1000 | od2cap: 0 | fr2kr: 0 | lpr2kr: 1000 | cap2udp: 0 | kr2udp: 1 | 
2026-05-03 19:26:02,724 - INFO     - img2od: 21 | od2fr: 0 | od2lpr: 1000 | od2cap: 0 | fr2kr: 0 | lpr2kr: 1000 | cap2udp: 0 | kr2udp: 1 | 
2026-05-03 19:26:03,725 - INFO     - img2od: 21 | od2fr: 0 | od2lpr: 1000 | od2cap: 0 | fr2kr: 0 | lpr2kr: 1000 | cap2udp: 0 | kr2udp: 1 | 
2026-05-03 19:26:04,726 - INFO     - img2od: 21 | od2fr: 0 | od2lpr: 1000 | od2cap: 0 | fr2kr: 0 | lpr2kr: 1000 | cap2udp: 0 | kr2udp: 0 | 
2026-05-03 19:26:05,727 - INFO     - img2od: 21 | od2fr: 0 | od2lpr: 1000 | od2cap: 0 | fr2kr: 0 | lpr2kr: 1000 | cap2udp: 0 | kr2udp: 1 | 
2026-05-03 19:26:06,728 - INFO     - img2od: 21 | od2fr: 0 | od2lpr: 1000 | od2cap: 0 | fr2kr: 0 | lpr2kr: 1000 | cap2udp: 0 | kr2udp: 1 | 
2026-05-03 19:26:07,729 - INFO     - img2od: 21 | od2fr: 0 | od2lpr: 1000 | od2cap: 0 | fr2kr: 0 | lpr2kr: 1000 | cap2udp: 0 | kr2udp: 1 | 
2026-05-03 19:26:08,730 - INFO     - img2od: 21 | od2fr: 0 | od2lpr: 1000 | od2cap: 0 | fr2kr: 0 | lpr2kr: 1000 | cap2udp: 0 | kr2udp: 1 | 
2026-05-03 19:26:09,731 - INFO     - img2od: 21 | od2fr: 0 | od2lpr: 1000 | od2cap: 0 | fr2kr: 0 | lpr2kr: 1000 | cap2udp: 0 | kr2udp: 1 | 
2026-05-03 19:26:10,732 - INFO     - img2od: 21 | od2fr: 0 | od2lpr: 1000 | od2cap: 0 | fr2kr: 0 | lpr2kr: 1000 | cap2udp: 0 | kr2udp: 1 | 
2026-05-03 19:26:11,733 - INFO     - img2od: 21 | od2fr: 0 | od2lpr: 1000 | od2cap: 0 | fr2kr: 0 | lpr2kr: 1000 | cap2udp: 0 | kr2udp: 0 | 
2026-05-03 19:26:12,734 - INFO     - img2od: 21 | od2fr: 0 | od2lpr: 1000 | od2cap: 0 | fr2kr: 0 | lpr2kr: 1000 | cap2udp: 0 | kr2udp: 1 | 
2026-05-03 19:26:13,735 - INFO     - img2od: 21 | od2fr: 0 | od2lpr: 1000 | od2cap: 0 | fr2kr: 0 | lpr2kr: 1000 | cap2udp: 0 | kr2udp: 1 | 
2026-05-03 19:26:14,736 - INFO     - img2od: 21 | od2fr: 0 | od2lpr: 1000 | od2cap: 0 | fr2kr: 0 | lpr2kr: 1000 | cap2udp: 0 | kr2udp: 1 | 
2026-05-03 19:26:15,737 - INFO     - img2od: 21 | od2fr: 0 | od2lpr: 1000 | od2cap: 0 | fr2kr: 0 | lpr2kr: 1000 | cap2udp: 0 | kr2udp: 1 | 
2026-05-03 19:26:16,738 - INFO     - img2od: 21 | od2fr: 0 | od2lpr: 1000 | od2cap: 0 | fr2kr: 0 | lpr2kr: 1000 | cap2udp: 0 | kr2udp: 1 | 
2026-05-03 19:26:17,739 - INFO     - img2od: 21 | od2fr: 0 | od2lpr: 1000 | od2cap: 0 | fr2kr: 0 | lpr2kr: 1000 | cap2udp: 0 | kr2udp: 1 | 
2026-05-03 19:26:18,740 - INFO     - img2od: 21 | od2fr: 0 | od2lpr: 1000 | od2cap: 0 | fr2kr: 0 | lpr2kr: 1000 | cap2udp: 0 | kr2udp: 1 | 
2026-05-03 19:26:19,741 - INFO     - img2od: 21 | od2fr: 0 | od2lpr: 1000 | od2cap: 0 | fr2kr: 0 | lpr2kr: 1000 | cap2udp: 0 | kr2udp: 1 | 
2026-05-03 19:26:20,742 - INFO     - img2od: 21 | od2fr: 0 | od2lpr: 1000 | od2cap: 0 | fr2kr: 0 | lpr2kr: 1000 | cap2udp: 0 | kr2udp: 0 | 
2026-05-03 19:26:21,743 - INFO     - img2od: 21 | od2fr: 0 | od2lpr: 1000 | od2cap: 0 | fr2kr: 0 | lpr2kr: 1000 | cap2udp: 0 | kr2udp: 0 | 
2026-05-03 19:26:22,744 - INFO     - img2od: 21 | od2fr: 0 | od2lpr: 1000 | od2cap: 0 | fr2kr: 0 | lpr2kr: 1000 | cap2udp: 0 | kr2udp: 1 | 
2026-05-03 19:26:23,745 - INFO     - img2od: 21 | od2fr: 0 | od2lpr: 1000 | od2cap: 0 | fr2kr: 0 | lpr2kr: 1000 | cap2udp: 0 | kr2udp: 1 | 
2026-05-03 19:26:24,746 - INFO     - img2od: 21 | od2fr: 0 | od2lpr: 1000 | od2cap: 0 | fr2kr: 0 | lpr2kr: 1000 | cap2udp: 0 | kr2udp: 1 | 
2026-05-03 19:26:25,747 - INFO     - img2od: 21 | od2fr: 0 | od2lpr: 1000 | od2cap: 0 | fr2kr: 0 | lpr2kr: 1000 | cap2udp: 0 | kr2udp: 1 | 
2026-05-03 19:26:26,748 - INFO     - img2od: 21 | od2fr: 0 | od2lpr: 1000 | od2cap: 0 | fr2kr: 0 | lpr2kr: 1000 | cap2udp: 0 | kr2udp: 1 | 
2026-05-03 19:26:27,749 - INFO     - img2od: 21 | od2fr: 0 | od2lpr: 1000 | od2cap: 0 | fr2kr: 0 | lpr2kr: 1000 | cap2udp: 0 | kr2udp: 1 | 
2026-05-03 19:26:28,750 - INFO     - img2od: 21 | od2fr: 0 | od2lpr: 1000 | od2cap: 0 | fr2kr: 0 | lpr2kr: 1000 | cap2udp: 0 | kr2udp: 1 | 
2026-05-03 19:26:29,751 - INFO     - img2od: 21 | od2fr: 0 | od2lpr: 1000 | od2cap: 0 | fr2kr: 0 | lpr2kr: 1000 | cap2udp: 0 | kr2udp: 1 | 
2026-05-03 19:26:30,752 - INFO     - img2od: 21 | od2fr: 0 | od2lpr: 1000 | od2cap: 0 | fr2kr: 0 | lpr2kr: 1000 | cap2udp: 0 | kr2udp: 0 | 
2026-05-03 19:26:31,753 - INFO     - img2od: 21 | od2fr: 0 | od2lpr: 1000 | od2cap: 0 | fr2kr: 0 | lpr2kr: 1000 | cap2udp: 0 | kr2udp: 1 | 
2026-05-03 19:26:32,754 - INFO     - img2od: 21 | od2fr: 0 | od2lpr: 1000 | od2cap: 0 | fr2kr: 0 | lpr2kr: 1000 | cap2udp: 0 | kr2udp: 1 | 
2026-05-03 19:26:33,755 - INFO     - img2od: 21 | od2fr: 0 | od2lpr: 1000 | od2cap: 0 | fr2kr: 0 | lpr2kr: 1000 | cap2udp: 0 | kr2udp: 1 | 
2026-05-03 19:26:34,756 - INFO     - img2od: 21 | od2fr: 0 | od2lpr: 999 | od2cap: 0 | fr2kr: 0 | lpr2kr: 1000 | cap2udp: 0 | kr2udp: 0 | 
2026-05-03 19:26:35,757 - INFO     - img2od: 21 | od2fr: 0 | od2lpr: 1000 | od2cap: 0 | fr2kr: 0 | lpr2kr: 1000 | cap2udp: 0 | kr2udp: 1 | 
2026-05-03 19:26:36,758 - INFO     - img2od: 21 | od2fr: 0 | od2lpr: 1000 | od2cap: 0 | fr2kr: 0 | lpr2kr: 1000 | cap2udp: 0 | kr2udp: 0 | 
2026-05-03 19:26:37,759 - INFO     - img2od: 21 | od2fr: 0 | od2lpr: 1000 | od2cap: 0 | fr2kr: 0 | lpr2kr: 1000 | cap2udp: 0 | kr2udp: 0 | 
2026-05-03 19:26:38,760 - INFO     - img2od: 21 | od2fr: 0 | od2lpr: 1000 | od2cap: 0 | fr2kr: 0 | lpr2kr: 1000 | cap2udp: 0 | kr2udp: 1 | 
2026-05-03 19:26:39,761 - INFO     - img2od: 21 | od2fr: 0 | od2lpr: 1000 | od2cap: 0 | fr2kr: 0 | lpr2kr: 1000 | cap2udp: 0 | kr2udp: 0 | 
2026-05-03 19:26:40,762 - INFO     - img2od: 21 | od2fr: 0 | od2lpr: 1000 | od2cap: 0 | fr2kr: 0 | lpr2kr: 1000 | cap2udp: 0 | kr2udp: 1 | 
2026-05-03 19:26:41,763 - INFO     - img2od: 21 | od2fr: 0 | od2lpr: 1000 | od2cap: 0 | fr2kr: 0 | lpr2kr: 1000 | cap2udp: 0 | kr2udp: 1 | 
2026-05-03 19:26:42,764 - INFO     - img2od: 21 | od2fr: 0 | od2lpr: 1000 | od2cap: 0 | fr2kr: 0 | lpr2kr: 1000 | cap2udp: 0 | kr2udp: 0 | 
2026-05-03 19:26:43,765 - INFO     - img2od: 21 | od2fr: 0 | od2lpr: 1000 | od2cap: 0 | fr2kr: 0 | lpr2kr: 1000 | cap2udp: 0 | kr2udp: 1 | 
2026-05-03 19:26:44,766 - INFO     - img2od: 21 | od2fr: 0 | od2lpr: 1000 | od2cap: 0 | fr2kr: 0 | lpr2kr: 1000 | cap2udp: 0 | kr2udp: 1 | 
2026-05-03 19:26:45,767 - INFO     - img2od: 21 | od2fr: 0 | od2lpr: 1000 | od2cap: 0 | fr2kr: 0 | lpr2kr: 1000 | cap2udp: 0 | kr2udp: 2 | 
2026-05-03 19:26:46,768 - INFO     - img2od: 21 | od2fr: 0 | od2lpr: 1000 | od2cap: 0 | fr2kr: 0 | lpr2kr: 1000 | cap2udp: 0 | kr2udp: 1 | 
2026-05-03 19:26:47,769 - INFO     - img2od: 21 | od2fr: 0 | od2lpr: 1000 | od2cap: 0 | fr2kr: 0 | lpr2kr: 1000 | cap2udp: 0 | kr2udp: 1 | 
2026-05-03 19:26:48,770 - INFO     - img2od: 21 | od2fr: 0 | od2lpr: 1000 | od2cap: 0 | fr2kr: 0 | lpr2kr: 1000 | cap2udp: 0 | kr2udp: 1 | 
2026-05-03 19:26:49,771 - INFO     - img2od: 21 | od2fr: 0 | od2lpr: 1000 | od2cap: 0 | fr2kr: 0 | lpr2kr: 1000 | cap2udp: 0 | kr2udp: 1 | 
2026-05-03 19:26:50,772 - INFO     - img2od: 21 | od2fr: 0 | od2lpr: 1000 | od2cap: 0 | fr2kr: 0 | lpr2kr: 1000 | cap2udp: 0 | kr2udp: 1 | 
2026-05-03 19:26:51,773 - INFO     - img2od: 21 | od2fr: 0 | od2lpr: 1000 | od2cap: 0 | fr2kr: 0 | lpr2kr: 1000 | cap2udp: 0 | kr2udp: 0 | 
2026-05-03 19:26:52,774 - INFO     - img2od: 19 | od2fr: 15 | od2lpr: 999 | od2cap: 0 | fr2kr: 1 | lpr2kr: 1000 | cap2udp: 1 | kr2udp: 0 | 
2026-05-03 19:26:53,775 - INFO     - img2od: 17 | od2fr: 10 | od2lpr: 1000 | od2cap: 0 | fr2kr: 4 | lpr2kr: 1000 | cap2udp: 0 | kr2udp: 0 | 
2026-05-03 19:26:54,776 - INFO     - img2od: 17 | od2fr: 5 | od2lpr: 1000 | od2cap: 0 | fr2kr: 8 | lpr2kr: 1000 | cap2udp: 0 | kr2udp: 1 | 
2026-05-03 19:26:55,777 - INFO     - img2od: 17 | od2fr: 0 | od2lpr: 1000 | od2cap: 0 | fr2kr: 11 | lpr2kr: 1000 | cap2udp: 0 | kr2udp: 0 | 
2026-05-03 19:26:56,778 - INFO     - img2od: 17 | od2fr: 0 | od2lpr: 1000 | od2cap: 0 | fr2kr: 9 | lpr2kr: 1000 | cap2udp: 0 | kr2udp: 0 | 
2026-05-03 19:26:57,779 - INFO     - img2od: 17 | od2fr: 0 | od2lpr: 1000 | od2cap: 0 | fr2kr: 7 | lpr2kr: 1000 | cap2udp: 0 | kr2udp: 1 | 
2026-05-03 19:26:58,780 - INFO     - img2od: 17 | od2fr: 0 | od2lpr: 1000 | od2cap: 0 | fr2kr: 4 | lpr2kr: 1000 | cap2udp: 0 | kr2udp: 1 | 
2026-05-03 19:26:59,781 - INFO     - img2od: 17 | od2fr: 0 | od2lpr: 1000 | od2cap: 0 | fr2kr: 2 | lpr2kr: 1000 | cap2udp: 0 | kr2udp: 1 | 
2026-05-03 19:27:00,782 - INFO     - img2od: 17 | od2fr: 0 | od2lpr: 1000 | od2cap: 0 | fr2kr: 0 | lpr2kr: 1000 | cap2udp: 0 | kr2udp: 1 | 
2026-05-03 19:27:01,783 - INFO     - img2od: 17 | od2fr: 0 | od2lpr: 1000 | od2cap: 0 | fr2kr: 0 | lpr2kr: 1000 | cap2udp: 0 | kr2udp: 1 | 
2026-05-03 19:27:02,784 - INFO     - img2od: 17 | od2fr: 0 | od2lpr: 1000 | od2cap: 0 | fr2kr: 0 | lpr2kr: 1000 | cap2udp: 0 | kr2udp: 0 | 
2026-05-03 19:27:03,785 - INFO     - img2od: 17 | od2fr: 0 | od2lpr: 1000 | od2cap: 0 | fr2kr: 0 | lpr2kr: 1000 | cap2udp: 0 | kr2udp: 1 | 
2026-05-03 19:27:04,786 - INFO     - img2od: 17 | od2fr: 0 | od2lpr: 1000 | od2cap: 0 | fr2kr: 0 | lpr2kr: 1000 | cap2udp: 0 | kr2udp: 1 | 
2026-05-03 19:27:05,787 - INFO     - img2od: 17 | od2fr: 0 | od2lpr: 1000 | od2cap: 0 | fr2kr: 0 | lpr2kr: 1000 | cap2udp: 0 | kr2udp: 0 | 
2026-05-03 19:27:06,788 - INFO     - img2od: 17 | od2fr: 0 | od2lpr: 1000 | od2cap: 0 | fr2kr: 0 | lpr2kr: 1000 | cap2udp: 0 | kr2udp: 1 | 
2026-05-03 19:27:07,789 - INFO     - img2od: 17 | od2fr: 0 | od2lpr: 1000 | od2cap: 0 | fr2kr: 0 | lpr2kr: 1000 | cap2udp: 0 | kr2udp: 1 | 
2026-05-03 19:27:08,790 - INFO     - img2od: 17 | od2fr: 0 | od2lpr: 1000 | od2cap: 0 | fr2kr: 0 | lpr2kr: 1000 | cap2udp: 0 | kr2udp: 0 | 
2026-05-03 19:27:09,791 - INFO     - img2od: 17 | od2fr: 0 | od2lpr: 1000 | od2cap: 0 | fr2kr: 0 | lpr2kr: 1000 | cap2udp: 0 | kr2udp: 1 | 
2026-05-03 19:27:10,792 - INFO     - img2od: 17 | od2fr: 0 | od2lpr: 1000 | od2cap: 0 | fr2kr: 0 | lpr2kr: 1000 | cap2udp: 0 | kr2udp: 0 | 
2026-05-03 19:27:11,793 - INFO     - img2od: 17 | od2fr: 0 | od2lpr: 1000 | od2cap: 0 | fr2kr: 0 | lpr2kr: 1000 | cap2udp: 0 | kr2udp: 0 | 
2026-05-03 19:27:12,794 - INFO     - img2od: 17 | od2fr: 0 | od2lpr: 1000 | od2cap: 0 | fr2kr: 0 | lpr2kr: 1000 | cap2udp: 0 | kr2udp: 1 | 
2026-05-03 19:27:13,795 - INFO     - img2od: 17 | od2fr: 0 | od2lpr: 1000 | od2cap: 0 | fr2kr: 0 | lpr2kr: 1000 | cap2udp: 0 | kr2udp: 1 | 
2026-05-03 19:27:14,796 - INFO     - img2od: 17 | od2fr: 0 | od2lpr: 1000 | od2cap: 0 | fr2kr: 0 | lpr2kr: 1000 | cap2udp: 0 | kr2udp: 1 | 
2026-05-03 19:27:15,797 - INFO     - img2od: 17 | od2fr: 0 | od2lpr: 1000 | od2cap: 0 | fr2kr: 0 | lpr2kr: 1000 | cap2udp: 0 | kr2udp: 1 | 
2026-05-03 19:27:16,798 - INFO     - img2od: 17 | od2fr: 0 | od2lpr: 1000 | od2cap: 0 | fr2kr: 0 | lpr2kr: 1000 | cap2udp: 0 | kr2udp: 1 | 
2026-05-03 19:27:17,799 - INFO     - img2od: 17 | od2fr: 0 | od2lpr: 1000 | od2cap: 0 | fr2kr: 0 | lpr2kr: 1000 | cap2udp: 0 | kr2udp: 0 | 
2026-05-03 19:27:18,800 - INFO     - img2od: 17 | od2fr: 0 | od2lpr: 1000 | od2cap: 0 | fr2kr: 0 | lpr2kr: 1000 | cap2udp: 0 | kr2udp: 1 | 
2026-05-03 19:27:19,801 - INFO     - img2od: 17 | od2fr: 0 | od2lpr: 1000 | od2cap: 0 | fr2kr: 0 | lpr2kr: 1000 | cap2udp: 0 | kr2udp: 1 | 
2026-05-03 19:27:20,802 - INFO     - img2od: 17 | od2fr: 0 | od2lpr: 1000 | od2cap: 0 | fr2kr: 0 | lpr2kr: 1000 | cap2udp: 0 | kr2udp: 1 | 
2026-05-03 19:27:21,803 - INFO     - img2od: 17 | od2fr: 0 | od2lpr: 1000 | od2cap: 0 | fr2kr: 0 | lpr2kr: 1000 | cap2udp: 0 | kr2udp: 1 | 
2026-05-03 19:27:22,804 - INFO     - img2od: 17 | od2fr: 0 | od2lpr: 1000 | od2cap: 0 | fr2kr: 0 | lpr2kr: 1000 | cap2udp: 0 | kr2udp: 1 | 
2026-05-03 19:27:23,805 - INFO     - img2od: 17 | od2fr: 0 | od2lpr: 1000 | od2cap: 0 | fr2kr: 0 | lpr2kr: 1000 | cap2udp: 0 | kr2udp: 0 | 
2026-05-03 19:27:24,806 - INFO     - img2od: 17 | od2fr: 0 | od2lpr: 1000 | od2cap: 0 | fr2kr: 0 | lpr2kr: 1000 | cap2udp: 0 | kr2udp: 0 | 
2026-05-03 19:27:25,807 - INFO     - img2od: 17 | od2fr: 0 | od2lpr: 1000 | od2cap: 0 | fr2kr: 0 | lpr2kr: 1000 | cap2udp: 0 | kr2udp: 1 | 
2026-05-03 19:27:26,808 - INFO     - img2od: 17 | od2fr: 0 | od2lpr: 1000 | od2cap: 0 | fr2kr: 0 | lpr2kr: 1000 | cap2udp: 0 | kr2udp: 1 | 
2026-05-03 19:27:27,809 - INFO     - img2od: 17 | od2fr: 0 | od2lpr: 1000 | od2cap: 0 | fr2kr: 0 | lpr2kr: 1000 | cap2udp: 0 | kr2udp: 1 | 
2026-05-03 19:27:28,810 - INFO     - img2od: 17 | od2fr: 0 | od2lpr: 1000 | od2cap: 0 | fr2kr: 0 | lpr2kr: 1000 | cap2udp: 0 | kr2udp: 1 | 
2026-05-03 19:27:29,811 - INFO     - img2od: 17 | od2fr: 0 | od2lpr: 1000 | od2cap: 0 | fr2kr: 0 | lpr2kr: 1000 | cap2udp: 0 | kr2udp: 0 | 
2026-05-03 19:27:30,812 - INFO     - img2od: 17 | od2fr: 0 | od2lpr: 1000 | od2cap: 0 | fr2kr: 0 | lpr2kr: 1000 | cap2udp: 0 | kr2udp: 1 | 
2026-05-03 19:27:31,813 - INFO     - img2od: 17 | od2fr: 0 | od2lpr: 1000 | od2cap: 0 | fr2kr: 0 | lpr2kr: 1000 | cap2udp: 0 | kr2udp: 1 | 
2026-05-03 19:27:32,814 - INFO     - img2od: 17 | od2fr: 0 | od2lpr: 1000 | od2cap: 0 | fr2kr: 0 | lpr2kr: 1000 | cap2udp: 0 | kr2udp: 1 | 
2026-05-03 19:27:33,815 - INFO     - img2od: 17 | od2fr: 0 | od2lpr: 1000 | od2cap: 0 | fr2kr: 0 | lpr2kr: 1000 | cap2udp: 0 | kr2udp: 2 | 
2026-05-03 19:27:34,816 - INFO     - img2od: 17 | od2fr: 0 | od2lpr: 1000 | od2cap: 0 | fr2kr: 0 | lpr2kr: 1000 | cap2udp: 0 | kr2udp: 1 | 
2026-05-03 19:27:35,817 - INFO     - img2od: 17 | od2fr: 0 | od2lpr: 1000 | od2cap: 0 | fr2kr: 0 | lpr2kr: 1000 | cap2udp: 0 | kr2udp: 1 | 
2026-05-03 19:27:36,818 - INFO     - img2od: 17 | od2fr: 0 | od2lpr: 1000 | od2cap: 0 | fr2kr: 0 | lpr2kr: 1000 | cap2udp: 0 | kr2udp: 1 | 
2026-05-03 19:27:37,819 - INFO     - img2od: 17 | od2fr: 0 | od2lpr: 1000 | od2cap: 0 | fr2kr: 0 | lpr2kr: 1000 | cap2udp: 0 | kr2udp: 1 | 
2026-05-03 19:27:38,820 - INFO     - img2od: 17 | od2fr: 0 | od2lpr: 1000 | od2cap: 0 | fr2kr: 0 | lpr2kr: 1000 | cap2udp: 0 | kr2udp: 1 | 
2026-05-03 19:27:39,821 - INFO     - img2od: 17 | od2fr: 0 | od2lpr: 1000 | od2cap: 0 | fr2kr: 0 | lpr2kr: 1000 | cap2udp: 0 | kr2udp: 1 | 
2026-05-03 19:27:40,822 - INFO     - img2od: 17 | od2fr: 0 | od2lpr: 1000 | od2cap: 0 | fr2kr: 0 | lpr2kr: 1000 | cap2udp: 0 | kr2udp: 1 | 
2026-05-03 19:27:41,823 - INFO     - img2od: 17 | od2fr: 0 | od2lpr: 1000 | od2cap: 0 | fr2kr: 0 | lpr2kr: 1000 | cap2udp: 0 | kr2udp: 1 | 
2026-05-03 19:27:42,824 - INFO     - img2od: 17 | od2fr: 0 | od2lpr: 1000 | od2cap: 0 | fr2kr: 0 | lpr2kr: 1000 | cap2udp: 0 | kr2udp: 1 | 
2026-05-03 19:27:43,825 - INFO     - img2od: 17 | od2fr: 0 | od2lpr: 1000 | od2cap: 0 | fr2kr: 0 | lpr2kr: 1000 | cap2udp: 0 | kr2udp: 1 | 
2026-05-03 19:27:44,826 - INFO     - img2od: 17 | od2fr: 0 | od2lpr: 1000 | od2cap: 0 | fr2kr: 0 | lpr2kr: 1000 | cap2udp: 0 | kr2udp: 1 | 
2026-05-03 19:27:45,827 - INFO     - img2od: 17 | od2fr: 0 | od2lpr: 1000 | od2cap: 0 | fr2kr: 0 | lpr2kr: 1000 | cap2udp: 0 | kr2udp: 1 | 
2026-05-03 19:27:46,828 - INFO     - img2od: 17 | od2fr: 0 | od2lpr: 1000 | od2cap: 0 | fr2kr: 0 | lpr2kr: 1000 | cap2udp: 0 | kr2udp: 1 | 
2026-05-03 19:27:47,829 - INFO     - img2od: 17 | od2fr: 0 | od2lpr: 1000 | od2cap: 0 | fr2kr: 0 | lpr2kr: 1000 | cap2udp: 0 | kr2udp: 1 | 
2026-05-03 19:27:48,830 - INFO     - img2od: 17 | od2fr: 0 | od2lpr: 1000 | od2cap: 0 | fr2kr: 0 | lpr2kr: 1000 | cap2udp: 0 | kr2udp: 1 | 
2026-05-03 19:27:49,831 - INFO     - img2od: 17 | od2fr: 0 | od2lpr: 1000 | od2cap: 0 | fr2kr: 0 | lpr2kr: 1000 | cap2udp: 0 | kr2udp: 1 | 
2026-05-03 19:27:50,832 - INFO     - img2od: 17 | od2fr: 0 | od2lpr: 1000 | od2cap: 0 | fr2kr: 0 | lpr2kr: 1000 | cap2udp: 0 | kr2udp: 1 | 
2026-05-03 19:27:51,833 - INFO     - img2od: 17 | od2fr: 0 | od2lpr: 1000 | od2cap: 0 | fr2kr: 0 | lpr2kr: 1000 | cap2udp: 0 | kr2udp: 1 | 
2026-05-03 19:27:52,834 - INFO     - img2od: 17 | od2fr: 0 | od2lpr: 1000 | od2cap: 0 | fr2kr: 0 | lpr2kr: 1000 | cap2udp: 0 | kr2udp: 1 | 
2026-05-03 19:27:53,835 - INFO     - img2od: 17 | od2fr: 0 | od2lpr: 1000 | od2cap: 0 | fr2kr: 0 | lpr2kr: 1000 | cap2udp: 0 | kr2udp: 1 | 
2026-05-03 19:27:54,836 - INFO     - img2od: 17 | od2fr: 0 | od2lpr: 1000 | od2cap: 0 | fr2kr: 0 | lpr2kr: 1000 | cap2udp: 0 | kr2udp: 0 | 
2026-05-03 19:27:55,837 - INFO     - img2od: 17 | od2fr: 0 | od2lpr: 1000 | od2cap: 0 | fr2kr: 0 | lpr2kr: 1000 | cap2udp: 0 | kr2udp: 1 | 
2026-05-03 19:27:56,838 - INFO     - img2od: 17 | od2fr: 0 | od2lpr: 1000 | od2cap: 0 | fr2kr: 0 | lpr2kr: 1000 | cap2udp: 0 | kr2udp: 1 | 
2026-05-03 19:27:57,839 - INFO     - img2od: 17 | od2fr: 0 | od2lpr: 1000 | od2cap: 0 | fr2kr: 0 | lpr2kr: 1000 | cap2udp: 0 | kr2udp: 1 | 
2026-05-03 19:27:58,840 - INFO     - img2od: 17 | od2fr: 0 | od2lpr: 1000 | od2cap: 0 | fr2kr: 0 | lpr2kr: 1000 | cap2udp: 0 | kr2udp: 0 | 
2026-05-03 19:27:59,841 - INFO     - img2od: 17 | od2fr: 0 | od2lpr: 1000 | od2cap: 0 | fr2kr: 0 | lpr2kr: 1000 | cap2udp: 0 | kr2udp: 1 | 
2026-05-03 19:28:00,842 - INFO     - img2od: 17 | od2fr: 0 | od2lpr: 1000 | od2cap: 0 | fr2kr: 0 | lpr2kr: 1000 | cap2udp: 0 | kr2udp: 1 | 
2026-05-03 19:28:01,843 - INFO     - img2od: 17 | od2fr: 0 | od2lpr: 1000 | od2cap: 0 | fr2kr: 0 | lpr2kr: 1000 | cap2udp: 0 | kr2udp: 1 | 
2026-05-03 19:28:02,844 - INFO     - img2od: 17 | od2fr: 0 | od2lpr: 1000 | od2cap: 0 | fr2kr: 0 | lpr2kr: 1000 | cap2udp: 0 | kr2udp: 0 | 
2026-05-03 19:28:03,845 - INFO     - img2od: 17 | od2fr: 0 | od2lpr: 1000 | od2cap: 0 | fr2kr: 0 | lpr2kr: 1000 | cap2udp: 0 | kr2udp: 1 | 
2026-05-03 19:28:04,846 - INFO     - img2od: 17 | od2fr: 0 | od2lpr: 1000 | od2cap: 0 | fr2kr: 0 | lpr2kr: 1000 | cap2udp: 0 | kr2udp: 1 | 
2026-05-03 19:28:05,847 - INFO     - img2od: 17 | od2fr: 0 | od2lpr: 1000 | od2cap: 0 | fr2kr: 0 | lpr2kr: 1000 | cap2udp: 0 | kr2udp: 0 | 
2026-05-03 19:28:06,848 - INFO     - img2od: 17 | od2fr: 0 | od2lpr: 1000 | od2cap: 0 | fr2kr: 0 | lpr2kr: 1000 | cap2udp: 0 | kr2udp: 1 | 
2026-05-03 19:28:07,849 - INFO     - img2od: 17 | od2fr: 0 | od2lpr: 1000 | od2cap: 0 | fr2kr: 0 | lpr2kr: 1000 | cap2udp: 0 | kr2udp: 1 | 
2026-05-03 19:28:08,850 - INFO     - img2od: 17 | od2fr: 0 | od2lpr: 1000 | od2cap: 0 | fr2kr: 0 | lpr2kr: 1000 | cap2udp: 0 | kr2udp: 0 | 
2026-05-03 19:28:09,851 - INFO     - img2od: 17 | od2fr: 0 | od2lpr: 1000 | od2cap: 0 | fr2kr: 0 | lpr2kr: 1000 | cap2udp: 0 | kr2udp: 1 | 
2026-05-03 19:28:10,852 - INFO     - img2od: 17 | od2fr: 0 | od2lpr: 1000 | od2cap: 0 | fr2kr: 0 | lpr2kr: 1000 | cap2udp: 0 | kr2udp: 1 | 
2026-05-03 19:28:11,853 - INFO     - img2od: 17 | od2fr: 0 | od2lpr: 1000 | od2cap: 0 | fr2kr: 0 | lpr2kr: 1000 | cap2udp: 0 | kr2udp: 1 | 
2026-05-03 19:28:12,854 - INFO     - img2od: 17 | od2fr: 0 | od2lpr: 1000 | od2cap: 0 | fr2kr: 0 | lpr2kr: 1000 | cap2udp: 0 | kr2udp: 1 | 
2026-05-03 19:28:13,855 - INFO     - img2od: 17 | od2fr: 0 | od2lpr: 1000 | od2cap: 0 | fr2kr: 0 | lpr2kr: 1000 | cap2udp: 0 | kr2udp: 1 | 
2026-05-03 19:28:14,856 - INFO     - img2od: 17 | od2fr: 0 | od2lpr: 1000 | od2cap: 0 | fr2kr: 0 | lpr2kr: 1000 | cap2udp: 0 | kr2udp: 1 | 
2026-05-03 19:28:15,857 - INFO     - img2od: 17 | od2fr: 0 | od2lpr: 1000 | od2cap: 0 | fr2kr: 0 | lpr2kr: 1000 | cap2udp: 0 | kr2udp: 1 | 
2026-05-03 19:28:16,858 - INFO     - img2od: 17 | od2fr: 0 | od2lpr: 1000 | od2cap: 0 | fr2kr: 0 | lpr2kr: 1000 | cap2udp: 0 | kr2udp: 0 | 
2026-05-03 19:28:17,859 - INFO     - img2od: 17 | od2fr: 0 | od2lpr: 1000 | od2cap: 0 | fr2kr: 0 | lpr2kr: 1000 | cap2udp: 0 | kr2udp: 1 | 
2026-05-03 19:28:18,860 - INFO     - img2od: 17 | od2fr: 0 | od2lpr: 1000 | od2cap: 0 | fr2kr: 0 | lpr2kr: 1000 | cap2udp: 0 | kr2udp: 1 | 
2026-05-03 19:28:19,861 - INFO     - img2od: 17 | od2fr: 0 | od2lpr: 1000 | od2cap: 0 | fr2kr: 0 | lpr2kr: 1000 | cap2udp: 0 | kr2udp: 1 | 
2026-05-03 19:28:20,862 - INFO     - img2od: 17 | od2fr: 0 | od2lpr: 1000 | od2cap: 0 | fr2kr: 0 | lpr2kr: 1000 | cap2udp: 0 | kr2udp: 1 | 
2026-05-03 19:28:21,863 - INFO     - img2od: 17 | od2fr: 0 | od2lpr: 1000 | od2cap: 0 | fr2kr: 0 | lpr2kr: 1000 | cap2udp: 0 | kr2udp: 0 | 
2026-05-03 19:28:22,864 - INFO     - img2od: 17 | od2fr: 0 | od2lpr: 1000 | od2cap: 0 | fr2kr: 0 | lpr2kr: 1000 | cap2udp: 0 | kr2udp: 1 | 
2026-05-03 19:28:23,865 - INFO     - img2od: 17 | od2fr: 0 | od2lpr: 1000 | od2cap: 0 | fr2kr: 0 | lpr2kr: 1000 | cap2udp: 0 | kr2udp: 1 | 
2026-05-03 19:28:24,866 - INFO     - img2od: 17 | od2fr: 0 | od2lpr: 1000 | od2cap: 0 | fr2kr: 0 | lpr2kr: 1000 | cap2udp: 0 | kr2udp: 1 | 
2026-05-03 19:28:25,867 - INFO     - img2od: 17 | od2fr: 0 | od2lpr: 1000 | od2cap: 0 | fr2kr: 0 | lpr2kr: 1000 | cap2udp: 0 | kr2udp: 1 | 
2026-05-03 19:28:26,868 - INFO     - img2od: 17 | od2fr: 0 | od2lpr: 1000 | od2cap: 0 | fr2kr: 0 | lpr2kr: 1000 | cap2udp: 0 | kr2udp: 1 | 
2026-05-03 19:28:27,869 - INFO     - img2od: 17 | od2fr: 0 | od2lpr: 1000 | od2cap: 0 | fr2kr: 0 | lpr2kr: 1000 | cap2udp: 0 | kr2udp: 1 | 
2026-05-03 19:28:28,870 - INFO     - img2od: 17 | od2fr: 0 | od2lpr: 1000 | od2cap: 0 | fr2kr: 0 | lpr2kr: 1000 | cap2udp: 0 | kr2udp: 1 | 
2026-05-03 19:28:29,871 - INFO     - img2od: 17 | od2fr: 0 | od2lpr: 1000 | od2cap: 0 | fr2kr: 0 | lpr2kr: 1000 | cap2udp: 0 | kr2udp: 1 | 
2026-05-03 19:28:30,872 - INFO     - img2od: 17 | od2fr: 0 | od2lpr: 1000 | od2cap: 0 | fr2kr: 0 | lpr2kr: 1000 | cap2udp: 0 | kr2udp: 1 | 
2026-05-03 19:28:31,873 - INFO     - img2od: 17 | od2fr: 0 | od2lpr: 1000 | od2cap: 0 | fr2kr: 0 | lpr2kr: 1000 | cap2udp: 0 | kr2udp: 1 | 
2026-05-03 19:28:32,874 - INFO     - img2od: 17 | od2fr: 0 | od2lpr: 1000 | od2cap: 0 | fr2kr: 0 | lpr2kr: 1000 | cap2udp: 0 | kr2udp: 1 | 
2026-05-03 19:28:33,875 - INFO     - img2od: 17 | od2fr: 0 | od2lpr: 1000 | od2cap: 0 | fr2kr: 0 | lpr2kr: 999 | cap2udp: 0 | kr2udp: 1 | 
2026-05-03 19:28:34,876 - INFO     - img2od: 17 | od2fr: 0 | od2lpr: 1000 | od2cap: 0 | fr2kr: 0 | lpr2kr: 1000 | cap2udp: 0 | kr2udp: 1 | 
2026-05-03 19:28:35,877 - INFO     - img2od: 17 | od2fr: 0 | od2lpr: 1000 | od2cap: 0 | fr2kr: 0 | lpr2kr: 1000 | cap2udp: 0 | kr2udp: 0 | 
2026-05-03 19:28:36,878 - INFO     - img2od: 17 | od2fr: 0 | od2lpr: 1000 | od2cap: 0 | fr2kr: 0 | lpr2kr: 1000 | cap2udp: 0 | kr2udp: 0 | 
2026-05-03 19:28:37,879 - INFO     - img2od: 17 | od2fr: 0 | od2lpr: 1000 | od2cap: 0 | fr2kr: 0 | lpr2kr: 1000 | cap2udp: 0 | kr2udp: 0 | 
2026-05-03 19:28:38,880 - INFO     - img2od: 17 | od2fr: 0 | od2lpr: 1000 | od2cap: 0 | fr2kr: 0 | lpr2kr: 1000 | cap2udp: 0 | kr2udp: 1 | 
2026-05-03 19:28:39,881 - INFO     - img2od: 17 | od2fr: 0 | od2lpr: 1000 | od2cap: 0 | fr2kr: 0 | lpr2kr: 1000 | cap2udp: 0 | kr2udp: 1 | 
2026-05-03 19:28:40,882 - INFO     - img2od: 17 | od2fr: 0 | od2lpr: 1000 | od2cap: 0 | fr2kr: 0 | lpr2kr: 1000 | cap2udp: 0 | kr2udp: 1 | 
2026-05-03 19:28:41,883 - INFO     - img2od: 17 | od2fr: 0 | od2lpr: 1000 | od2cap: 0 | fr2kr: 0 | lpr2kr: 1000 | cap2udp: 0 | kr2udp: 1 | 
2026-05-03 19:28:42,884 - INFO     - img2od: 17 | od2fr: 0 | od2lpr: 1000 | od2cap: 0 | fr2kr: 0 | lpr2kr: 1000 | cap2udp: 0 | kr2udp: 1 | 
2026-05-03 19:28:43,885 - INFO     - img2od: 17 | od2fr: 0 | od2lpr: 1000 | od2cap: 0 | fr2kr: 0 | lpr2kr: 1000 | cap2udp: 0 | kr2udp: 1 | 
2026-05-03 19:28:44,886 - INFO     - img2od: 17 | od2fr: 0 | od2lpr: 1000 | od2cap: 0 | fr2kr: 0 | lpr2kr: 1000 | cap2udp: 0 | kr2udp: 1 | 
2026-05-03 19:28:45,887 - INFO     - img2od: 17 | od2fr: 0 | od2lpr: 1000 | od2cap: 0 | fr2kr: 0 | lpr2kr: 1000 | cap2udp: 0 | kr2udp: 0 | 
2026-05-03 19:28:46,888 - INFO     - img2od: 17 | od2fr: 0 | od2lpr: 1000 | od2cap: 0 | fr2kr: 0 | lpr2kr: 1000 | cap2udp: 0 | kr2udp: 1 | 
2026-05-03 19:28:47,889 - INFO     - img2od: 17 | od2fr: 0 | od2lpr: 1000 | od2cap: 0 | fr2kr: 0 | lpr2kr: 1000 | cap2udp: 0 | kr2udp: 1 | 
2026-05-03 19:28:48,890 - INFO     - img2od: 17 | od2fr: 0 | od2lpr: 1000 | od2cap: 0 | fr2kr: 0 | lpr2kr: 1000 | cap2udp: 0 | kr2udp: 1 | 
2026-05-03 19:28:49,891 - INFO     - img2od: 17 | od2fr: 0 | od2lpr: 1000 | od2cap: 0 | fr2kr: 0 | lpr2kr: 1000 | cap2udp: 0 | kr2udp: 1 | 
2026-05-03 19:28:50,892 - INFO     - img2od: 17 | od2fr: 0 | od2lpr: 1000 | od2cap: 0 | fr2kr: 0 | lpr2kr: 1000 | cap2udp: 0 | kr2udp: 1 | 
2026-05-03 19:28:51,893 - INFO     - img2od: 17 | od2fr: 0 | od2lpr: 1000 | od2cap: 0 | fr2kr: 0 | lpr2kr: 1000 | cap2udp: 0 | kr2udp: 1 | 
2026-05-03 19:28:52,894 - INFO     - img2od: 17 | od2fr: 0 | od2lpr: 1000 | od2cap: 0 | fr2kr: 0 | lpr2kr: 1000 | cap2udp: 0 | kr2udp: 1 | 
2026-05-03 19:28:53,895 - INFO     - img2od: 17 | od2fr: 0 | od2lpr: 1000 | od2cap: 0 | fr2kr: 0 | lpr2kr: 1000 | cap2udp: 0 | kr2udp: 1 | 
2026-05-03 19:28:54,896 - INFO     - img2od: 17 | od2fr: 0 | od2lpr: 1000 | od2cap: 0 | fr2kr: 0 | lpr2kr: 1000 | cap2udp: 0 | kr2udp: 1 | 
2026-05-03 19:28:55,897 - INFO     - img2od: 17 | od2fr: 0 | od2lpr: 1000 | od2cap: 0 | fr2kr: 0 | lpr2kr: 1000 | cap2udp: 0 | kr2udp: 1 | 
2026-05-03 19:28:56,898 - INFO     - img2od: 17 | od2fr: 0 | od2lpr: 1000 | od2cap: 0 | fr2kr: 0 | lpr2kr: 1000 | cap2udp: 0 | kr2udp: 1 | 
2026-05-03 19:28:57,899 - INFO     - img2od: 17 | od2fr: 0 | od2lpr: 1000 | od2cap: 0 | fr2kr: 0 | lpr2kr: 1000 | cap2udp: 0 | kr2udp: 1 | 
2026-05-03 19:28:58,900 - INFO     - img2od: 17 | od2fr: 0 | od2lpr: 1000 | od2cap: 0 | fr2kr: 0 | lpr2kr: 1000 | cap2udp: 0 | kr2udp: 0 | 
2026-05-03 19:28:59,901 - INFO     - img2od: 17 | od2fr: 0 | od2lpr: 1000 | od2cap: 0 | fr2kr: 0 | lpr2kr: 1000 | cap2udp: 0 | kr2udp: 0 | 
2026-05-03 19:29:00,902 - INFO     - img2od: 17 | od2fr: 0 | od2lpr: 1000 | od2cap: 0 | fr2kr: 0 | lpr2kr: 1000 | cap2udp: 0 | kr2udp: 1 | 
2026-05-03 19:29:01,903 - INFO     - img2od: 17 | od2fr: 0 | od2lpr: 1000 | od2cap: 0 | fr2kr: 0 | lpr2kr: 1000 | cap2udp: 0 | kr2udp: 1 | 
2026-05-03 19:29:02,904 - INFO     - img2od: 17 | od2fr: 0 | od2lpr: 1000 | od2cap: 0 | fr2kr: 0 | lpr2kr: 1000 | cap2udp: 0 | kr2udp: 0 | 
2026-05-03 19:29:03,905 - INFO     - img2od: 17 | od2fr: 0 | od2lpr: 1000 | od2cap: 0 | fr2kr: 0 | lpr2kr: 1000 | cap2udp: 0 | kr2udp: 0 | 
2026-05-03 19:29:04,906 - INFO     - img2od: 17 | od2fr: 0 | od2lpr: 1000 | od2cap: 0 | fr2kr: 0 | lpr2kr: 1000 | cap2udp: 0 | kr2udp: 0 | 
2026-05-03 19:29:05,907 - INFO     - img2od: 17 | od2fr: 0 | od2lpr: 1000 | od2cap: 0 | fr2kr: 0 | lpr2kr: 999 | cap2udp: 0 | kr2udp: 1 | 
2026-05-03 19:29:06,908 - INFO     - img2od: 17 | od2fr: 0 | od2lpr: 1000 | od2cap: 0 | fr2kr: 0 | lpr2kr: 1000 | cap2udp: 0 | kr2udp: 1 | 
2026-05-03 19:29:07,909 - INFO     - img2od: 17 | od2fr: 0 | od2lpr: 1000 | od2cap: 0 | fr2kr: 0 | lpr2kr: 1000 | cap2udp: 0 | kr2udp: 1 | 
2026-05-03 19:29:08,910 - INFO     - img2od: 17 | od2fr: 0 | od2lpr: 1000 | od2cap: 0 | fr2kr: 0 | lpr2kr: 1000 | cap2udp: 0 | kr2udp: 0 | 
2026-05-03 19:29:09,911 - INFO     - img2od: 17 | od2fr: 0 | od2lpr: 1000 | od2cap: 0 | fr2kr: 0 | lpr2kr: 1000 | cap2udp: 0 | kr2udp: 0 | 
2026-05-03 19:29:10,912 - INFO     - img2od: 17 | od2fr: 0 | od2lpr: 1000 | od2cap: 0 | fr2kr: 0 | lpr2kr: 1000 | cap2udp: 0 | kr2udp: 1 | 
2026-05-03 19:29:11,913 - INFO     - img2od: 17 | od2fr: 0 | od2lpr: 1000 | od2cap: 0 | fr2kr: 0 | lpr2kr: 1000 | cap2udp: 0 | kr2udp: 1 | 
2026-05-03 19:29:12,914 - INFO     - img2od: 17 | od2fr: 0 | od2lpr: 1000 | od2cap: 0 | fr2kr: 0 | lpr2kr: 1000 | cap2udp: 0 | kr2udp: 1 | 
2026-05-03 19:29:13,915 - INFO     - img2od: 17 | od2fr: 0 | od2lpr: 1000 | od2cap: 0 | fr2kr: 0 | lpr2kr: 1000 | cap2udp: 0 | kr2udp: 1 | 
2026-05-03 19:29:14,916 - INFO     - img2od: 17 | od2fr: 0 | od2lpr: 1000 | od2cap: 0 | fr2kr: 0 | lpr2kr: 1000 | cap2udp: 0 | kr2udp: 1 | 
2026-05-03 19:29:15,917 - INFO     - img2od: 17 | od2fr: 0 | od2lpr: 1000 | od2cap: 0 | fr2kr: 0 | lpr2kr: 999 | cap2udp: 0 | kr2udp: 1 | 
2026-05-03 19:29:16,918 - INFO     - img2od: 17 | od2fr: 0 | od2lpr: 1000 | od2cap: 0 | fr2kr: 0 | lpr2kr: 1000 | cap2udp: 0 | kr2udp: 1 | 
2026-05-03 19:29:17,919 - INFO     - img2od: 17 | od2fr: 0 | od2lpr: 1000 | od2cap: 0 | fr2kr: 0 | lpr2kr: 1000 | cap2udp: 0 | kr2udp: 1 | 
2026-05-03 19:29:18,920 - INFO     - img2od: 17 | od2fr: 0 | od2lpr: 1000 | od2cap: 0 | fr2kr: 0 | lpr2kr: 1000 | cap2udp: 0 | kr2udp: 1 | 
2026-05-03 19:29:19,921 - INFO     - img2od: 17 | od2fr: 0 | od2lpr: 1000 | od2cap: 0 | fr2kr: 0 | lpr2kr: 1000 | cap2udp: 0 | kr2udp: 1 | 
2026-05-03 19:29:20,922 - INFO     - img2od: 17 | od2fr: 0 | od2lpr: 1000 | od2cap: 0 | fr2kr: 0 | lpr2kr: 1000 | cap2udp: 0 | kr2udp: 0 | 
2026-05-03 19:29:21,923 - INFO     - img2od: 17 | od2fr: 0 | od2lpr: 1000 | od2cap: 0 | fr2kr: 0 | lpr2kr: 1000 | cap2udp: 0 | kr2udp: 1 | 
2026-05-03 19:29:22,924 - INFO     - img2od: 17 | od2fr: 0 | od2lpr: 1000 | od2cap: 0 | fr2kr: 0 | lpr2kr: 1000 | cap2udp: 0 | kr2udp: 0 | 
2026-05-03 19:29:23,925 - INFO     - img2od: 17 | od2fr: 0 | od2lpr: 1000 | od2cap: 0 | fr2kr: 0 | lpr2kr: 1000 | cap2udp: 0 | kr2udp: 0 | 
2026-05-03 19:29:24,926 - INFO     - img2od: 17 | od2fr: 0 | od2lpr: 1000 | od2cap: 0 | fr2kr: 0 | lpr2kr: 1000 | cap2udp: 0 | kr2udp: 1 | 
2026-05-03 19:29:25,927 - INFO     - img2od: 17 | od2fr: 0 | od2lpr: 1000 | od2cap: 0 | fr2kr: 0 | lpr2kr: 1000 | cap2udp: 0 | kr2udp: 0 | 
2026-05-03 19:29:26,928 - INFO     - img2od: 17 | od2fr: 0 | od2lpr: 1000 | od2cap: 0 | fr2kr: 0 | lpr2kr: 1000 | cap2udp: 0 | kr2udp: 1 | 
2026-05-03 19:29:27,929 - INFO     - img2od: 17 | od2fr: 0 | od2lpr: 1000 | od2cap: 0 | fr2kr: 0 | lpr2kr: 1000 | cap2udp: 0 | kr2udp: 1 | 
2026-05-03 19:29:28,930 - INFO     - img2od: 17 | od2fr: 0 | od2lpr: 1000 | od2cap: 0 | fr2kr: 0 | lpr2kr: 1000 | cap2udp: 0 | kr2udp: 1 | 
2026-05-03 19:29:29,931 - INFO     - img2od: 17 | od2fr: 0 | od2lpr: 1000 | od2cap: 0 | fr2kr: 0 | lpr2kr: 1000 | cap2udp: 0 | kr2udp: 1 | 
2026-05-03 19:29:30,932 - INFO     - img2od: 17 | od2fr: 0 | od2lpr: 1000 | od2cap: 0 | fr2kr: 0 | lpr2kr: 1000 | cap2udp: 0 | kr2udp: 0 | 
2026-05-03 19:29:31,933 - INFO     - img2od: 17 | od2fr: 0 | od2lpr: 1000 | od2cap: 0 | fr2kr: 0 | lpr2kr: 1000 | cap2udp: 0 | kr2udp: 1 | 
2026-05-03 19:29:32,934 - INFO     - img2od: 17 | od2fr: 0 | od2lpr: 1000 | od2cap: 0 | fr2kr: 0 | lpr2kr: 1000 | cap2udp: 0 | kr2udp: 1 | 
2026-05-03 19:29:33,935 - INFO     - img2od: 17 | od2fr: 0 | od2lpr: 1000 | od2cap: 0 | fr2kr: 0 | lpr2kr: 999 | cap2udp: 0 | kr2udp: 1 | 
2026-05-03 19:29:34,936 - INFO     - img2od: 17 | od2fr: 0 | od2lpr: 1000 | od2cap: 0 | fr2kr: 0 | lpr2kr: 1000 | cap2udp: 0 | kr2udp: 1 | 
2026-05-03 19:29:35,937 - INFO     - img2od: 17 | od2fr: 0 | od2lpr: 1000 | od2cap: 0 | fr2kr: 0 | lpr2kr: 1000 | cap2udp: 0 | kr2udp: 1 | 
2026-05-03 19:29:36,938 - INFO     - img2od: 17 | od2fr: 0 | od2lpr: 1000 | od2cap: 0 | fr2kr: 0 | lpr2kr: 1000 | cap2udp: 0 | kr2udp: 1 | 
2026-05-03 19:29:37,939 - INFO     - img2od: 17 | od2fr: 0 | od2lpr: 1000 | od2cap: 0 | fr2kr: 0 | lpr2kr: 1000 | cap2udp: 0 | kr2udp: 0 | 
2026-05-03 19:29:38,940 - INFO     - img2od: 17 | od2fr: 0 | od2lpr: 1000 | od2cap: 0 | fr2kr: 0 | lpr2kr: 1000 | cap2udp: 0 | kr2udp: 1 | 
2026-05-03 19:29:39,941 - INFO     - img2od: 17 | od2fr: 0 | od2lpr: 1000 | od2cap: 0 | fr2kr: 0 | lpr2kr: 1000 | cap2udp: 0 | kr2udp: 1 | 
2026-05-03 19:29:40,942 - INFO     - img2od: 17 | od2fr: 0 | od2lpr: 1000 | od2cap: 0 | fr2kr: 0 | lpr2kr: 1000 | cap2udp: 0 | kr2udp: 1 | 
2026-05-03 19:29:41,943 - INFO     - img2od: 17 | od2fr: 0 | od2lpr: 1000 | od2cap: 0 | fr2kr: 0 | lpr2kr: 1000 | cap2udp: 0 | kr2udp: 1 | 
2026-05-03 19:29:42,944 - INFO     - img2od: 17 | od2fr: 0 | od2lpr: 1000 | od2cap: 0 | fr2kr: 0 | lpr2kr: 1000 | cap2udp: 0 | kr2udp: 2 | 
2026-05-03 19:29:43,945 - INFO     - img2od: 17 | od2fr: 0 | od2lpr: 1000 | od2cap: 0 | fr2kr: 0 | lpr2kr: 1000 | cap2udp: 0 | kr2udp: 1 | 
2026-05-03 19:29:44,946 - INFO     - img2od: 17 | od2fr: 0 | od2lpr: 1000 | od2cap: 0 | fr2kr: 0 | lpr2kr: 1000 | cap2udp: 0 | kr2udp: 1 | 
2026-05-03 19:29:45,947 - INFO     - img2od: 17 | od2fr: 0 | od2lpr: 1000 | od2cap: 0 | fr2kr: 0 | lpr2kr: 1000 | cap2udp: 0 | kr2udp: 1 | 
2026-05-03 19:29:46,948 - INFO     - img2od: 17 | od2fr: 0 | od2lpr: 1000 | od2cap: 0 | fr2kr: 0 | lpr2kr: 1000 | cap2udp: 0 | kr2udp: 1 | 
2026-05-03 19:29:47,949 - INFO     - img2od: 17 | od2fr: 0 | od2lpr: 1000 | od2cap: 0 | fr2kr: 0 | lpr2kr: 1000 | cap2udp: 0 | kr2udp: 0 | 
2026-05-03 19:29:48,950 - INFO     - img2od: 17 | od2fr: 0 | od2lpr: 1000 | od2cap: 0 | fr2kr: 0 | lpr2kr: 1000 | cap2udp: 0 | kr2udp: 1 | 
2026-05-03 19:29:49,951 - INFO     - img2od: 17 | od2fr: 0 | od2lpr: 1000 | od2cap: 0 | fr2kr: 0 | lpr2kr: 1000 | cap2udp: 0 | kr2udp: 1 | 
2026-05-03 19:29:50,952 - INFO     - img2od: 17 | od2fr: 0 | od2lpr: 1000 | od2cap: 0 | fr2kr: 0 | lpr2kr: 1000 | cap2udp: 0 | kr2udp: 0 | 
2026-05-03 19:29:51,953 - INFO     - img2od: 17 | od2fr: 0 | od2lpr: 1000 | od2cap: 0 | fr2kr: 0 | lpr2kr: 1000 | cap2udp: 0 | kr2udp: 1 | 
2026-05-03 19:29:52,954 - INFO     - img2od: 17 | od2fr: 0 | od2lpr: 1000 | od2cap: 0 | fr2kr: 0 | lpr2kr: 1000 | cap2udp: 0 | kr2udp: 0 | 
2026-05-03 19:29:53,955 - INFO     - img2od: 17 | od2fr: 0 | od2lpr: 1000 | od2cap: 0 | fr2kr: 0 | lpr2kr: 1000 | cap2udp: 0 | kr2udp: 0 | 
2026-05-03 19:29:54,956 - INFO     - img2od: 17 | od2fr: 0 | od2lpr: 1000 | od2cap: 0 | fr2kr: 0 | lpr2kr: 1000 | cap2udp: 0 | kr2udp: 1 | 
2026-05-03 19:29:55,957 - INFO     - img2od: 17 | od2fr: 0 | od2lpr: 1000 | od2cap: 0 | fr2kr: 0 | lpr2kr: 1000 | cap2udp: 0 | kr2udp: 1 | 
2026-05-03 19:29:56,958 - INFO     - img2od: 17 | od2fr: 0 | od2lpr: 1000 | od2cap: 0 | fr2kr: 0 | lpr2kr: 1000 | cap2udp: 0 | kr2udp: 1 | 
2026-05-03 19:29:57,959 - INFO     - img2od: 17 | od2fr: 0 | od2lpr: 1000 | od2cap: 0 | fr2kr: 0 | lpr2kr: 1000 | cap2udp: 0 | kr2udp: 1 | 
2026-05-03 19:29:58,960 - INFO     - img2od: 17 | od2fr: 0 | od2lpr: 1000 | od2cap: 0 | fr2kr: 0 | lpr2kr: 1000 | cap2udp: 0 | kr2udp: 1 | 
2026-05-03 19:29:59,961 - INFO     - img2od: 17 | od2fr: 0 | od2lpr: 1000 | od2cap: 0 | fr2kr: 0 | lpr2kr: 1000 | cap2udp: 0 | kr2udp: 1 | 
2026-05-03 19:30:00,962 - INFO     - img2od: 17 | od2fr: 0 | od2lpr: 1000 | od2cap: 0 | fr2kr: 0 | lpr2kr: 1000 | cap2udp: 0 | kr2udp: 0 | 
2026-05-03 19:30:01,963 - INFO     - img2od: 17 | od2fr: 0 | od2lpr: 1000 | od2cap: 0 | fr2kr: 0 | lpr2kr: 1000 | cap2udp: 0 | kr2udp: 1 | 
2026-05-03 19:30:02,964 - INFO     - img2od: 17 | od2fr: 0 | od2lpr: 1000 | od2cap: 0 | fr2kr: 0 | lpr2kr: 1000 | cap2udp: 0 | kr2udp: 1 | 
2026-05-03 19:30:03,965 - INFO     - img2od: 17 | od2fr: 0 | od2lpr: 999 | od2cap: 0 | fr2kr: 0 | lpr2kr: 1000 | cap2udp: 0 | kr2udp: 1 | 
2026-05-03 19:30:04,966 - INFO     - img2od: 17 | od2fr: 0 | od2lpr: 1000 | od2cap: 0 | fr2kr: 0 | lpr2kr: 1000 | cap2udp: 0 | kr2udp: 0 | 
2026-05-03 19:30:05,967 - INFO     - img2od: 17 | od2fr: 0 | od2lpr: 1000 | od2cap: 0 | fr2kr: 0 | lpr2kr: 1000 | cap2udp: 0 | kr2udp: 1 | 
2026-05-03 19:30:06,968 - INFO     - img2od: 17 | od2fr: 0 | od2lpr: 1000 | od2cap: 0 | fr2kr: 0 | lpr2kr: 1000 | cap2udp: 0 | kr2udp: 1 | 
2026-05-03 19:30:07,969 - INFO     - img2od: 17 | od2fr: 0 | od2lpr: 1000 | od2cap: 0 | fr2kr: 0 | lpr2kr: 1000 | cap2udp: 0 | kr2udp: 1 | 
2026-05-03 19:30:08,970 - INFO     - img2od: 17 | od2fr: 0 | od2lpr: 1000 | od2cap: 0 | fr2kr: 0 | lpr2kr: 1000 | cap2udp: 0 | kr2udp: 1 | 
2026-05-03 19:30:09,971 - INFO     - img2od: 17 | od2fr: 0 | od2lpr: 1000 | od2cap: 0 | fr2kr: 0 | lpr2kr: 1000 | cap2udp: 0 | kr2udp: 0 | 
2026-05-03 19:30:10,972 - INFO     - img2od: 17 | od2fr: 0 | od2lpr: 1000 | od2cap: 0 | fr2kr: 0 | lpr2kr: 1000 | cap2udp: 0 | kr2udp: 1 | 
2026-05-03 19:30:11,973 - INFO     - img2od: 17 | od2fr: 0 | od2lpr: 1000 | od2cap: 0 | fr2kr: 0 | lpr2kr: 1000 | cap2udp: 0 | kr2udp: 1 | 
2026-05-03 19:30:12,974 - INFO     - img2od: 17 | od2fr: 0 | od2lpr: 1000 | od2cap: 0 | fr2kr: 0 | lpr2kr: 1000 | cap2udp: 0 | kr2udp: 1 | 
2026-05-03 19:30:13,975 - INFO     - img2od: 17 | od2fr: 0 | od2lpr: 1000 | od2cap: 0 | fr2kr: 0 | lpr2kr: 1000 | cap2udp: 0 | kr2udp: 0 | 
2026-05-03 19:30:14,976 - INFO     - img2od: 17 | od2fr: 0 | od2lpr: 1000 | od2cap: 0 | fr2kr: 0 | lpr2kr: 1000 | cap2udp: 0 | kr2udp: 1 | 
2026-05-03 19:30:15,977 - INFO     - img2od: 17 | od2fr: 0 | od2lpr: 1000 | od2cap: 0 | fr2kr: 0 | lpr2kr: 1000 | cap2udp: 0 | kr2udp: 1 | 
2026-05-03 19:30:16,978 - INFO     - img2od: 17 | od2fr: 0 | od2lpr: 1000 | od2cap: 0 | fr2kr: 0 | lpr2kr: 1000 | cap2udp: 0 | kr2udp: 1 | 
2026-05-03 19:30:17,979 - INFO     - img2od: 17 | od2fr: 0 | od2lpr: 1000 | od2cap: 0 | fr2kr: 0 | lpr2kr: 1000 | cap2udp: 0 | kr2udp: 1 | 
2026-05-03 19:30:18,980 - INFO     - img2od: 17 | od2fr: 0 | od2lpr: 1000 | od2cap: 0 | fr2kr: 0 | lpr2kr: 999 | cap2udp: 0 | kr2udp: 1 | 
2026-05-03 19:30:19,981 - INFO     - img2od: 17 | od2fr: 0 | od2lpr: 1000 | od2cap: 0 | fr2kr: 0 | lpr2kr: 1000 | cap2udp: 0 | kr2udp: 1 | 
2026-05-03 19:30:20,982 - INFO     - img2od: 17 | od2fr: 0 | od2lpr: 1000 | od2cap: 0 | fr2kr: 0 | lpr2kr: 1000 | cap2udp: 0 | kr2udp: 1 | 
2026-05-03 19:30:21,983 - INFO     - img2od: 17 | od2fr: 0 | od2lpr: 1000 | od2cap: 0 | fr2kr: 0 | lpr2kr: 1000 | cap2udp: 0 | kr2udp: 1 | 
2026-05-03 19:30:22,984 - INFO     - img2od: 17 | od2fr: 0 | od2lpr: 1000 | od2cap: 0 | fr2kr: 0 | lpr2kr: 1000 | cap2udp: 0 | kr2udp: 1 | 
2026-05-03 19:30:23,985 - INFO     - img2od: 17 | od2fr: 0 | od2lpr: 1000 | od2cap: 0 | fr2kr: 0 | lpr2kr: 1000 | cap2udp: 0 | kr2udp: 1 | 
2026-05-03 19:30:24,986 - INFO     - img2od: 17 | od2fr: 0 | od2lpr: 1000 | od2cap: 0 | fr2kr: 0 | lpr2kr: 1000 | cap2udp: 0 | kr2udp: 1 | 
2026-05-03 19:30:25,987 - INFO     - img2od: 17 | od2fr: 0 | od2lpr: 1000 | od2cap: 0 | fr2kr: 0 | lpr2kr: 1000 | cap2udp: 0 | kr2udp: 1 | 
2026-05-03 19:30:26,988 - INFO     - img2od: 17 | od2fr: 0 | od2lpr: 1000 | od2cap: 0 | fr2kr: 0 | lpr2kr: 1000 | cap2udp: 0 | kr2udp: 1 | 
2026-05-03 19:30:27,989 - INFO     - img2od: 17 | od2fr: 0 | od2lpr: 1000 | od2cap: 0 | fr2kr: 0 | lpr2kr: 1000 | cap2udp: 0 | kr2udp: 0 | 
2026-05-03 19:30:28,990 - INFO     - img2od: 17 | od2fr: 0 | od2lpr: 1000 | od2cap: 0 | fr2kr: 0 | lpr2kr: 1000 | cap2udp: 0 | kr2udp: 1 | 
2026-05-03 19:30:29,991 - INFO     - img2od: 17 | od2fr: 0 | od2lpr: 1000 | od2cap: 0 | fr2kr: 0 | lpr2kr: 1000 | cap2udp: 0 | kr2udp: 1 | 
2026-05-03 19:30:30,992 - INFO     - img2od: 17 | od2fr: 0 | od2lpr: 1000 | od2cap: 0 | fr2kr: 0 | lpr2kr: 1000 | cap2udp: 0 | kr2udp: 0 | 
2026-05-03 19:30:31,993 - INFO     - img2od: 17 | od2fr: 0 | od2lpr: 1000 | od2cap: 0 | fr2kr: 0 | lpr2kr: 1000 | cap2udp: 0 | kr2udp: 1 | 
2026-05-03 19:30:32,994 - INFO     - img2od: 17 | od2fr: 0 | od2lpr: 1000 | od2cap: 0 | fr2kr: 0 | lpr2kr: 1000 | cap2udp: 0 | kr2udp: 1 | 
2026-05-03 19:30:33,995 - INFO     - img2od: 17 | od2fr: 0 | od2lpr: 1000 | od2cap: 0 | fr2kr: 0 | lpr2kr: 1000 | cap2udp: 0 | kr2udp: 1 | 
2026-05-03 19:30:34,996 - INFO     - img2od: 17 | od2fr: 0 | od2lpr: 1000 | od2cap: 0 | fr2kr: 0 | lpr2kr: 1000 | cap2udp: 0 | kr2udp: 1 | 
2026-05-03 19:30:35,997 - INFO     - img2od: 17 | od2fr: 0 | od2lpr: 1000 | od2cap: 0 | fr2kr: 0 | lpr2kr: 1000 | cap2udp: 0 | kr2udp: 1 | 
2026-05-03 19:30:36,998 - INFO     - img2od: 17 | od2fr: 0 | od2lpr: 1000 | od2cap: 0 | fr2kr: 0 | lpr2kr: 1000 | cap2udp: 0 | kr2udp: 1 | 
2026-05-03 19:30:37,999 - INFO     - img2od: 17 | od2fr: 0 | od2lpr: 1000 | od2cap: 0 | fr2kr: 0 | lpr2kr: 1000 | cap2udp: 0 | kr2udp: 1 | 
2026-05-03 19:30:39,000 - INFO     - img2od: 17 | od2fr: 0 | od2lpr: 1000 | od2cap: 0 | fr2kr: 0 | lpr2kr: 999 | cap2udp: 0 | kr2udp: 1 | 
2026-05-03 19:30:40,001 - INFO     - img2od: 17 | od2fr: 0 | od2lpr: 1000 | od2cap: 0 | fr2kr: 0 | lpr2kr: 1000 | cap2udp: 0 | kr2udp: 1 | 
2026-05-03 19:30:41,002 - INFO     - img2od: 17 | od2fr: 0 | od2lpr: 1000 | od2cap: 0 | fr2kr: 0 | lpr2kr: 1000 | cap2udp: 0 | kr2udp: 1 | 
2026-05-03 19:30:42,003 - INFO     - img2od: 17 | od2fr: 0 | od2lpr: 1000 | od2cap: 0 | fr2kr: 0 | lpr2kr: 1000 | cap2udp: 0 | kr2udp: 2 | 
2026-05-03 19:30:43,004 - INFO     - img2od: 17 | od2fr: 0 | od2lpr: 1000 | od2cap: 0 | fr2kr: 0 | lpr2kr: 1000 | cap2udp: 0 | kr2udp: 1 | 
2026-05-03 19:30:44,005 - INFO     - img2od: 17 | od2fr: 0 | od2lpr: 1000 | od2cap: 0 | fr2kr: 0 | lpr2kr: 1000 | cap2udp: 0 | kr2udp: 0 | 
2026-05-03 19:30:45,006 - INFO     - img2od: 17 | od2fr: 0 | od2lpr: 1000 | od2cap: 0 | fr2kr: 0 | lpr2kr: 1000 | cap2udp: 0 | kr2udp: 1 | 
2026-05-03 19:30:46,007 - INFO     - img2od: 17 | od2fr: 0 | od2lpr: 1000 | od2cap: 0 | fr2kr: 0 | lpr2kr: 1000 | cap2udp: 0 | kr2udp: 0 | 
2026-05-03 19:30:47,008 - INFO     - img2od: 17 | od2fr: 0 | od2lpr: 1000 | od2cap: 0 | fr2kr: 0 | lpr2kr: 1000 | cap2udp: 0 | kr2udp: 1 | 
2026-05-03 19:30:48,009 - INFO     - img2od: 17 | od2fr: 0 | od2lpr: 1000 | od2cap: 0 | fr2kr: 0 | lpr2kr: 1000 | cap2udp: 0 | kr2udp: 1 | 
2026-05-03 19:30:49,010 - INFO     - img2od: 17 | od2fr: 0 | od2lpr: 1000 | od2cap: 0 | fr2kr: 0 | lpr2kr: 1000 | cap2udp: 0 | kr2udp: 1 | 
2026-05-03 19:30:50,011 - INFO     - img2od: 17 | od2fr: 0 | od2lpr: 1000 | od2cap: 0 | fr2kr: 0 | lpr2kr: 1000 | cap2udp: 0 | kr2udp: 1 | 
2026-05-03 19:30:51,012 - INFO     - img2od: 17 | od2fr: 0 | od2lpr: 1000 | od2cap: 0 | fr2kr: 0 | lpr2kr: 999 | cap2udp: 0 | kr2udp: 1 | 
2026-05-03 19:30:52,013 - INFO     - img2od: 17 | od2fr: 0 | od2lpr: 1000 | od2cap: 0 | fr2kr: 0 | lpr2kr: 1000 | cap2udp: 0 | kr2udp: 1 | 
2026-05-03 19:30:53,014 - INFO     - img2od: 17 | od2fr: 0 | od2lpr: 1000 | od2cap: 0 | fr2kr: 0 | lpr2kr: 1000 | cap2udp: 0 | kr2udp: 1 | 
2026-05-03 19:30:54,015 - INFO     - img2od: 17 | od2fr: 0 | od2lpr: 1000 | od2cap: 0 | fr2kr: 0 | lpr2kr: 1000 | cap2udp: 0 | kr2udp: 1 | 
2026-05-03 19:30:55,016 - INFO     - img2od: 17 | od2fr: 0 | od2lpr: 1000 | od2cap: 0 | fr2kr: 0 | lpr2kr: 1000 | cap2udp: 0 | kr2udp: 1 | 
2026-05-03 19:30:56,017 - INFO     - img2od: 17 | od2fr: 0 | od2lpr: 1000 | od2cap: 0 | fr2kr: 0 | lpr2kr: 1000 | cap2udp: 0 | kr2udp: 1 | 
2026-05-03 19:30:57,018 - INFO     - img2od: 17 | od2fr: 0 | od2lpr: 1000 | od2cap: 0 | fr2kr: 0 | lpr2kr: 1000 | cap2udp: 0 | kr2udp: 1 | 
2026-05-03 19:30:58,019 - INFO     - img2od: 17 | od2fr: 0 | od2lpr: 1000 | od2cap: 0 | fr2kr: 0 | lpr2kr: 1000 | cap2udp: 0 | kr2udp: 1 | 
2026-05-03 19:30:59,020 - INFO     - img2od: 17 | od2fr: 0 | od2lpr: 1000 | od2cap: 0 | fr2kr: 0 | lpr2kr: 1000 | cap2udp: 0 | kr2udp: 1 | 
2026-05-03 19:31:00,021 - INFO     - img2od: 17 | od2fr: 0 | od2lpr: 1000 | od2cap: 0 | fr2kr: 0 | lpr2kr: 999 | cap2udp: 0 | kr2udp: 1 | 
2026-05-03 19:31:01,022 - INFO     - img2od: 17 | od2fr: 0 | od2lpr: 1000 | od2cap: 0 | fr2kr: 0 | lpr2kr: 1000 | cap2udp: 0 | kr2udp: 1 | 
2026-05-03 19:31:02,023 - INFO     - img2od: 17 | od2fr: 0 | od2lpr: 1000 | od2cap: 0 | fr2kr: 0 | lpr2kr: 1000 | cap2udp: 0 | kr2udp: 1 | 
2026-05-03 19:31:03,024 - INFO     - img2od: 17 | od2fr: 0 | od2lpr: 1000 | od2cap: 0 | fr2kr: 0 | lpr2kr: 1000 | cap2udp: 0 | kr2udp: 1 | 
2026-05-03 19:31:04,025 - INFO     - img2od: 17 | od2fr: 0 | od2lpr: 1000 | od2cap: 0 | fr2kr: 0 | lpr2kr: 1000 | cap2udp: 0 | kr2udp: 0 | 
2026-05-03 19:31:05,026 - INFO     - img2od: 17 | od2fr: 0 | od2lpr: 1000 | od2cap: 0 | fr2kr: 0 | lpr2kr: 1000 | cap2udp: 0 | kr2udp: 1 | 
2026-05-03 19:31:06,027 - INFO     - img2od: 17 | od2fr: 0 | od2lpr: 1000 | od2cap: 0 | fr2kr: 0 | lpr2kr: 1000 | cap2udp: 0 | kr2udp: 1 | 
2026-05-03 19:31:07,028 - INFO     - img2od: 17 | od2fr: 0 | od2lpr: 1000 | od2cap: 0 | fr2kr: 0 | lpr2kr: 1000 | cap2udp: 0 | kr2udp: 0 | 
2026-05-03 19:31:08,029 - INFO     - img2od: 17 | od2fr: 0 | od2lpr: 1000 | od2cap: 0 | fr2kr: 0 | lpr2kr: 1000 | cap2udp: 0 | kr2udp: 0 | 
2026-05-03 19:31:09,030 - INFO     - img2od: 17 | od2fr: 0 | od2lpr: 1000 | od2cap: 0 | fr2kr: 0 | lpr2kr: 1000 | cap2udp: 0 | kr2udp: 0 | 
2026-05-03 19:31:10,031 - INFO     - img2od: 17 | od2fr: 0 | od2lpr: 1000 | od2cap: 0 | fr2kr: 0 | lpr2kr: 1000 | cap2udp: 0 | kr2udp: 1 | 
2026-05-03 19:31:11,032 - INFO     - img2od: 17 | od2fr: 0 | od2lpr: 1000 | od2cap: 0 | fr2kr: 0 | lpr2kr: 1000 | cap2udp: 0 | kr2udp: 1 | 
2026-05-03 19:31:12,033 - INFO     - img2od: 17 | od2fr: 0 | od2lpr: 1000 | od2cap: 0 | fr2kr: 0 | lpr2kr: 1000 | cap2udp: 0 | kr2udp: 1 | 
2026-05-03 19:31:13,034 - INFO     - img2od: 17 | od2fr: 0 | od2lpr: 1000 | od2cap: 0 | fr2kr: 0 | lpr2kr: 1000 | cap2udp: 0 | kr2udp: 1 | 
2026-05-03 19:31:14,035 - INFO     - img2od: 17 | od2fr: 0 | od2lpr: 1000 | od2cap: 0 | fr2kr: 0 | lpr2kr: 999 | cap2udp: 0 | kr2udp: 1 | 
2026-05-03 19:31:15,036 - INFO     - img2od: 17 | od2fr: 0 | od2lpr: 1000 | od2cap: 0 | fr2kr: 0 | lpr2kr: 1000 | cap2udp: 0 | kr2udp: 0 | 
2026-05-03 19:31:16,037 - INFO     - img2od: 17 | od2fr: 0 | od2lpr: 1000 | od2cap: 0 | fr2kr: 0 | lpr2kr: 1000 | cap2udp: 0 | kr2udp: 1 | 
2026-05-03 19:31:17,038 - INFO     - img2od: 17 | od2fr: 0 | od2lpr: 1000 | od2cap: 0 | fr2kr: 0 | lpr2kr: 1000 | cap2udp: 0 | kr2udp: 1 | 
2026-05-03 19:31:18,039 - INFO     - img2od: 17 | od2fr: 0 | od2lpr: 1000 | od2cap: 0 | fr2kr: 0 | lpr2kr: 1000 | cap2udp: 0 | kr2udp: 1 | 
2026-05-03 19:31:19,040 - INFO     - img2od: 17 | od2fr: 0 | od2lpr: 1000 | od2cap: 0 | fr2kr: 0 | lpr2kr: 1000 | cap2udp: 0 | kr2udp: 2 | 
2026-05-03 19:31:20,041 - INFO     - img2od: 17 | od2fr: 0 | od2lpr: 1000 | od2cap: 0 | fr2kr: 0 | lpr2kr: 1000 | cap2udp: 0 | kr2udp: 1 | 
2026-05-03 19:31:21,042 - INFO     - img2od: 17 | od2fr: 0 | od2lpr: 1000 | od2cap: 0 | fr2kr: 0 | lpr2kr: 1000 | cap2udp: 0 | kr2udp: 1 | 
2026-05-03 19:31:22,043 - INFO     - img2od: 17 | od2fr: 0 | od2lpr: 1000 | od2cap: 0 | fr2kr: 0 | lpr2kr: 1000 | cap2udp: 0 | kr2udp: 1 | 
2026-05-03 19:31:23,044 - INFO     - img2od: 17 | od2fr: 0 | od2lpr: 1000 | od2cap: 0 | fr2kr: 0 | lpr2kr: 1000 | cap2udp: 0 | kr2udp: 1 | 
2026-05-03 19:31:24,045 - INFO     - img2od: 17 | od2fr: 0 | od2lpr: 1000 | od2cap: 0 | fr2kr: 0 | lpr2kr: 1000 | cap2udp: 0 | kr2udp: 1 | 
2026-05-03 19:31:25,046 - INFO     - img2od: 16 | od2fr: 5 | od2lpr: 1000 | od2cap: 0 | fr2kr: 1 | lpr2kr: 1000 | cap2udp: 0 | kr2udp: 1 | 
2026-05-03 19:31:26,047 - INFO     - img2od: 12 | od2fr: 1 | od2lpr: 998 | od2cap: 0 | fr2kr: 4 | lpr2kr: 1000 | cap2udp: 0 | kr2udp: 1 | 
2026-05-03 19:31:27,048 - INFO     - img2od: 8 | od2fr: 19 | od2lpr: 1000 | od2cap: 0 | fr2kr: 6 | lpr2kr: 1000 | cap2udp: 0 | kr2udp: 1 | 
2026-05-03 19:31:28,049 - INFO     - img2od: 8 | od2fr: 14 | od2lpr: 1000 | od2cap: 0 | fr2kr: 10 | lpr2kr: 1000 | cap2udp: 0 | kr2udp: 1 | 
2026-05-03 19:31:29,050 - INFO     - img2od: 8 | od2fr: 9 | od2lpr: 1000 | od2cap: 0 | fr2kr: 13 | lpr2kr: 1000 | cap2udp: 0 | kr2udp: 1 | 
2026-05-03 19:31:30,051 - INFO     - img2od: 8 | od2fr: 4 | od2lpr: 1000 | od2cap: 0 | fr2kr: 15 | lpr2kr: 1000 | cap2udp: 0 | kr2udp: 0 | 
2026-05-03 19:31:31,052 - INFO     - img2od: 8 | od2fr: 0 | od2lpr: 1000 | od2cap: 0 | fr2kr: 17 | lpr2kr: 1000 | cap2udp: 0 | kr2udp: 0 | 
2026-05-03 19:31:32,053 - INFO     - img2od: 8 | od2fr: 0 | od2lpr: 1000 | od2cap: 0 | fr2kr: 15 | lpr2kr: 1000 | cap2udp: 0 | kr2udp: 1 | 
2026-05-03 19:31:33,054 - INFO     - img2od: 8 | od2fr: 0 | od2lpr: 1000 | od2cap: 0 | fr2kr: 12 | lpr2kr: 1000 | cap2udp: 0 | kr2udp: 0 | 
2026-05-03 19:31:34,055 - INFO     - img2od: 8 | od2fr: 0 | od2lpr: 1000 | od2cap: 0 | fr2kr: 10 | lpr2kr: 1000 | cap2udp: 0 | kr2udp: 1 | 
2026-05-03 19:31:35,056 - INFO     - img2od: 8 | od2fr: 0 | od2lpr: 1000 | od2cap: 0 | fr2kr: 8 | lpr2kr: 1000 | cap2udp: 0 | kr2udp: 1 | 
2026-05-03 19:31:36,057 - INFO     - img2od: 8 | od2fr: 0 | od2lpr: 1000 | od2cap: 0 | fr2kr: 5 | lpr2kr: 1000 | cap2udp: 0 | kr2udp: 0 | 
2026-05-03 19:31:37,058 - INFO     - img2od: 8 | od2fr: 0 | od2lpr: 1000 | od2cap: 0 | fr2kr: 3 | lpr2kr: 1000 | cap2udp: 0 | kr2udp: 1 | 
2026-05-03 19:31:38,059 - INFO     - img2od: 8 | od2fr: 0 | od2lpr: 1000 | od2cap: 0 | fr2kr: 1 | lpr2kr: 1000 | cap2udp: 0 | kr2udp: 0 | 
2026-05-03 19:31:39,060 - INFO     - img2od: 8 | od2fr: 0 | od2lpr: 1000 | od2cap: 0 | fr2kr: 0 | lpr2kr: 1000 | cap2udp: 0 | kr2udp: 0 | 
2026-05-03 19:31:40,061 - INFO     - img2od: 8 | od2fr: 0 | od2lpr: 1000 | od2cap: 0 | fr2kr: 0 | lpr2kr: 1000 | cap2udp: 0 | kr2udp: 1 | 
2026-05-03 19:31:41,062 - INFO     - img2od: 8 | od2fr: 0 | od2lpr: 1000 | od2cap: 0 | fr2kr: 0 | lpr2kr: 1000 | cap2udp: 0 | kr2udp: 0 | 
2026-05-03 19:31:42,063 - INFO     - img2od: 8 | od2fr: 0 | od2lpr: 1000 | od2cap: 0 | fr2kr: 0 | lpr2kr: 1000 | cap2udp: 0 | kr2udp: 0 | 
2026-05-03 19:31:43,064 - INFO     - img2od: 8 | od2fr: 0 | od2lpr: 1000 | od2cap: 0 | fr2kr: 0 | lpr2kr: 1000 | cap2udp: 0 | kr2udp: 0 | 
2026-05-03 19:31:44,065 - INFO     - img2od: 8 | od2fr: 0 | od2lpr: 1000 | od2cap: 0 | fr2kr: 0 | lpr2kr: 1000 | cap2udp: 0 | kr2udp: 1 | 
2026-05-03 19:31:45,066 - INFO     - img2od: 8 | od2fr: 0 | od2lpr: 1000 | od2cap: 0 | fr2kr: 0 | lpr2kr: 1000 | cap2udp: 0 | kr2udp: 1 | 
2026-05-03 19:31:46,067 - INFO     - img2od: 8 | od2fr: 0 | od2lpr: 1000 | od2cap: 0 | fr2kr: 0 | lpr2kr: 1000 | cap2udp: 0 | kr2udp: 0 | 
2026-05-03 19:31:47,068 - INFO     - img2od: 8 | od2fr: 0 | od2lpr: 1000 | od2cap: 0 | fr2kr: 0 | lpr2kr: 1000 | cap2udp: 0 | kr2udp: 1 | 
2026-05-03 19:31:48,069 - INFO     - img2od: 8 | od2fr: 0 | od2lpr: 1000 | od2cap: 0 | fr2kr: 0 | lpr2kr: 1000 | cap2udp: 0 | kr2udp: 0 | 
2026-05-03 19:31:49,070 - INFO     - img2od: 8 | od2fr: 0 | od2lpr: 1000 | od2cap: 0 | fr2kr: 0 | lpr2kr: 1000 | cap2udp: 0 | kr2udp: 1 | 
2026-05-03 19:31:50,071 - INFO     - img2od: 8 | od2fr: 0 | od2lpr: 1000 | od2cap: 0 | fr2kr: 0 | lpr2kr: 1000 | cap2udp: 0 | kr2udp: 1 | 
2026-05-03 19:31:51,072 - INFO     - img2od: 8 | od2fr: 0 | od2lpr: 1000 | od2cap: 0 | fr2kr: 0 | lpr2kr: 1000 | cap2udp: 0 | kr2udp: 0 | 
2026-05-03 19:31:52,073 - INFO     - img2od: 8 | od2fr: 0 | od2lpr: 1000 | od2cap: 0 | fr2kr: 0 | lpr2kr: 1000 | cap2udp: 0 | kr2udp: 1 | 
2026-05-03 19:31:53,074 - INFO     - img2od: 8 | od2fr: 0 | od2lpr: 1000 | od2cap: 0 | fr2kr: 0 | lpr2kr: 1000 | cap2udp: 0 | kr2udp: 0 | 
2026-05-03 19:31:54,075 - INFO     - img2od: 8 | od2fr: 0 | od2lpr: 1000 | od2cap: 0 | fr2kr: 0 | lpr2kr: 1000 | cap2udp: 0 | kr2udp: 1 | 
2026-05-03 19:31:55,076 - INFO     - img2od: 8 | od2fr: 0 | od2lpr: 1000 | od2cap: 0 | fr2kr: 0 | lpr2kr: 1000 | cap2udp: 0 | kr2udp: 0 | 
2026-05-03 19:31:56,077 - INFO     - img2od: 8 | od2fr: 0 | od2lpr: 1000 | od2cap: 0 | fr2kr: 0 | lpr2kr: 1000 | cap2udp: 0 | kr2udp: 1 | 
2026-05-03 19:31:57,078 - INFO     - img2od: 8 | od2fr: 0 | od2lpr: 1000 | od2cap: 0 | fr2kr: 0 | lpr2kr: 1000 | cap2udp: 0 | kr2udp: 1 | 
2026-05-03 19:31:58,079 - INFO     - img2od: 8 | od2fr: 0 | od2lpr: 1000 | od2cap: 0 | fr2kr: 0 | lpr2kr: 1000 | cap2udp: 0 | kr2udp: 1 | 
2026-05-03 19:31:59,080 - INFO     - img2od: 8 | od2fr: 0 | od2lpr: 1000 | od2cap: 0 | fr2kr: 0 | lpr2kr: 1000 | cap2udp: 0 | kr2udp: 1 | 
2026-05-03 19:32:00,081 - INFO     - img2od: 8 | od2fr: 0 | od2lpr: 1000 | od2cap: 0 | fr2kr: 0 | lpr2kr: 1000 | cap2udp: 0 | kr2udp: 1 | 
2026-05-03 19:32:01,082 - INFO     - img2od: 8 | od2fr: 0 | od2lpr: 1000 | od2cap: 0 | fr2kr: 0 | lpr2kr: 1000 | cap2udp: 0 | kr2udp: 1 | 
2026-05-03 19:32:02,083 - INFO     - img2od: 8 | od2fr: 0 | od2lpr: 1000 | od2cap: 0 | fr2kr: 0 | lpr2kr: 1000 | cap2udp: 0 | kr2udp: 1 | 
2026-05-03 19:32:03,084 - INFO     - img2od: 8 | od2fr: 0 | od2lpr: 1000 | od2cap: 0 | fr2kr: 0 | lpr2kr: 1000 | cap2udp: 0 | kr2udp: 1 | 
2026-05-03 19:32:04,085 - INFO     - img2od: 8 | od2fr: 0 | od2lpr: 1000 | od2cap: 0 | fr2kr: 0 | lpr2kr: 1000 | cap2udp: 0 | kr2udp: 0 | 
2026-05-03 19:32:05,086 - INFO     - img2od: 8 | od2fr: 0 | od2lpr: 1000 | od2cap: 0 | fr2kr: 0 | lpr2kr: 1000 | cap2udp: 0 | kr2udp: 1 | 
2026-05-03 19:32:06,087 - INFO     - img2od: 8 | od2fr: 0 | od2lpr: 1000 | od2cap: 0 | fr2kr: 0 | lpr2kr: 1000 | cap2udp: 0 | kr2udp: 1 | 
2026-05-03 19:32:07,088 - INFO     - img2od: 8 | od2fr: 0 | od2lpr: 1000 | od2cap: 0 | fr2kr: 0 | lpr2kr: 1000 | cap2udp: 0 | kr2udp: 1 | 
2026-05-03 19:32:08,089 - INFO     - img2od: 8 | od2fr: 0 | od2lpr: 1000 | od2cap: 0 | fr2kr: 0 | lpr2kr: 1000 | cap2udp: 0 | kr2udp: 1 | 
2026-05-03 19:32:09,090 - INFO     - img2od: 8 | od2fr: 0 | od2lpr: 1000 | od2cap: 0 | fr2kr: 0 | lpr2kr: 1000 | cap2udp: 0 | kr2udp: 0 | 
2026-05-03 19:32:10,091 - INFO     - img2od: 8 | od2fr: 0 | od2lpr: 1000 | od2cap: 0 | fr2kr: 0 | lpr2kr: 1000 | cap2udp: 0 | kr2udp: 0 | 
2026-05-03 19:32:11,092 - INFO     - img2od: 8 | od2fr: 0 | od2lpr: 1000 | od2cap: 0 | fr2kr: 0 | lpr2kr: 1000 | cap2udp: 0 | kr2udp: 1 | 
2026-05-03 19:32:12,093 - INFO     - img2od: 8 | od2fr: 0 | od2lpr: 1000 | od2cap: 0 | fr2kr: 0 | lpr2kr: 1000 | cap2udp: 0 | kr2udp: 1 | 
2026-05-03 19:32:13,094 - INFO     - img2od: 8 | od2fr: 0 | od2lpr: 1000 | od2cap: 0 | fr2kr: 0 | lpr2kr: 1000 | cap2udp: 0 | kr2udp: 1 | 
2026-05-03 19:32:14,095 - INFO     - img2od: 8 | od2fr: 0 | od2lpr: 1000 | od2cap: 0 | fr2kr: 0 | lpr2kr: 1000 | cap2udp: 0 | kr2udp: 0 | 
2026-05-03 19:32:15,096 - INFO     - img2od: 8 | od2fr: 0 | od2lpr: 1000 | od2cap: 0 | fr2kr: 0 | lpr2kr: 1000 | cap2udp: 0 | kr2udp: 0 | 
2026-05-03 19:32:16,097 - INFO     - img2od: 8 | od2fr: 0 | od2lpr: 1000 | od2cap: 0 | fr2kr: 0 | lpr2kr: 1000 | cap2udp: 0 | kr2udp: 0 | 
2026-05-03 19:32:17,098 - INFO     - img2od: 8 | od2fr: 0 | od2lpr: 1000 | od2cap: 0 | fr2kr: 0 | lpr2kr: 1000 | cap2udp: 0 | kr2udp: 1 | 
2026-05-03 19:32:18,099 - INFO     - img2od: 8 | od2fr: 0 | od2lpr: 1000 | od2cap: 0 | fr2kr: 0 | lpr2kr: 1000 | cap2udp: 0 | kr2udp: 1 | 
2026-05-03 19:32:19,100 - INFO     - img2od: 8 | od2fr: 0 | od2lpr: 1000 | od2cap: 0 | fr2kr: 0 | lpr2kr: 1000 | cap2udp: 0 | kr2udp: 0 | 
2026-05-03 19:32:20,101 - INFO     - img2od: 8 | od2fr: 0 | od2lpr: 1000 | od2cap: 0 | fr2kr: 0 | lpr2kr: 1000 | cap2udp: 0 | kr2udp: 1 | 
2026-05-03 19:32:21,102 - INFO     - img2od: 8 | od2fr: 0 | od2lpr: 1000 | od2cap: 0 | fr2kr: 0 | lpr2kr: 1000 | cap2udp: 0 | kr2udp: 1 | 
2026-05-03 19:32:22,103 - INFO     - img2od: 8 | od2fr: 0 | od2lpr: 1000 | od2cap: 0 | fr2kr: 0 | lpr2kr: 1000 | cap2udp: 0 | kr2udp: 1 | 
2026-05-03 19:32:23,104 - INFO     - img2od: 8 | od2fr: 0 | od2lpr: 1000 | od2cap: 0 | fr2kr: 0 | lpr2kr: 1000 | cap2udp: 0 | kr2udp: 0 | 
2026-05-03 19:32:24,105 - INFO     - img2od: 8 | od2fr: 0 | od2lpr: 1000 | od2cap: 0 | fr2kr: 0 | lpr2kr: 1000 | cap2udp: 0 | kr2udp: 1 | 
2026-05-03 19:32:25,106 - INFO     - img2od: 8 | od2fr: 0 | od2lpr: 1000 | od2cap: 0 | fr2kr: 0 | lpr2kr: 1000 | cap2udp: 0 | kr2udp: 1 | 
2026-05-03 19:32:26,107 - INFO     - img2od: 8 | od2fr: 0 | od2lpr: 1000 | od2cap: 0 | fr2kr: 0 | lpr2kr: 1000 | cap2udp: 0 | kr2udp: 1 | 
2026-05-03 19:32:27,108 - INFO     - img2od: 8 | od2fr: 0 | od2lpr: 1000 | od2cap: 0 | fr2kr: 0 | lpr2kr: 1000 | cap2udp: 0 | kr2udp: 1 | 
2026-05-03 19:32:28,109 - INFO     - img2od: 8 | od2fr: 0 | od2lpr: 1000 | od2cap: 0 | fr2kr: 0 | lpr2kr: 1000 | cap2udp: 0 | kr2udp: 1 | 
2026-05-03 19:32:29,110 - INFO     - img2od: 8 | od2fr: 0 | od2lpr: 1000 | od2cap: 0 | fr2kr: 0 | lpr2kr: 1000 | cap2udp: 0 | kr2udp: 1 | 
2026-05-03 19:32:30,111 - INFO     - img2od: 8 | od2fr: 0 | od2lpr: 1000 | od2cap: 0 | fr2kr: 0 | lpr2kr: 1000 | cap2udp: 0 | kr2udp: 1 | 
2026-05-03 19:32:31,112 - INFO     - img2od: 8 | od2fr: 0 | od2lpr: 1000 | od2cap: 0 | fr2kr: 0 | lpr2kr: 1000 | cap2udp: 0 | kr2udp: 1 | 
2026-05-03 19:32:32,113 - INFO     - img2od: 8 | od2fr: 0 | od2lpr: 1000 | od2cap: 0 | fr2kr: 0 | lpr2kr: 1000 | cap2udp: 0 | kr2udp: 0 | 
2026-05-03 19:32:33,114 - INFO     - img2od: 8 | od2fr: 0 | od2lpr: 1000 | od2cap: 0 | fr2kr: 0 | lpr2kr: 1000 | cap2udp: 0 | kr2udp: 1 | 
2026-05-03 19:32:34,115 - INFO     - img2od: 8 | od2fr: 0 | od2lpr: 1000 | od2cap: 0 | fr2kr: 0 | lpr2kr: 1000 | cap2udp: 0 | kr2udp: 1 | 
2026-05-03 19:32:35,116 - INFO     - img2od: 8 | od2fr: 0 | od2lpr: 1000 | od2cap: 0 | fr2kr: 0 | lpr2kr: 1000 | cap2udp: 0 | kr2udp: 1 | 
2026-05-03 19:32:36,117 - INFO     - img2od: 8 | od2fr: 0 | od2lpr: 1000 | od2cap: 0 | fr2kr: 0 | lpr2kr: 1000 | cap2udp: 0 | kr2udp: 0 | 
2026-05-03 19:32:37,118 - INFO     - img2od: 8 | od2fr: 0 | od2lpr: 1000 | od2cap: 0 | fr2kr: 0 | lpr2kr: 1000 | cap2udp: 0 | kr2udp: 1 | 
2026-05-03 19:32:38,119 - INFO     - img2od: 8 | od2fr: 0 | od2lpr: 1000 | od2cap: 0 | fr2kr: 0 | lpr2kr: 1000 | cap2udp: 0 | kr2udp: 0 | 
2026-05-03 19:32:39,120 - INFO     - img2od: 8 | od2fr: 0 | od2lpr: 1000 | od2cap: 0 | fr2kr: 0 | lpr2kr: 1000 | cap2udp: 0 | kr2udp: 0 | 
2026-05-03 19:32:40,121 - INFO     - img2od: 8 | od2fr: 0 | od2lpr: 1000 | od2cap: 0 | fr2kr: 0 | lpr2kr: 1000 | cap2udp: 0 | kr2udp: 1 | 
2026-05-03 19:32:41,122 - INFO     - img2od: 8 | od2fr: 0 | od2lpr: 1000 | od2cap: 0 | fr2kr: 0 | lpr2kr: 1000 | cap2udp: 0 | kr2udp: 1 | 
2026-05-03 19:32:42,123 - INFO     - img2od: 8 | od2fr: 0 | od2lpr: 1000 | od2cap: 0 | fr2kr: 0 | lpr2kr: 1000 | cap2udp: 0 | kr2udp: 1 | 
2026-05-03 19:32:43,124 - INFO     - img2od: 8 | od2fr: 0 | od2lpr: 1000 | od2cap: 0 | fr2kr: 0 | lpr2kr: 1000 | cap2udp: 0 | kr2udp: 0 | 
2026-05-03 19:32:44,125 - INFO     - img2od: 8 | od2fr: 0 | od2lpr: 1000 | od2cap: 0 | fr2kr: 0 | lpr2kr: 1000 | cap2udp: 0 | kr2udp: 1 | 
2026-05-03 19:32:45,126 - INFO     - img2od: 8 | od2fr: 0 | od2lpr: 1000 | od2cap: 0 | fr2kr: 0 | lpr2kr: 1000 | cap2udp: 0 | kr2udp: 0 | 
2026-05-03 19:32:46,127 - INFO     - img2od: 8 | od2fr: 0 | od2lpr: 1000 | od2cap: 0 | fr2kr: 0 | lpr2kr: 1000 | cap2udp: 0 | kr2udp: 1 | 
2026-05-03 19:32:47,128 - INFO     - img2od: 8 | od2fr: 0 | od2lpr: 1000 | od2cap: 0 | fr2kr: 0 | lpr2kr: 1000 | cap2udp: 0 | kr2udp: 0 | 
2026-05-03 19:32:48,129 - INFO     - img2od: 8 | od2fr: 0 | od2lpr: 1000 | od2cap: 0 | fr2kr: 0 | lpr2kr: 1000 | cap2udp: 0 | kr2udp: 0 | 
2026-05-03 19:32:49,130 - INFO     - img2od: 8 | od2fr: 0 | od2lpr: 1000 | od2cap: 0 | fr2kr: 0 | lpr2kr: 1000 | cap2udp: 0 | kr2udp: 0 | 
2026-05-03 19:32:50,131 - INFO     - img2od: 8 | od2fr: 0 | od2lpr: 1000 | od2cap: 0 | fr2kr: 0 | lpr2kr: 1000 | cap2udp: 0 | kr2udp: 0 | 
2026-05-03 19:32:51,132 - INFO     - img2od: 8 | od2fr: 0 | od2lpr: 1000 | od2cap: 0 | fr2kr: 0 | lpr2kr: 1000 | cap2udp: 0 | kr2udp: 1 | 
2026-05-03 19:32:52,133 - INFO     - img2od: 8 | od2fr: 0 | od2lpr: 1000 | od2cap: 0 | fr2kr: 0 | lpr2kr: 1000 | cap2udp: 0 | kr2udp: 1 | 
2026-05-03 19:32:53,134 - INFO     - img2od: 8 | od2fr: 0 | od2lpr: 1000 | od2cap: 0 | fr2kr: 0 | lpr2kr: 1000 | cap2udp: 0 | kr2udp: 1 | 
2026-05-03 19:32:54,135 - INFO     - img2od: 8 | od2fr: 0 | od2lpr: 1000 | od2cap: 0 | fr2kr: 0 | lpr2kr: 1000 | cap2udp: 0 | kr2udp: 0 | 
2026-05-03 19:32:55,136 - INFO     - img2od: 8 | od2fr: 0 | od2lpr: 1000 | od2cap: 0 | fr2kr: 0 | lpr2kr: 1000 | cap2udp: 0 | kr2udp: 1 | 
2026-05-03 19:32:56,137 - INFO     - img2od: 8 | od2fr: 0 | od2lpr: 1000 | od2cap: 0 | fr2kr: 0 | lpr2kr: 1000 | cap2udp: 0 | kr2udp: 1 | 
2026-05-03 19:32:57,138 - INFO     - img2od: 8 | od2fr: 0 | od2lpr: 1000 | od2cap: 0 | fr2kr: 0 | lpr2kr: 1000 | cap2udp: 0 | kr2udp: 1 | 
2026-05-03 19:32:58,139 - INFO     - img2od: 8 | od2fr: 0 | od2lpr: 999 | od2cap: 0 | fr2kr: 0 | lpr2kr: 1000 | cap2udp: 0 | kr2udp: 1 | 
2026-05-03 19:32:59,140 - INFO     - img2od: 8 | od2fr: 0 | od2lpr: 1000 | od2cap: 0 | fr2kr: 0 | lpr2kr: 1000 | cap2udp: 0 | kr2udp: 1 | 
2026-05-03 19:33:00,141 - INFO     - img2od: 8 | od2fr: 0 | od2lpr: 1000 | od2cap: 0 | fr2kr: 0 | lpr2kr: 1000 | cap2udp: 0 | kr2udp: 2 | 
2026-05-03 19:33:01,142 - INFO     - img2od: 8 | od2fr: 0 | od2lpr: 1000 | od2cap: 0 | fr2kr: 0 | lpr2kr: 1000 | cap2udp: 0 | kr2udp: 1 | 
2026-05-03 19:33:02,143 - INFO     - img2od: 8 | od2fr: 0 | od2lpr: 1000 | od2cap: 0 | fr2kr: 0 | lpr2kr: 1000 | cap2udp: 0 | kr2udp: 0 | 
2026-05-03 19:33:03,144 - INFO     - img2od: 8 | od2fr: 0 | od2lpr: 1000 | od2cap: 0 | fr2kr: 0 | lpr2kr: 1000 | cap2udp: 0 | kr2udp: 1 | 
2026-05-03 19:33:04,145 - INFO     - img2od: 8 | od2fr: 0 | od2lpr: 1000 | od2cap: 0 | fr2kr: 0 | lpr2kr: 1000 | cap2udp: 0 | kr2udp: 1 | 
2026-05-03 19:33:05,146 - INFO     - img2od: 8 | od2fr: 0 | od2lpr: 1000 | od2cap: 0 | fr2kr: 0 | lpr2kr: 1000 | cap2udp: 0 | kr2udp: 1 | 
2026-05-03 19:33:06,147 - INFO     - img2od: 8 | od2fr: 0 | od2lpr: 1000 | od2cap: 0 | fr2kr: 0 | lpr2kr: 1000 | cap2udp: 0 | kr2udp: 1 | 
2026-05-03 19:33:07,148 - INFO     - img2od: 8 | od2fr: 0 | od2lpr: 1000 | od2cap: 0 | fr2kr: 0 | lpr2kr: 1000 | cap2udp: 0 | kr2udp: 1 | 
2026-05-03 19:33:08,149 - INFO     - img2od: 8 | od2fr: 0 | od2lpr: 1000 | od2cap: 0 | fr2kr: 0 | lpr2kr: 1000 | cap2udp: 0 | kr2udp: 1 | 
2026-05-03 19:33:09,150 - INFO     - img2od: 8 | od2fr: 0 | od2lpr: 1000 | od2cap: 0 | fr2kr: 0 | lpr2kr: 1000 | cap2udp: 0 | kr2udp: 1 | 
2026-05-03 19:33:10,151 - INFO     - img2od: 8 | od2fr: 0 | od2lpr: 1000 | od2cap: 0 | fr2kr: 0 | lpr2kr: 1000 | cap2udp: 0 | kr2udp: 0 | 
2026-05-03 19:33:11,152 - INFO     - img2od: 8 | od2fr: 0 | od2lpr: 1000 | od2cap: 0 | fr2kr: 0 | lpr2kr: 1000 | cap2udp: 0 | kr2udp: 0 | 
2026-05-03 19:33:12,153 - INFO     - img2od: 8 | od2fr: 0 | od2lpr: 1000 | od2cap: 0 | fr2kr: 0 | lpr2kr: 1000 | cap2udp: 0 | kr2udp: 0 | 
2026-05-03 19:33:13,154 - INFO     - img2od: 8 | od2fr: 0 | od2lpr: 1000 | od2cap: 0 | fr2kr: 0 | lpr2kr: 1000 | cap2udp: 0 | kr2udp: 1 | 
2026-05-03 19:33:14,155 - INFO     - img2od: 8 | od2fr: 0 | od2lpr: 1000 | od2cap: 0 | fr2kr: 0 | lpr2kr: 1000 | cap2udp: 0 | kr2udp: 1 | 
2026-05-03 19:33:15,156 - INFO     - img2od: 8 | od2fr: 0 | od2lpr: 1000 | od2cap: 0 | fr2kr: 0 | lpr2kr: 1000 | cap2udp: 0 | kr2udp: 0 | 
2026-05-03 19:33:16,157 - INFO     - img2od: 8 | od2fr: 0 | od2lpr: 1000 | od2cap: 0 | fr2kr: 0 | lpr2kr: 999 | cap2udp: 0 | kr2udp: 1 | 
2026-05-03 19:33:17,158 - INFO     - img2od: 8 | od2fr: 0 | od2lpr: 1000 | od2cap: 0 | fr2kr: 0 | lpr2kr: 1000 | cap2udp: 0 | kr2udp: 1 | 
2026-05-03 19:33:18,159 - INFO     - img2od: 8 | od2fr: 0 | od2lpr: 1000 | od2cap: 0 | fr2kr: 0 | lpr2kr: 1000 | cap2udp: 0 | kr2udp: 0 | 
2026-05-03 19:33:19,160 - INFO     - img2od: 8 | od2fr: 0 | od2lpr: 1000 | od2cap: 0 | fr2kr: 0 | lpr2kr: 1000 | cap2udp: 0 | kr2udp: 0 | 
2026-05-03 19:33:20,161 - INFO     - img2od: 8 | od2fr: 0 | od2lpr: 1000 | od2cap: 0 | fr2kr: 0 | lpr2kr: 999 | cap2udp: 0 | kr2udp: 1 | 
2026-05-03 19:33:21,162 - INFO     - img2od: 8 | od2fr: 0 | od2lpr: 1000 | od2cap: 0 | fr2kr: 0 | lpr2kr: 1000 | cap2udp: 0 | kr2udp: 1 | 
2026-05-03 19:33:22,163 - INFO     - img2od: 8 | od2fr: 0 | od2lpr: 1000 | od2cap: 0 | fr2kr: 0 | lpr2kr: 1000 | cap2udp: 0 | kr2udp: 0 | 
2026-05-03 19:33:23,164 - INFO     - img2od: 8 | od2fr: 0 | od2lpr: 1000 | od2cap: 0 | fr2kr: 0 | lpr2kr: 1000 | cap2udp: 0 | kr2udp: 1 | 
2026-05-03 19:33:24,165 - INFO     - img2od: 8 | od2fr: 0 | od2lpr: 1000 | od2cap: 0 | fr2kr: 0 | lpr2kr: 1000 | cap2udp: 0 | kr2udp: 1 | 
2026-05-03 19:33:25,166 - INFO     - img2od: 8 | od2fr: 0 | od2lpr: 1000 | od2cap: 0 | fr2kr: 0 | lpr2kr: 1000 | cap2udp: 0 | kr2udp: 1 | 
2026-05-03 19:33:26,167 - INFO     - img2od: 8 | od2fr: 0 | od2lpr: 1000 | od2cap: 0 | fr2kr: 0 | lpr2kr: 1000 | cap2udp: 0 | kr2udp: 1 | 
2026-05-03 19:33:27,168 - INFO     - img2od: 8 | od2fr: 0 | od2lpr: 1000 | od2cap: 0 | fr2kr: 0 | lpr2kr: 1000 | cap2udp: 0 | kr2udp: 0 | 
2026-05-03 19:33:28,169 - INFO     - img2od: 8 | od2fr: 0 | od2lpr: 1000 | od2cap: 0 | fr2kr: 0 | lpr2kr: 1000 | cap2udp: 0 | kr2udp: 1 | 
2026-05-03 19:33:29,170 - INFO     - img2od: 8 | od2fr: 0 | od2lpr: 1000 | od2cap: 0 | fr2kr: 0 | lpr2kr: 1000 | cap2udp: 0 | kr2udp: 0 | 
2026-05-03 19:33:30,171 - INFO     - img2od: 8 | od2fr: 0 | od2lpr: 1000 | od2cap: 0 | fr2kr: 0 | lpr2kr: 1000 | cap2udp: 0 | kr2udp: 0 | 
2026-05-03 19:33:31,172 - INFO     - img2od: 8 | od2fr: 0 | od2lpr: 1000 | od2cap: 0 | fr2kr: 0 | lpr2kr: 1000 | cap2udp: 0 | kr2udp: 1 | 
2026-05-03 19:33:32,173 - INFO     - img2od: 8 | od2fr: 0 | od2lpr: 1000 | od2cap: 0 | fr2kr: 0 | lpr2kr: 1000 | cap2udp: 0 | kr2udp: 1 | 
2026-05-03 19:33:33,174 - INFO     - img2od: 8 | od2fr: 0 | od2lpr: 1000 | od2cap: 0 | fr2kr: 0 | lpr2kr: 1000 | cap2udp: 0 | kr2udp: 0 | 
2026-05-03 19:33:34,175 - INFO     - img2od: 8 | od2fr: 0 | od2lpr: 1000 | od2cap: 0 | fr2kr: 0 | lpr2kr: 1000 | cap2udp: 0 | kr2udp: 1 | 
2026-05-03 19:33:35,176 - INFO     - img2od: 8 | od2fr: 0 | od2lpr: 1000 | od2cap: 0 | fr2kr: 0 | lpr2kr: 1000 | cap2udp: 0 | kr2udp: 1 | 
2026-05-03 19:33:36,177 - INFO     - img2od: 8 | od2fr: 0 | od2lpr: 1000 | od2cap: 0 | fr2kr: 0 | lpr2kr: 1000 | cap2udp: 0 | kr2udp: 1 | 
2026-05-03 19:33:37,178 - INFO     - img2od: 8 | od2fr: 0 | od2lpr: 1000 | od2cap: 0 | fr2kr: 0 | lpr2kr: 1000 | cap2udp: 0 | kr2udp: 0 | 
2026-05-03 19:33:38,179 - INFO     - img2od: 8 | od2fr: 0 | od2lpr: 1000 | od2cap: 0 | fr2kr: 0 | lpr2kr: 1000 | cap2udp: 0 | kr2udp: 0 | 
2026-05-03 19:33:39,180 - INFO     - img2od: 8 | od2fr: 0 | od2lpr: 1000 | od2cap: 0 | fr2kr: 0 | lpr2kr: 1000 | cap2udp: 0 | kr2udp: 0 | 
2026-05-03 19:33:40,181 - INFO     - img2od: 8 | od2fr: 0 | od2lpr: 1000 | od2cap: 0 | fr2kr: 0 | lpr2kr: 1000 | cap2udp: 0 | kr2udp: 1 | 
2026-05-03 19:33:41,182 - INFO     - img2od: 8 | od2fr: 0 | od2lpr: 1000 | od2cap: 0 | fr2kr: 0 | lpr2kr: 1000 | cap2udp: 0 | kr2udp: 0 | 
2026-05-03 19:33:42,183 - INFO     - img2od: 8 | od2fr: 0 | od2lpr: 1000 | od2cap: 0 | fr2kr: 0 | lpr2kr: 1000 | cap2udp: 0 | kr2udp: 0 | 
2026-05-03 19:33:43,184 - INFO     - img2od: 8 | od2fr: 0 | od2lpr: 1000 | od2cap: 0 | fr2kr: 0 | lpr2kr: 1000 | cap2udp: 0 | kr2udp: 0 | 
2026-05-03 19:33:44,185 - INFO     - img2od: 8 | od2fr: 0 | od2lpr: 1000 | od2cap: 0 | fr2kr: 0 | lpr2kr: 1000 | cap2udp: 0 | kr2udp: 1 | 
2026-05-03 19:33:45,186 - INFO     - img2od: 8 | od2fr: 0 | od2lpr: 1000 | od2cap: 0 | fr2kr: 0 | lpr2kr: 1000 | cap2udp: 0 | kr2udp: 1 | 
2026-05-03 19:33:46,187 - INFO     - img2od: 8 | od2fr: 0 | od2lpr: 1000 | od2cap: 0 | fr2kr: 0 | lpr2kr: 1000 | cap2udp: 0 | kr2udp: 1 | 
2026-05-03 19:33:47,188 - INFO     - img2od: 8 | od2fr: 0 | od2lpr: 1000 | od2cap: 0 | fr2kr: 0 | lpr2kr: 1000 | cap2udp: 0 | kr2udp: 1 | 
2026-05-03 19:33:48,189 - INFO     - img2od: 8 | od2fr: 0 | od2lpr: 1000 | od2cap: 0 | fr2kr: 0 | lpr2kr: 1000 | cap2udp: 0 | kr2udp: 1 | 
2026-05-03 19:33:49,190 - INFO     - img2od: 8 | od2fr: 0 | od2lpr: 1000 | od2cap: 0 | fr2kr: 0 | lpr2kr: 1000 | cap2udp: 0 | kr2udp: 1 | 
2026-05-03 19:33:50,191 - INFO     - img2od: 8 | od2fr: 0 | od2lpr: 1000 | od2cap: 0 | fr2kr: 0 | lpr2kr: 1000 | cap2udp: 0 | kr2udp: 1 | 
2026-05-03 19:33:51,193 - INFO     - img2od: 8 | od2fr: 0 | od2lpr: 1000 | od2cap: 0 | fr2kr: 0 | lpr2kr: 1000 | cap2udp: 0 | kr2udp: 1 | 
2026-05-03 19:33:52,194 - INFO     - img2od: 8 | od2fr: 0 | od2lpr: 1000 | od2cap: 0 | fr2kr: 0 | lpr2kr: 1000 | cap2udp: 0 | kr2udp: 1 | 
2026-05-03 19:33:53,195 - INFO     - img2od: 8 | od2fr: 0 | od2lpr: 1000 | od2cap: 0 | fr2kr: 0 | lpr2kr: 1000 | cap2udp: 0 | kr2udp: 0 | 
2026-05-03 19:33:54,196 - INFO     - img2od: 8 | od2fr: 0 | od2lpr: 1000 | od2cap: 0 | fr2kr: 0 | lpr2kr: 1000 | cap2udp: 0 | kr2udp: 0 | 
2026-05-03 19:33:55,197 - INFO     - img2od: 8 | od2fr: 0 | od2lpr: 1000 | od2cap: 0 | fr2kr: 0 | lpr2kr: 1000 | cap2udp: 0 | kr2udp: 0 | 
2026-05-03 19:33:56,198 - INFO     - img2od: 8 | od2fr: 0 | od2lpr: 1000 | od2cap: 0 | fr2kr: 0 | lpr2kr: 1000 | cap2udp: 0 | kr2udp: 0 | 
2026-05-03 19:33:57,199 - INFO     - img2od: 8 | od2fr: 0 | od2lpr: 1000 | od2cap: 0 | fr2kr: 0 | lpr2kr: 1000 | cap2udp: 0 | kr2udp: 0 | 
2026-05-03 19:33:58,200 - INFO     - img2od: 8 | od2fr: 0 | od2lpr: 1000 | od2cap: 0 | fr2kr: 0 | lpr2kr: 1000 | cap2udp: 0 | kr2udp: 0 | 
2026-05-03 19:33:59,202 - INFO     - img2od: 8 | od2fr: 0 | od2lpr: 1000 | od2cap: 0 | fr2kr: 0 | lpr2kr: 1000 | cap2udp: 0 | kr2udp: 0 | 
2026-05-03 19:34:00,203 - INFO     - img2od: 8 | od2fr: 0 | od2lpr: 999 | od2cap: 0 | fr2kr: 0 | lpr2kr: 1000 | cap2udp: 0 | kr2udp: 1 | 
2026-05-03 19:34:01,204 - INFO     - img2od: 8 | od2fr: 0 | od2lpr: 1000 | od2cap: 0 | fr2kr: 0 | lpr2kr: 1000 | cap2udp: 0 | kr2udp: 1 | 
2026-05-03 19:34:02,205 - INFO     - img2od: 8 | od2fr: 0 | od2lpr: 1000 | od2cap: 0 | fr2kr: 0 | lpr2kr: 1000 | cap2udp: 0 | kr2udp: 1 | 
2026-05-03 19:34:03,206 - INFO     - img2od: 8 | od2fr: 0 | od2lpr: 1000 | od2cap: 0 | fr2kr: 0 | lpr2kr: 1000 | cap2udp: 0 | kr2udp: 1 | 
2026-05-03 19:34:04,208 - INFO     - img2od: 8 | od2fr: 0 | od2lpr: 1000 | od2cap: 0 | fr2kr: 0 | lpr2kr: 1000 | cap2udp: 0 | kr2udp: 1 | 
2026-05-03 19:34:05,209 - INFO     - img2od: 8 | od2fr: 0 | od2lpr: 1000 | od2cap: 0 | fr2kr: 0 | lpr2kr: 1000 | cap2udp: 0 | kr2udp: 1 | 
2026-05-03 19:34:06,210 - INFO     - img2od: 8 | od2fr: 0 | od2lpr: 1000 | od2cap: 0 | fr2kr: 0 | lpr2kr: 1000 | cap2udp: 0 | kr2udp: 1 | 
2026-05-03 19:34:07,211 - INFO     - img2od: 8 | od2fr: 0 | od2lpr: 1000 | od2cap: 0 | fr2kr: 0 | lpr2kr: 1000 | cap2udp: 0 | kr2udp: 0 | 
2026-05-03 19:34:08,212 - INFO     - img2od: 8 | od2fr: 0 | od2lpr: 1000 | od2cap: 0 | fr2kr: 0 | lpr2kr: 1000 | cap2udp: 0 | kr2udp: 0 | 
2026-05-03 19:34:09,213 - INFO     - img2od: 8 | od2fr: 0 | od2lpr: 1000 | od2cap: 0 | fr2kr: 0 | lpr2kr: 1000 | cap2udp: 0 | kr2udp: 0 | 
2026-05-03 19:34:10,214 - INFO     - img2od: 8 | od2fr: 0 | od2lpr: 1000 | od2cap: 0 | fr2kr: 0 | lpr2kr: 1000 | cap2udp: 0 | kr2udp: 0 | 
2026-05-03 19:34:11,215 - INFO     - img2od: 8 | od2fr: 0 | od2lpr: 1000 | od2cap: 0 | fr2kr: 0 | lpr2kr: 1000 | cap2udp: 0 | kr2udp: 0 | 
2026-05-03 19:34:12,216 - INFO     - img2od: 8 | od2fr: 0 | od2lpr: 1000 | od2cap: 0 | fr2kr: 0 | lpr2kr: 1000 | cap2udp: 0 | kr2udp: 0 | 
2026-05-03 19:34:13,217 - INFO     - img2od: 8 | od2fr: 0 | od2lpr: 1000 | od2cap: 0 | fr2kr: 0 | lpr2kr: 1000 | cap2udp: 0 | kr2udp: 0 | 
2026-05-03 19:34:14,218 - INFO     - img2od: 8 | od2fr: 0 | od2lpr: 1000 | od2cap: 0 | fr2kr: 0 | lpr2kr: 1000 | cap2udp: 0 | kr2udp: 0 | 
2026-05-03 19:34:15,219 - INFO     - img2od: 8 | od2fr: 0 | od2lpr: 1000 | od2cap: 0 | fr2kr: 0 | lpr2kr: 1000 | cap2udp: 0 | kr2udp: 1 | 
2026-05-03 19:34:16,220 - INFO     - img2od: 8 | od2fr: 0 | od2lpr: 1000 | od2cap: 0 | fr2kr: 0 | lpr2kr: 1000 | cap2udp: 0 | kr2udp: 1 | 
2026-05-03 19:34:17,221 - INFO     - img2od: 8 | od2fr: 0 | od2lpr: 1000 | od2cap: 0 | fr2kr: 0 | lpr2kr: 1000 | cap2udp: 0 | kr2udp: 1 | 
2026-05-03 19:34:18,222 - INFO     - img2od: 8 | od2fr: 0 | od2lpr: 1000 | od2cap: 0 | fr2kr: 0 | lpr2kr: 1000 | cap2udp: 0 | kr2udp: 1 | 
2026-05-03 19:34:19,223 - INFO     - img2od: 8 | od2fr: 0 | od2lpr: 1000 | od2cap: 0 | fr2kr: 0 | lpr2kr: 1000 | cap2udp: 0 | kr2udp: 1 | 
2026-05-03 19:34:20,224 - INFO     - img2od: 8 | od2fr: 0 | od2lpr: 1000 | od2cap: 0 | fr2kr: 0 | lpr2kr: 1000 | cap2udp: 0 | kr2udp: 1 | 
2026-05-03 19:34:21,225 - INFO     - img2od: 8 | od2fr: 0 | od2lpr: 1000 | od2cap: 0 | fr2kr: 0 | lpr2kr: 1000 | cap2udp: 0 | kr2udp: 1 | 
2026-05-03 19:34:22,226 - INFO     - img2od: 8 | od2fr: 0 | od2lpr: 1000 | od2cap: 0 | fr2kr: 0 | lpr2kr: 1000 | cap2udp: 0 | kr2udp: 1 | 
2026-05-03 19:34:23,227 - INFO     - img2od: 8 | od2fr: 0 | od2lpr: 1000 | od2cap: 0 | fr2kr: 0 | lpr2kr: 1000 | cap2udp: 0 | kr2udp: 0 | 
2026-05-03 19:34:24,228 - INFO     - img2od: 8 | od2fr: 0 | od2lpr: 1000 | od2cap: 0 | fr2kr: 0 | lpr2kr: 1000 | cap2udp: 0 | kr2udp: 0 | 
2026-05-03 19:34:25,229 - INFO     - img2od: 8 | od2fr: 0 | od2lpr: 1000 | od2cap: 0 | fr2kr: 0 | lpr2kr: 1000 | cap2udp: 0 | kr2udp: 0 | 
2026-05-03 19:34:26,230 - INFO     - img2od: 8 | od2fr: 0 | od2lpr: 1000 | od2cap: 0 | fr2kr: 0 | lpr2kr: 1000 | cap2udp: 0 | kr2udp: 0 | 
2026-05-03 19:34:27,231 - INFO     - img2od: 8 | od2fr: 0 | od2lpr: 1000 | od2cap: 0 | fr2kr: 0 | lpr2kr: 1000 | cap2udp: 0 | kr2udp: 0 | 
2026-05-03 19:34:28,232 - INFO     - img2od: 8 | od2fr: 0 | od2lpr: 1000 | od2cap: 0 | fr2kr: 0 | lpr2kr: 1000 | cap2udp: 0 | kr2udp: 0 | 
2026-05-03 19:34:29,233 - INFO     - img2od: 8 | od2fr: 0 | od2lpr: 1000 | od2cap: 0 | fr2kr: 0 | lpr2kr: 999 | cap2udp: 0 | kr2udp: 0 | 
2026-05-03 19:34:30,234 - INFO     - img2od: 8 | od2fr: 0 | od2lpr: 1000 | od2cap: 0 | fr2kr: 0 | lpr2kr: 1000 | cap2udp: 0 | kr2udp: 1 | 
2026-05-03 19:34:31,235 - INFO     - img2od: 8 | od2fr: 0 | od2lpr: 1000 | od2cap: 0 | fr2kr: 0 | lpr2kr: 1000 | cap2udp: 0 | kr2udp: 1 | 
2026-05-03 19:34:32,236 - INFO     - img2od: 8 | od2fr: 0 | od2lpr: 1000 | od2cap: 0 | fr2kr: 0 | lpr2kr: 1000 | cap2udp: 0 | kr2udp: 1 | 
2026-05-03 19:34:33,237 - INFO     - img2od: 8 | od2fr: 0 | od2lpr: 1000 | od2cap: 0 | fr2kr: 0 | lpr2kr: 1000 | cap2udp: 0 | kr2udp: 1 | 
2026-05-03 19:34:34,238 - INFO     - img2od: 8 | od2fr: 0 | od2lpr: 1000 | od2cap: 0 | fr2kr: 0 | lpr2kr: 1000 | cap2udp: 0 | kr2udp: 1 | 
2026-05-03 19:34:35,239 - INFO     - img2od: 8 | od2fr: 0 | od2lpr: 1000 | od2cap: 0 | fr2kr: 0 | lpr2kr: 1000 | cap2udp: 0 | kr2udp: 1 | 
2026-05-03 19:34:36,240 - INFO     - img2od: 8 | od2fr: 0 | od2lpr: 1000 | od2cap: 0 | fr2kr: 0 | lpr2kr: 1000 | cap2udp: 0 | kr2udp: 1 | 
2026-05-03 19:34:37,241 - INFO     - img2od: 8 | od2fr: 0 | od2lpr: 1000 | od2cap: 0 | fr2kr: 0 | lpr2kr: 1000 | cap2udp: 0 | kr2udp: 0 | 
2026-05-03 19:34:38,242 - INFO     - img2od: 8 | od2fr: 0 | od2lpr: 1000 | od2cap: 0 | fr2kr: 0 | lpr2kr: 1000 | cap2udp: 0 | kr2udp: 0 | 
2026-05-03 19:34:39,243 - INFO     - img2od: 8 | od2fr: 0 | od2lpr: 1000 | od2cap: 0 | fr2kr: 0 | lpr2kr: 1000 | cap2udp: 0 | kr2udp: 0 | 
2026-05-03 19:34:40,244 - INFO     - img2od: 8 | od2fr: 0 | od2lpr: 1000 | od2cap: 0 | fr2kr: 0 | lpr2kr: 1000 | cap2udp: 0 | kr2udp: 0 | 
2026-05-03 19:34:41,245 - INFO     - img2od: 8 | od2fr: 0 | od2lpr: 1000 | od2cap: 0 | fr2kr: 0 | lpr2kr: 1000 | cap2udp: 0 | kr2udp: 0 | 
2026-05-03 19:34:42,246 - INFO     - img2od: 8 | od2fr: 0 | od2lpr: 1000 | od2cap: 0 | fr2kr: 0 | lpr2kr: 1000 | cap2udp: 0 | kr2udp: 0 | 
2026-05-03 19:34:43,247 - INFO     - img2od: 8 | od2fr: 0 | od2lpr: 1000 | od2cap: 0 | fr2kr: 0 | lpr2kr: 1000 | cap2udp: 0 | kr2udp: 0 | 
2026-05-03 19:34:44,248 - INFO     - img2od: 8 | od2fr: 0 | od2lpr: 1000 | od2cap: 0 | fr2kr: 0 | lpr2kr: 999 | cap2udp: 0 | kr2udp: 1 | 
2026-05-03 19:34:45,249 - INFO     - img2od: 8 | od2fr: 0 | od2lpr: 1000 | od2cap: 0 | fr2kr: 0 | lpr2kr: 1000 | cap2udp: 0 | kr2udp: 1 | 
2026-05-03 19:34:46,251 - INFO     - img2od: 8 | od2fr: 0 | od2lpr: 1000 | od2cap: 0 | fr2kr: 0 | lpr2kr: 1000 | cap2udp: 0 | kr2udp: 1 | 
2026-05-03 19:34:47,252 - INFO     - img2od: 8 | od2fr: 0 | od2lpr: 1000 | od2cap: 0 | fr2kr: 0 | lpr2kr: 1000 | cap2udp: 0 | kr2udp: 1 | 
2026-05-03 19:34:48,253 - INFO     - img2od: 8 | od2fr: 0 | od2lpr: 1000 | od2cap: 0 | fr2kr: 0 | lpr2kr: 1000 | cap2udp: 0 | kr2udp: 1 | 
2026-05-03 19:34:49,254 - INFO     - img2od: 8 | od2fr: 0 | od2lpr: 1000 | od2cap: 0 | fr2kr: 0 | lpr2kr: 1000 | cap2udp: 0 | kr2udp: 1 | 
2026-05-03 19:34:50,255 - INFO     - img2od: 8 | od2fr: 0 | od2lpr: 1000 | od2cap: 0 | fr2kr: 0 | lpr2kr: 1000 | cap2udp: 0 | kr2udp: 1 | 
2026-05-03 19:34:51,256 - INFO     - img2od: 8 | od2fr: 0 | od2lpr: 1000 | od2cap: 0 | fr2kr: 0 | lpr2kr: 1000 | cap2udp: 0 | kr2udp: 1 | 
2026-05-03 19:34:52,257 - INFO     - img2od: 8 | od2fr: 0 | od2lpr: 1000 | od2cap: 0 | fr2kr: 0 | lpr2kr: 1000 | cap2udp: 0 | kr2udp: 1 | 
2026-05-03 19:34:53,258 - INFO     - img2od: 8 | od2fr: 0 | od2lpr: 1000 | od2cap: 0 | fr2kr: 0 | lpr2kr: 1000 | cap2udp: 0 | kr2udp: 1 | 
2026-05-03 19:34:54,260 - INFO     - img2od: 8 | od2fr: 0 | od2lpr: 1000 | od2cap: 0 | fr2kr: 0 | lpr2kr: 1000 | cap2udp: 0 | kr2udp: 0 | 
2026-05-03 19:34:55,261 - INFO     - img2od: 8 | od2fr: 0 | od2lpr: 1000 | od2cap: 0 | fr2kr: 0 | lpr2kr: 1000 | cap2udp: 0 | kr2udp: 0 | 
2026-05-03 19:34:56,262 - INFO     - img2od: 8 | od2fr: 0 | od2lpr: 1000 | od2cap: 0 | fr2kr: 0 | lpr2kr: 1000 | cap2udp: 0 | kr2udp: 0 | 
2026-05-03 19:34:57,263 - INFO     - img2od: 8 | od2fr: 0 | od2lpr: 1000 | od2cap: 0 | fr2kr: 0 | lpr2kr: 1000 | cap2udp: 0 | kr2udp: 0 | 
2026-05-03 19:34:58,264 - INFO     - img2od: 8 | od2fr: 0 | od2lpr: 1000 | od2cap: 0 | fr2kr: 0 | lpr2kr: 1000 | cap2udp: 0 | kr2udp: 0 | 
2026-05-03 19:34:59,265 - INFO     - img2od: 8 | od2fr: 0 | od2lpr: 1000 | od2cap: 0 | fr2kr: 0 | lpr2kr: 1000 | cap2udp: 0 | kr2udp: 0 | 
2026-05-03 19:35:00,266 - INFO     - img2od: 8 | od2fr: 0 | od2lpr: 1000 | od2cap: 0 | fr2kr: 0 | lpr2kr: 1000 | cap2udp: 0 | kr2udp: 0 | 
2026-05-03 19:35:01,267 - INFO     - img2od: 8 | od2fr: 0 | od2lpr: 1000 | od2cap: 0 | fr2kr: 0 | lpr2kr: 1000 | cap2udp: 0 | kr2udp: 0 | 
2026-05-03 19:35:02,268 - INFO     - img2od: 8 | od2fr: 0 | od2lpr: 1000 | od2cap: 0 | fr2kr: 0 | lpr2kr: 1000 | cap2udp: 0 | kr2udp: 1 | 
2026-05-03 19:35:03,270 - INFO     - img2od: 8 | od2fr: 0 | od2lpr: 1000 | od2cap: 0 | fr2kr: 0 | lpr2kr: 1000 | cap2udp: 0 | kr2udp: 1 | 
2026-05-03 19:35:04,271 - INFO     - img2od: 8 | od2fr: 0 | od2lpr: 1000 | od2cap: 0 | fr2kr: 0 | lpr2kr: 1000 | cap2udp: 0 | kr2udp: 1 | 
2026-05-03 19:35:05,272 - INFO     - img2od: 8 | od2fr: 0 | od2lpr: 1000 | od2cap: 0 | fr2kr: 0 | lpr2kr: 1000 | cap2udp: 0 | kr2udp: 1 | 
2026-05-03 19:35:06,273 - INFO     - img2od: 8 | od2fr: 0 | od2lpr: 1000 | od2cap: 0 | fr2kr: 0 | lpr2kr: 1000 | cap2udp: 0 | kr2udp: 1 | 
2026-05-03 19:35:07,274 - INFO     - img2od: 8 | od2fr: 0 | od2lpr: 1000 | od2cap: 0 | fr2kr: 0 | lpr2kr: 1000 | cap2udp: 0 | kr2udp: 1 | 
2026-05-03 19:35:08,276 - INFO     - img2od: 8 | od2fr: 0 | od2lpr: 1000 | od2cap: 0 | fr2kr: 0 | lpr2kr: 1000 | cap2udp: 0 | kr2udp: 1 | 
2026-05-03 19:35:09,277 - INFO     - img2od: 8 | od2fr: 0 | od2lpr: 1000 | od2cap: 0 | fr2kr: 0 | lpr2kr: 1000 | cap2udp: 0 | kr2udp: 1 | 
2026-05-03 19:35:10,278 - INFO     - img2od: 8 | od2fr: 0 | od2lpr: 1000 | od2cap: 0 | fr2kr: 0 | lpr2kr: 1000 | cap2udp: 0 | kr2udp: 0 | 
2026-05-03 19:35:11,279 - INFO     - img2od: 8 | od2fr: 0 | od2lpr: 1000 | od2cap: 0 | fr2kr: 0 | lpr2kr: 1000 | cap2udp: 0 | kr2udp: 0 | 
2026-05-03 19:35:12,281 - INFO     - img2od: 8 | od2fr: 0 | od2lpr: 1000 | od2cap: 0 | fr2kr: 0 | lpr2kr: 1000 | cap2udp: 0 | kr2udp: 0 | 
2026-05-03 19:35:13,282 - INFO     - img2od: 8 | od2fr: 0 | od2lpr: 1000 | od2cap: 0 | fr2kr: 0 | lpr2kr: 1000 | cap2udp: 0 | kr2udp: 0 | 
2026-05-03 19:35:14,283 - INFO     - img2od: 8 | od2fr: 0 | od2lpr: 1000 | od2cap: 0 | fr2kr: 0 | lpr2kr: 1000 | cap2udp: 0 | kr2udp: 0 | 
2026-05-03 19:35:15,284 - INFO     - img2od: 8 | od2fr: 0 | od2lpr: 1000 | od2cap: 0 | fr2kr: 0 | lpr2kr: 1000 | cap2udp: 0 | kr2udp: 0 | 
2026-05-03 19:35:16,285 - INFO     - img2od: 8 | od2fr: 0 | od2lpr: 1000 | od2cap: 0 | fr2kr: 0 | lpr2kr: 1000 | cap2udp: 0 | kr2udp: 0 | 
2026-05-03 19:35:17,286 - INFO     - img2od: 8 | od2fr: 0 | od2lpr: 1000 | od2cap: 0 | fr2kr: 0 | lpr2kr: 1000 | cap2udp: 0 | kr2udp: 0 | 
2026-05-03 19:35:18,287 - INFO     - img2od: 8 | od2fr: 0 | od2lpr: 1000 | od2cap: 0 | fr2kr: 0 | lpr2kr: 999 | cap2udp: 0 | kr2udp: 1 | 
2026-05-03 19:35:19,288 - INFO     - img2od: 8 | od2fr: 0 | od2lpr: 1000 | od2cap: 0 | fr2kr: 0 | lpr2kr: 1000 | cap2udp: 0 | kr2udp: 1 | 
2026-05-03 19:35:20,289 - INFO     - img2od: 8 | od2fr: 0 | od2lpr: 1000 | od2cap: 0 | fr2kr: 0 | lpr2kr: 1000 | cap2udp: 0 | kr2udp: 1 | 
2026-05-03 19:35:21,291 - INFO     - img2od: 8 | od2fr: 0 | od2lpr: 1000 | od2cap: 0 | fr2kr: 0 | lpr2kr: 1000 | cap2udp: 0 | kr2udp: 1 | 
2026-05-03 19:35:22,292 - INFO     - img2od: 8 | od2fr: 0 | od2lpr: 1000 | od2cap: 0 | fr2kr: 0 | lpr2kr: 1000 | cap2udp: 0 | kr2udp: 1 | 
2026-05-03 19:35:23,292 - INFO     - img2od: 8 | od2fr: 0 | od2lpr: 1000 | od2cap: 0 | fr2kr: 0 | lpr2kr: 1000 | cap2udp: 0 | kr2udp: 1 | 
2026-05-03 19:35:24,293 - INFO     - img2od: 8 | od2fr: 0 | od2lpr: 1000 | od2cap: 0 | fr2kr: 0 | lpr2kr: 1000 | cap2udp: 0 | kr2udp: 1 | 
2026-05-03 19:35:25,294 - INFO     - img2od: 8 | od2fr: 0 | od2lpr: 1000 | od2cap: 0 | fr2kr: 0 | lpr2kr: 1000 | cap2udp: 0 | kr2udp: 1 | 
2026-05-03 19:35:26,295 - INFO     - img2od: 8 | od2fr: 0 | od2lpr: 1000 | od2cap: 0 | fr2kr: 0 | lpr2kr: 1000 | cap2udp: 0 | kr2udp: 1 | 
2026-05-03 19:35:27,296 - INFO     - img2od: 8 | od2fr: 0 | od2lpr: 1000 | od2cap: 0 | fr2kr: 0 | lpr2kr: 1000 | cap2udp: 0 | kr2udp: 0 | 
2026-05-03 19:35:28,297 - INFO     - img2od: 8 | od2fr: 0 | od2lpr: 1000 | od2cap: 0 | fr2kr: 0 | lpr2kr: 1000 | cap2udp: 0 | kr2udp: 0 | 
2026-05-03 19:35:29,298 - INFO     - img2od: 8 | od2fr: 0 | od2lpr: 1000 | od2cap: 0 | fr2kr: 0 | lpr2kr: 1000 | cap2udp: 0 | kr2udp: 0 | 
2026-05-03 19:35:30,299 - INFO     - img2od: 8 | od2fr: 0 | od2lpr: 1000 | od2cap: 0 | fr2kr: 0 | lpr2kr: 1000 | cap2udp: 0 | kr2udp: 0 | 
2026-05-03 19:35:31,300 - INFO     - img2od: 8 | od2fr: 0 | od2lpr: 1000 | od2cap: 0 | fr2kr: 0 | lpr2kr: 1000 | cap2udp: 0 | kr2udp: 0 | 
2026-05-03 19:35:32,301 - INFO     - img2od: 8 | od2fr: 0 | od2lpr: 1000 | od2cap: 0 | fr2kr: 0 | lpr2kr: 1000 | cap2udp: 0 | kr2udp: 0 | 
2026-05-03 19:35:33,303 - INFO     - img2od: 8 | od2fr: 0 | od2lpr: 1000 | od2cap: 0 | fr2kr: 0 | lpr2kr: 1000 | cap2udp: 0 | kr2udp: 0 | 
2026-05-03 19:35:34,304 - INFO     - img2od: 8 | od2fr: 0 | od2lpr: 1000 | od2cap: 0 | fr2kr: 0 | lpr2kr: 999 | cap2udp: 0 | kr2udp: 1 | 
2026-05-03 19:35:35,305 - INFO     - img2od: 8 | od2fr: 0 | od2lpr: 1000 | od2cap: 0 | fr2kr: 0 | lpr2kr: 1000 | cap2udp: 0 | kr2udp: 1 | 
2026-05-03 19:35:36,305 - INFO     - img2od: 8 | od2fr: 0 | od2lpr: 1000 | od2cap: 0 | fr2kr: 0 | lpr2kr: 1000 | cap2udp: 0 | kr2udp: 1 | 
2026-05-03 19:35:37,307 - INFO     - img2od: 8 | od2fr: 0 | od2lpr: 1000 | od2cap: 0 | fr2kr: 0 | lpr2kr: 1000 | cap2udp: 0 | kr2udp: 1 | 
2026-05-03 19:35:38,308 - INFO     - img2od: 8 | od2fr: 0 | od2lpr: 1000 | od2cap: 0 | fr2kr: 0 | lpr2kr: 1000 | cap2udp: 0 | kr2udp: 1 | 
2026-05-03 19:35:39,309 - INFO     - img2od: 8 | od2fr: 0 | od2lpr: 1000 | od2cap: 0 | fr2kr: 0 | lpr2kr: 1000 | cap2udp: 0 | kr2udp: 1 | 
2026-05-03 19:35:40,310 - INFO     - img2od: 8 | od2fr: 0 | od2lpr: 1000 | od2cap: 0 | fr2kr: 0 | lpr2kr: 1000 | cap2udp: 0 | kr2udp: 1 | 
2026-05-03 19:35:41,312 - INFO     - img2od: 8 | od2fr: 0 | od2lpr: 1000 | od2cap: 0 | fr2kr: 0 | lpr2kr: 1000 | cap2udp: 0 | kr2udp: 1 | 
2026-05-03 19:35:42,313 - INFO     - img2od: 8 | od2fr: 0 | od2lpr: 1000 | od2cap: 0 | fr2kr: 0 | lpr2kr: 1000 | cap2udp: 0 | kr2udp: 1 | 
2026-05-03 19:35:43,314 - INFO     - img2od: 8 | od2fr: 0 | od2lpr: 1000 | od2cap: 0 | fr2kr: 0 | lpr2kr: 1000 | cap2udp: 0 | kr2udp: 0 | 
2026-05-03 19:35:44,315 - INFO     - img2od: 8 | od2fr: 0 | od2lpr: 1000 | od2cap: 0 | fr2kr: 0 | lpr2kr: 1000 | cap2udp: 0 | kr2udp: 0 | 
2026-05-03 19:35:45,316 - INFO     - img2od: 8 | od2fr: 0 | od2lpr: 1000 | od2cap: 0 | fr2kr: 0 | lpr2kr: 1000 | cap2udp: 0 | kr2udp: 0 | 
2026-05-03 19:35:46,318 - INFO     - img2od: 8 | od2fr: 0 | od2lpr: 1000 | od2cap: 0 | fr2kr: 0 | lpr2kr: 1000 | cap2udp: 0 | kr2udp: 0 | 
2026-05-03 19:35:47,319 - INFO     - img2od: 8 | od2fr: 0 | od2lpr: 1000 | od2cap: 0 | fr2kr: 0 | lpr2kr: 1000 | cap2udp: 0 | kr2udp: 0 | 
2026-05-03 19:35:48,320 - INFO     - img2od: 8 | od2fr: 0 | od2lpr: 1000 | od2cap: 0 | fr2kr: 0 | lpr2kr: 1000 | cap2udp: 0 | kr2udp: 0 | 
2026-05-03 19:35:49,321 - INFO     - img2od: 8 | od2fr: 0 | od2lpr: 999 | od2cap: 0 | fr2kr: 0 | lpr2kr: 1000 | cap2udp: 0 | kr2udp: 0 | 
2026-05-03 19:35:50,322 - INFO     - img2od: 8 | od2fr: 0 | od2lpr: 1000 | od2cap: 0 | fr2kr: 0 | lpr2kr: 1000 | cap2udp: 0 | kr2udp: 1 | 
2026-05-03 19:35:51,323 - INFO     - img2od: 8 | od2fr: 0 | od2lpr: 1000 | od2cap: 0 | fr2kr: 0 | lpr2kr: 1000 | cap2udp: 0 | kr2udp: 1 | 
2026-05-03 19:35:52,324 - INFO     - img2od: 8 | od2fr: 0 | od2lpr: 1000 | od2cap: 0 | fr2kr: 0 | lpr2kr: 1000 | cap2udp: 0 | kr2udp: 1 | 
2026-05-03 19:35:53,325 - INFO     - img2od: 8 | od2fr: 0 | od2lpr: 1000 | od2cap: 0 | fr2kr: 0 | lpr2kr: 1000 | cap2udp: 0 | kr2udp: 1 | 
2026-05-03 19:35:54,326 - INFO     - img2od: 8 | od2fr: 0 | od2lpr: 1000 | od2cap: 0 | fr2kr: 0 | lpr2kr: 1000 | cap2udp: 0 | kr2udp: 1 | 
2026-05-03 19:35:55,327 - INFO     - img2od: 7 | od2fr: 0 | od2lpr: 1000 | od2cap: 0 | fr2kr: 0 | lpr2kr: 1000 | cap2udp: 0 | kr2udp: 1 | 
2026-05-03 19:35:56,328 - INFO     - img2od: 7 | od2fr: 0 | od2lpr: 1000 | od2cap: 0 | fr2kr: 0 | lpr2kr: 1000 | cap2udp: 0 | kr2udp: 1 | 
2026-05-03 19:35:57,329 - INFO     - img2od: 5 | od2fr: 0 | od2lpr: 1000 | od2cap: 0 | fr2kr: 0 | lpr2kr: 1000 | cap2udp: 0 | kr2udp: 0 | 
2026-05-03 19:35:58,330 - INFO     - img2od: 2 | od2fr: 0 | od2lpr: 999 | od2cap: 0 | fr2kr: 0 | lpr2kr: 1000 | cap2udp: 0 | kr2udp: 0 | 
2026-05-03 19:35:58,662 - INFO     - odStream     : Received END signal, shutting down
2026-05-03 19:35:58,757 - INFO     - capStream    : Received END signal, shutting down
2026-05-03 19:35:58,799 - INFO     - udpStream    : Received end signal from CAP
2026-05-03 19:35:58,906 - INFO     - odStream     : shutdown successful
2026-05-03 19:35:59,149 - INFO     - frStream     : Received END signal, shutting down
2026-05-03 19:35:59,253 - INFO     - capStream    : shutdown successful
2026-05-03 19:35:59,331 - INFO     - img2od: 0 | od2fr: 0 | od2lpr: 997 | od2cap: 0 | fr2kr: 3 | lpr2kr: 1000 | cap2udp: 0 | kr2udp: 1 | 
2026-05-03 19:35:59,355 - INFO     - frStream     : shutdown successful
2026-05-03 19:36:00,224 - INFO     - krStream     : Received end signal from FR
2026-05-03 19:36:00,332 - INFO     - img2od: 0 | od2fr: 0 | od2lpr: 994 | od2cap: 0 | fr2kr: 0 | lpr2kr: 1000 | cap2udp: 0 | kr2udp: 0 | 
2026-05-03 19:36:01,333 - INFO     - img2od: 0 | od2fr: 0 | od2lpr: 990 | od2cap: 0 | fr2kr: 0 | lpr2kr: 1000 | cap2udp: 0 | kr2udp: 1 | 
2026-05-03 19:36:02,334 - INFO     - img2od: 0 | od2fr: 0 | od2lpr: 985 | od2cap: 0 | fr2kr: 0 | lpr2kr: 1000 | cap2udp: 0 | kr2udp: 0 | 
2026-05-03 19:36:03,335 - INFO     - img2od: 0 | od2fr: 0 | od2lpr: 981 | od2cap: 0 | fr2kr: 0 | lpr2kr: 1000 | cap2udp: 0 | kr2udp: 1 | 
2026-05-03 19:36:04,336 - INFO     - img2od: 0 | od2fr: 0 | od2lpr: 976 | od2cap: 0 | fr2kr: 0 | lpr2kr: 1000 | cap2udp: 0 | kr2udp: 1 | 
2026-05-03 19:36:05,337 - INFO     - img2od: 0 | od2fr: 0 | od2lpr: 972 | od2cap: 0 | fr2kr: 0 | lpr2kr: 1000 | cap2udp: 0 | kr2udp: 0 | 
2026-05-03 19:36:06,338 - INFO     - img2od: 0 | od2fr: 0 | od2lpr: 968 | od2cap: 0 | fr2kr: 0 | lpr2kr: 1000 | cap2udp: 0 | kr2udp: 1 | 
2026-05-03 19:36:07,339 - INFO     - img2od: 0 | od2fr: 0 | od2lpr: 963 | od2cap: 0 | fr2kr: 0 | lpr2kr: 1000 | cap2udp: 0 | kr2udp: 0 | 
2026-05-03 19:36:08,340 - INFO     - img2od: 0 | od2fr: 0 | od2lpr: 959 | od2cap: 0 | fr2kr: 0 | lpr2kr: 1000 | cap2udp: 0 | kr2udp: 1 | 
2026-05-03 19:36:09,341 - INFO     - img2od: 0 | od2fr: 0 | od2lpr: 954 | od2cap: 0 | fr2kr: 0 | lpr2kr: 1000 | cap2udp: 0 | kr2udp: 0 | 
2026-05-03 19:36:10,343 - INFO     - img2od: 0 | od2fr: 0 | od2lpr: 950 | od2cap: 0 | fr2kr: 0 | lpr2kr: 1000 | cap2udp: 0 | kr2udp: 1 | 
2026-05-03 19:36:11,344 - INFO     - img2od: 0 | od2fr: 0 | od2lpr: 946 | od2cap: 0 | fr2kr: 0 | lpr2kr: 1000 | cap2udp: 0 | kr2udp: 1 | 
2026-05-03 19:36:12,345 - INFO     - img2od: 0 | od2fr: 0 | od2lpr: 941 | od2cap: 0 | fr2kr: 0 | lpr2kr: 1000 | cap2udp: 0 | kr2udp: 0 | 
2026-05-03 19:36:13,346 - INFO     - img2od: 0 | od2fr: 0 | od2lpr: 937 | od2cap: 0 | fr2kr: 0 | lpr2kr: 1000 | cap2udp: 0 | kr2udp: 1 | 
2026-05-03 19:36:14,347 - INFO     - img2od: 0 | od2fr: 0 | od2lpr: 932 | od2cap: 0 | fr2kr: 0 | lpr2kr: 1000 | cap2udp: 0 | kr2udp: 0 | 
2026-05-03 19:36:15,348 - INFO     - img2od: 0 | od2fr: 0 | od2lpr: 928 | od2cap: 0 | fr2kr: 0 | lpr2kr: 1000 | cap2udp: 0 | kr2udp: 1 | 
2026-05-03 19:36:16,349 - INFO     - img2od: 0 | od2fr: 0 | od2lpr: 924 | od2cap: 0 | fr2kr: 0 | lpr2kr: 1000 | cap2udp: 0 | kr2udp: 1 | 
2026-05-03 19:36:17,350 - INFO     - img2od: 0 | od2fr: 0 | od2lpr: 919 | od2cap: 0 | fr2kr: 0 | lpr2kr: 1000 | cap2udp: 0 | kr2udp: 0 | 
2026-05-03 19:36:18,351 - INFO     - img2od: 0 | od2fr: 0 | od2lpr: 915 | od2cap: 0 | fr2kr: 0 | lpr2kr: 1000 | cap2udp: 0 | kr2udp: 1 | 
2026-05-03 19:36:19,352 - INFO     - img2od: 0 | od2fr: 0 | od2lpr: 910 | od2cap: 0 | fr2kr: 0 | lpr2kr: 1000 | cap2udp: 0 | kr2udp: 0 | 
2026-05-03 19:36:20,354 - INFO     - img2od: 0 | od2fr: 0 | od2lpr: 906 | od2cap: 0 | fr2kr: 0 | lpr2kr: 1000 | cap2udp: 0 | kr2udp: 1 | 
2026-05-03 19:36:21,355 - INFO     - img2od: 0 | od2fr: 0 | od2lpr: 901 | od2cap: 0 | fr2kr: 0 | lpr2kr: 1000 | cap2udp: 0 | kr2udp: 1 | 
2026-05-03 19:36:22,356 - INFO     - img2od: 0 | od2fr: 0 | od2lpr: 897 | od2cap: 0 | fr2kr: 0 | lpr2kr: 1000 | cap2udp: 0 | kr2udp: 0 | 
2026-05-03 19:36:23,357 - INFO     - img2od: 0 | od2fr: 0 | od2lpr: 893 | od2cap: 0 | fr2kr: 0 | lpr2kr: 1000 | cap2udp: 0 | kr2udp: 1 | 
2026-05-03 19:36:24,359 - INFO     - img2od: 0 | od2fr: 0 | od2lpr: 888 | od2cap: 0 | fr2kr: 0 | lpr2kr: 1000 | cap2udp: 0 | kr2udp: 0 | 
2026-05-03 19:36:25,360 - INFO     - img2od: 0 | od2fr: 0 | od2lpr: 884 | od2cap: 0 | fr2kr: 0 | lpr2kr: 1000 | cap2udp: 0 | kr2udp: 1 | 
2026-05-03 19:36:26,361 - INFO     - img2od: 0 | od2fr: 0 | od2lpr: 879 | od2cap: 0 | fr2kr: 0 | lpr2kr: 1000 | cap2udp: 0 | kr2udp: 0 | 
2026-05-03 19:36:27,362 - INFO     - img2od: 0 | od2fr: 0 | od2lpr: 875 | od2cap: 0 | fr2kr: 0 | lpr2kr: 1000 | cap2udp: 0 | kr2udp: 1 | 
2026-05-03 19:36:28,363 - INFO     - img2od: 0 | od2fr: 0 | od2lpr: 871 | od2cap: 0 | fr2kr: 0 | lpr2kr: 1000 | cap2udp: 0 | kr2udp: 1 | 
2026-05-03 19:36:29,364 - INFO     - img2od: 0 | od2fr: 0 | od2lpr: 866 | od2cap: 0 | fr2kr: 0 | lpr2kr: 1000 | cap2udp: 0 | kr2udp: 0 | 
2026-05-03 19:36:30,365 - INFO     - img2od: 0 | od2fr: 0 | od2lpr: 862 | od2cap: 0 | fr2kr: 0 | lpr2kr: 1000 | cap2udp: 0 | kr2udp: 1 | 
2026-05-03 19:36:31,366 - INFO     - img2od: 0 | od2fr: 0 | od2lpr: 857 | od2cap: 0 | fr2kr: 0 | lpr2kr: 1000 | cap2udp: 0 | kr2udp: 0 | 
2026-05-03 19:36:32,368 - INFO     - img2od: 0 | od2fr: 0 | od2lpr: 853 | od2cap: 0 | fr2kr: 0 | lpr2kr: 1000 | cap2udp: 0 | kr2udp: 1 | 
2026-05-03 19:36:33,369 - INFO     - img2od: 0 | od2fr: 0 | od2lpr: 848 | od2cap: 0 | fr2kr: 0 | lpr2kr: 1000 | cap2udp: 0 | kr2udp: 1 | 
2026-05-03 19:36:34,370 - INFO     - img2od: 0 | od2fr: 0 | od2lpr: 844 | od2cap: 0 | fr2kr: 0 | lpr2kr: 1000 | cap2udp: 0 | kr2udp: 1 | 
2026-05-03 19:36:35,371 - INFO     - img2od: 0 | od2fr: 0 | od2lpr: 840 | od2cap: 0 | fr2kr: 0 | lpr2kr: 1000 | cap2udp: 0 | kr2udp: 1 | 
2026-05-03 19:36:36,373 - INFO     - img2od: 0 | od2fr: 0 | od2lpr: 835 | od2cap: 0 | fr2kr: 0 | lpr2kr: 1000 | cap2udp: 0 | kr2udp: 0 | 
2026-05-03 19:36:37,374 - INFO     - img2od: 0 | od2fr: 0 | od2lpr: 831 | od2cap: 0 | fr2kr: 0 | lpr2kr: 1000 | cap2udp: 0 | kr2udp: 1 | 
2026-05-03 19:36:38,375 - INFO     - img2od: 0 | od2fr: 0 | od2lpr: 827 | od2cap: 0 | fr2kr: 0 | lpr2kr: 1000 | cap2udp: 0 | kr2udp: 1 | 
2026-05-03 19:36:39,376 - INFO     - img2od: 0 | od2fr: 0 | od2lpr: 822 | od2cap: 0 | fr2kr: 0 | lpr2kr: 1000 | cap2udp: 0 | kr2udp: 0 | 
2026-05-03 19:36:40,378 - INFO     - img2od: 0 | od2fr: 0 | od2lpr: 818 | od2cap: 0 | fr2kr: 0 | lpr2kr: 1000 | cap2udp: 0 | kr2udp: 1 | 
2026-05-03 19:36:41,379 - INFO     - img2od: 0 | od2fr: 0 | od2lpr: 813 | od2cap: 0 | fr2kr: 0 | lpr2kr: 1000 | cap2udp: 0 | kr2udp: 0 | 
2026-05-03 19:36:42,380 - INFO     - img2od: 0 | od2fr: 0 | od2lpr: 809 | od2cap: 0 | fr2kr: 0 | lpr2kr: 1000 | cap2udp: 0 | kr2udp: 1 | 
2026-05-03 19:36:43,381 - INFO     - img2od: 0 | od2fr: 0 | od2lpr: 804 | od2cap: 0 | fr2kr: 0 | lpr2kr: 1000 | cap2udp: 0 | kr2udp: 0 | 
2026-05-03 19:36:44,383 - INFO     - img2od: 0 | od2fr: 0 | od2lpr: 800 | od2cap: 0 | fr2kr: 0 | lpr2kr: 1000 | cap2udp: 0 | kr2udp: 1 | 
2026-05-03 19:36:45,384 - INFO     - img2od: 0 | od2fr: 0 | od2lpr: 796 | od2cap: 0 | fr2kr: 0 | lpr2kr: 999 | cap2udp: 0 | kr2udp: 1 | 
2026-05-03 19:36:46,385 - INFO     - img2od: 0 | od2fr: 0 | od2lpr: 791 | od2cap: 0 | fr2kr: 0 | lpr2kr: 1000 | cap2udp: 0 | kr2udp: 0 | 
2026-05-03 19:36:47,386 - INFO     - img2od: 0 | od2fr: 0 | od2lpr: 787 | od2cap: 0 | fr2kr: 0 | lpr2kr: 1000 | cap2udp: 0 | kr2udp: 1 | 
2026-05-03 19:36:48,387 - INFO     - img2od: 0 | od2fr: 0 | od2lpr: 782 | od2cap: 0 | fr2kr: 0 | lpr2kr: 1000 | cap2udp: 0 | kr2udp: 0 | 
2026-05-03 19:36:49,388 - INFO     - img2od: 0 | od2fr: 0 | od2lpr: 778 | od2cap: 0 | fr2kr: 0 | lpr2kr: 1000 | cap2udp: 0 | kr2udp: 1 | 
2026-05-03 19:36:50,389 - INFO     - img2od: 0 | od2fr: 0 | od2lpr: 774 | od2cap: 0 | fr2kr: 0 | lpr2kr: 1000 | cap2udp: 0 | kr2udp: 1 | 
2026-05-03 19:36:51,390 - INFO     - img2od: 0 | od2fr: 0 | od2lpr: 769 | od2cap: 0 | fr2kr: 0 | lpr2kr: 1000 | cap2udp: 0 | kr2udp: 0 | 
2026-05-03 19:36:52,391 - INFO     - img2od: 0 | od2fr: 0 | od2lpr: 765 | od2cap: 0 | fr2kr: 0 | lpr2kr: 1000 | cap2udp: 0 | kr2udp: 1 | 
2026-05-03 19:36:53,392 - INFO     - img2od: 0 | od2fr: 0 | od2lpr: 760 | od2cap: 0 | fr2kr: 0 | lpr2kr: 1000 | cap2udp: 0 | kr2udp: 0 | 
2026-05-03 19:36:54,393 - INFO     - img2od: 0 | od2fr: 0 | od2lpr: 756 | od2cap: 0 | fr2kr: 0 | lpr2kr: 1000 | cap2udp: 0 | kr2udp: 1 | 
2026-05-03 19:36:55,394 - INFO     - img2od: 0 | od2fr: 0 | od2lpr: 751 | od2cap: 0 | fr2kr: 0 | lpr2kr: 1000 | cap2udp: 0 | kr2udp: 0 | 
2026-05-03 19:36:56,395 - INFO     - img2od: 0 | od2fr: 0 | od2lpr: 747 | od2cap: 0 | fr2kr: 0 | lpr2kr: 1000 | cap2udp: 0 | kr2udp: 1 | 
2026-05-03 19:36:57,396 - INFO     - img2od: 0 | od2fr: 0 | od2lpr: 743 | od2cap: 0 | fr2kr: 0 | lpr2kr: 1000 | cap2udp: 0 | kr2udp: 1 | 
2026-05-03 19:36:58,397 - INFO     - img2od: 0 | od2fr: 0 | od2lpr: 738 | od2cap: 0 | fr2kr: 0 | lpr2kr: 1000 | cap2udp: 0 | kr2udp: 0 | 
2026-05-03 19:36:59,398 - INFO     - img2od: 0 | od2fr: 0 | od2lpr: 734 | od2cap: 0 | fr2kr: 0 | lpr2kr: 1000 | cap2udp: 0 | kr2udp: 1 | 
2026-05-03 19:37:00,399 - INFO     - img2od: 0 | od2fr: 0 | od2lpr: 729 | od2cap: 0 | fr2kr: 0 | lpr2kr: 1000 | cap2udp: 0 | kr2udp: 0 | 
2026-05-03 19:37:01,400 - INFO     - img2od: 0 | od2fr: 0 | od2lpr: 725 | od2cap: 0 | fr2kr: 0 | lpr2kr: 1000 | cap2udp: 0 | kr2udp: 1 | 
2026-05-03 19:37:02,400 - INFO     - img2od: 0 | od2fr: 0 | od2lpr: 720 | od2cap: 0 | fr2kr: 0 | lpr2kr: 1000 | cap2udp: 0 | kr2udp: 1 | 
2026-05-03 19:37:03,402 - INFO     - img2od: 0 | od2fr: 0 | od2lpr: 716 | od2cap: 0 | fr2kr: 0 | lpr2kr: 1000 | cap2udp: 0 | kr2udp: 1 | 
2026-05-03 19:37:04,403 - INFO     - img2od: 0 | od2fr: 0 | od2lpr: 712 | od2cap: 0 | fr2kr: 0 | lpr2kr: 1000 | cap2udp: 0 | kr2udp: 1 | 
2026-05-03 19:37:05,404 - INFO     - img2od: 0 | od2fr: 0 | od2lpr: 707 | od2cap: 0 | fr2kr: 0 | lpr2kr: 1000 | cap2udp: 0 | kr2udp: 0 | 
2026-05-03 19:37:06,405 - INFO     - img2od: 0 | od2fr: 0 | od2lpr: 703 | od2cap: 0 | fr2kr: 0 | lpr2kr: 1000 | cap2udp: 0 | kr2udp: 1 | 
2026-05-03 19:37:07,406 - INFO     - img2od: 0 | od2fr: 0 | od2lpr: 698 | od2cap: 0 | fr2kr: 0 | lpr2kr: 1000 | cap2udp: 0 | kr2udp: 0 | 
2026-05-03 19:37:08,407 - INFO     - img2od: 0 | od2fr: 0 | od2lpr: 694 | od2cap: 0 | fr2kr: 0 | lpr2kr: 1000 | cap2udp: 0 | kr2udp: 1 | 
2026-05-03 19:37:09,408 - INFO     - img2od: 0 | od2fr: 0 | od2lpr: 689 | od2cap: 0 | fr2kr: 0 | lpr2kr: 1000 | cap2udp: 0 | kr2udp: 1 | 
2026-05-03 19:37:10,409 - INFO     - img2od: 0 | od2fr: 0 | od2lpr: 685 | od2cap: 0 | fr2kr: 0 | lpr2kr: 1000 | cap2udp: 0 | kr2udp: 1 | 
2026-05-03 19:37:11,410 - INFO     - img2od: 0 | od2fr: 0 | od2lpr: 681 | od2cap: 0 | fr2kr: 0 | lpr2kr: 1000 | cap2udp: 0 | kr2udp: 1 | 
2026-05-03 19:37:12,411 - INFO     - img2od: 0 | od2fr: 0 | od2lpr: 676 | od2cap: 0 | fr2kr: 0 | lpr2kr: 1000 | cap2udp: 0 | kr2udp: 0 | 
2026-05-03 19:37:13,412 - INFO     - img2od: 0 | od2fr: 0 | od2lpr: 672 | od2cap: 0 | fr2kr: 0 | lpr2kr: 1000 | cap2udp: 0 | kr2udp: 1 | 
2026-05-03 19:37:14,413 - INFO     - img2od: 0 | od2fr: 0 | od2lpr: 667 | od2cap: 0 | fr2kr: 0 | lpr2kr: 1000 | cap2udp: 0 | kr2udp: 1 | 
2026-05-03 19:37:15,414 - INFO     - img2od: 0 | od2fr: 0 | od2lpr: 663 | od2cap: 0 | fr2kr: 0 | lpr2kr: 1000 | cap2udp: 0 | kr2udp: 1 | 
2026-05-03 19:37:16,415 - INFO     - img2od: 0 | od2fr: 0 | od2lpr: 659 | od2cap: 0 | fr2kr: 0 | lpr2kr: 1000 | cap2udp: 0 | kr2udp: 1 | 
2026-05-03 19:37:17,416 - INFO     - img2od: 0 | od2fr: 0 | od2lpr: 654 | od2cap: 0 | fr2kr: 0 | lpr2kr: 1000 | cap2udp: 0 | kr2udp: 0 | 
2026-05-03 19:37:18,417 - INFO     - img2od: 0 | od2fr: 0 | od2lpr: 650 | od2cap: 0 | fr2kr: 0 | lpr2kr: 1000 | cap2udp: 0 | kr2udp: 1 | 
2026-05-03 19:37:19,419 - INFO     - img2od: 0 | od2fr: 0 | od2lpr: 645 | od2cap: 0 | fr2kr: 0 | lpr2kr: 1000 | cap2udp: 0 | kr2udp: 0 | 
2026-05-03 19:37:20,420 - INFO     - img2od: 0 | od2fr: 0 | od2lpr: 641 | od2cap: 0 | fr2kr: 0 | lpr2kr: 1000 | cap2udp: 0 | kr2udp: 1 | 
2026-05-03 19:37:21,421 - INFO     - img2od: 0 | od2fr: 0 | od2lpr: 636 | od2cap: 0 | fr2kr: 0 | lpr2kr: 1000 | cap2udp: 0 | kr2udp: 1 | 
2026-05-03 19:37:22,422 - INFO     - img2od: 0 | od2fr: 0 | od2lpr: 632 | od2cap: 0 | fr2kr: 0 | lpr2kr: 1000 | cap2udp: 0 | kr2udp: 1 | 
2026-05-03 19:37:23,423 - INFO     - img2od: 0 | od2fr: 0 | od2lpr: 628 | od2cap: 0 | fr2kr: 0 | lpr2kr: 1000 | cap2udp: 0 | kr2udp: 1 | 
2026-05-03 19:37:24,424 - INFO     - img2od: 0 | od2fr: 0 | od2lpr: 623 | od2cap: 0 | fr2kr: 0 | lpr2kr: 1000 | cap2udp: 0 | kr2udp: 0 | 
2026-05-03 19:37:25,425 - INFO     - img2od: 0 | od2fr: 0 | od2lpr: 619 | od2cap: 0 | fr2kr: 0 | lpr2kr: 1000 | cap2udp: 0 | kr2udp: 1 | 
2026-05-03 19:37:26,426 - INFO     - img2od: 0 | od2fr: 0 | od2lpr: 614 | od2cap: 0 | fr2kr: 0 | lpr2kr: 1000 | cap2udp: 0 | kr2udp: 1 | 
2026-05-03 19:37:27,428 - INFO     - img2od: 0 | od2fr: 0 | od2lpr: 610 | od2cap: 0 | fr2kr: 0 | lpr2kr: 1000 | cap2udp: 0 | kr2udp: 1 | 
2026-05-03 19:37:28,429 - INFO     - img2od: 0 | od2fr: 0 | od2lpr: 606 | od2cap: 0 | fr2kr: 0 | lpr2kr: 1000 | cap2udp: 0 | kr2udp: 1 | 
2026-05-03 19:37:29,430 - INFO     - img2od: 0 | od2fr: 0 | od2lpr: 601 | od2cap: 0 | fr2kr: 0 | lpr2kr: 1000 | cap2udp: 0 | kr2udp: 0 | 
2026-05-03 19:37:30,431 - INFO     - img2od: 0 | od2fr: 0 | od2lpr: 597 | od2cap: 0 | fr2kr: 0 | lpr2kr: 1000 | cap2udp: 0 | kr2udp: 1 | 
2026-05-03 19:37:31,432 - INFO     - img2od: 0 | od2fr: 0 | od2lpr: 592 | od2cap: 0 | fr2kr: 0 | lpr2kr: 1000 | cap2udp: 0 | kr2udp: 0 | 
2026-05-03 19:37:32,433 - INFO     - img2od: 0 | od2fr: 0 | od2lpr: 588 | od2cap: 0 | fr2kr: 0 | lpr2kr: 1000 | cap2udp: 0 | kr2udp: 1 | 
2026-05-03 19:37:33,435 - INFO     - img2od: 0 | od2fr: 0 | od2lpr: 583 | od2cap: 0 | fr2kr: 0 | lpr2kr: 1000 | cap2udp: 0 | kr2udp: 1 | 
2026-05-03 19:37:34,436 - INFO     - img2od: 0 | od2fr: 0 | od2lpr: 579 | od2cap: 0 | fr2kr: 0 | lpr2kr: 1000 | cap2udp: 0 | kr2udp: 0 | 
2026-05-03 19:37:35,437 - INFO     - img2od: 0 | od2fr: 0 | od2lpr: 575 | od2cap: 0 | fr2kr: 0 | lpr2kr: 1000 | cap2udp: 0 | kr2udp: 1 | 
2026-05-03 19:37:36,438 - INFO     - img2od: 0 | od2fr: 0 | od2lpr: 570 | od2cap: 0 | fr2kr: 0 | lpr2kr: 1000 | cap2udp: 0 | kr2udp: 0 | 
2026-05-03 19:37:37,439 - INFO     - img2od: 0 | od2fr: 0 | od2lpr: 566 | od2cap: 0 | fr2kr: 0 | lpr2kr: 1000 | cap2udp: 0 | kr2udp: 1 | 
2026-05-03 19:37:38,441 - INFO     - img2od: 0 | od2fr: 0 | od2lpr: 561 | od2cap: 0 | fr2kr: 0 | lpr2kr: 1000 | cap2udp: 0 | kr2udp: 1 | 
2026-05-03 19:37:39,442 - INFO     - img2od: 0 | od2fr: 0 | od2lpr: 557 | od2cap: 0 | fr2kr: 0 | lpr2kr: 1000 | cap2udp: 0 | kr2udp: 1 | 
2026-05-03 19:37:40,443 - INFO     - img2od: 0 | od2fr: 0 | od2lpr: 553 | od2cap: 0 | fr2kr: 0 | lpr2kr: 1000 | cap2udp: 0 | kr2udp: 1 | 
2026-05-03 19:37:41,444 - INFO     - img2od: 0 | od2fr: 0 | od2lpr: 548 | od2cap: 0 | fr2kr: 0 | lpr2kr: 1000 | cap2udp: 0 | kr2udp: 0 | 
2026-05-03 19:37:42,445 - INFO     - img2od: 0 | od2fr: 0 | od2lpr: 544 | od2cap: 0 | fr2kr: 0 | lpr2kr: 1000 | cap2udp: 0 | kr2udp: 1 | 
2026-05-03 19:37:43,447 - INFO     - img2od: 0 | od2fr: 0 | od2lpr: 539 | od2cap: 0 | fr2kr: 0 | lpr2kr: 1000 | cap2udp: 0 | kr2udp: 0 | 
2026-05-03 19:37:44,448 - INFO     - img2od: 0 | od2fr: 0 | od2lpr: 535 | od2cap: 0 | fr2kr: 0 | lpr2kr: 1000 | cap2udp: 0 | kr2udp: 1 | 
2026-05-03 19:37:45,449 - INFO     - img2od: 0 | od2fr: 0 | od2lpr: 531 | od2cap: 0 | fr2kr: 0 | lpr2kr: 999 | cap2udp: 0 | kr2udp: 1 | 
2026-05-03 19:37:46,450 - INFO     - img2od: 0 | od2fr: 0 | od2lpr: 526 | od2cap: 0 | fr2kr: 0 | lpr2kr: 1000 | cap2udp: 0 | kr2udp: 0 | 
2026-05-03 19:37:47,451 - INFO     - img2od: 0 | od2fr: 0 | od2lpr: 522 | od2cap: 0 | fr2kr: 0 | lpr2kr: 1000 | cap2udp: 0 | kr2udp: 1 | 
2026-05-03 19:37:48,452 - INFO     - img2od: 0 | od2fr: 0 | od2lpr: 517 | od2cap: 0 | fr2kr: 0 | lpr2kr: 1000 | cap2udp: 0 | kr2udp: 0 | 
2026-05-03 19:37:49,453 - INFO     - img2od: 0 | od2fr: 0 | od2lpr: 513 | od2cap: 0 | fr2kr: 0 | lpr2kr: 1000 | cap2udp: 0 | kr2udp: 1 | 
2026-05-03 19:37:50,454 - INFO     - img2od: 0 | od2fr: 0 | od2lpr: 508 | od2cap: 0 | fr2kr: 0 | lpr2kr: 1000 | cap2udp: 0 | kr2udp: 1 | 
2026-05-03 19:37:51,455 - INFO     - img2od: 0 | od2fr: 0 | od2lpr: 504 | od2cap: 0 | fr2kr: 0 | lpr2kr: 1000 | cap2udp: 0 | kr2udp: 0 | 
2026-05-03 19:37:52,456 - INFO     - img2od: 0 | od2fr: 0 | od2lpr: 500 | od2cap: 0 | fr2kr: 0 | lpr2kr: 1000 | cap2udp: 0 | kr2udp: 1 | 
2026-05-03 19:37:53,458 - INFO     - img2od: 0 | od2fr: 0 | od2lpr: 495 | od2cap: 0 | fr2kr: 0 | lpr2kr: 1000 | cap2udp: 0 | kr2udp: 0 | 
2026-05-03 19:37:54,459 - INFO     - img2od: 0 | od2fr: 0 | od2lpr: 491 | od2cap: 0 | fr2kr: 0 | lpr2kr: 1000 | cap2udp: 0 | kr2udp: 1 | 
2026-05-03 19:37:55,460 - INFO     - img2od: 0 | od2fr: 0 | od2lpr: 486 | od2cap: 0 | fr2kr: 0 | lpr2kr: 1000 | cap2udp: 0 | kr2udp: 0 | 
2026-05-03 19:37:56,461 - INFO     - img2od: 0 | od2fr: 0 | od2lpr: 482 | od2cap: 0 | fr2kr: 0 | lpr2kr: 1000 | cap2udp: 0 | kr2udp: 1 | 
2026-05-03 19:37:57,463 - INFO     - img2od: 0 | od2fr: 0 | od2lpr: 477 | od2cap: 0 | fr2kr: 0 | lpr2kr: 1000 | cap2udp: 0 | kr2udp: 1 | 
2026-05-03 19:37:58,464 - INFO     - img2od: 0 | od2fr: 0 | od2lpr: 473 | od2cap: 0 | fr2kr: 0 | lpr2kr: 1000 | cap2udp: 0 | kr2udp: 0 | 
2026-05-03 19:37:59,465 - INFO     - img2od: 0 | od2fr: 0 | od2lpr: 469 | od2cap: 0 | fr2kr: 0 | lpr2kr: 1000 | cap2udp: 0 | kr2udp: 1 | 
2026-05-03 19:38:00,466 - INFO     - img2od: 0 | od2fr: 0 | od2lpr: 464 | od2cap: 0 | fr2kr: 0 | lpr2kr: 1000 | cap2udp: 0 | kr2udp: 1 | 
2026-05-03 19:38:01,467 - INFO     - img2od: 0 | od2fr: 0 | od2lpr: 459 | od2cap: 0 | fr2kr: 0 | lpr2kr: 1000 | cap2udp: 0 | kr2udp: 1 | 
2026-05-03 19:38:02,468 - INFO     - img2od: 0 | od2fr: 0 | od2lpr: 454 | od2cap: 0 | fr2kr: 0 | lpr2kr: 1000 | cap2udp: 0 | kr2udp: 1 | 
2026-05-03 19:38:03,469 - INFO     - img2od: 0 | od2fr: 0 | od2lpr: 449 | od2cap: 0 | fr2kr: 0 | lpr2kr: 999 | cap2udp: 0 | kr2udp: 1 | 
2026-05-03 19:38:04,470 - INFO     - img2od: 0 | od2fr: 0 | od2lpr: 444 | od2cap: 0 | fr2kr: 0 | lpr2kr: 1000 | cap2udp: 0 | kr2udp: 1 | 
2026-05-03 19:38:05,471 - INFO     - img2od: 0 | od2fr: 0 | od2lpr: 439 | od2cap: 0 | fr2kr: 0 | lpr2kr: 1000 | cap2udp: 0 | kr2udp: 1 | 
2026-05-03 19:38:06,472 - INFO     - img2od: 0 | od2fr: 0 | od2lpr: 434 | od2cap: 0 | fr2kr: 0 | lpr2kr: 1000 | cap2udp: 0 | kr2udp: 1 | 
2026-05-03 19:38:07,473 - INFO     - img2od: 0 | od2fr: 0 | od2lpr: 429 | od2cap: 0 | fr2kr: 0 | lpr2kr: 1000 | cap2udp: 0 | kr2udp: 1 | 
2026-05-03 19:38:08,474 - INFO     - img2od: 0 | od2fr: 0 | od2lpr: 424 | od2cap: 0 | fr2kr: 0 | lpr2kr: 1000 | cap2udp: 0 | kr2udp: 1 | 
2026-05-03 19:38:09,476 - INFO     - img2od: 0 | od2fr: 0 | od2lpr: 419 | od2cap: 0 | fr2kr: 0 | lpr2kr: 1000 | cap2udp: 0 | kr2udp: 1 | 
2026-05-03 19:38:10,477 - INFO     - img2od: 0 | od2fr: 0 | od2lpr: 414 | od2cap: 0 | fr2kr: 0 | lpr2kr: 1000 | cap2udp: 0 | kr2udp: 1 | 
2026-05-03 19:38:11,478 - INFO     - img2od: 0 | od2fr: 0 | od2lpr: 409 | od2cap: 0 | fr2kr: 0 | lpr2kr: 1000 | cap2udp: 0 | kr2udp: 1 | 
2026-05-03 19:38:12,479 - INFO     - img2od: 0 | od2fr: 0 | od2lpr: 404 | od2cap: 0 | fr2kr: 0 | lpr2kr: 1000 | cap2udp: 0 | kr2udp: 1 | 
2026-05-03 19:38:13,480 - INFO     - img2od: 0 | od2fr: 0 | od2lpr: 399 | od2cap: 0 | fr2kr: 0 | lpr2kr: 1000 | cap2udp: 0 | kr2udp: 1 | 
2026-05-03 19:38:14,481 - INFO     - img2od: 0 | od2fr: 0 | od2lpr: 394 | od2cap: 0 | fr2kr: 0 | lpr2kr: 1000 | cap2udp: 0 | kr2udp: 1 | 
2026-05-03 19:38:15,483 - INFO     - img2od: 0 | od2fr: 0 | od2lpr: 389 | od2cap: 0 | fr2kr: 0 | lpr2kr: 1000 | cap2udp: 0 | kr2udp: 1 | 
2026-05-03 19:38:16,484 - INFO     - img2od: 0 | od2fr: 0 | od2lpr: 384 | od2cap: 0 | fr2kr: 0 | lpr2kr: 1000 | cap2udp: 0 | kr2udp: 0 | 
2026-05-03 19:38:17,485 - INFO     - img2od: 0 | od2fr: 0 | od2lpr: 380 | od2cap: 0 | fr2kr: 0 | lpr2kr: 1000 | cap2udp: 0 | kr2udp: 1 | 
2026-05-03 19:38:18,486 - INFO     - img2od: 0 | od2fr: 0 | od2lpr: 375 | od2cap: 0 | fr2kr: 0 | lpr2kr: 1000 | cap2udp: 0 | kr2udp: 1 | 
2026-05-03 19:38:19,487 - INFO     - img2od: 0 | od2fr: 0 | od2lpr: 371 | od2cap: 0 | fr2kr: 0 | lpr2kr: 1000 | cap2udp: 0 | kr2udp: 1 | 
2026-05-03 19:38:20,488 - INFO     - img2od: 0 | od2fr: 0 | od2lpr: 368 | od2cap: 0 | fr2kr: 0 | lpr2kr: 1000 | cap2udp: 0 | kr2udp: 1 | 
2026-05-03 19:38:21,489 - INFO     - img2od: 0 | od2fr: 0 | od2lpr: 365 | od2cap: 0 | fr2kr: 0 | lpr2kr: 1000 | cap2udp: 0 | kr2udp: 1 | 
2026-05-03 19:38:22,490 - INFO     - img2od: 0 | od2fr: 0 | od2lpr: 362 | od2cap: 0 | fr2kr: 0 | lpr2kr: 1000 | cap2udp: 0 | kr2udp: 1 | 
2026-05-03 19:38:23,491 - INFO     - img2od: 0 | od2fr: 0 | od2lpr: 359 | od2cap: 0 | fr2kr: 0 | lpr2kr: 1000 | cap2udp: 0 | kr2udp: 1 | 
2026-05-03 19:38:24,492 - INFO     - img2od: 0 | od2fr: 0 | od2lpr: 355 | od2cap: 0 | fr2kr: 0 | lpr2kr: 1000 | cap2udp: 0 | kr2udp: 1 | 
2026-05-03 19:38:25,493 - INFO     - img2od: 0 | od2fr: 0 | od2lpr: 352 | od2cap: 0 | fr2kr: 0 | lpr2kr: 1000 | cap2udp: 0 | kr2udp: 1 | 
2026-05-03 19:38:26,494 - INFO     - img2od: 0 | od2fr: 0 | od2lpr: 348 | od2cap: 0 | fr2kr: 0 | lpr2kr: 1000 | cap2udp: 0 | kr2udp: 0 | 
2026-05-03 19:38:27,495 - INFO     - img2od: 0 | od2fr: 0 | od2lpr: 346 | od2cap: 0 | fr2kr: 0 | lpr2kr: 1000 | cap2udp: 0 | kr2udp: 0 | 
2026-05-03 19:38:28,496 - INFO     - img2od: 0 | od2fr: 0 | od2lpr: 344 | od2cap: 0 | fr2kr: 0 | lpr2kr: 1000 | cap2udp: 0 | kr2udp: 1 | 
2026-05-03 19:38:29,497 - INFO     - img2od: 0 | od2fr: 0 | od2lpr: 341 | od2cap: 0 | fr2kr: 0 | lpr2kr: 1000 | cap2udp: 0 | kr2udp: 0 | 
2026-05-03 19:38:30,498 - INFO     - img2od: 0 | od2fr: 0 | od2lpr: 339 | od2cap: 0 | fr2kr: 0 | lpr2kr: 1000 | cap2udp: 0 | kr2udp: 1 | 
2026-05-03 19:38:31,499 - INFO     - img2od: 0 | od2fr: 0 | od2lpr: 336 | od2cap: 0 | fr2kr: 0 | lpr2kr: 1000 | cap2udp: 0 | kr2udp: 1 | 
2026-05-03 19:38:32,500 - INFO     - img2od: 0 | od2fr: 0 | od2lpr: 333 | od2cap: 0 | fr2kr: 0 | lpr2kr: 1000 | cap2udp: 0 | kr2udp: 1 | 
2026-05-03 19:38:33,501 - INFO     - img2od: 0 | od2fr: 0 | od2lpr: 330 | od2cap: 0 | fr2kr: 0 | lpr2kr: 1000 | cap2udp: 0 | kr2udp: 1 | 
2026-05-03 19:38:34,502 - INFO     - img2od: 0 | od2fr: 0 | od2lpr: 326 | od2cap: 0 | fr2kr: 0 | lpr2kr: 1000 | cap2udp: 0 | kr2udp: 1 | 
2026-05-03 19:38:35,503 - INFO     - img2od: 0 | od2fr: 0 | od2lpr: 323 | od2cap: 0 | fr2kr: 0 | lpr2kr: 1000 | cap2udp: 0 | kr2udp: 1 | 
2026-05-03 19:38:36,504 - INFO     - img2od: 0 | od2fr: 0 | od2lpr: 320 | od2cap: 0 | fr2kr: 0 | lpr2kr: 1000 | cap2udp: 0 | kr2udp: 1 | 
2026-05-03 19:38:37,505 - INFO     - img2od: 0 | od2fr: 0 | od2lpr: 316 | od2cap: 0 | fr2kr: 0 | lpr2kr: 1000 | cap2udp: 0 | kr2udp: 0 | 
2026-05-03 19:38:38,506 - INFO     - img2od: 0 | od2fr: 0 | od2lpr: 313 | od2cap: 0 | fr2kr: 0 | lpr2kr: 1000 | cap2udp: 0 | kr2udp: 1 | 
2026-05-03 19:38:39,507 - INFO     - img2od: 0 | od2fr: 0 | od2lpr: 310 | od2cap: 0 | fr2kr: 0 | lpr2kr: 1000 | cap2udp: 0 | kr2udp: 1 | 
2026-05-03 19:38:40,508 - INFO     - img2od: 0 | od2fr: 0 | od2lpr: 307 | od2cap: 0 | fr2kr: 0 | lpr2kr: 1000 | cap2udp: 0 | kr2udp: 1 | 
2026-05-03 19:38:41,509 - INFO     - img2od: 0 | od2fr: 0 | od2lpr: 305 | od2cap: 0 | fr2kr: 0 | lpr2kr: 1000 | cap2udp: 0 | kr2udp: 1 | 
2026-05-03 19:38:42,510 - INFO     - img2od: 0 | od2fr: 0 | od2lpr: 302 | od2cap: 0 | fr2kr: 0 | lpr2kr: 1000 | cap2udp: 0 | kr2udp: 1 | 
2026-05-03 19:38:43,512 - INFO     - img2od: 0 | od2fr: 0 | od2lpr: 299 | od2cap: 0 | fr2kr: 0 | lpr2kr: 1000 | cap2udp: 0 | kr2udp: 1 | 
2026-05-03 19:38:44,513 - INFO     - img2od: 0 | od2fr: 0 | od2lpr: 296 | od2cap: 0 | fr2kr: 0 | lpr2kr: 1000 | cap2udp: 0 | kr2udp: 1 | 
2026-05-03 19:38:45,514 - INFO     - img2od: 0 | od2fr: 0 | od2lpr: 293 | od2cap: 0 | fr2kr: 0 | lpr2kr: 1000 | cap2udp: 0 | kr2udp: 0 | 
2026-05-03 19:38:46,515 - INFO     - img2od: 0 | od2fr: 0 | od2lpr: 291 | od2cap: 0 | fr2kr: 0 | lpr2kr: 1000 | cap2udp: 0 | kr2udp: 1 | 
2026-05-03 19:38:47,516 - INFO     - img2od: 0 | od2fr: 0 | od2lpr: 288 | od2cap: 0 | fr2kr: 0 | lpr2kr: 1000 | cap2udp: 0 | kr2udp: 0 | 
2026-05-03 19:38:48,517 - INFO     - img2od: 0 | od2fr: 0 | od2lpr: 286 | od2cap: 0 | fr2kr: 0 | lpr2kr: 1000 | cap2udp: 0 | kr2udp: 1 | 
2026-05-03 19:38:49,518 - INFO     - img2od: 0 | od2fr: 0 | od2lpr: 283 | od2cap: 0 | fr2kr: 0 | lpr2kr: 1000 | cap2udp: 0 | kr2udp: 1 | 
2026-05-03 19:38:50,519 - INFO     - img2od: 0 | od2fr: 0 | od2lpr: 280 | od2cap: 0 | fr2kr: 0 | lpr2kr: 1000 | cap2udp: 0 | kr2udp: 0 | 
2026-05-03 19:38:51,520 - INFO     - img2od: 0 | od2fr: 0 | od2lpr: 277 | od2cap: 0 | fr2kr: 0 | lpr2kr: 1000 | cap2udp: 0 | kr2udp: 1 | 
2026-05-03 19:38:52,521 - INFO     - img2od: 0 | od2fr: 0 | od2lpr: 274 | od2cap: 0 | fr2kr: 0 | lpr2kr: 1000 | cap2udp: 0 | kr2udp: 1 | 
2026-05-03 19:38:53,522 - INFO     - img2od: 0 | od2fr: 0 | od2lpr: 271 | od2cap: 0 | fr2kr: 0 | lpr2kr: 1000 | cap2udp: 0 | kr2udp: 1 | 
2026-05-03 19:38:54,523 - INFO     - img2od: 0 | od2fr: 0 | od2lpr: 268 | od2cap: 0 | fr2kr: 0 | lpr2kr: 1000 | cap2udp: 0 | kr2udp: 0 | 
2026-05-03 19:38:55,524 - INFO     - img2od: 0 | od2fr: 0 | od2lpr: 265 | od2cap: 0 | fr2kr: 0 | lpr2kr: 1000 | cap2udp: 0 | kr2udp: 0 | 
2026-05-03 19:38:56,525 - INFO     - img2od: 0 | od2fr: 0 | od2lpr: 262 | od2cap: 0 | fr2kr: 0 | lpr2kr: 1000 | cap2udp: 0 | kr2udp: 0 | 
2026-05-03 19:38:57,526 - INFO     - img2od: 0 | od2fr: 0 | od2lpr: 259 | od2cap: 0 | fr2kr: 0 | lpr2kr: 1000 | cap2udp: 0 | kr2udp: 1 | 
2026-05-03 19:38:58,527 - INFO     - img2od: 0 | od2fr: 0 | od2lpr: 256 | od2cap: 0 | fr2kr: 0 | lpr2kr: 1000 | cap2udp: 0 | kr2udp: 1 | 
2026-05-03 19:38:59,528 - INFO     - img2od: 0 | od2fr: 0 | od2lpr: 253 | od2cap: 0 | fr2kr: 0 | lpr2kr: 1000 | cap2udp: 0 | kr2udp: 1 | 
2026-05-03 19:39:00,529 - INFO     - img2od: 0 | od2fr: 0 | od2lpr: 249 | od2cap: 0 | fr2kr: 0 | lpr2kr: 1000 | cap2udp: 0 | kr2udp: 1 | 
2026-05-03 19:39:01,530 - INFO     - img2od: 0 | od2fr: 0 | od2lpr: 246 | od2cap: 0 | fr2kr: 0 | lpr2kr: 1000 | cap2udp: 0 | kr2udp: 0 | 
2026-05-03 19:39:02,531 - INFO     - img2od: 0 | od2fr: 0 | od2lpr: 243 | od2cap: 0 | fr2kr: 0 | lpr2kr: 1000 | cap2udp: 0 | kr2udp: 0 | 
2026-05-03 19:39:03,532 - INFO     - img2od: 0 | od2fr: 0 | od2lpr: 241 | od2cap: 0 | fr2kr: 0 | lpr2kr: 999 | cap2udp: 0 | kr2udp: 1 | 
2026-05-03 19:39:04,533 - INFO     - img2od: 0 | od2fr: 0 | od2lpr: 238 | od2cap: 0 | fr2kr: 0 | lpr2kr: 1000 | cap2udp: 0 | kr2udp: 1 | 
2026-05-03 19:39:05,534 - INFO     - img2od: 0 | od2fr: 0 | od2lpr: 235 | od2cap: 0 | fr2kr: 0 | lpr2kr: 1000 | cap2udp: 0 | kr2udp: 1 | 
2026-05-03 19:39:06,535 - INFO     - img2od: 0 | od2fr: 0 | od2lpr: 232 | od2cap: 0 | fr2kr: 0 | lpr2kr: 1000 | cap2udp: 0 | kr2udp: 1 | 
2026-05-03 19:39:07,536 - INFO     - img2od: 0 | od2fr: 0 | od2lpr: 229 | od2cap: 0 | fr2kr: 0 | lpr2kr: 1000 | cap2udp: 0 | kr2udp: 1 | 
2026-05-03 19:39:08,537 - INFO     - img2od: 0 | od2fr: 0 | od2lpr: 225 | od2cap: 0 | fr2kr: 0 | lpr2kr: 1000 | cap2udp: 0 | kr2udp: 1 | 
2026-05-03 19:39:09,538 - INFO     - img2od: 0 | od2fr: 0 | od2lpr: 223 | od2cap: 0 | fr2kr: 0 | lpr2kr: 1000 | cap2udp: 0 | kr2udp: 1 | 
2026-05-03 19:39:10,539 - INFO     - img2od: 0 | od2fr: 0 | od2lpr: 219 | od2cap: 0 | fr2kr: 0 | lpr2kr: 1000 | cap2udp: 0 | kr2udp: 1 | 
2026-05-03 19:39:11,540 - INFO     - img2od: 0 | od2fr: 0 | od2lpr: 216 | od2cap: 0 | fr2kr: 0 | lpr2kr: 1000 | cap2udp: 0 | kr2udp: 1 | 
2026-05-03 19:39:12,541 - INFO     - img2od: 0 | od2fr: 0 | od2lpr: 213 | od2cap: 0 | fr2kr: 0 | lpr2kr: 1000 | cap2udp: 0 | kr2udp: 1 | 
2026-05-03 19:39:13,542 - INFO     - img2od: 0 | od2fr: 0 | od2lpr: 210 | od2cap: 0 | fr2kr: 0 | lpr2kr: 1000 | cap2udp: 0 | kr2udp: 1 | 
2026-05-03 19:39:14,543 - INFO     - img2od: 0 | od2fr: 0 | od2lpr: 207 | od2cap: 0 | fr2kr: 0 | lpr2kr: 1000 | cap2udp: 0 | kr2udp: 1 | 
2026-05-03 19:39:15,544 - INFO     - img2od: 0 | od2fr: 0 | od2lpr: 203 | od2cap: 0 | fr2kr: 0 | lpr2kr: 1000 | cap2udp: 0 | kr2udp: 1 | 
2026-05-03 19:39:16,545 - INFO     - img2od: 0 | od2fr: 0 | od2lpr: 200 | od2cap: 0 | fr2kr: 0 | lpr2kr: 1000 | cap2udp: 0 | kr2udp: 1 | 
2026-05-03 19:39:17,546 - INFO     - img2od: 0 | od2fr: 0 | od2lpr: 197 | od2cap: 0 | fr2kr: 0 | lpr2kr: 1000 | cap2udp: 0 | kr2udp: 1 | 
2026-05-03 19:39:18,547 - INFO     - img2od: 0 | od2fr: 0 | od2lpr: 194 | od2cap: 0 | fr2kr: 0 | lpr2kr: 1000 | cap2udp: 0 | kr2udp: 1 | 
2026-05-03 19:39:19,548 - INFO     - img2od: 0 | od2fr: 0 | od2lpr: 190 | od2cap: 0 | fr2kr: 0 | lpr2kr: 1000 | cap2udp: 0 | kr2udp: 1 | 
2026-05-03 19:39:20,549 - INFO     - img2od: 0 | od2fr: 0 | od2lpr: 187 | od2cap: 0 | fr2kr: 0 | lpr2kr: 1000 | cap2udp: 0 | kr2udp: 0 | 
2026-05-03 19:39:21,550 - INFO     - img2od: 0 | od2fr: 0 | od2lpr: 185 | od2cap: 0 | fr2kr: 0 | lpr2kr: 1000 | cap2udp: 0 | kr2udp: 1 | 
2026-05-03 19:39:22,551 - INFO     - img2od: 0 | od2fr: 0 | od2lpr: 181 | od2cap: 0 | fr2kr: 0 | lpr2kr: 1000 | cap2udp: 0 | kr2udp: 1 | 
2026-05-03 19:39:23,552 - INFO     - img2od: 0 | od2fr: 0 | od2lpr: 178 | od2cap: 0 | fr2kr: 0 | lpr2kr: 1000 | cap2udp: 0 | kr2udp: 0 | 
2026-05-03 19:39:24,553 - INFO     - img2od: 0 | od2fr: 0 | od2lpr: 175 | od2cap: 0 | fr2kr: 0 | lpr2kr: 1000 | cap2udp: 0 | kr2udp: 1 | 
2026-05-03 19:39:25,554 - INFO     - img2od: 0 | od2fr: 0 | od2lpr: 172 | od2cap: 0 | fr2kr: 0 | lpr2kr: 1000 | cap2udp: 0 | kr2udp: 1 | 
2026-05-03 19:39:26,555 - INFO     - img2od: 0 | od2fr: 0 | od2lpr: 168 | od2cap: 0 | fr2kr: 0 | lpr2kr: 1000 | cap2udp: 0 | kr2udp: 1 | 
2026-05-03 19:39:27,556 - INFO     - img2od: 0 | od2fr: 0 | od2lpr: 165 | od2cap: 0 | fr2kr: 0 | lpr2kr: 1000 | cap2udp: 0 | kr2udp: 0 | 
2026-05-03 19:39:28,557 - INFO     - img2od: 0 | od2fr: 0 | od2lpr: 162 | od2cap: 0 | fr2kr: 0 | lpr2kr: 1000 | cap2udp: 0 | kr2udp: 0 | 
2026-05-03 19:39:29,558 - INFO     - img2od: 0 | od2fr: 0 | od2lpr: 159 | od2cap: 0 | fr2kr: 0 | lpr2kr: 1000 | cap2udp: 0 | kr2udp: 1 | 
2026-05-03 19:39:30,559 - INFO     - img2od: 0 | od2fr: 0 | od2lpr: 155 | od2cap: 0 | fr2kr: 0 | lpr2kr: 1000 | cap2udp: 0 | kr2udp: 0 | 
2026-05-03 19:39:31,560 - INFO     - img2od: 0 | od2fr: 0 | od2lpr: 152 | od2cap: 0 | fr2kr: 0 | lpr2kr: 1000 | cap2udp: 0 | kr2udp: 1 | 
2026-05-03 19:39:32,561 - INFO     - img2od: 0 | od2fr: 0 | od2lpr: 148 | od2cap: 0 | fr2kr: 0 | lpr2kr: 1000 | cap2udp: 0 | kr2udp: 1 | 
2026-05-03 19:39:33,562 - INFO     - img2od: 0 | od2fr: 0 | od2lpr: 145 | od2cap: 0 | fr2kr: 0 | lpr2kr: 1000 | cap2udp: 0 | kr2udp: 0 | 
2026-05-03 19:39:34,562 - INFO     - img2od: 0 | od2fr: 0 | od2lpr: 142 | od2cap: 0 | fr2kr: 0 | lpr2kr: 999 | cap2udp: 0 | kr2udp: 1 | 
2026-05-03 19:39:35,563 - INFO     - img2od: 0 | od2fr: 0 | od2lpr: 138 | od2cap: 0 | fr2kr: 0 | lpr2kr: 1000 | cap2udp: 0 | kr2udp: 0 | 
2026-05-03 19:39:36,564 - INFO     - img2od: 0 | od2fr: 0 | od2lpr: 135 | od2cap: 0 | fr2kr: 0 | lpr2kr: 1000 | cap2udp: 0 | kr2udp: 1 | 
2026-05-03 19:39:37,565 - INFO     - img2od: 0 | od2fr: 0 | od2lpr: 132 | od2cap: 0 | fr2kr: 0 | lpr2kr: 1000 | cap2udp: 0 | kr2udp: 1 | 
2026-05-03 19:39:38,566 - INFO     - img2od: 0 | od2fr: 0 | od2lpr: 129 | od2cap: 0 | fr2kr: 0 | lpr2kr: 1000 | cap2udp: 0 | kr2udp: 1 | 
2026-05-03 19:39:39,567 - INFO     - img2od: 0 | od2fr: 0 | od2lpr: 126 | od2cap: 0 | fr2kr: 0 | lpr2kr: 1000 | cap2udp: 0 | kr2udp: 1 | 
2026-05-03 19:39:40,568 - INFO     - img2od: 0 | od2fr: 0 | od2lpr: 122 | od2cap: 0 | fr2kr: 0 | lpr2kr: 1000 | cap2udp: 0 | kr2udp: 0 | 
2026-05-03 19:39:41,569 - INFO     - img2od: 0 | od2fr: 0 | od2lpr: 119 | od2cap: 0 | fr2kr: 0 | lpr2kr: 1000 | cap2udp: 0 | kr2udp: 0 | 
2026-05-03 19:39:42,570 - INFO     - img2od: 0 | od2fr: 0 | od2lpr: 116 | od2cap: 0 | fr2kr: 0 | lpr2kr: 1000 | cap2udp: 0 | kr2udp: 1 | 
2026-05-03 19:39:43,571 - INFO     - img2od: 0 | od2fr: 0 | od2lpr: 112 | od2cap: 0 | fr2kr: 0 | lpr2kr: 1000 | cap2udp: 0 | kr2udp: 0 | 
2026-05-03 19:39:44,572 - INFO     - img2od: 0 | od2fr: 0 | od2lpr: 109 | od2cap: 0 | fr2kr: 0 | lpr2kr: 1000 | cap2udp: 0 | kr2udp: 0 | 
2026-05-03 19:39:45,573 - INFO     - img2od: 0 | od2fr: 0 | od2lpr: 106 | od2cap: 0 | fr2kr: 0 | lpr2kr: 1000 | cap2udp: 0 | kr2udp: 0 | 
2026-05-03 19:39:46,574 - INFO     - img2od: 0 | od2fr: 0 | od2lpr: 103 | od2cap: 0 | fr2kr: 0 | lpr2kr: 1000 | cap2udp: 0 | kr2udp: 0 | 
2026-05-03 19:39:47,575 - INFO     - img2od: 0 | od2fr: 0 | od2lpr: 100 | od2cap: 0 | fr2kr: 0 | lpr2kr: 1000 | cap2udp: 0 | kr2udp: 0 | 
2026-05-03 19:39:48,576 - INFO     - img2od: 0 | od2fr: 0 | od2lpr: 97 | od2cap: 0 | fr2kr: 0 | lpr2kr: 1000 | cap2udp: 0 | kr2udp: 1 | 
2026-05-03 19:39:49,577 - INFO     - img2od: 0 | od2fr: 0 | od2lpr: 94 | od2cap: 0 | fr2kr: 0 | lpr2kr: 1000 | cap2udp: 0 | kr2udp: 1 | 
2026-05-03 19:39:50,578 - INFO     - img2od: 0 | od2fr: 0 | od2lpr: 91 | od2cap: 0 | fr2kr: 0 | lpr2kr: 1000 | cap2udp: 0 | kr2udp: 1 | 
2026-05-03 19:39:51,579 - INFO     - img2od: 0 | od2fr: 0 | od2lpr: 87 | od2cap: 0 | fr2kr: 0 | lpr2kr: 1000 | cap2udp: 0 | kr2udp: 0 | 
2026-05-03 19:39:52,580 - INFO     - img2od: 0 | od2fr: 0 | od2lpr: 84 | od2cap: 0 | fr2kr: 0 | lpr2kr: 1000 | cap2udp: 0 | kr2udp: 1 | 
2026-05-03 19:39:53,581 - INFO     - img2od: 0 | od2fr: 0 | od2lpr: 80 | od2cap: 0 | fr2kr: 0 | lpr2kr: 1000 | cap2udp: 0 | kr2udp: 1 | 
2026-05-03 19:39:54,582 - INFO     - img2od: 0 | od2fr: 0 | od2lpr: 77 | od2cap: 0 | fr2kr: 0 | lpr2kr: 1000 | cap2udp: 0 | kr2udp: 1 | 
2026-05-03 19:39:55,583 - INFO     - img2od: 0 | od2fr: 0 | od2lpr: 73 | od2cap: 0 | fr2kr: 0 | lpr2kr: 1000 | cap2udp: 0 | kr2udp: 0 | 
2026-05-03 19:39:56,584 - INFO     - img2od: 0 | od2fr: 0 | od2lpr: 70 | od2cap: 0 | fr2kr: 0 | lpr2kr: 1000 | cap2udp: 0 | kr2udp: 1 | 
2026-05-03 19:39:57,585 - INFO     - img2od: 0 | od2fr: 0 | od2lpr: 66 | od2cap: 0 | fr2kr: 0 | lpr2kr: 1000 | cap2udp: 0 | kr2udp: 0 | 
2026-05-03 19:39:58,586 - INFO     - img2od: 0 | od2fr: 0 | od2lpr: 64 | od2cap: 0 | fr2kr: 0 | lpr2kr: 999 | cap2udp: 0 | kr2udp: 1 | 
2026-05-03 19:39:59,587 - INFO     - img2od: 0 | od2fr: 0 | od2lpr: 60 | od2cap: 0 | fr2kr: 0 | lpr2kr: 1000 | cap2udp: 0 | kr2udp: 1 | 
2026-05-03 19:40:00,588 - INFO     - img2od: 0 | od2fr: 0 | od2lpr: 57 | od2cap: 0 | fr2kr: 0 | lpr2kr: 1000 | cap2udp: 0 | kr2udp: 1 | 
2026-05-03 19:40:01,589 - INFO     - img2od: 0 | od2fr: 0 | od2lpr: 54 | od2cap: 0 | fr2kr: 0 | lpr2kr: 1000 | cap2udp: 0 | kr2udp: 1 | 
2026-05-03 19:40:02,590 - INFO     - img2od: 0 | od2fr: 0 | od2lpr: 50 | od2cap: 0 | fr2kr: 0 | lpr2kr: 1000 | cap2udp: 0 | kr2udp: 0 | 
2026-05-03 19:40:03,591 - INFO     - img2od: 0 | od2fr: 0 | od2lpr: 47 | od2cap: 0 | fr2kr: 0 | lpr2kr: 1000 | cap2udp: 0 | kr2udp: 1 | 
2026-05-03 19:40:04,592 - INFO     - img2od: 0 | od2fr: 0 | od2lpr: 44 | od2cap: 0 | fr2kr: 0 | lpr2kr: 1000 | cap2udp: 0 | kr2udp: 1 | 
2026-05-03 19:40:05,593 - INFO     - img2od: 0 | od2fr: 0 | od2lpr: 41 | od2cap: 0 | fr2kr: 0 | lpr2kr: 1000 | cap2udp: 0 | kr2udp: 1 | 
2026-05-03 19:40:06,594 - INFO     - img2od: 0 | od2fr: 0 | od2lpr: 37 | od2cap: 0 | fr2kr: 0 | lpr2kr: 1000 | cap2udp: 0 | kr2udp: 1 | 
2026-05-03 19:40:07,595 - INFO     - img2od: 0 | od2fr: 0 | od2lpr: 34 | od2cap: 0 | fr2kr: 0 | lpr2kr: 1000 | cap2udp: 0 | kr2udp: 1 | 
2026-05-03 19:40:08,596 - INFO     - img2od: 0 | od2fr: 0 | od2lpr: 30 | od2cap: 0 | fr2kr: 0 | lpr2kr: 1000 | cap2udp: 0 | kr2udp: 1 | 
2026-05-03 19:40:09,597 - INFO     - img2od: 0 | od2fr: 0 | od2lpr: 27 | od2cap: 0 | fr2kr: 0 | lpr2kr: 1000 | cap2udp: 0 | kr2udp: 0 | 
2026-05-03 19:40:10,598 - INFO     - img2od: 0 | od2fr: 0 | od2lpr: 24 | od2cap: 0 | fr2kr: 0 | lpr2kr: 1000 | cap2udp: 0 | kr2udp: 0 | 
2026-05-03 19:40:11,599 - INFO     - img2od: 0 | od2fr: 0 | od2lpr: 21 | od2cap: 0 | fr2kr: 0 | lpr2kr: 1000 | cap2udp: 0 | kr2udp: 0 | 
2026-05-03 19:40:12,600 - INFO     - img2od: 0 | od2fr: 0 | od2lpr: 18 | od2cap: 0 | fr2kr: 0 | lpr2kr: 1000 | cap2udp: 0 | kr2udp: 0 | 
2026-05-03 19:40:13,601 - INFO     - img2od: 0 | od2fr: 0 | od2lpr: 15 | od2cap: 0 | fr2kr: 0 | lpr2kr: 1000 | cap2udp: 0 | kr2udp: 1 | 
2026-05-03 19:40:14,602 - INFO     - img2od: 0 | od2fr: 0 | od2lpr: 11 | od2cap: 0 | fr2kr: 0 | lpr2kr: 1000 | cap2udp: 0 | kr2udp: 0 | 
2026-05-03 19:40:15,603 - INFO     - img2od: 0 | od2fr: 0 | od2lpr: 8 | od2cap: 0 | fr2kr: 0 | lpr2kr: 1000 | cap2udp: 0 | kr2udp: 0 | 
2026-05-03 19:40:16,604 - INFO     - img2od: 0 | od2fr: 0 | od2lpr: 5 | od2cap: 0 | fr2kr: 0 | lpr2kr: 1000 | cap2udp: 0 | kr2udp: 0 | 
loading model on device: cuda
Initializing checkpoint: PekingU/rtdetr_r50vd, ID: 0
2026-05-03 19:40:17,605 - INFO     - img2od: 0 | od2fr: 0 | od2lpr: 2 | od2cap: 0 | fr2kr: 0 | lpr2kr: 1000 | cap2udp: 0 | kr2udp: 0 | 
2026-05-03 19:40:18,034 - INFO     - lprStream    : Received END signal, shutting down
2026-05-03 19:40:18,459 - INFO     - lprStream    : shutdown successful
2026-05-03 19:40:18,606 - INFO     - img2od: 0 | od2fr: 0 | od2lpr: 0 | od2cap: 0 | fr2kr: 0 | lpr2kr: 999 | cap2udp: 0 | kr2udp: 1 | 
2026-05-03 19:40:19,607 - INFO     - img2od: 0 | od2fr: 0 | od2lpr: 0 | od2cap: 0 | fr2kr: 0 | lpr2kr: 996 | cap2udp: 0 | kr2udp: 1 | 
2026-05-03 19:40:20,608 - INFO     - img2od: 0 | od2fr: 0 | od2lpr: 0 | od2cap: 0 | fr2kr: 0 | lpr2kr: 992 | cap2udp: 0 | kr2udp: 1 | 
2026-05-03 19:40:21,609 - INFO     - img2od: 0 | od2fr: 0 | od2lpr: 0 | od2cap: 0 | fr2kr: 0 | lpr2kr: 987 | cap2udp: 0 | kr2udp: 1 | 
2026-05-03 19:40:22,610 - INFO     - img2od: 0 | od2fr: 0 | od2lpr: 0 | od2cap: 0 | fr2kr: 0 | lpr2kr: 983 | cap2udp: 0 | kr2udp: 0 | 
2026-05-03 19:40:23,611 - INFO     - img2od: 0 | od2fr: 0 | od2lpr: 0 | od2cap: 0 | fr2kr: 0 | lpr2kr: 979 | cap2udp: 0 | kr2udp: 1 | 
2026-05-03 19:40:24,612 - INFO     - img2od: 0 | od2fr: 0 | od2lpr: 0 | od2cap: 0 | fr2kr: 0 | lpr2kr: 976 | cap2udp: 0 | kr2udp: 1 | 
2026-05-03 19:40:25,613 - INFO     - img2od: 0 | od2fr: 0 | od2lpr: 0 | od2cap: 0 | fr2kr: 0 | lpr2kr: 972 | cap2udp: 0 | kr2udp: 1 | 
2026-05-03 19:40:26,614 - INFO     - img2od: 0 | od2fr: 0 | od2lpr: 0 | od2cap: 0 | fr2kr: 0 | lpr2kr: 968 | cap2udp: 0 | kr2udp: 1 | 
2026-05-03 19:40:27,616 - INFO     - img2od: 0 | od2fr: 0 | od2lpr: 0 | od2cap: 0 | fr2kr: 0 | lpr2kr: 963 | cap2udp: 0 | kr2udp: 1 | 
2026-05-03 19:40:28,617 - INFO     - img2od: 0 | od2fr: 0 | od2lpr: 0 | od2cap: 0 | fr2kr: 0 | lpr2kr: 959 | cap2udp: 0 | kr2udp: 0 | 
2026-05-03 19:40:29,618 - INFO     - img2od: 0 | od2fr: 0 | od2lpr: 0 | od2cap: 0 | fr2kr: 0 | lpr2kr: 955 | cap2udp: 0 | kr2udp: 0 | 
2026-05-03 19:40:30,619 - INFO     - img2od: 0 | od2fr: 0 | od2lpr: 0 | od2cap: 0 | fr2kr: 0 | lpr2kr: 951 | cap2udp: 0 | kr2udp: 0 | 
2026-05-03 19:40:31,620 - INFO     - img2od: 0 | od2fr: 0 | od2lpr: 0 | od2cap: 0 | fr2kr: 0 | lpr2kr: 947 | cap2udp: 0 | kr2udp: 0 | 
2026-05-03 19:40:32,621 - INFO     - img2od: 0 | od2fr: 0 | od2lpr: 0 | od2cap: 0 | fr2kr: 0 | lpr2kr: 943 | cap2udp: 0 | kr2udp: 1 | 
2026-05-03 19:40:33,622 - INFO     - img2od: 0 | od2fr: 0 | od2lpr: 0 | od2cap: 0 | fr2kr: 0 | lpr2kr: 939 | cap2udp: 0 | kr2udp: 1 | 
2026-05-03 19:40:34,623 - INFO     - img2od: 0 | od2fr: 0 | od2lpr: 0 | od2cap: 0 | fr2kr: 0 | lpr2kr: 935 | cap2udp: 0 | kr2udp: 1 | 
2026-05-03 19:40:35,624 - INFO     - img2od: 0 | od2fr: 0 | od2lpr: 0 | od2cap: 0 | fr2kr: 0 | lpr2kr: 931 | cap2udp: 0 | kr2udp: 1 | 
2026-05-03 19:40:36,625 - INFO     - img2od: 0 | od2fr: 0 | od2lpr: 0 | od2cap: 0 | fr2kr: 0 | lpr2kr: 927 | cap2udp: 0 | kr2udp: 1 | 
2026-05-03 19:40:37,626 - INFO     - img2od: 0 | od2fr: 0 | od2lpr: 0 | od2cap: 0 | fr2kr: 0 | lpr2kr: 923 | cap2udp: 0 | kr2udp: 1 | 
2026-05-03 19:40:38,627 - INFO     - img2od: 0 | od2fr: 0 | od2lpr: 0 | od2cap: 0 | fr2kr: 0 | lpr2kr: 919 | cap2udp: 0 | kr2udp: 1 | 
2026-05-03 19:40:39,628 - INFO     - img2od: 0 | od2fr: 0 | od2lpr: 0 | od2cap: 0 | fr2kr: 0 | lpr2kr: 916 | cap2udp: 0 | kr2udp: 1 | 
2026-05-03 19:40:40,630 - INFO     - img2od: 0 | od2fr: 0 | od2lpr: 0 | od2cap: 0 | fr2kr: 0 | lpr2kr: 912 | cap2udp: 0 | kr2udp: 1 | 
2026-05-03 19:40:41,631 - INFO     - img2od: 0 | od2fr: 0 | od2lpr: 0 | od2cap: 0 | fr2kr: 0 | lpr2kr: 908 | cap2udp: 0 | kr2udp: 1 | 
2026-05-03 19:40:42,632 - INFO     - img2od: 0 | od2fr: 0 | od2lpr: 0 | od2cap: 0 | fr2kr: 0 | lpr2kr: 904 | cap2udp: 0 | kr2udp: 1 | 
2026-05-03 19:40:43,633 - INFO     - img2od: 0 | od2fr: 0 | od2lpr: 0 | od2cap: 0 | fr2kr: 0 | lpr2kr: 900 | cap2udp: 0 | kr2udp: 1 | 
2026-05-03 19:40:44,634 - INFO     - img2od: 0 | od2fr: 0 | od2lpr: 0 | od2cap: 0 | fr2kr: 0 | lpr2kr: 896 | cap2udp: 0 | kr2udp: 1 | 
2026-05-03 19:40:45,635 - INFO     - img2od: 0 | od2fr: 0 | od2lpr: 0 | od2cap: 0 | fr2kr: 0 | lpr2kr: 892 | cap2udp: 0 | kr2udp: 0 | 
2026-05-03 19:40:46,637 - INFO     - img2od: 0 | od2fr: 0 | od2lpr: 0 | od2cap: 0 | fr2kr: 0 | lpr2kr: 888 | cap2udp: 0 | kr2udp: 0 | 
2026-05-03 19:40:47,638 - INFO     - img2od: 0 | od2fr: 0 | od2lpr: 0 | od2cap: 0 | fr2kr: 0 | lpr2kr: 884 | cap2udp: 0 | kr2udp: 1 | 
2026-05-03 19:40:48,639 - INFO     - img2od: 0 | od2fr: 0 | od2lpr: 0 | od2cap: 0 | fr2kr: 0 | lpr2kr: 880 | cap2udp: 0 | kr2udp: 1 | 
2026-05-03 19:40:49,640 - INFO     - img2od: 0 | od2fr: 0 | od2lpr: 0 | od2cap: 0 | fr2kr: 0 | lpr2kr: 877 | cap2udp: 0 | kr2udp: 1 | 
2026-05-03 19:40:50,641 - INFO     - img2od: 0 | od2fr: 0 | od2lpr: 0 | od2cap: 0 | fr2kr: 0 | lpr2kr: 873 | cap2udp: 0 | kr2udp: 1 | 
2026-05-03 19:40:51,643 - INFO     - img2od: 0 | od2fr: 0 | od2lpr: 0 | od2cap: 0 | fr2kr: 0 | lpr2kr: 869 | cap2udp: 0 | kr2udp: 1 | 
2026-05-03 19:40:52,644 - INFO     - img2od: 0 | od2fr: 0 | od2lpr: 0 | od2cap: 0 | fr2kr: 0 | lpr2kr: 865 | cap2udp: 0 | kr2udp: 1 | 
2026-05-03 19:40:53,645 - INFO     - img2od: 0 | od2fr: 0 | od2lpr: 0 | od2cap: 0 | fr2kr: 0 | lpr2kr: 861 | cap2udp: 0 | kr2udp: 1 | 
2026-05-03 19:40:54,646 - INFO     - img2od: 0 | od2fr: 0 | od2lpr: 0 | od2cap: 0 | fr2kr: 0 | lpr2kr: 857 | cap2udp: 0 | kr2udp: 1 | 
2026-05-03 19:40:55,648 - INFO     - img2od: 0 | od2fr: 0 | od2lpr: 0 | od2cap: 0 | fr2kr: 0 | lpr2kr: 853 | cap2udp: 0 | kr2udp: 1 | 
2026-05-03 19:40:56,649 - INFO     - img2od: 0 | od2fr: 0 | od2lpr: 0 | od2cap: 0 | fr2kr: 0 | lpr2kr: 849 | cap2udp: 0 | kr2udp: 1 | 
2026-05-03 19:40:57,650 - INFO     - img2od: 0 | od2fr: 0 | od2lpr: 0 | od2cap: 0 | fr2kr: 0 | lpr2kr: 845 | cap2udp: 0 | kr2udp: 1 | 
2026-05-03 19:40:58,651 - INFO     - img2od: 0 | od2fr: 0 | od2lpr: 0 | od2cap: 0 | fr2kr: 0 | lpr2kr: 842 | cap2udp: 0 | kr2udp: 1 | 
2026-05-03 19:40:59,652 - INFO     - img2od: 0 | od2fr: 0 | od2lpr: 0 | od2cap: 0 | fr2kr: 0 | lpr2kr: 838 | cap2udp: 0 | kr2udp: 1 | 
2026-05-03 19:41:00,654 - INFO     - img2od: 0 | od2fr: 0 | od2lpr: 0 | od2cap: 0 | fr2kr: 0 | lpr2kr: 834 | cap2udp: 0 | kr2udp: 1 | 
2026-05-03 19:41:01,655 - INFO     - img2od: 0 | od2fr: 0 | od2lpr: 0 | od2cap: 0 | fr2kr: 0 | lpr2kr: 830 | cap2udp: 0 | kr2udp: 1 | 
2026-05-03 19:41:02,656 - INFO     - img2od: 0 | od2fr: 0 | od2lpr: 0 | od2cap: 0 | fr2kr: 0 | lpr2kr: 826 | cap2udp: 0 | kr2udp: 1 | 
2026-05-03 19:41:03,657 - INFO     - img2od: 0 | od2fr: 0 | od2lpr: 0 | od2cap: 0 | fr2kr: 0 | lpr2kr: 822 | cap2udp: 0 | kr2udp: 0 | 
2026-05-03 19:41:04,658 - INFO     - img2od: 0 | od2fr: 0 | od2lpr: 0 | od2cap: 0 | fr2kr: 0 | lpr2kr: 818 | cap2udp: 0 | kr2udp: 0 | 
2026-05-03 19:41:05,659 - INFO     - img2od: 0 | od2fr: 0 | od2lpr: 0 | od2cap: 0 | fr2kr: 0 | lpr2kr: 814 | cap2udp: 0 | kr2udp: 1 | 
2026-05-03 19:41:06,660 - INFO     - img2od: 0 | od2fr: 0 | od2lpr: 0 | od2cap: 0 | fr2kr: 0 | lpr2kr: 810 | cap2udp: 0 | kr2udp: 1 | 
2026-05-03 19:41:07,661 - INFO     - img2od: 0 | od2fr: 0 | od2lpr: 0 | od2cap: 0 | fr2kr: 0 | lpr2kr: 807 | cap2udp: 0 | kr2udp: 1 | 
2026-05-03 19:41:08,662 - INFO     - img2od: 0 | od2fr: 0 | od2lpr: 0 | od2cap: 0 | fr2kr: 0 | lpr2kr: 803 | cap2udp: 0 | kr2udp: 1 | 
2026-05-03 19:41:09,663 - INFO     - img2od: 0 | od2fr: 0 | od2lpr: 0 | od2cap: 0 | fr2kr: 0 | lpr2kr: 799 | cap2udp: 0 | kr2udp: 1 | 
2026-05-03 19:41:10,664 - INFO     - img2od: 0 | od2fr: 0 | od2lpr: 0 | od2cap: 0 | fr2kr: 0 | lpr2kr: 795 | cap2udp: 0 | kr2udp: 1 | 
2026-05-03 19:41:11,665 - INFO     - img2od: 0 | od2fr: 0 | od2lpr: 0 | od2cap: 0 | fr2kr: 0 | lpr2kr: 791 | cap2udp: 0 | kr2udp: 1 | 
2026-05-03 19:41:12,666 - INFO     - img2od: 0 | od2fr: 0 | od2lpr: 0 | od2cap: 0 | fr2kr: 0 | lpr2kr: 787 | cap2udp: 0 | kr2udp: 0 | 
2026-05-03 19:41:13,667 - INFO     - img2od: 0 | od2fr: 0 | od2lpr: 0 | od2cap: 0 | fr2kr: 0 | lpr2kr: 783 | cap2udp: 0 | kr2udp: 0 | 
2026-05-03 19:41:14,669 - INFO     - img2od: 0 | od2fr: 0 | od2lpr: 0 | od2cap: 0 | fr2kr: 0 | lpr2kr: 779 | cap2udp: 0 | kr2udp: 1 | 
2026-05-03 19:41:15,670 - INFO     - img2od: 0 | od2fr: 0 | od2lpr: 0 | od2cap: 0 | fr2kr: 0 | lpr2kr: 775 | cap2udp: 0 | kr2udp: 1 | 
2026-05-03 19:41:16,671 - INFO     - img2od: 0 | od2fr: 0 | od2lpr: 0 | od2cap: 0 | fr2kr: 0 | lpr2kr: 772 | cap2udp: 0 | kr2udp: 1 | 
2026-05-03 19:41:17,672 - INFO     - img2od: 0 | od2fr: 0 | od2lpr: 0 | od2cap: 0 | fr2kr: 0 | lpr2kr: 768 | cap2udp: 0 | kr2udp: 1 | 
2026-05-03 19:41:18,673 - INFO     - img2od: 0 | od2fr: 0 | od2lpr: 0 | od2cap: 0 | fr2kr: 0 | lpr2kr: 764 | cap2udp: 0 | kr2udp: 1 | 
2026-05-03 19:41:19,675 - INFO     - img2od: 0 | od2fr: 0 | od2lpr: 0 | od2cap: 0 | fr2kr: 0 | lpr2kr: 760 | cap2udp: 0 | kr2udp: 1 | 
2026-05-03 19:41:20,676 - INFO     - img2od: 0 | od2fr: 0 | od2lpr: 0 | od2cap: 0 | fr2kr: 0 | lpr2kr: 756 | cap2udp: 0 | kr2udp: 0 | 
2026-05-03 19:41:21,677 - INFO     - img2od: 0 | od2fr: 0 | od2lpr: 0 | od2cap: 0 | fr2kr: 0 | lpr2kr: 752 | cap2udp: 0 | kr2udp: 1 | 
2026-05-03 19:41:22,678 - INFO     - img2od: 0 | od2fr: 0 | od2lpr: 0 | od2cap: 0 | fr2kr: 0 | lpr2kr: 748 | cap2udp: 0 | kr2udp: 1 | 
2026-05-03 19:41:23,679 - INFO     - img2od: 0 | od2fr: 0 | od2lpr: 0 | od2cap: 0 | fr2kr: 0 | lpr2kr: 744 | cap2udp: 0 | kr2udp: 1 | 
2026-05-03 19:41:24,681 - INFO     - img2od: 0 | od2fr: 0 | od2lpr: 0 | od2cap: 0 | fr2kr: 0 | lpr2kr: 740 | cap2udp: 0 | kr2udp: 1 | 
2026-05-03 19:41:25,682 - INFO     - img2od: 0 | od2fr: 0 | od2lpr: 0 | od2cap: 0 | fr2kr: 0 | lpr2kr: 737 | cap2udp: 0 | kr2udp: 1 | 
2026-05-03 19:41:26,683 - INFO     - img2od: 0 | od2fr: 0 | od2lpr: 0 | od2cap: 0 | fr2kr: 0 | lpr2kr: 733 | cap2udp: 0 | kr2udp: 1 | 
2026-05-03 19:41:27,684 - INFO     - img2od: 0 | od2fr: 0 | od2lpr: 0 | od2cap: 0 | fr2kr: 0 | lpr2kr: 729 | cap2udp: 0 | kr2udp: 1 | 
2026-05-03 19:41:28,686 - INFO     - img2od: 0 | od2fr: 0 | od2lpr: 0 | od2cap: 0 | fr2kr: 0 | lpr2kr: 725 | cap2udp: 0 | kr2udp: 1 | 
2026-05-03 19:41:29,687 - INFO     - img2od: 0 | od2fr: 0 | od2lpr: 0 | od2cap: 0 | fr2kr: 0 | lpr2kr: 721 | cap2udp: 0 | kr2udp: 1 | 
2026-05-03 19:41:30,688 - INFO     - img2od: 0 | od2fr: 0 | od2lpr: 0 | od2cap: 0 | fr2kr: 0 | lpr2kr: 717 | cap2udp: 0 | kr2udp: 0 | 
2026-05-03 19:41:31,689 - INFO     - img2od: 0 | od2fr: 0 | od2lpr: 0 | od2cap: 0 | fr2kr: 0 | lpr2kr: 713 | cap2udp: 0 | kr2udp: 1 | 
2026-05-03 19:41:32,690 - INFO     - img2od: 0 | od2fr: 0 | od2lpr: 0 | od2cap: 0 | fr2kr: 0 | lpr2kr: 709 | cap2udp: 0 | kr2udp: 1 | 
2026-05-03 19:41:33,691 - INFO     - img2od: 0 | od2fr: 0 | od2lpr: 0 | od2cap: 0 | fr2kr: 0 | lpr2kr: 705 | cap2udp: 0 | kr2udp: 1 | 
2026-05-03 19:41:34,692 - INFO     - img2od: 0 | od2fr: 0 | od2lpr: 0 | od2cap: 0 | fr2kr: 0 | lpr2kr: 702 | cap2udp: 0 | kr2udp: 1 | 
2026-05-03 19:41:35,693 - INFO     - img2od: 0 | od2fr: 0 | od2lpr: 0 | od2cap: 0 | fr2kr: 0 | lpr2kr: 698 | cap2udp: 0 | kr2udp: 1 | 
2026-05-03 19:41:36,694 - INFO     - img2od: 0 | od2fr: 0 | od2lpr: 0 | od2cap: 0 | fr2kr: 0 | lpr2kr: 694 | cap2udp: 0 | kr2udp: 1 | 
2026-05-03 19:41:37,695 - INFO     - img2od: 0 | od2fr: 0 | od2lpr: 0 | od2cap: 0 | fr2kr: 0 | lpr2kr: 690 | cap2udp: 0 | kr2udp: 0 | 
2026-05-03 19:41:38,696 - INFO     - img2od: 0 | od2fr: 0 | od2lpr: 0 | od2cap: 0 | fr2kr: 0 | lpr2kr: 686 | cap2udp: 0 | kr2udp: 0 | 
2026-05-03 19:41:39,697 - INFO     - img2od: 0 | od2fr: 0 | od2lpr: 0 | od2cap: 0 | fr2kr: 0 | lpr2kr: 682 | cap2udp: 0 | kr2udp: 0 | 
2026-05-03 19:41:40,699 - INFO     - img2od: 0 | od2fr: 0 | od2lpr: 0 | od2cap: 0 | fr2kr: 0 | lpr2kr: 678 | cap2udp: 0 | kr2udp: 0 | 
2026-05-03 19:41:41,700 - INFO     - img2od: 0 | od2fr: 0 | od2lpr: 0 | od2cap: 0 | fr2kr: 0 | lpr2kr: 675 | cap2udp: 0 | kr2udp: 1 | 
2026-05-03 19:41:42,701 - INFO     - img2od: 0 | od2fr: 0 | od2lpr: 0 | od2cap: 0 | fr2kr: 0 | lpr2kr: 671 | cap2udp: 0 | kr2udp: 1 | 
2026-05-03 19:41:43,702 - INFO     - img2od: 0 | od2fr: 0 | od2lpr: 0 | od2cap: 0 | fr2kr: 0 | lpr2kr: 667 | cap2udp: 0 | kr2udp: 1 | 
2026-05-03 19:41:44,704 - INFO     - img2od: 0 | od2fr: 0 | od2lpr: 0 | od2cap: 0 | fr2kr: 0 | lpr2kr: 663 | cap2udp: 0 | kr2udp: 1 | 
2026-05-03 19:41:45,705 - INFO     - img2od: 0 | od2fr: 0 | od2lpr: 0 | od2cap: 0 | fr2kr: 0 | lpr2kr: 659 | cap2udp: 0 | kr2udp: 1 | 
2026-05-03 19:41:46,706 - INFO     - img2od: 0 | od2fr: 0 | od2lpr: 0 | od2cap: 0 | fr2kr: 0 | lpr2kr: 655 | cap2udp: 0 | kr2udp: 0 | 
2026-05-03 19:41:47,707 - INFO     - img2od: 0 | od2fr: 0 | od2lpr: 0 | od2cap: 0 | fr2kr: 0 | lpr2kr: 651 | cap2udp: 0 | kr2udp: 0 | 
2026-05-03 19:41:48,709 - INFO     - img2od: 0 | od2fr: 0 | od2lpr: 0 | od2cap: 0 | fr2kr: 0 | lpr2kr: 647 | cap2udp: 0 | kr2udp: 1 | 
2026-05-03 19:41:49,710 - INFO     - img2od: 0 | od2fr: 0 | od2lpr: 0 | od2cap: 0 | fr2kr: 0 | lpr2kr: 643 | cap2udp: 0 | kr2udp: 1 | 
2026-05-03 19:41:50,711 - INFO     - img2od: 0 | od2fr: 0 | od2lpr: 0 | od2cap: 0 | fr2kr: 0 | lpr2kr: 639 | cap2udp: 0 | kr2udp: 1 | 
2026-05-03 19:41:51,712 - INFO     - img2od: 0 | od2fr: 0 | od2lpr: 0 | od2cap: 0 | fr2kr: 0 | lpr2kr: 636 | cap2udp: 0 | kr2udp: 1 | 
2026-05-03 19:41:52,713 - INFO     - img2od: 0 | od2fr: 0 | od2lpr: 0 | od2cap: 0 | fr2kr: 0 | lpr2kr: 632 | cap2udp: 0 | kr2udp: 1 | 
2026-05-03 19:41:53,714 - INFO     - img2od: 0 | od2fr: 0 | od2lpr: 0 | od2cap: 0 | fr2kr: 0 | lpr2kr: 628 | cap2udp: 0 | kr2udp: 1 | 
2026-05-03 19:41:54,715 - INFO     - img2od: 0 | od2fr: 0 | od2lpr: 0 | od2cap: 0 | fr2kr: 0 | lpr2kr: 624 | cap2udp: 0 | kr2udp: 0 | 
2026-05-03 19:41:55,716 - INFO     - img2od: 0 | od2fr: 0 | od2lpr: 0 | od2cap: 0 | fr2kr: 0 | lpr2kr: 620 | cap2udp: 0 | kr2udp: 1 | 
2026-05-03 19:41:56,717 - INFO     - img2od: 0 | od2fr: 0 | od2lpr: 0 | od2cap: 0 | fr2kr: 0 | lpr2kr: 616 | cap2udp: 0 | kr2udp: 1 | 
2026-05-03 19:41:57,718 - INFO     - img2od: 0 | od2fr: 0 | od2lpr: 0 | od2cap: 0 | fr2kr: 0 | lpr2kr: 612 | cap2udp: 0 | kr2udp: 1 | 
2026-05-03 19:41:58,719 - INFO     - img2od: 0 | od2fr: 0 | od2lpr: 0 | od2cap: 0 | fr2kr: 0 | lpr2kr: 608 | cap2udp: 0 | kr2udp: 1 | 
2026-05-03 19:41:59,721 - INFO     - img2od: 0 | od2fr: 0 | od2lpr: 0 | od2cap: 0 | fr2kr: 0 | lpr2kr: 605 | cap2udp: 0 | kr2udp: 1 | 
2026-05-03 19:42:00,722 - INFO     - img2od: 0 | od2fr: 0 | od2lpr: 0 | od2cap: 0 | fr2kr: 0 | lpr2kr: 601 | cap2udp: 0 | kr2udp: 1 | 
2026-05-03 19:42:01,723 - INFO     - img2od: 0 | od2fr: 0 | od2lpr: 0 | od2cap: 0 | fr2kr: 0 | lpr2kr: 597 | cap2udp: 0 | kr2udp: 1 | 
2026-05-03 19:42:02,724 - INFO     - img2od: 0 | od2fr: 0 | od2lpr: 0 | od2cap: 0 | fr2kr: 0 | lpr2kr: 593 | cap2udp: 0 | kr2udp: 0 | 
2026-05-03 19:42:03,725 - INFO     - img2od: 0 | od2fr: 0 | od2lpr: 0 | od2cap: 0 | fr2kr: 0 | lpr2kr: 589 | cap2udp: 0 | kr2udp: 1 | 
2026-05-03 19:42:04,726 - INFO     - img2od: 0 | od2fr: 0 | od2lpr: 0 | od2cap: 0 | fr2kr: 0 | lpr2kr: 585 | cap2udp: 0 | kr2udp: 1 | 
2026-05-03 19:42:05,728 - INFO     - img2od: 0 | od2fr: 0 | od2lpr: 0 | od2cap: 0 | fr2kr: 0 | lpr2kr: 582 | cap2udp: 0 | kr2udp: 1 | 
2026-05-03 19:42:06,729 - INFO     - img2od: 0 | od2fr: 0 | od2lpr: 0 | od2cap: 0 | fr2kr: 0 | lpr2kr: 578 | cap2udp: 0 | kr2udp: 1 | 
2026-05-03 19:42:07,730 - INFO     - img2od: 0 | od2fr: 0 | od2lpr: 0 | od2cap: 0 | fr2kr: 0 | lpr2kr: 574 | cap2udp: 0 | kr2udp: 1 | 
2026-05-03 19:42:08,731 - INFO     - img2od: 0 | od2fr: 0 | od2lpr: 0 | od2cap: 0 | fr2kr: 0 | lpr2kr: 570 | cap2udp: 0 | kr2udp: 1 | 
2026-05-03 19:42:09,732 - INFO     - img2od: 0 | od2fr: 0 | od2lpr: 0 | od2cap: 0 | fr2kr: 0 | lpr2kr: 566 | cap2udp: 0 | kr2udp: 0 | 
2026-05-03 19:42:10,733 - INFO     - img2od: 0 | od2fr: 0 | od2lpr: 0 | od2cap: 0 | fr2kr: 0 | lpr2kr: 562 | cap2udp: 0 | kr2udp: 0 | 
2026-05-03 19:42:11,734 - INFO     - img2od: 0 | od2fr: 0 | od2lpr: 0 | od2cap: 0 | fr2kr: 0 | lpr2kr: 558 | cap2udp: 0 | kr2udp: 1 | 
2026-05-03 19:42:12,735 - INFO     - img2od: 0 | od2fr: 0 | od2lpr: 0 | od2cap: 0 | fr2kr: 0 | lpr2kr: 555 | cap2udp: 0 | kr2udp: 1 | 
2026-05-03 19:42:13,736 - INFO     - img2od: 0 | od2fr: 0 | od2lpr: 0 | od2cap: 0 | fr2kr: 0 | lpr2kr: 551 | cap2udp: 0 | kr2udp: 1 | 
2026-05-03 19:42:14,738 - INFO     - img2od: 0 | od2fr: 0 | od2lpr: 0 | od2cap: 0 | fr2kr: 0 | lpr2kr: 547 | cap2udp: 0 | kr2udp: 1 | 
2026-05-03 19:42:15,739 - INFO     - img2od: 0 | od2fr: 0 | od2lpr: 0 | od2cap: 0 | fr2kr: 0 | lpr2kr: 543 | cap2udp: 0 | kr2udp: 1 | 
2026-05-03 19:42:16,740 - INFO     - img2od: 0 | od2fr: 0 | od2lpr: 0 | od2cap: 0 | fr2kr: 0 | lpr2kr: 539 | cap2udp: 0 | kr2udp: 0 | 
2026-05-03 19:42:17,741 - INFO     - img2od: 0 | od2fr: 0 | od2lpr: 0 | od2cap: 0 | fr2kr: 0 | lpr2kr: 535 | cap2udp: 0 | kr2udp: 0 | 
2026-05-03 19:42:18,742 - INFO     - img2od: 0 | od2fr: 0 | od2lpr: 0 | od2cap: 0 | fr2kr: 0 | lpr2kr: 531 | cap2udp: 0 | kr2udp: 0 | 
2026-05-03 19:42:19,744 - INFO     - img2od: 0 | od2fr: 0 | od2lpr: 0 | od2cap: 0 | fr2kr: 0 | lpr2kr: 528 | cap2udp: 0 | kr2udp: 1 | 
2026-05-03 19:42:20,745 - INFO     - img2od: 0 | od2fr: 0 | od2lpr: 0 | od2cap: 0 | fr2kr: 0 | lpr2kr: 524 | cap2udp: 0 | kr2udp: 1 | 
2026-05-03 19:42:21,746 - INFO     - img2od: 0 | od2fr: 0 | od2lpr: 0 | od2cap: 0 | fr2kr: 0 | lpr2kr: 520 | cap2udp: 0 | kr2udp: 1 | 
2026-05-03 19:42:22,747 - INFO     - img2od: 0 | od2fr: 0 | od2lpr: 0 | od2cap: 0 | fr2kr: 0 | lpr2kr: 516 | cap2udp: 0 | kr2udp: 1 | 
2026-05-03 19:42:23,749 - INFO     - img2od: 0 | od2fr: 0 | od2lpr: 0 | od2cap: 0 | fr2kr: 0 | lpr2kr: 512 | cap2udp: 0 | kr2udp: 0 | 
2026-05-03 19:42:24,750 - INFO     - img2od: 0 | od2fr: 0 | od2lpr: 0 | od2cap: 0 | fr2kr: 0 | lpr2kr: 508 | cap2udp: 0 | kr2udp: 0 | 
2026-05-03 19:42:25,751 - INFO     - img2od: 0 | od2fr: 0 | od2lpr: 0 | od2cap: 0 | fr2kr: 0 | lpr2kr: 504 | cap2udp: 0 | kr2udp: 1 | 
2026-05-03 19:42:26,752 - INFO     - img2od: 0 | od2fr: 0 | od2lpr: 0 | od2cap: 0 | fr2kr: 0 | lpr2kr: 501 | cap2udp: 0 | kr2udp: 1 | 
2026-05-03 19:42:27,753 - INFO     - img2od: 0 | od2fr: 0 | od2lpr: 0 | od2cap: 0 | fr2kr: 0 | lpr2kr: 497 | cap2udp: 0 | kr2udp: 1 | 
2026-05-03 19:42:28,755 - INFO     - img2od: 0 | od2fr: 0 | od2lpr: 0 | od2cap: 0 | fr2kr: 0 | lpr2kr: 493 | cap2udp: 0 | kr2udp: 1 | 
2026-05-03 19:42:29,756 - INFO     - img2od: 0 | od2fr: 0 | od2lpr: 0 | od2cap: 0 | fr2kr: 0 | lpr2kr: 489 | cap2udp: 0 | kr2udp: 1 | 
2026-05-03 19:42:30,757 - INFO     - img2od: 0 | od2fr: 0 | od2lpr: 0 | od2cap: 0 | fr2kr: 0 | lpr2kr: 485 | cap2udp: 0 | kr2udp: 0 | 
2026-05-03 19:42:31,758 - INFO     - img2od: 0 | od2fr: 0 | od2lpr: 0 | od2cap: 0 | fr2kr: 0 | lpr2kr: 481 | cap2udp: 0 | kr2udp: 1 | 
2026-05-03 19:42:32,759 - INFO     - img2od: 0 | od2fr: 0 | od2lpr: 0 | od2cap: 0 | fr2kr: 0 | lpr2kr: 477 | cap2udp: 0 | kr2udp: 1 | 
2026-05-03 19:42:33,760 - INFO     - img2od: 0 | od2fr: 0 | od2lpr: 0 | od2cap: 0 | fr2kr: 0 | lpr2kr: 474 | cap2udp: 0 | kr2udp: 1 | 
2026-05-03 19:42:34,761 - INFO     - img2od: 0 | od2fr: 0 | od2lpr: 0 | od2cap: 0 | fr2kr: 0 | lpr2kr: 470 | cap2udp: 0 | kr2udp: 1 | 
2026-05-03 19:42:35,762 - INFO     - img2od: 0 | od2fr: 0 | od2lpr: 0 | od2cap: 0 | fr2kr: 0 | lpr2kr: 466 | cap2udp: 0 | kr2udp: 1 | 
2026-05-03 19:42:36,764 - INFO     - img2od: 0 | od2fr: 0 | od2lpr: 0 | od2cap: 0 | fr2kr: 0 | lpr2kr: 462 | cap2udp: 0 | kr2udp: 1 | 
2026-05-03 19:42:37,765 - INFO     - img2od: 0 | od2fr: 0 | od2lpr: 0 | od2cap: 0 | fr2kr: 0 | lpr2kr: 458 | cap2udp: 0 | kr2udp: 1 | 
2026-05-03 19:42:38,765 - INFO     - img2od: 0 | od2fr: 0 | od2lpr: 0 | od2cap: 0 | fr2kr: 0 | lpr2kr: 454 | cap2udp: 0 | kr2udp: 1 | 
2026-05-03 19:42:39,767 - INFO     - img2od: 0 | od2fr: 0 | od2lpr: 0 | od2cap: 0 | fr2kr: 0 | lpr2kr: 450 | cap2udp: 0 | kr2udp: 1 | 
2026-05-03 19:42:40,768 - INFO     - img2od: 0 | od2fr: 0 | od2lpr: 0 | od2cap: 0 | fr2kr: 0 | lpr2kr: 447 | cap2udp: 0 | kr2udp: 1 | 
2026-05-03 19:42:41,769 - INFO     - img2od: 0 | od2fr: 0 | od2lpr: 0 | od2cap: 0 | fr2kr: 0 | lpr2kr: 443 | cap2udp: 0 | kr2udp: 1 | 
2026-05-03 19:42:42,770 - INFO     - img2od: 0 | od2fr: 0 | od2lpr: 0 | od2cap: 0 | fr2kr: 0 | lpr2kr: 439 | cap2udp: 0 | kr2udp: 1 | 
2026-05-03 19:42:43,771 - INFO     - img2od: 0 | od2fr: 0 | od2lpr: 0 | od2cap: 0 | fr2kr: 0 | lpr2kr: 435 | cap2udp: 0 | kr2udp: 1 | 
2026-05-03 19:42:44,772 - INFO     - img2od: 0 | od2fr: 0 | od2lpr: 0 | od2cap: 0 | fr2kr: 0 | lpr2kr: 431 | cap2udp: 0 | kr2udp: 1 | 
2026-05-03 19:42:45,773 - INFO     - img2od: 0 | od2fr: 0 | od2lpr: 0 | od2cap: 0 | fr2kr: 0 | lpr2kr: 427 | cap2udp: 0 | kr2udp: 1 | 
2026-05-03 19:42:46,774 - INFO     - img2od: 0 | od2fr: 0 | od2lpr: 0 | od2cap: 0 | fr2kr: 0 | lpr2kr: 423 | cap2udp: 0 | kr2udp: 1 | 
2026-05-03 19:42:47,775 - INFO     - img2od: 0 | od2fr: 0 | od2lpr: 0 | od2cap: 0 | fr2kr: 0 | lpr2kr: 420 | cap2udp: 0 | kr2udp: 1 | 
2026-05-03 19:42:48,777 - INFO     - img2od: 0 | od2fr: 0 | od2lpr: 0 | od2cap: 0 | fr2kr: 0 | lpr2kr: 416 | cap2udp: 0 | kr2udp: 1 | 
2026-05-03 19:42:49,778 - INFO     - img2od: 0 | od2fr: 0 | od2lpr: 0 | od2cap: 0 | fr2kr: 0 | lpr2kr: 412 | cap2udp: 0 | kr2udp: 1 | 
2026-05-03 19:42:50,779 - INFO     - img2od: 0 | od2fr: 0 | od2lpr: 0 | od2cap: 0 | fr2kr: 0 | lpr2kr: 408 | cap2udp: 0 | kr2udp: 1 | 
2026-05-03 19:42:51,780 - INFO     - img2od: 0 | od2fr: 0 | od2lpr: 0 | od2cap: 0 | fr2kr: 0 | lpr2kr: 404 | cap2udp: 0 | kr2udp: 0 | 
2026-05-03 19:42:52,781 - INFO     - img2od: 0 | od2fr: 0 | od2lpr: 0 | od2cap: 0 | fr2kr: 0 | lpr2kr: 400 | cap2udp: 0 | kr2udp: 1 | 
2026-05-03 19:42:53,783 - INFO     - img2od: 0 | od2fr: 0 | od2lpr: 0 | od2cap: 0 | fr2kr: 0 | lpr2kr: 396 | cap2udp: 0 | kr2udp: 1 | 
2026-05-03 19:42:54,784 - INFO     - img2od: 0 | od2fr: 0 | od2lpr: 0 | od2cap: 0 | fr2kr: 0 | lpr2kr: 393 | cap2udp: 0 | kr2udp: 1 | 
2026-05-03 19:42:55,785 - INFO     - img2od: 0 | od2fr: 0 | od2lpr: 0 | od2cap: 0 | fr2kr: 0 | lpr2kr: 389 | cap2udp: 0 | kr2udp: 1 | 
2026-05-03 19:42:56,786 - INFO     - img2od: 0 | od2fr: 0 | od2lpr: 0 | od2cap: 0 | fr2kr: 0 | lpr2kr: 385 | cap2udp: 0 | kr2udp: 1 | 
2026-05-03 19:42:57,788 - INFO     - img2od: 0 | od2fr: 0 | od2lpr: 0 | od2cap: 0 | fr2kr: 0 | lpr2kr: 381 | cap2udp: 0 | kr2udp: 1 | 
2026-05-03 19:42:58,789 - INFO     - img2od: 0 | od2fr: 0 | od2lpr: 0 | od2cap: 0 | fr2kr: 0 | lpr2kr: 377 | cap2udp: 0 | kr2udp: 0 | 
2026-05-03 19:42:59,790 - INFO     - img2od: 0 | od2fr: 0 | od2lpr: 0 | od2cap: 0 | fr2kr: 0 | lpr2kr: 373 | cap2udp: 0 | kr2udp: 1 | 
2026-05-03 19:43:00,791 - INFO     - img2od: 0 | od2fr: 0 | od2lpr: 0 | od2cap: 0 | fr2kr: 0 | lpr2kr: 370 | cap2udp: 0 | kr2udp: 1 | 
2026-05-03 19:43:01,792 - INFO     - img2od: 0 | od2fr: 0 | od2lpr: 0 | od2cap: 0 | fr2kr: 0 | lpr2kr: 366 | cap2udp: 0 | kr2udp: 1 | 
2026-05-03 19:43:02,793 - INFO     - img2od: 0 | od2fr: 0 | od2lpr: 0 | od2cap: 0 | fr2kr: 0 | lpr2kr: 362 | cap2udp: 0 | kr2udp: 1 | 
2026-05-03 19:43:03,794 - INFO     - img2od: 0 | od2fr: 0 | od2lpr: 0 | od2cap: 0 | fr2kr: 0 | lpr2kr: 358 | cap2udp: 0 | kr2udp: 0 | 
2026-05-03 19:43:04,795 - INFO     - img2od: 0 | od2fr: 0 | od2lpr: 0 | od2cap: 0 | fr2kr: 0 | lpr2kr: 354 | cap2udp: 0 | kr2udp: 1 | 
2026-05-03 19:43:05,796 - INFO     - img2od: 0 | od2fr: 0 | od2lpr: 0 | od2cap: 0 | fr2kr: 0 | lpr2kr: 350 | cap2udp: 0 | kr2udp: 1 | 
2026-05-03 19:43:06,797 - INFO     - img2od: 0 | od2fr: 0 | od2lpr: 0 | od2cap: 0 | fr2kr: 0 | lpr2kr: 346 | cap2udp: 0 | kr2udp: 1 | 
2026-05-03 19:43:07,798 - INFO     - img2od: 0 | od2fr: 0 | od2lpr: 0 | od2cap: 0 | fr2kr: 0 | lpr2kr: 342 | cap2udp: 0 | kr2udp: 1 | 
2026-05-03 19:43:08,799 - INFO     - img2od: 0 | od2fr: 0 | od2lpr: 0 | od2cap: 0 | fr2kr: 0 | lpr2kr: 338 | cap2udp: 0 | kr2udp: 1 | 
2026-05-03 19:43:09,800 - INFO     - img2od: 0 | od2fr: 0 | od2lpr: 0 | od2cap: 0 | fr2kr: 0 | lpr2kr: 335 | cap2udp: 0 | kr2udp: 1 | 
2026-05-03 19:43:10,801 - INFO     - img2od: 0 | od2fr: 0 | od2lpr: 0 | od2cap: 0 | fr2kr: 0 | lpr2kr: 331 | cap2udp: 0 | kr2udp: 1 | 
2026-05-03 19:43:11,802 - INFO     - img2od: 0 | od2fr: 0 | od2lpr: 0 | od2cap: 0 | fr2kr: 0 | lpr2kr: 327 | cap2udp: 0 | kr2udp: 1 | 
2026-05-03 19:43:12,803 - INFO     - img2od: 0 | od2fr: 0 | od2lpr: 0 | od2cap: 0 | fr2kr: 0 | lpr2kr: 323 | cap2udp: 0 | kr2udp: 1 | 
2026-05-03 19:43:13,804 - INFO     - img2od: 0 | od2fr: 0 | od2lpr: 0 | od2cap: 0 | fr2kr: 0 | lpr2kr: 319 | cap2udp: 0 | kr2udp: 1 | 
2026-05-03 19:43:14,805 - INFO     - img2od: 0 | od2fr: 0 | od2lpr: 0 | od2cap: 0 | fr2kr: 0 | lpr2kr: 315 | cap2udp: 0 | kr2udp: 1 | 
2026-05-03 19:43:15,806 - INFO     - img2od: 0 | od2fr: 0 | od2lpr: 0 | od2cap: 0 | fr2kr: 0 | lpr2kr: 311 | cap2udp: 0 | kr2udp: 1 | 
2026-05-03 19:43:16,807 - INFO     - img2od: 0 | od2fr: 0 | od2lpr: 0 | od2cap: 0 | fr2kr: 0 | lpr2kr: 307 | cap2udp: 0 | kr2udp: 1 | 
2026-05-03 19:43:17,809 - INFO     - img2od: 0 | od2fr: 0 | od2lpr: 0 | od2cap: 0 | fr2kr: 0 | lpr2kr: 303 | cap2udp: 0 | kr2udp: 1 | 
2026-05-03 19:43:18,810 - INFO     - img2od: 0 | od2fr: 0 | od2lpr: 0 | od2cap: 0 | fr2kr: 0 | lpr2kr: 299 | cap2udp: 0 | kr2udp: 1 | 
2026-05-03 19:43:19,811 - INFO     - img2od: 0 | od2fr: 0 | od2lpr: 0 | od2cap: 0 | fr2kr: 0 | lpr2kr: 296 | cap2udp: 0 | kr2udp: 1 | 
2026-05-03 19:43:20,812 - INFO     - img2od: 0 | od2fr: 0 | od2lpr: 0 | od2cap: 0 | fr2kr: 0 | lpr2kr: 292 | cap2udp: 0 | kr2udp: 1 | 
2026-05-03 19:43:21,813 - INFO     - img2od: 0 | od2fr: 0 | od2lpr: 0 | od2cap: 0 | fr2kr: 0 | lpr2kr: 288 | cap2udp: 0 | kr2udp: 1 | 
2026-05-03 19:43:22,814 - INFO     - img2od: 0 | od2fr: 0 | od2lpr: 0 | od2cap: 0 | fr2kr: 0 | lpr2kr: 284 | cap2udp: 0 | kr2udp: 1 | 
2026-05-03 19:43:23,815 - INFO     - img2od: 0 | od2fr: 0 | od2lpr: 0 | od2cap: 0 | fr2kr: 0 | lpr2kr: 280 | cap2udp: 0 | kr2udp: 0 | 
2026-05-03 19:43:24,816 - INFO     - img2od: 0 | od2fr: 0 | od2lpr: 0 | od2cap: 0 | fr2kr: 0 | lpr2kr: 276 | cap2udp: 0 | kr2udp: 1 | 
2026-05-03 19:43:25,818 - INFO     - img2od: 0 | od2fr: 0 | od2lpr: 0 | od2cap: 0 | fr2kr: 0 | lpr2kr: 272 | cap2udp: 0 | kr2udp: 1 | 
2026-05-03 19:43:26,819 - INFO     - img2od: 0 | od2fr: 0 | od2lpr: 0 | od2cap: 0 | fr2kr: 0 | lpr2kr: 268 | cap2udp: 0 | kr2udp: 1 | 
2026-05-03 19:43:27,820 - INFO     - img2od: 0 | od2fr: 0 | od2lpr: 0 | od2cap: 0 | fr2kr: 0 | lpr2kr: 264 | cap2udp: 0 | kr2udp: 1 | 
2026-05-03 19:43:28,821 - INFO     - img2od: 0 | od2fr: 0 | od2lpr: 0 | od2cap: 0 | fr2kr: 0 | lpr2kr: 261 | cap2udp: 0 | kr2udp: 1 | 
2026-05-03 19:43:29,822 - INFO     - img2od: 0 | od2fr: 0 | od2lpr: 0 | od2cap: 0 | fr2kr: 0 | lpr2kr: 257 | cap2udp: 0 | kr2udp: 1 | 
2026-05-03 19:43:30,824 - INFO     - img2od: 0 | od2fr: 0 | od2lpr: 0 | od2cap: 0 | fr2kr: 0 | lpr2kr: 253 | cap2udp: 0 | kr2udp: 1 | 
2026-05-03 19:43:31,825 - INFO     - img2od: 0 | od2fr: 0 | od2lpr: 0 | od2cap: 0 | fr2kr: 0 | lpr2kr: 249 | cap2udp: 0 | kr2udp: 1 | 
2026-05-03 19:43:32,826 - INFO     - img2od: 0 | od2fr: 0 | od2lpr: 0 | od2cap: 0 | fr2kr: 0 | lpr2kr: 245 | cap2udp: 0 | kr2udp: 1 | 
2026-05-03 19:43:33,827 - INFO     - img2od: 0 | od2fr: 0 | od2lpr: 0 | od2cap: 0 | fr2kr: 0 | lpr2kr: 241 | cap2udp: 0 | kr2udp: 1 | 
2026-05-03 19:43:34,829 - INFO     - img2od: 0 | od2fr: 0 | od2lpr: 0 | od2cap: 0 | fr2kr: 0 | lpr2kr: 237 | cap2udp: 0 | kr2udp: 0 | 
2026-05-03 19:43:35,830 - INFO     - img2od: 0 | od2fr: 0 | od2lpr: 0 | od2cap: 0 | fr2kr: 0 | lpr2kr: 233 | cap2udp: 0 | kr2udp: 1 | 
2026-05-03 19:43:36,831 - INFO     - img2od: 0 | od2fr: 0 | od2lpr: 0 | od2cap: 0 | fr2kr: 0 | lpr2kr: 229 | cap2udp: 0 | kr2udp: 1 | 
2026-05-03 19:43:37,832 - INFO     - img2od: 0 | od2fr: 0 | od2lpr: 0 | od2cap: 0 | fr2kr: 0 | lpr2kr: 225 | cap2udp: 0 | kr2udp: 1 | 
2026-05-03 19:43:38,834 - INFO     - img2od: 0 | od2fr: 0 | od2lpr: 0 | od2cap: 0 | fr2kr: 0 | lpr2kr: 221 | cap2udp: 0 | kr2udp: 1 | 
2026-05-03 19:43:39,835 - INFO     - img2od: 0 | od2fr: 0 | od2lpr: 0 | od2cap: 0 | fr2kr: 0 | lpr2kr: 217 | cap2udp: 0 | kr2udp: 1 | 
2026-05-03 19:43:40,836 - INFO     - img2od: 0 | od2fr: 0 | od2lpr: 0 | od2cap: 0 | fr2kr: 0 | lpr2kr: 214 | cap2udp: 0 | kr2udp: 1 | 
2026-05-03 19:43:41,837 - INFO     - img2od: 0 | od2fr: 0 | od2lpr: 0 | od2cap: 0 | fr2kr: 0 | lpr2kr: 210 | cap2udp: 0 | kr2udp: 1 | 
2026-05-03 19:43:42,838 - INFO     - img2od: 0 | od2fr: 0 | od2lpr: 0 | od2cap: 0 | fr2kr: 0 | lpr2kr: 206 | cap2udp: 0 | kr2udp: 1 | 
2026-05-03 19:43:43,839 - INFO     - img2od: 0 | od2fr: 0 | od2lpr: 0 | od2cap: 0 | fr2kr: 0 | lpr2kr: 202 | cap2udp: 0 | kr2udp: 1 | 
2026-05-03 19:43:44,840 - INFO     - img2od: 0 | od2fr: 0 | od2lpr: 0 | od2cap: 0 | fr2kr: 0 | lpr2kr: 198 | cap2udp: 0 | kr2udp: 1 | 
2026-05-03 19:43:45,841 - INFO     - img2od: 0 | od2fr: 0 | od2lpr: 0 | od2cap: 0 | fr2kr: 0 | lpr2kr: 194 | cap2udp: 0 | kr2udp: 1 | 
2026-05-03 19:43:46,842 - INFO     - img2od: 0 | od2fr: 0 | od2lpr: 0 | od2cap: 0 | fr2kr: 0 | lpr2kr: 190 | cap2udp: 0 | kr2udp: 1 | 
2026-05-03 19:43:47,843 - INFO     - img2od: 0 | od2fr: 0 | od2lpr: 0 | od2cap: 0 | fr2kr: 0 | lpr2kr: 186 | cap2udp: 0 | kr2udp: 1 | 
2026-05-03 19:43:48,844 - INFO     - img2od: 0 | od2fr: 0 | od2lpr: 0 | od2cap: 0 | fr2kr: 0 | lpr2kr: 182 | cap2udp: 0 | kr2udp: 1 | 
2026-05-03 19:43:49,846 - INFO     - img2od: 0 | od2fr: 0 | od2lpr: 0 | od2cap: 0 | fr2kr: 0 | lpr2kr: 178 | cap2udp: 0 | kr2udp: 1 | 
2026-05-03 19:43:50,847 - INFO     - img2od: 0 | od2fr: 0 | od2lpr: 0 | od2cap: 0 | fr2kr: 0 | lpr2kr: 174 | cap2udp: 0 | kr2udp: 1 | 
2026-05-03 19:43:51,848 - INFO     - img2od: 0 | od2fr: 0 | od2lpr: 0 | od2cap: 0 | fr2kr: 0 | lpr2kr: 171 | cap2udp: 0 | kr2udp: 1 | 
2026-05-03 19:43:52,849 - INFO     - img2od: 0 | od2fr: 0 | od2lpr: 0 | od2cap: 0 | fr2kr: 0 | lpr2kr: 167 | cap2udp: 0 | kr2udp: 1 | 
2026-05-03 19:43:53,850 - INFO     - img2od: 0 | od2fr: 0 | od2lpr: 0 | od2cap: 0 | fr2kr: 0 | lpr2kr: 163 | cap2udp: 0 | kr2udp: 1 | 
2026-05-03 19:43:54,851 - INFO     - img2od: 0 | od2fr: 0 | od2lpr: 0 | od2cap: 0 | fr2kr: 0 | lpr2kr: 159 | cap2udp: 0 | kr2udp: 1 | 
2026-05-03 19:43:55,852 - INFO     - img2od: 0 | od2fr: 0 | od2lpr: 0 | od2cap: 0 | fr2kr: 0 | lpr2kr: 155 | cap2udp: 0 | kr2udp: 1 | 
2026-05-03 19:43:56,854 - INFO     - img2od: 0 | od2fr: 0 | od2lpr: 0 | od2cap: 0 | fr2kr: 0 | lpr2kr: 151 | cap2udp: 0 | kr2udp: 1 | 
2026-05-03 19:43:57,855 - INFO     - img2od: 0 | od2fr: 0 | od2lpr: 0 | od2cap: 0 | fr2kr: 0 | lpr2kr: 147 | cap2udp: 0 | kr2udp: 1 | 
2026-05-03 19:43:58,856 - INFO     - img2od: 0 | od2fr: 0 | od2lpr: 0 | od2cap: 0 | fr2kr: 0 | lpr2kr: 143 | cap2udp: 0 | kr2udp: 1 | 
2026-05-03 19:43:59,857 - INFO     - img2od: 0 | od2fr: 0 | od2lpr: 0 | od2cap: 0 | fr2kr: 0 | lpr2kr: 139 | cap2udp: 0 | kr2udp: 1 | 
2026-05-03 19:44:00,858 - INFO     - img2od: 0 | od2fr: 0 | od2lpr: 0 | od2cap: 0 | fr2kr: 0 | lpr2kr: 135 | cap2udp: 0 | kr2udp: 1 | 
2026-05-03 19:44:01,860 - INFO     - img2od: 0 | od2fr: 0 | od2lpr: 0 | od2cap: 0 | fr2kr: 0 | lpr2kr: 131 | cap2udp: 0 | kr2udp: 1 | 
2026-05-03 19:44:02,861 - INFO     - img2od: 0 | od2fr: 0 | od2lpr: 0 | od2cap: 0 | fr2kr: 0 | lpr2kr: 127 | cap2udp: 0 | kr2udp: 1 | 
2026-05-03 19:44:03,862 - INFO     - img2od: 0 | od2fr: 0 | od2lpr: 0 | od2cap: 0 | fr2kr: 0 | lpr2kr: 124 | cap2udp: 0 | kr2udp: 1 | 
2026-05-03 19:44:04,863 - INFO     - img2od: 0 | od2fr: 0 | od2lpr: 0 | od2cap: 0 | fr2kr: 0 | lpr2kr: 120 | cap2udp: 0 | kr2udp: 1 | 
2026-05-03 19:44:05,865 - INFO     - img2od: 0 | od2fr: 0 | od2lpr: 0 | od2cap: 0 | fr2kr: 0 | lpr2kr: 116 | cap2udp: 0 | kr2udp: 1 | 
2026-05-03 19:44:06,866 - INFO     - img2od: 0 | od2fr: 0 | od2lpr: 0 | od2cap: 0 | fr2kr: 0 | lpr2kr: 112 | cap2udp: 0 | kr2udp: 1 | 
2026-05-03 19:44:07,867 - INFO     - img2od: 0 | od2fr: 0 | od2lpr: 0 | od2cap: 0 | fr2kr: 0 | lpr2kr: 108 | cap2udp: 0 | kr2udp: 1 | 
2026-05-03 19:44:08,868 - INFO     - img2od: 0 | od2fr: 0 | od2lpr: 0 | od2cap: 0 | fr2kr: 0 | lpr2kr: 104 | cap2udp: 0 | kr2udp: 0 | 
2026-05-03 19:44:09,870 - INFO     - img2od: 0 | od2fr: 0 | od2lpr: 0 | od2cap: 0 | fr2kr: 0 | lpr2kr: 100 | cap2udp: 0 | kr2udp: 1 | 
2026-05-03 19:44:10,870 - INFO     - img2od: 0 | od2fr: 0 | od2lpr: 0 | od2cap: 0 | fr2kr: 0 | lpr2kr: 96 | cap2udp: 0 | kr2udp: 1 | 
2026-05-03 19:44:11,871 - INFO     - img2od: 0 | od2fr: 0 | od2lpr: 0 | od2cap: 0 | fr2kr: 0 | lpr2kr: 92 | cap2udp: 0 | kr2udp: 1 | 
2026-05-03 19:44:12,872 - INFO     - img2od: 0 | od2fr: 0 | od2lpr: 0 | od2cap: 0 | fr2kr: 0 | lpr2kr: 88 | cap2udp: 0 | kr2udp: 1 | 
2026-05-03 19:44:13,874 - INFO     - img2od: 0 | od2fr: 0 | od2lpr: 0 | od2cap: 0 | fr2kr: 0 | lpr2kr: 84 | cap2udp: 0 | kr2udp: 1 | 
2026-05-03 19:44:14,875 - INFO     - img2od: 0 | od2fr: 0 | od2lpr: 0 | od2cap: 0 | fr2kr: 0 | lpr2kr: 81 | cap2udp: 0 | kr2udp: 1 | 
2026-05-03 19:44:15,876 - INFO     - img2od: 0 | od2fr: 0 | od2lpr: 0 | od2cap: 0 | fr2kr: 0 | lpr2kr: 77 | cap2udp: 0 | kr2udp: 1 | 
2026-05-03 19:44:16,877 - INFO     - img2od: 0 | od2fr: 0 | od2lpr: 0 | od2cap: 0 | fr2kr: 0 | lpr2kr: 73 | cap2udp: 0 | kr2udp: 1 | 
2026-05-03 19:44:17,878 - INFO     - img2od: 0 | od2fr: 0 | od2lpr: 0 | od2cap: 0 | fr2kr: 0 | lpr2kr: 69 | cap2udp: 0 | kr2udp: 1 | 
2026-05-03 19:44:18,880 - INFO     - img2od: 0 | od2fr: 0 | od2lpr: 0 | od2cap: 0 | fr2kr: 0 | lpr2kr: 65 | cap2udp: 0 | kr2udp: 1 | 
2026-05-03 19:44:19,881 - INFO     - img2od: 0 | od2fr: 0 | od2lpr: 0 | od2cap: 0 | fr2kr: 0 | lpr2kr: 61 | cap2udp: 0 | kr2udp: 1 | 
2026-05-03 19:44:20,882 - INFO     - img2od: 0 | od2fr: 0 | od2lpr: 0 | od2cap: 0 | fr2kr: 0 | lpr2kr: 57 | cap2udp: 0 | kr2udp: 1 | 
2026-05-03 19:44:21,883 - INFO     - img2od: 0 | od2fr: 0 | od2lpr: 0 | od2cap: 0 | fr2kr: 0 | lpr2kr: 53 | cap2udp: 0 | kr2udp: 1 | 
2026-05-03 19:44:22,885 - INFO     - img2od: 0 | od2fr: 0 | od2lpr: 0 | od2cap: 0 | fr2kr: 0 | lpr2kr: 49 | cap2udp: 0 | kr2udp: 1 | 
2026-05-03 19:44:23,886 - INFO     - img2od: 0 | od2fr: 0 | od2lpr: 0 | od2cap: 0 | fr2kr: 0 | lpr2kr: 45 | cap2udp: 0 | kr2udp: 1 | 
2026-05-03 19:44:24,887 - INFO     - img2od: 0 | od2fr: 0 | od2lpr: 0 | od2cap: 0 | fr2kr: 0 | lpr2kr: 41 | cap2udp: 0 | kr2udp: 1 | 
2026-05-03 19:44:25,888 - INFO     - img2od: 0 | od2fr: 0 | od2lpr: 0 | od2cap: 0 | fr2kr: 0 | lpr2kr: 37 | cap2udp: 0 | kr2udp: 1 | 
2026-05-03 19:44:26,889 - INFO     - img2od: 0 | od2fr: 0 | od2lpr: 0 | od2cap: 0 | fr2kr: 0 | lpr2kr: 34 | cap2udp: 0 | kr2udp: 1 | 
2026-05-03 19:44:27,891 - INFO     - img2od: 0 | od2fr: 0 | od2lpr: 0 | od2cap: 0 | fr2kr: 0 | lpr2kr: 30 | cap2udp: 0 | kr2udp: 1 | 
2026-05-03 19:44:28,892 - INFO     - img2od: 0 | od2fr: 0 | od2lpr: 0 | od2cap: 0 | fr2kr: 0 | lpr2kr: 26 | cap2udp: 0 | kr2udp: 1 | 
2026-05-03 19:44:29,893 - INFO     - img2od: 0 | od2fr: 0 | od2lpr: 0 | od2cap: 0 | fr2kr: 0 | lpr2kr: 22 | cap2udp: 0 | kr2udp: 1 | 
2026-05-03 19:44:30,894 - INFO     - img2od: 0 | od2fr: 0 | od2lpr: 0 | od2cap: 0 | fr2kr: 0 | lpr2kr: 18 | cap2udp: 0 | kr2udp: 1 | 
2026-05-03 19:44:31,895 - INFO     - img2od: 0 | od2fr: 0 | od2lpr: 0 | od2cap: 0 | fr2kr: 0 | lpr2kr: 14 | cap2udp: 0 | kr2udp: 0 | 
2026-05-03 19:44:32,897 - INFO     - img2od: 0 | od2fr: 0 | od2lpr: 0 | od2cap: 0 | fr2kr: 0 | lpr2kr: 10 | cap2udp: 0 | kr2udp: 1 | 
2026-05-03 19:44:33,898 - INFO     - img2od: 0 | od2fr: 0 | od2lpr: 0 | od2cap: 0 | fr2kr: 0 | lpr2kr: 6 | cap2udp: 0 | kr2udp: 1 | 
2026-05-03 19:44:34,899 - INFO     - img2od: 0 | od2fr: 0 | od2lpr: 0 | od2cap: 0 | fr2kr: 0 | lpr2kr: 2 | cap2udp: 0 | kr2udp: 1 | 
2026-05-03 19:44:35,346 - INFO     - krStream     : Received end signal from LPR
2026-05-03 19:44:35,474 - INFO     - krStream     : Received BOTH END signal, shutting down
2026-05-03 19:44:35,591 - INFO     - udpStream    : Received end signal from KR
2026-05-03 19:44:35,636 - INFO     - krStream     : shutdown successful
2026-05-03 19:44:35,720 - INFO     - udpStream    : Received BOTH END signal, shutting down
2026-05-03 19:44:35,900 - INFO     - img2od: 0 | od2fr: 0 | od2lpr: 0 | od2cap: 0 | fr2kr: 0 | lpr2kr: 0 | cap2udp: 0 | kr2udp: 0 | 
2026-05-03 19:44:36,098 - INFO     - udpStream    : shutdown successful
2026-05-03 19:44:36,901 - INFO     - img2od: 0 | od2fr: 0 | od2lpr: 0 | od2cap: 0 | fr2kr: 0 | lpr2kr: 0 | cap2udp: 0 | kr2udp: 0 | 
2026-05-03 19:44:37,903 - INFO     - img2od: 0 | od2fr: 0 | od2lpr: 0 | od2cap: 0 | fr2kr: 0 | lpr2kr: 0 | cap2udp: 0 | kr2udp: 0 | 
2026-05-03 19:44:38,904 - INFO     - img2od: 0 | od2fr: 0 | od2lpr: 0 | od2cap: 0 | fr2kr: 0 | lpr2kr: 0 | cap2udp: 0 | kr2udp: 0 | 
2026-05-03 19:44:39,905 - INFO     - img2od: 0 | od2fr: 0 | od2lpr: 0 | od2cap: 0 | fr2kr: 0 | lpr2kr: 0 | cap2udp: 0 | kr2udp: 0 | 
2026-05-03 19:44:40,906 - INFO     - img2od: 0 | od2fr: 0 | od2lpr: 0 | od2cap: 0 | fr2kr: 0 | lpr2kr: 0 | cap2udp: 0 | kr2udp: 0 | 
2026-05-03 19:44:41,907 - INFO     - All queues empty, job done
2026-05-03 19:44:41,932 - INFO     - Queue logs written to ./profile_exp/mix/r0.10/no_defense/seed1/QUEUEWATCH.json
2026-05-03 19:44:42,612 - INFO     - Reach FINALLY block in MAIN process
2026-05-03 19:44:42,612 - INFO     - Starting cleanup of 7 processes.
2026-05-03 19:44:42,612 - INFO     - Draining and closing 8 queues.
2026-05-03 19:44:42,612 - INFO     - Starting cleanup for queue 0, queue size: 0.
2026-05-03 19:44:42,612 - INFO     - Starting cleanup for queue 1, queue size: 0.
2026-05-03 19:44:42,612 - INFO     - Starting cleanup for queue 2, queue size: 0.
2026-05-03 19:44:42,612 - INFO     - Starting cleanup for queue 3, queue size: 0.
2026-05-03 19:44:42,612 - INFO     - Starting cleanup for queue 4, queue size: 0.
2026-05-03 19:44:42,612 - INFO     - Starting cleanup for queue 5, queue size: 0.
2026-05-03 19:44:42,612 - INFO     - Starting cleanup for queue 6, queue size: 0.
2026-05-03 19:44:42,612 - INFO     - Starting cleanup for queue 7, queue size: 0.
2026-05-03 19:44:42,612 - INFO     - Cleanup complete.
2026-05-03 19:44:42,612 - INFO     - Cleaned up resources in MAIN process
2026-05-03 19:44:42,613 - INFO     - Summary written to ./profile_exp/mix/r0.10/no_defense/seed1/SUMMARY.json

======================================================================
PROFILING SUMMARY
======================================================================
  Total wall time:    2840.42s
  Images processed:   100
  Throughput:         0.0352 img/s
  Avg E2E latency:    138.6843s
  Min E2E latency:    0.0222s
  Max E2E latency:    940.0151s

  Component          Count  Dropped     FLOPs/call    Total FLOPs
  --------------- -------- -------- -------------- --------------
  odStream             100        0   153844849936 15384484993600
  frStream             414        0     2837404864  1174685613696
  lprStream           9218        0    12102824704 111563838121472
  capStream             35        0   311083426495 10887919927325
  krStream            9632        0            n/a            n/a
  udpStream           9667        0            n/a            n/a

  Total FLOPs:        139010928656093
======================================================================
