2026-05-03 17:24:04,741 - INFO     - imgStream    : internal profiling set to False
2026-05-03 17:24:04,741 - INFO     - odStream     : internal profiling set to False
2026-05-03 17:24:04,741 - INFO     - frStream     : internal profiling set to False
2026-05-03 17:24:04,741 - INFO     - lprStream    : internal profiling set to False
2026-05-03 17:24:04,741 - INFO     - capStream    : internal profiling set to False
2026-05-03 17:24:04,741 - INFO     - krStream     : internal profiling set to False
2026-05-03 17:24:04,741 - INFO     - udpStream    : internal profiling set to False


================================================================================
|                                                                              |
|                     Running: Traffic Monitoring Pipeline                     |
|                                                                              |
|                         Algorithm: None, Model ID: 0                         |
|                                                                              |
|                             Target Indices: none                             |
|                                                                              |
|                             2026-05-03 17:24:04                              |
|                                                                              |
================================================================================


Number of CUDA devices: 1
2026-05-03 17:24:07,636 - INFO     - img2od: 0 | od2fr: 0 | od2lpr: 0 | od2cap: 0 | fr2kr: 0 | lpr2kr: 0 | cap2udp: 0 | kr2udp: 0 | 
2026-05-03 17:24:07,704 - INFO     - imgStream    : mix mode ratio=0.05 seed=4 -> 95 clean / 5 attack
2026-05-03 17:24:07,704 - INFO     - imgStream    : started
/home/lxt230026/.conda/envs/dyndl/lib/python3.10/site-packages/facenet_pytorch/models/inception_resnet_v1.py:329: FutureWarning: You are using `torch.load` with `weights_only=False` (the current default value), which uses the default pickle module implicitly. It is possible to construct malicious pickle data which will execute arbitrary code during unpickling (See https://github.com/pytorch/pytorch/blob/main/SECURITY.md#untrusted-models for more details). In a future release, the default value for `weights_only` will be flipped to `True`. This limits the functions that could be executed during unpickling. Arbitrary objects will no longer be allowed to be loaded via this mode unless they are explicitly allowlisted by the user via `torch.serialization.add_safe_globals`. We recommend you start setting `weights_only=True` for any use case where you don't have full control of the loaded file. Please open an issue on GitHub for any issues related to this experimental feature.
  state_dict = torch.load(cached_file)
2026-05-03 17:24:08,357 - INFO     - krStream     : face embeddings loaded, found 1000 embeddings
2026-05-03 17:24:08,357 - INFO     - krStream     : started
2026-05-03 17:24:08,550 - INFO     - frStream     : FR model loaded, model_id = vggface2
2026-05-03 17:24:08,550 - INFO     - frStream     : started
2026-05-03 17:24:08,637 - INFO     - img2od: 6 | od2fr: 0 | od2lpr: 0 | od2cap: 0 | fr2kr: 0 | lpr2kr: 0 | cap2udp: 0 | kr2udp: 0 | 
2026-05-03 17:24:08,698 - INFO     - odStream     : OD model loaded, model_id = 0
2026-05-03 17:24:08,698 - INFO     - odStream     : started
/home/lxt230026/EfficiencyAttack/traffic/cmpnt/c4_lpr.py:145: FutureWarning: You are using `torch.load` with `weights_only=False` (the current default value), which uses the default pickle module implicitly. It is possible to construct malicious pickle data which will execute arbitrary code during unpickling (See https://github.com/pytorch/pytorch/blob/main/SECURITY.md#untrusted-models for more details). In a future release, the default value for `weights_only` will be flipped to `True`. This limits the functions that could be executed during unpickling. Arbitrary objects will no longer be allowed to be loaded via this mode unless they are explicitly allowlisted by the user via `torch.serialization.add_safe_globals`. We recommend you start setting `weights_only=True` for any use case where you don't have full control of the loaded file. Please open an issue on GitHub for any issues related to this experimental feature.
  self.checkpoint = torch.load(self.model_id, map_location='cpu')
2026-05-03 17:24:09,139 - INFO     - Using custom providers: ['CPUExecutionProvider']
2026-05-03 17:24:09,139 - INFO     - Skipping download of 'argentinian-plates-cnn-model' model, already exists at /home/lxt230026/.cache/fast-plate-ocr/argentinian-plates-cnn-model
2026-05-03 17:24:09,152 - INFO     - lprStream    : LPR model loaded, model_id = model_v2.pth
2026-05-03 17:24:09,153 - INFO     - lprStream    : started
2026-05-03 17:24:09,421 - INFO     - capStream    : CAP model loaded, model_id = microsoft/git-base
2026-05-03 17:24:09,421 - INFO     - capStream    : started
2026-05-03 17:24:09,638 - INFO     - img2od: 11 | od2fr: 24 | od2lpr: 1 | od2cap: 0 | fr2kr: 0 | lpr2kr: 0 | cap2udp: 0 | kr2udp: 0 | 
2026-05-03 17:24:09,691 - INFO     - udpStream    : LM model loaded, model_id = gpt2
2026-05-03 17:24:09,691 - INFO     - udpStream    : started
2026-05-03 17:24:10,639 - INFO     - img2od: 12 | od2fr: 39 | od2lpr: 0 | od2cap: 2 | fr2kr: 2 | lpr2kr: 0 | cap2udp: 0 | kr2udp: 0 | 
2026-05-03 17:24:11,640 - INFO     - img2od: 13 | od2fr: 52 | od2lpr: 0 | od2cap: 6 | fr2kr: 5 | lpr2kr: 1 | cap2udp: 0 | kr2udp: 0 | 
2026-05-03 17:24:12,641 - INFO     - img2od: 13 | od2fr: 127 | od2lpr: 0 | od2cap: 5 | fr2kr: 8 | lpr2kr: 7 | cap2udp: 0 | kr2udp: 0 | 
2026-05-03 17:24:13,642 - INFO     - img2od: 15 | od2fr: 137 | od2lpr: 548 | od2cap: 3 | fr2kr: 13 | lpr2kr: 11 | cap2udp: 0 | kr2udp: 1 | 
2026-05-03 17:24:14,643 - INFO     - img2od: 17 | od2fr: 147 | od2lpr: 902 | od2cap: 1 | fr2kr: 16 | lpr2kr: 32 | cap2udp: 0 | kr2udp: 0 | 
2026-05-03 17:24:15,644 - INFO     - img2od: 20 | od2fr: 180 | od2lpr: 1000 | od2cap: 0 | fr2kr: 20 | lpr2kr: 60 | cap2udp: 0 | kr2udp: 0 | 
2026-05-03 17:24:16,645 - INFO     - img2od: 26 | od2fr: 174 | od2lpr: 1000 | od2cap: 0 | fr2kr: 24 | lpr2kr: 109 | cap2udp: 0 | kr2udp: 1 | 
2026-05-03 17:24:17,646 - INFO     - img2od: 32 | od2fr: 168 | od2lpr: 999 | od2cap: 0 | fr2kr: 27 | lpr2kr: 168 | cap2udp: 0 | kr2udp: 1 | 
2026-05-03 17:24:18,647 - INFO     - img2od: 38 | od2fr: 161 | od2lpr: 999 | od2cap: 0 | fr2kr: 32 | lpr2kr: 235 | cap2udp: 0 | kr2udp: 1 | 
2026-05-03 17:24:19,648 - INFO     - img2od: 43 | od2fr: 155 | od2lpr: 1000 | od2cap: 0 | fr2kr: 35 | lpr2kr: 299 | cap2udp: 0 | kr2udp: 0 | 
2026-05-03 17:24:20,648 - INFO     - img2od: 49 | od2fr: 149 | od2lpr: 1000 | od2cap: 0 | fr2kr: 39 | lpr2kr: 367 | cap2udp: 0 | kr2udp: 1 | 
2026-05-03 17:24:21,649 - INFO     - img2od: 55 | od2fr: 143 | od2lpr: 999 | od2cap: 0 | fr2kr: 42 | lpr2kr: 443 | cap2udp: 0 | kr2udp: 0 | 
2026-05-03 17:24:22,650 - INFO     - img2od: 60 | od2fr: 137 | od2lpr: 999 | od2cap: 0 | fr2kr: 46 | lpr2kr: 512 | cap2udp: 0 | kr2udp: 0 | 
2026-05-03 17:24:23,651 - INFO     - img2od: 66 | od2fr: 130 | od2lpr: 999 | od2cap: 0 | fr2kr: 51 | lpr2kr: 580 | cap2udp: 0 | kr2udp: 1 | 
2026-05-03 17:24:24,652 - INFO     - img2od: 72 | od2fr: 124 | od2lpr: 999 | od2cap: 0 | fr2kr: 54 | lpr2kr: 652 | cap2udp: 0 | kr2udp: 0 | 
2026-05-03 17:24:25,096 - INFO     - imgStream    : completed, sending END signal
2026-05-03 17:24:25,096 - INFO     - imgStream    : shutdown
2026-05-03 17:24:25,262 - INFO     - imgStream    : shutdown successful
2026-05-03 17:24:25,653 - INFO     - img2od: 75 | od2fr: 118 | od2lpr: 999 | od2cap: 0 | fr2kr: 58 | lpr2kr: 720 | cap2udp: 0 | kr2udp: 1 | 
2026-05-03 17:24:26,654 - INFO     - img2od: 75 | od2fr: 112 | od2lpr: 1000 | od2cap: 0 | fr2kr: 61 | lpr2kr: 778 | cap2udp: 0 | kr2udp: 1 | 
2026-05-03 17:24:27,655 - INFO     - img2od: 75 | od2fr: 105 | od2lpr: 1000 | od2cap: 0 | fr2kr: 66 | lpr2kr: 854 | cap2udp: 0 | kr2udp: 2 | 
2026-05-03 17:24:28,656 - INFO     - img2od: 73 | od2fr: 99 | od2lpr: 986 | od2cap: 0 | fr2kr: 69 | lpr2kr: 907 | cap2udp: 0 | kr2udp: 1 | 
2026-05-03 17:24:29,657 - INFO     - img2od: 69 | od2fr: 108 | od2lpr: 930 | od2cap: 0 | fr2kr: 73 | lpr2kr: 961 | cap2udp: 1 | kr2udp: 1 | 
2026-05-03 17:24:30,658 - INFO     - img2od: 64 | od2fr: 169 | od2lpr: 900 | od2cap: 0 | fr2kr: 77 | lpr2kr: 1000 | cap2udp: 1 | kr2udp: 1 | 
2026-05-03 17:24:31,659 - INFO     - img2od: 62 | od2fr: 175 | od2lpr: 1000 | od2cap: 0 | fr2kr: 81 | lpr2kr: 1000 | cap2udp: 0 | kr2udp: 1 | 
2026-05-03 17:24:32,660 - INFO     - img2od: 62 | od2fr: 169 | od2lpr: 1000 | od2cap: 0 | fr2kr: 85 | lpr2kr: 1000 | cap2udp: 0 | kr2udp: 1 | 
2026-05-03 17:24:33,661 - INFO     - img2od: 62 | od2fr: 162 | od2lpr: 1000 | od2cap: 0 | fr2kr: 89 | lpr2kr: 1000 | cap2udp: 0 | kr2udp: 1 | 
2026-05-03 17:24:34,663 - INFO     - img2od: 62 | od2fr: 156 | od2lpr: 1000 | od2cap: 0 | fr2kr: 92 | lpr2kr: 1000 | cap2udp: 0 | kr2udp: 1 | 
2026-05-03 17:24:35,664 - INFO     - img2od: 62 | od2fr: 149 | od2lpr: 1000 | od2cap: 0 | fr2kr: 96 | lpr2kr: 1000 | cap2udp: 0 | kr2udp: 1 | 
2026-05-03 17:24:36,665 - INFO     - img2od: 62 | od2fr: 143 | od2lpr: 1000 | od2cap: 0 | fr2kr: 100 | lpr2kr: 1000 | cap2udp: 0 | kr2udp: 1 | 
2026-05-03 17:24:37,666 - INFO     - img2od: 62 | od2fr: 136 | od2lpr: 1000 | od2cap: 0 | fr2kr: 104 | lpr2kr: 1000 | cap2udp: 0 | kr2udp: 1 | 
2026-05-03 17:24:38,667 - INFO     - img2od: 62 | od2fr: 130 | od2lpr: 1000 | od2cap: 0 | fr2kr: 108 | lpr2kr: 1000 | cap2udp: 0 | kr2udp: 0 | 
2026-05-03 17:24:39,668 - INFO     - img2od: 62 | od2fr: 124 | od2lpr: 1000 | od2cap: 0 | fr2kr: 112 | lpr2kr: 1000 | cap2udp: 0 | kr2udp: 1 | 
2026-05-03 17:24:40,669 - INFO     - img2od: 62 | od2fr: 117 | od2lpr: 1000 | od2cap: 0 | fr2kr: 116 | lpr2kr: 1000 | cap2udp: 0 | kr2udp: 1 | 
2026-05-03 17:24:41,670 - INFO     - img2od: 62 | od2fr: 111 | od2lpr: 1000 | od2cap: 0 | fr2kr: 120 | lpr2kr: 1000 | cap2udp: 0 | kr2udp: 1 | 
2026-05-03 17:24:42,671 - INFO     - img2od: 62 | od2fr: 104 | od2lpr: 1000 | od2cap: 0 | fr2kr: 124 | lpr2kr: 1000 | cap2udp: 0 | kr2udp: 0 | 
2026-05-03 17:24:43,672 - INFO     - img2od: 62 | od2fr: 98 | od2lpr: 1000 | od2cap: 0 | fr2kr: 127 | lpr2kr: 1000 | cap2udp: 0 | kr2udp: 1 | 
2026-05-03 17:24:44,673 - INFO     - img2od: 62 | od2fr: 91 | od2lpr: 1000 | od2cap: 0 | fr2kr: 132 | lpr2kr: 1000 | cap2udp: 0 | kr2udp: 0 | 
2026-05-03 17:24:45,674 - INFO     - img2od: 62 | od2fr: 85 | od2lpr: 1000 | od2cap: 0 | fr2kr: 135 | lpr2kr: 1000 | cap2udp: 0 | kr2udp: 0 | 
2026-05-03 17:24:46,675 - INFO     - img2od: 62 | od2fr: 78 | od2lpr: 1000 | od2cap: 0 | fr2kr: 140 | lpr2kr: 1000 | cap2udp: 0 | kr2udp: 1 | 
2026-05-03 17:24:47,677 - INFO     - img2od: 62 | od2fr: 72 | od2lpr: 1000 | od2cap: 0 | fr2kr: 143 | lpr2kr: 1000 | cap2udp: 0 | kr2udp: 0 | 
2026-05-03 17:24:48,678 - INFO     - img2od: 62 | od2fr: 65 | od2lpr: 1000 | od2cap: 0 | fr2kr: 148 | lpr2kr: 1000 | cap2udp: 0 | kr2udp: 1 | 
2026-05-03 17:24:49,679 - INFO     - img2od: 62 | od2fr: 59 | od2lpr: 1000 | od2cap: 0 | fr2kr: 151 | lpr2kr: 1000 | cap2udp: 0 | kr2udp: 1 | 
2026-05-03 17:24:50,680 - INFO     - img2od: 62 | od2fr: 52 | od2lpr: 1000 | od2cap: 0 | fr2kr: 156 | lpr2kr: 1000 | cap2udp: 0 | kr2udp: 1 | 
2026-05-03 17:24:51,682 - INFO     - img2od: 62 | od2fr: 46 | od2lpr: 1000 | od2cap: 0 | fr2kr: 159 | lpr2kr: 1000 | cap2udp: 0 | kr2udp: 0 | 
2026-05-03 17:24:52,683 - INFO     - img2od: 62 | od2fr: 39 | od2lpr: 1000 | od2cap: 0 | fr2kr: 163 | lpr2kr: 1000 | cap2udp: 0 | kr2udp: 0 | 
2026-05-03 17:24:53,684 - INFO     - img2od: 62 | od2fr: 33 | od2lpr: 1000 | od2cap: 0 | fr2kr: 167 | lpr2kr: 1000 | cap2udp: 0 | kr2udp: 0 | 
2026-05-03 17:24:54,685 - INFO     - img2od: 62 | od2fr: 26 | od2lpr: 1000 | od2cap: 0 | fr2kr: 170 | lpr2kr: 1000 | cap2udp: 0 | kr2udp: 1 | 
2026-05-03 17:24:55,686 - INFO     - img2od: 62 | od2fr: 20 | od2lpr: 1000 | od2cap: 0 | fr2kr: 175 | lpr2kr: 1000 | cap2udp: 0 | kr2udp: 1 | 
2026-05-03 17:24:56,687 - INFO     - img2od: 62 | od2fr: 13 | od2lpr: 1000 | od2cap: 0 | fr2kr: 178 | lpr2kr: 999 | cap2udp: 0 | kr2udp: 1 | 
2026-05-03 17:24:57,688 - INFO     - img2od: 62 | od2fr: 7 | od2lpr: 1000 | od2cap: 0 | fr2kr: 183 | lpr2kr: 1000 | cap2udp: 0 | kr2udp: 1 | 
2026-05-03 17:24:58,689 - INFO     - img2od: 62 | od2fr: 1 | od2lpr: 1000 | od2cap: 0 | fr2kr: 186 | lpr2kr: 1000 | cap2udp: 0 | kr2udp: 0 | 
2026-05-03 17:24:59,690 - INFO     - img2od: 62 | od2fr: 0 | od2lpr: 1000 | od2cap: 0 | fr2kr: 184 | lpr2kr: 1000 | cap2udp: 0 | kr2udp: 0 | 
2026-05-03 17:25:00,691 - INFO     - img2od: 62 | od2fr: 0 | od2lpr: 1000 | od2cap: 0 | fr2kr: 182 | lpr2kr: 1000 | cap2udp: 0 | kr2udp: 1 | 
2026-05-03 17:25:01,692 - INFO     - img2od: 62 | od2fr: 0 | od2lpr: 1000 | od2cap: 0 | fr2kr: 179 | lpr2kr: 1000 | cap2udp: 0 | kr2udp: 1 | 
2026-05-03 17:25:02,693 - INFO     - img2od: 62 | od2fr: 0 | od2lpr: 1000 | od2cap: 0 | fr2kr: 177 | lpr2kr: 1000 | cap2udp: 0 | kr2udp: 1 | 
2026-05-03 17:25:03,695 - INFO     - img2od: 62 | od2fr: 0 | od2lpr: 1000 | od2cap: 0 | fr2kr: 174 | lpr2kr: 1000 | cap2udp: 0 | kr2udp: 1 | 
2026-05-03 17:25:04,696 - INFO     - img2od: 62 | od2fr: 0 | od2lpr: 1000 | od2cap: 0 | fr2kr: 171 | lpr2kr: 1000 | cap2udp: 0 | kr2udp: 0 | 
2026-05-03 17:25:05,696 - INFO     - img2od: 62 | od2fr: 0 | od2lpr: 1000 | od2cap: 0 | fr2kr: 169 | lpr2kr: 1000 | cap2udp: 0 | kr2udp: 1 | 
2026-05-03 17:25:06,697 - INFO     - img2od: 62 | od2fr: 0 | od2lpr: 1000 | od2cap: 0 | fr2kr: 166 | lpr2kr: 1000 | cap2udp: 0 | kr2udp: 1 | 
2026-05-03 17:25:07,698 - INFO     - img2od: 62 | od2fr: 0 | od2lpr: 1000 | od2cap: 0 | fr2kr: 163 | lpr2kr: 1000 | cap2udp: 0 | kr2udp: 1 | 
2026-05-03 17:25:08,699 - INFO     - img2od: 62 | od2fr: 0 | od2lpr: 1000 | od2cap: 0 | fr2kr: 161 | lpr2kr: 1000 | cap2udp: 0 | kr2udp: 1 | 
2026-05-03 17:25:09,700 - INFO     - img2od: 62 | od2fr: 0 | od2lpr: 1000 | od2cap: 0 | fr2kr: 158 | lpr2kr: 1000 | cap2udp: 0 | kr2udp: 1 | 
2026-05-03 17:25:10,701 - INFO     - img2od: 62 | od2fr: 0 | od2lpr: 1000 | od2cap: 0 | fr2kr: 156 | lpr2kr: 1000 | cap2udp: 0 | kr2udp: 1 | 
2026-05-03 17:25:11,702 - INFO     - img2od: 62 | od2fr: 0 | od2lpr: 1000 | od2cap: 0 | fr2kr: 153 | lpr2kr: 1000 | cap2udp: 0 | kr2udp: 0 | 
2026-05-03 17:25:12,703 - INFO     - img2od: 62 | od2fr: 0 | od2lpr: 1000 | od2cap: 0 | fr2kr: 150 | lpr2kr: 1000 | cap2udp: 0 | kr2udp: 0 | 
2026-05-03 17:25:13,704 - INFO     - img2od: 62 | od2fr: 0 | od2lpr: 1000 | od2cap: 0 | fr2kr: 148 | lpr2kr: 1000 | cap2udp: 0 | kr2udp: 1 | 
2026-05-03 17:25:14,705 - INFO     - img2od: 62 | od2fr: 0 | od2lpr: 1000 | od2cap: 0 | fr2kr: 145 | lpr2kr: 1000 | cap2udp: 0 | kr2udp: 0 | 
2026-05-03 17:25:15,707 - INFO     - img2od: 62 | od2fr: 0 | od2lpr: 1000 | od2cap: 0 | fr2kr: 142 | lpr2kr: 1000 | cap2udp: 0 | kr2udp: 0 | 
2026-05-03 17:25:16,708 - INFO     - img2od: 62 | od2fr: 0 | od2lpr: 1000 | od2cap: 0 | fr2kr: 140 | lpr2kr: 1000 | cap2udp: 0 | kr2udp: 0 | 
2026-05-03 17:25:17,709 - INFO     - img2od: 62 | od2fr: 0 | od2lpr: 1000 | od2cap: 0 | fr2kr: 137 | lpr2kr: 1000 | cap2udp: 0 | kr2udp: 0 | 
2026-05-03 17:25:18,710 - INFO     - img2od: 62 | od2fr: 0 | od2lpr: 1000 | od2cap: 0 | fr2kr: 135 | lpr2kr: 1000 | cap2udp: 0 | kr2udp: 1 | 
2026-05-03 17:25:19,711 - INFO     - img2od: 62 | od2fr: 0 | od2lpr: 1000 | od2cap: 0 | fr2kr: 132 | lpr2kr: 1000 | cap2udp: 0 | kr2udp: 0 | 
2026-05-03 17:25:20,712 - INFO     - img2od: 62 | od2fr: 0 | od2lpr: 1000 | od2cap: 0 | fr2kr: 129 | lpr2kr: 1000 | cap2udp: 0 | kr2udp: 0 | 
2026-05-03 17:25:21,713 - INFO     - img2od: 62 | od2fr: 0 | od2lpr: 1000 | od2cap: 0 | fr2kr: 127 | lpr2kr: 1000 | cap2udp: 0 | kr2udp: 1 | 
2026-05-03 17:25:22,714 - INFO     - img2od: 62 | od2fr: 0 | od2lpr: 1000 | od2cap: 0 | fr2kr: 124 | lpr2kr: 1000 | cap2udp: 0 | kr2udp: 0 | 
2026-05-03 17:25:23,715 - INFO     - img2od: 62 | od2fr: 0 | od2lpr: 1000 | od2cap: 0 | fr2kr: 121 | lpr2kr: 1000 | cap2udp: 0 | kr2udp: 1 | 
2026-05-03 17:25:24,715 - INFO     - img2od: 62 | od2fr: 0 | od2lpr: 1000 | od2cap: 0 | fr2kr: 119 | lpr2kr: 1000 | cap2udp: 0 | kr2udp: 0 | 
2026-05-03 17:25:25,716 - INFO     - img2od: 62 | od2fr: 0 | od2lpr: 1000 | od2cap: 0 | fr2kr: 116 | lpr2kr: 1000 | cap2udp: 0 | kr2udp: 0 | 
2026-05-03 17:25:26,717 - INFO     - img2od: 62 | od2fr: 0 | od2lpr: 1000 | od2cap: 0 | fr2kr: 114 | lpr2kr: 1000 | cap2udp: 0 | kr2udp: 1 | 
2026-05-03 17:25:27,718 - INFO     - img2od: 62 | od2fr: 0 | od2lpr: 1000 | od2cap: 0 | fr2kr: 111 | lpr2kr: 1000 | cap2udp: 0 | kr2udp: 1 | 
2026-05-03 17:25:28,719 - INFO     - img2od: 62 | od2fr: 0 | od2lpr: 1000 | od2cap: 0 | fr2kr: 108 | lpr2kr: 1000 | cap2udp: 0 | kr2udp: 1 | 
2026-05-03 17:25:29,720 - INFO     - img2od: 62 | od2fr: 0 | od2lpr: 1000 | od2cap: 0 | fr2kr: 106 | lpr2kr: 1000 | cap2udp: 0 | kr2udp: 1 | 
2026-05-03 17:25:30,722 - INFO     - img2od: 62 | od2fr: 0 | od2lpr: 1000 | od2cap: 0 | fr2kr: 103 | lpr2kr: 1000 | cap2udp: 0 | kr2udp: 0 | 
2026-05-03 17:25:31,723 - INFO     - img2od: 62 | od2fr: 0 | od2lpr: 1000 | od2cap: 0 | fr2kr: 101 | lpr2kr: 1000 | cap2udp: 0 | kr2udp: 1 | 
2026-05-03 17:25:32,724 - INFO     - img2od: 62 | od2fr: 0 | od2lpr: 1000 | od2cap: 0 | fr2kr: 98 | lpr2kr: 1000 | cap2udp: 0 | kr2udp: 0 | 
2026-05-03 17:25:33,725 - INFO     - img2od: 62 | od2fr: 0 | od2lpr: 1000 | od2cap: 0 | fr2kr: 95 | lpr2kr: 1000 | cap2udp: 0 | kr2udp: 0 | 
2026-05-03 17:25:34,726 - INFO     - img2od: 62 | od2fr: 0 | od2lpr: 1000 | od2cap: 0 | fr2kr: 92 | lpr2kr: 1000 | cap2udp: 0 | kr2udp: 1 | 
2026-05-03 17:25:35,727 - INFO     - img2od: 62 | od2fr: 0 | od2lpr: 1000 | od2cap: 0 | fr2kr: 89 | lpr2kr: 999 | cap2udp: 0 | kr2udp: 0 | 
2026-05-03 17:25:36,728 - INFO     - img2od: 62 | od2fr: 0 | od2lpr: 1000 | od2cap: 0 | fr2kr: 86 | lpr2kr: 1000 | cap2udp: 0 | kr2udp: 1 | 
2026-05-03 17:25:37,729 - INFO     - img2od: 62 | od2fr: 0 | od2lpr: 1000 | od2cap: 0 | fr2kr: 83 | lpr2kr: 1000 | cap2udp: 0 | kr2udp: 0 | 
2026-05-03 17:25:38,730 - INFO     - img2od: 62 | od2fr: 0 | od2lpr: 1000 | od2cap: 0 | fr2kr: 81 | lpr2kr: 1000 | cap2udp: 0 | kr2udp: 1 | 
2026-05-03 17:25:39,730 - INFO     - img2od: 62 | od2fr: 0 | od2lpr: 1000 | od2cap: 0 | fr2kr: 78 | lpr2kr: 1000 | cap2udp: 0 | kr2udp: 1 | 
2026-05-03 17:25:40,731 - INFO     - img2od: 62 | od2fr: 0 | od2lpr: 1000 | od2cap: 0 | fr2kr: 75 | lpr2kr: 1000 | cap2udp: 0 | kr2udp: 1 | 
2026-05-03 17:25:41,733 - INFO     - img2od: 62 | od2fr: 0 | od2lpr: 1000 | od2cap: 0 | fr2kr: 72 | lpr2kr: 1000 | cap2udp: 0 | kr2udp: 0 | 
2026-05-03 17:25:42,734 - INFO     - img2od: 62 | od2fr: 0 | od2lpr: 1000 | od2cap: 0 | fr2kr: 69 | lpr2kr: 1000 | cap2udp: 0 | kr2udp: 0 | 
2026-05-03 17:25:43,735 - INFO     - img2od: 62 | od2fr: 0 | od2lpr: 1000 | od2cap: 0 | fr2kr: 66 | lpr2kr: 1000 | cap2udp: 0 | kr2udp: 0 | 
2026-05-03 17:25:44,736 - INFO     - img2od: 62 | od2fr: 0 | od2lpr: 1000 | od2cap: 0 | fr2kr: 63 | lpr2kr: 1000 | cap2udp: 0 | kr2udp: 0 | 
2026-05-03 17:25:45,738 - INFO     - img2od: 62 | od2fr: 0 | od2lpr: 1000 | od2cap: 0 | fr2kr: 60 | lpr2kr: 1000 | cap2udp: 0 | kr2udp: 0 | 
2026-05-03 17:25:46,739 - INFO     - img2od: 62 | od2fr: 0 | od2lpr: 1000 | od2cap: 0 | fr2kr: 57 | lpr2kr: 1000 | cap2udp: 0 | kr2udp: 0 | 
2026-05-03 17:25:47,740 - INFO     - img2od: 62 | od2fr: 0 | od2lpr: 1000 | od2cap: 0 | fr2kr: 55 | lpr2kr: 1000 | cap2udp: 0 | kr2udp: 1 | 
2026-05-03 17:25:48,741 - INFO     - img2od: 62 | od2fr: 0 | od2lpr: 1000 | od2cap: 0 | fr2kr: 52 | lpr2kr: 1000 | cap2udp: 0 | kr2udp: 1 | 
2026-05-03 17:25:49,742 - INFO     - img2od: 62 | od2fr: 0 | od2lpr: 1000 | od2cap: 0 | fr2kr: 49 | lpr2kr: 1000 | cap2udp: 0 | kr2udp: 0 | 
2026-05-03 17:25:50,743 - INFO     - img2od: 62 | od2fr: 0 | od2lpr: 1000 | od2cap: 0 | fr2kr: 46 | lpr2kr: 1000 | cap2udp: 0 | kr2udp: 0 | 
2026-05-03 17:25:51,744 - INFO     - img2od: 62 | od2fr: 0 | od2lpr: 1000 | od2cap: 0 | fr2kr: 44 | lpr2kr: 1000 | cap2udp: 0 | kr2udp: 1 | 
2026-05-03 17:25:52,745 - INFO     - img2od: 62 | od2fr: 0 | od2lpr: 1000 | od2cap: 0 | fr2kr: 41 | lpr2kr: 1000 | cap2udp: 0 | kr2udp: 0 | 
2026-05-03 17:25:53,746 - INFO     - img2od: 62 | od2fr: 0 | od2lpr: 1000 | od2cap: 0 | fr2kr: 39 | lpr2kr: 1000 | cap2udp: 0 | kr2udp: 0 | 
2026-05-03 17:25:54,747 - INFO     - img2od: 62 | od2fr: 0 | od2lpr: 1000 | od2cap: 0 | fr2kr: 36 | lpr2kr: 1000 | cap2udp: 0 | kr2udp: 0 | 
2026-05-03 17:25:55,748 - INFO     - img2od: 62 | od2fr: 0 | od2lpr: 1000 | od2cap: 0 | fr2kr: 34 | lpr2kr: 1000 | cap2udp: 0 | kr2udp: 0 | 
2026-05-03 17:25:56,749 - INFO     - img2od: 62 | od2fr: 0 | od2lpr: 1000 | od2cap: 0 | fr2kr: 33 | lpr2kr: 1000 | cap2udp: 0 | kr2udp: 1 | 
2026-05-03 17:25:57,750 - INFO     - img2od: 62 | od2fr: 0 | od2lpr: 1000 | od2cap: 0 | fr2kr: 30 | lpr2kr: 1000 | cap2udp: 0 | kr2udp: 0 | 
2026-05-03 17:25:58,751 - INFO     - img2od: 62 | od2fr: 0 | od2lpr: 1000 | od2cap: 0 | fr2kr: 28 | lpr2kr: 1000 | cap2udp: 0 | kr2udp: 0 | 
2026-05-03 17:25:59,752 - INFO     - img2od: 62 | od2fr: 0 | od2lpr: 1000 | od2cap: 0 | fr2kr: 26 | lpr2kr: 1000 | cap2udp: 0 | kr2udp: 1 | 
2026-05-03 17:26:00,753 - INFO     - img2od: 62 | od2fr: 0 | od2lpr: 1000 | od2cap: 0 | fr2kr: 24 | lpr2kr: 1000 | cap2udp: 0 | kr2udp: 1 | 
2026-05-03 17:26:01,754 - INFO     - img2od: 62 | od2fr: 0 | od2lpr: 1000 | od2cap: 0 | fr2kr: 22 | lpr2kr: 1000 | cap2udp: 0 | kr2udp: 1 | 
2026-05-03 17:26:02,755 - INFO     - img2od: 62 | od2fr: 0 | od2lpr: 1000 | od2cap: 0 | fr2kr: 20 | lpr2kr: 1000 | cap2udp: 0 | kr2udp: 1 | 
2026-05-03 17:26:03,756 - INFO     - img2od: 62 | od2fr: 0 | od2lpr: 1000 | od2cap: 0 | fr2kr: 17 | lpr2kr: 1000 | cap2udp: 0 | kr2udp: 1 | 
2026-05-03 17:26:04,757 - INFO     - img2od: 62 | od2fr: 0 | od2lpr: 1000 | od2cap: 0 | fr2kr: 15 | lpr2kr: 1000 | cap2udp: 0 | kr2udp: 1 | 
2026-05-03 17:26:05,758 - INFO     - img2od: 62 | od2fr: 0 | od2lpr: 1000 | od2cap: 0 | fr2kr: 13 | lpr2kr: 1000 | cap2udp: 0 | kr2udp: 1 | 
2026-05-03 17:26:06,759 - INFO     - img2od: 62 | od2fr: 0 | od2lpr: 1000 | od2cap: 0 | fr2kr: 10 | lpr2kr: 1000 | cap2udp: 0 | kr2udp: 0 | 
2026-05-03 17:26:07,760 - INFO     - img2od: 62 | od2fr: 0 | od2lpr: 1000 | od2cap: 0 | fr2kr: 9 | lpr2kr: 1000 | cap2udp: 0 | kr2udp: 1 | 
2026-05-03 17:26:08,761 - INFO     - img2od: 62 | od2fr: 0 | od2lpr: 1000 | od2cap: 0 | fr2kr: 7 | lpr2kr: 1000 | cap2udp: 0 | kr2udp: 1 | 
2026-05-03 17:26:09,762 - INFO     - img2od: 62 | od2fr: 0 | od2lpr: 1000 | od2cap: 0 | fr2kr: 5 | lpr2kr: 1000 | cap2udp: 0 | kr2udp: 1 | 
2026-05-03 17:26:10,763 - INFO     - img2od: 62 | od2fr: 0 | od2lpr: 1000 | od2cap: 0 | fr2kr: 3 | lpr2kr: 1000 | cap2udp: 0 | kr2udp: 0 | 
2026-05-03 17:26:11,764 - INFO     - img2od: 62 | od2fr: 0 | od2lpr: 1000 | od2cap: 0 | fr2kr: 1 | lpr2kr: 1000 | cap2udp: 0 | kr2udp: 1 | 
2026-05-03 17:26:12,765 - INFO     - img2od: 62 | od2fr: 0 | od2lpr: 1000 | od2cap: 0 | fr2kr: 0 | lpr2kr: 1000 | cap2udp: 0 | kr2udp: 1 | 
2026-05-03 17:26:13,766 - INFO     - img2od: 62 | od2fr: 0 | od2lpr: 1000 | od2cap: 0 | fr2kr: 0 | lpr2kr: 1000 | cap2udp: 0 | kr2udp: 0 | 
2026-05-03 17:26:14,767 - INFO     - img2od: 62 | od2fr: 0 | od2lpr: 1000 | od2cap: 0 | fr2kr: 0 | lpr2kr: 1000 | cap2udp: 0 | kr2udp: 1 | 
2026-05-03 17:26:15,768 - INFO     - img2od: 62 | od2fr: 0 | od2lpr: 1000 | od2cap: 0 | fr2kr: 0 | lpr2kr: 1000 | cap2udp: 0 | kr2udp: 1 | 
2026-05-03 17:26:16,769 - INFO     - img2od: 62 | od2fr: 0 | od2lpr: 1000 | od2cap: 0 | fr2kr: 0 | lpr2kr: 1000 | cap2udp: 0 | kr2udp: 0 | 
2026-05-03 17:26:17,770 - INFO     - img2od: 62 | od2fr: 0 | od2lpr: 1000 | od2cap: 0 | fr2kr: 0 | lpr2kr: 1000 | cap2udp: 0 | kr2udp: 1 | 
2026-05-03 17:26:18,771 - INFO     - img2od: 62 | od2fr: 0 | od2lpr: 1000 | od2cap: 0 | fr2kr: 0 | lpr2kr: 1000 | cap2udp: 0 | kr2udp: 1 | 
2026-05-03 17:26:19,772 - INFO     - img2od: 62 | od2fr: 0 | od2lpr: 1000 | od2cap: 0 | fr2kr: 0 | lpr2kr: 1000 | cap2udp: 0 | kr2udp: 1 | 
2026-05-03 17:26:20,773 - INFO     - img2od: 62 | od2fr: 0 | od2lpr: 1000 | od2cap: 0 | fr2kr: 0 | lpr2kr: 1000 | cap2udp: 0 | kr2udp: 1 | 
2026-05-03 17:26:21,774 - INFO     - img2od: 62 | od2fr: 0 | od2lpr: 1000 | od2cap: 0 | fr2kr: 0 | lpr2kr: 1000 | cap2udp: 0 | kr2udp: 0 | 
2026-05-03 17:26:22,775 - INFO     - img2od: 62 | od2fr: 0 | od2lpr: 999 | od2cap: 0 | fr2kr: 0 | lpr2kr: 1000 | cap2udp: 0 | kr2udp: 1 | 
2026-05-03 17:26:23,776 - INFO     - img2od: 62 | od2fr: 0 | od2lpr: 1000 | od2cap: 0 | fr2kr: 0 | lpr2kr: 1000 | cap2udp: 0 | kr2udp: 1 | 
2026-05-03 17:26:24,777 - INFO     - img2od: 62 | od2fr: 0 | od2lpr: 1000 | od2cap: 0 | fr2kr: 0 | lpr2kr: 1000 | cap2udp: 0 | kr2udp: 0 | 
2026-05-03 17:26:25,778 - INFO     - img2od: 62 | od2fr: 0 | od2lpr: 1000 | od2cap: 0 | fr2kr: 0 | lpr2kr: 1000 | cap2udp: 0 | kr2udp: 1 | 
2026-05-03 17:26:26,779 - INFO     - img2od: 62 | od2fr: 0 | od2lpr: 1000 | od2cap: 0 | fr2kr: 0 | lpr2kr: 1000 | cap2udp: 0 | kr2udp: 1 | 
2026-05-03 17:26:27,779 - INFO     - img2od: 62 | od2fr: 0 | od2lpr: 1000 | od2cap: 0 | fr2kr: 0 | lpr2kr: 1000 | cap2udp: 0 | kr2udp: 0 | 
2026-05-03 17:26:28,783 - INFO     - img2od: 62 | od2fr: 0 | od2lpr: 999 | od2cap: 0 | fr2kr: 0 | lpr2kr: 1000 | cap2udp: 0 | kr2udp: 1 | 
2026-05-03 17:26:29,784 - INFO     - img2od: 62 | od2fr: 0 | od2lpr: 1000 | od2cap: 0 | fr2kr: 0 | lpr2kr: 1000 | cap2udp: 0 | kr2udp: 1 | 
2026-05-03 17:26:30,785 - INFO     - img2od: 62 | od2fr: 0 | od2lpr: 1000 | od2cap: 0 | fr2kr: 0 | lpr2kr: 1000 | cap2udp: 0 | kr2udp: 1 | 
2026-05-03 17:26:31,786 - INFO     - img2od: 62 | od2fr: 0 | od2lpr: 1000 | od2cap: 0 | fr2kr: 0 | lpr2kr: 1000 | cap2udp: 0 | kr2udp: 1 | 
2026-05-03 17:26:32,787 - INFO     - img2od: 62 | od2fr: 0 | od2lpr: 1000 | od2cap: 0 | fr2kr: 0 | lpr2kr: 1000 | cap2udp: 0 | kr2udp: 1 | 
2026-05-03 17:26:33,788 - INFO     - img2od: 62 | od2fr: 0 | od2lpr: 1000 | od2cap: 0 | fr2kr: 0 | lpr2kr: 1000 | cap2udp: 0 | kr2udp: 1 | 
2026-05-03 17:26:34,789 - INFO     - img2od: 62 | od2fr: 0 | od2lpr: 1000 | od2cap: 0 | fr2kr: 0 | lpr2kr: 1000 | cap2udp: 0 | kr2udp: 0 | 
2026-05-03 17:26:35,790 - INFO     - img2od: 62 | od2fr: 0 | od2lpr: 1000 | od2cap: 0 | fr2kr: 0 | lpr2kr: 1000 | cap2udp: 0 | kr2udp: 0 | 
2026-05-03 17:26:36,791 - INFO     - img2od: 62 | od2fr: 0 | od2lpr: 1000 | od2cap: 0 | fr2kr: 0 | lpr2kr: 1000 | cap2udp: 0 | kr2udp: 1 | 
2026-05-03 17:26:37,792 - INFO     - img2od: 62 | od2fr: 0 | od2lpr: 1000 | od2cap: 0 | fr2kr: 0 | lpr2kr: 1000 | cap2udp: 0 | kr2udp: 1 | 
2026-05-03 17:26:38,793 - INFO     - img2od: 62 | od2fr: 0 | od2lpr: 1000 | od2cap: 0 | fr2kr: 0 | lpr2kr: 1000 | cap2udp: 0 | kr2udp: 0 | 
2026-05-03 17:26:39,794 - INFO     - img2od: 62 | od2fr: 0 | od2lpr: 1000 | od2cap: 0 | fr2kr: 0 | lpr2kr: 1000 | cap2udp: 0 | kr2udp: 0 | 
2026-05-03 17:26:40,795 - INFO     - img2od: 62 | od2fr: 0 | od2lpr: 1000 | od2cap: 0 | fr2kr: 0 | lpr2kr: 1000 | cap2udp: 0 | kr2udp: 0 | 
2026-05-03 17:26:41,796 - INFO     - img2od: 62 | od2fr: 0 | od2lpr: 1000 | od2cap: 0 | fr2kr: 0 | lpr2kr: 1000 | cap2udp: 0 | kr2udp: 1 | 
2026-05-03 17:26:42,797 - INFO     - img2od: 62 | od2fr: 0 | od2lpr: 1000 | od2cap: 0 | fr2kr: 0 | lpr2kr: 1000 | cap2udp: 0 | kr2udp: 1 | 
2026-05-03 17:26:43,798 - INFO     - img2od: 62 | od2fr: 0 | od2lpr: 1000 | od2cap: 0 | fr2kr: 0 | lpr2kr: 1000 | cap2udp: 0 | kr2udp: 0 | 
2026-05-03 17:26:44,799 - INFO     - img2od: 62 | od2fr: 0 | od2lpr: 1000 | od2cap: 0 | fr2kr: 0 | lpr2kr: 1000 | cap2udp: 0 | kr2udp: 1 | 
2026-05-03 17:26:45,800 - INFO     - img2od: 62 | od2fr: 0 | od2lpr: 1000 | od2cap: 0 | fr2kr: 0 | lpr2kr: 1000 | cap2udp: 0 | kr2udp: 1 | 
2026-05-03 17:26:46,801 - INFO     - img2od: 62 | od2fr: 0 | od2lpr: 1000 | od2cap: 0 | fr2kr: 0 | lpr2kr: 1000 | cap2udp: 0 | kr2udp: 0 | 
2026-05-03 17:26:47,802 - INFO     - img2od: 62 | od2fr: 0 | od2lpr: 1000 | od2cap: 0 | fr2kr: 0 | lpr2kr: 1000 | cap2udp: 0 | kr2udp: 1 | 
2026-05-03 17:26:48,803 - INFO     - img2od: 62 | od2fr: 0 | od2lpr: 1000 | od2cap: 0 | fr2kr: 0 | lpr2kr: 1000 | cap2udp: 0 | kr2udp: 1 | 
2026-05-03 17:26:49,804 - INFO     - img2od: 62 | od2fr: 0 | od2lpr: 1000 | od2cap: 0 | fr2kr: 0 | lpr2kr: 1000 | cap2udp: 0 | kr2udp: 1 | 
2026-05-03 17:26:50,805 - INFO     - img2od: 62 | od2fr: 0 | od2lpr: 1000 | od2cap: 0 | fr2kr: 0 | lpr2kr: 1000 | cap2udp: 0 | kr2udp: 0 | 
2026-05-03 17:26:51,806 - INFO     - img2od: 62 | od2fr: 0 | od2lpr: 1000 | od2cap: 0 | fr2kr: 0 | lpr2kr: 1000 | cap2udp: 0 | kr2udp: 1 | 
2026-05-03 17:26:52,807 - INFO     - img2od: 62 | od2fr: 0 | od2lpr: 1000 | od2cap: 0 | fr2kr: 0 | lpr2kr: 1000 | cap2udp: 0 | kr2udp: 0 | 
2026-05-03 17:26:53,808 - INFO     - img2od: 62 | od2fr: 0 | od2lpr: 1000 | od2cap: 0 | fr2kr: 0 | lpr2kr: 1000 | cap2udp: 0 | kr2udp: 0 | 
2026-05-03 17:26:54,809 - INFO     - img2od: 62 | od2fr: 0 | od2lpr: 1000 | od2cap: 0 | fr2kr: 0 | lpr2kr: 1000 | cap2udp: 0 | kr2udp: 1 | 
2026-05-03 17:26:55,810 - INFO     - img2od: 62 | od2fr: 0 | od2lpr: 1000 | od2cap: 0 | fr2kr: 0 | lpr2kr: 1000 | cap2udp: 0 | kr2udp: 1 | 
2026-05-03 17:26:56,811 - INFO     - img2od: 62 | od2fr: 0 | od2lpr: 1000 | od2cap: 0 | fr2kr: 0 | lpr2kr: 1000 | cap2udp: 0 | kr2udp: 0 | 
2026-05-03 17:26:57,812 - INFO     - img2od: 62 | od2fr: 0 | od2lpr: 1000 | od2cap: 0 | fr2kr: 0 | lpr2kr: 1000 | cap2udp: 0 | kr2udp: 1 | 
2026-05-03 17:26:58,813 - INFO     - img2od: 62 | od2fr: 0 | od2lpr: 1000 | od2cap: 0 | fr2kr: 0 | lpr2kr: 1000 | cap2udp: 0 | kr2udp: 1 | 
2026-05-03 17:26:59,814 - INFO     - img2od: 62 | od2fr: 0 | od2lpr: 1000 | od2cap: 0 | fr2kr: 0 | lpr2kr: 1000 | cap2udp: 0 | kr2udp: 1 | 
2026-05-03 17:27:00,815 - INFO     - img2od: 62 | od2fr: 0 | od2lpr: 1000 | od2cap: 0 | fr2kr: 0 | lpr2kr: 1000 | cap2udp: 0 | kr2udp: 1 | 
2026-05-03 17:27:01,816 - INFO     - img2od: 62 | od2fr: 0 | od2lpr: 1000 | od2cap: 0 | fr2kr: 0 | lpr2kr: 1000 | cap2udp: 0 | kr2udp: 1 | 
2026-05-03 17:27:02,817 - INFO     - img2od: 62 | od2fr: 0 | od2lpr: 1000 | od2cap: 0 | fr2kr: 0 | lpr2kr: 1000 | cap2udp: 0 | kr2udp: 1 | 
2026-05-03 17:27:03,818 - INFO     - img2od: 62 | od2fr: 0 | od2lpr: 1000 | od2cap: 0 | fr2kr: 0 | lpr2kr: 1000 | cap2udp: 0 | kr2udp: 0 | 
2026-05-03 17:27:04,819 - INFO     - img2od: 62 | od2fr: 0 | od2lpr: 1000 | od2cap: 0 | fr2kr: 0 | lpr2kr: 1000 | cap2udp: 0 | kr2udp: 1 | 
2026-05-03 17:27:05,820 - INFO     - img2od: 62 | od2fr: 0 | od2lpr: 1000 | od2cap: 0 | fr2kr: 0 | lpr2kr: 1000 | cap2udp: 0 | kr2udp: 1 | 
2026-05-03 17:27:06,821 - INFO     - img2od: 62 | od2fr: 0 | od2lpr: 1000 | od2cap: 0 | fr2kr: 0 | lpr2kr: 1000 | cap2udp: 0 | kr2udp: 1 | 
2026-05-03 17:27:07,822 - INFO     - img2od: 62 | od2fr: 0 | od2lpr: 1000 | od2cap: 0 | fr2kr: 0 | lpr2kr: 1000 | cap2udp: 0 | kr2udp: 1 | 
2026-05-03 17:27:08,823 - INFO     - img2od: 62 | od2fr: 0 | od2lpr: 1000 | od2cap: 0 | fr2kr: 0 | lpr2kr: 1000 | cap2udp: 0 | kr2udp: 0 | 
2026-05-03 17:27:09,824 - INFO     - img2od: 62 | od2fr: 0 | od2lpr: 1000 | od2cap: 0 | fr2kr: 0 | lpr2kr: 1000 | cap2udp: 0 | kr2udp: 1 | 
2026-05-03 17:27:10,825 - INFO     - img2od: 62 | od2fr: 0 | od2lpr: 1000 | od2cap: 0 | fr2kr: 0 | lpr2kr: 1000 | cap2udp: 0 | kr2udp: 1 | 
2026-05-03 17:27:11,826 - INFO     - img2od: 62 | od2fr: 0 | od2lpr: 1000 | od2cap: 0 | fr2kr: 0 | lpr2kr: 1000 | cap2udp: 0 | kr2udp: 1 | 
2026-05-03 17:27:12,827 - INFO     - img2od: 62 | od2fr: 0 | od2lpr: 1000 | od2cap: 0 | fr2kr: 0 | lpr2kr: 1000 | cap2udp: 0 | kr2udp: 1 | 
2026-05-03 17:27:13,828 - INFO     - img2od: 62 | od2fr: 0 | od2lpr: 1000 | od2cap: 0 | fr2kr: 0 | lpr2kr: 1000 | cap2udp: 0 | kr2udp: 0 | 
2026-05-03 17:27:14,829 - INFO     - img2od: 62 | od2fr: 0 | od2lpr: 1000 | od2cap: 0 | fr2kr: 0 | lpr2kr: 1000 | cap2udp: 0 | kr2udp: 1 | 
2026-05-03 17:27:15,830 - INFO     - img2od: 62 | od2fr: 0 | od2lpr: 1000 | od2cap: 0 | fr2kr: 0 | lpr2kr: 1000 | cap2udp: 0 | kr2udp: 1 | 
2026-05-03 17:27:16,831 - INFO     - img2od: 62 | od2fr: 0 | od2lpr: 1000 | od2cap: 0 | fr2kr: 0 | lpr2kr: 1000 | cap2udp: 0 | kr2udp: 1 | 
2026-05-03 17:27:17,832 - INFO     - img2od: 62 | od2fr: 0 | od2lpr: 1000 | od2cap: 0 | fr2kr: 0 | lpr2kr: 1000 | cap2udp: 0 | kr2udp: 1 | 
2026-05-03 17:27:18,833 - INFO     - img2od: 62 | od2fr: 0 | od2lpr: 1000 | od2cap: 0 | fr2kr: 0 | lpr2kr: 1000 | cap2udp: 0 | kr2udp: 1 | 
2026-05-03 17:27:19,834 - INFO     - img2od: 62 | od2fr: 0 | od2lpr: 1000 | od2cap: 0 | fr2kr: 0 | lpr2kr: 1000 | cap2udp: 0 | kr2udp: 0 | 
2026-05-03 17:27:20,835 - INFO     - img2od: 62 | od2fr: 0 | od2lpr: 1000 | od2cap: 0 | fr2kr: 0 | lpr2kr: 1000 | cap2udp: 0 | kr2udp: 0 | 
2026-05-03 17:27:21,836 - INFO     - img2od: 62 | od2fr: 0 | od2lpr: 1000 | od2cap: 0 | fr2kr: 0 | lpr2kr: 1000 | cap2udp: 0 | kr2udp: 1 | 
2026-05-03 17:27:22,837 - INFO     - img2od: 62 | od2fr: 0 | od2lpr: 1000 | od2cap: 0 | fr2kr: 0 | lpr2kr: 1000 | cap2udp: 0 | kr2udp: 0 | 
2026-05-03 17:27:23,838 - INFO     - img2od: 62 | od2fr: 0 | od2lpr: 1000 | od2cap: 0 | fr2kr: 0 | lpr2kr: 1000 | cap2udp: 0 | kr2udp: 1 | 
2026-05-03 17:27:24,839 - INFO     - img2od: 62 | od2fr: 0 | od2lpr: 1000 | od2cap: 0 | fr2kr: 0 | lpr2kr: 1000 | cap2udp: 0 | kr2udp: 1 | 
2026-05-03 17:27:25,840 - INFO     - img2od: 62 | od2fr: 0 | od2lpr: 1000 | od2cap: 0 | fr2kr: 0 | lpr2kr: 1000 | cap2udp: 0 | kr2udp: 1 | 
2026-05-03 17:27:26,841 - INFO     - img2od: 62 | od2fr: 0 | od2lpr: 1000 | od2cap: 0 | fr2kr: 0 | lpr2kr: 1000 | cap2udp: 0 | kr2udp: 1 | 
2026-05-03 17:27:27,842 - INFO     - img2od: 62 | od2fr: 0 | od2lpr: 1000 | od2cap: 0 | fr2kr: 0 | lpr2kr: 1000 | cap2udp: 0 | kr2udp: 1 | 
2026-05-03 17:27:28,843 - INFO     - img2od: 62 | od2fr: 0 | od2lpr: 1000 | od2cap: 0 | fr2kr: 0 | lpr2kr: 1000 | cap2udp: 0 | kr2udp: 1 | 
2026-05-03 17:27:29,844 - INFO     - img2od: 62 | od2fr: 0 | od2lpr: 1000 | od2cap: 0 | fr2kr: 0 | lpr2kr: 1000 | cap2udp: 0 | kr2udp: 1 | 
2026-05-03 17:27:30,845 - INFO     - img2od: 62 | od2fr: 0 | od2lpr: 1000 | od2cap: 0 | fr2kr: 0 | lpr2kr: 1000 | cap2udp: 0 | kr2udp: 1 | 
2026-05-03 17:27:31,846 - INFO     - img2od: 62 | od2fr: 0 | od2lpr: 1000 | od2cap: 0 | fr2kr: 0 | lpr2kr: 1000 | cap2udp: 0 | kr2udp: 1 | 
2026-05-03 17:27:32,847 - INFO     - img2od: 62 | od2fr: 0 | od2lpr: 1000 | od2cap: 0 | fr2kr: 0 | lpr2kr: 1000 | cap2udp: 0 | kr2udp: 1 | 
2026-05-03 17:27:33,848 - INFO     - img2od: 62 | od2fr: 0 | od2lpr: 1000 | od2cap: 0 | fr2kr: 0 | lpr2kr: 1000 | cap2udp: 0 | kr2udp: 1 | 
2026-05-03 17:27:34,849 - INFO     - img2od: 62 | od2fr: 0 | od2lpr: 1000 | od2cap: 0 | fr2kr: 0 | lpr2kr: 1000 | cap2udp: 0 | kr2udp: 1 | 
2026-05-03 17:27:35,850 - INFO     - img2od: 62 | od2fr: 0 | od2lpr: 1000 | od2cap: 0 | fr2kr: 0 | lpr2kr: 1000 | cap2udp: 0 | kr2udp: 1 | 
2026-05-03 17:27:36,851 - INFO     - img2od: 62 | od2fr: 0 | od2lpr: 1000 | od2cap: 0 | fr2kr: 0 | lpr2kr: 1000 | cap2udp: 0 | kr2udp: 1 | 
2026-05-03 17:27:37,852 - INFO     - img2od: 62 | od2fr: 0 | od2lpr: 1000 | od2cap: 0 | fr2kr: 0 | lpr2kr: 1000 | cap2udp: 0 | kr2udp: 1 | 
2026-05-03 17:27:38,853 - INFO     - img2od: 62 | od2fr: 0 | od2lpr: 1000 | od2cap: 0 | fr2kr: 0 | lpr2kr: 1000 | cap2udp: 0 | kr2udp: 1 | 
2026-05-03 17:27:39,854 - INFO     - img2od: 62 | od2fr: 0 | od2lpr: 1000 | od2cap: 0 | fr2kr: 0 | lpr2kr: 1000 | cap2udp: 0 | kr2udp: 1 | 
2026-05-03 17:27:40,855 - INFO     - img2od: 62 | od2fr: 0 | od2lpr: 1000 | od2cap: 0 | fr2kr: 0 | lpr2kr: 1000 | cap2udp: 0 | kr2udp: 1 | 
2026-05-03 17:27:41,856 - INFO     - img2od: 62 | od2fr: 0 | od2lpr: 1000 | od2cap: 0 | fr2kr: 0 | lpr2kr: 1000 | cap2udp: 0 | kr2udp: 1 | 
2026-05-03 17:27:42,857 - INFO     - img2od: 62 | od2fr: 0 | od2lpr: 1000 | od2cap: 0 | fr2kr: 0 | lpr2kr: 1000 | cap2udp: 0 | kr2udp: 1 | 
2026-05-03 17:27:43,858 - INFO     - img2od: 62 | od2fr: 0 | od2lpr: 1000 | od2cap: 0 | fr2kr: 0 | lpr2kr: 1000 | cap2udp: 0 | kr2udp: 0 | 
2026-05-03 17:27:44,859 - INFO     - img2od: 62 | od2fr: 0 | od2lpr: 1000 | od2cap: 0 | fr2kr: 0 | lpr2kr: 1000 | cap2udp: 0 | kr2udp: 1 | 
2026-05-03 17:27:45,860 - INFO     - img2od: 62 | od2fr: 0 | od2lpr: 1000 | od2cap: 0 | fr2kr: 0 | lpr2kr: 1000 | cap2udp: 0 | kr2udp: 1 | 
2026-05-03 17:27:46,861 - INFO     - img2od: 62 | od2fr: 0 | od2lpr: 1000 | od2cap: 0 | fr2kr: 0 | lpr2kr: 1000 | cap2udp: 0 | kr2udp: 1 | 
2026-05-03 17:27:47,862 - INFO     - img2od: 62 | od2fr: 0 | od2lpr: 1000 | od2cap: 0 | fr2kr: 0 | lpr2kr: 1000 | cap2udp: 0 | kr2udp: 1 | 
2026-05-03 17:27:48,863 - INFO     - img2od: 62 | od2fr: 0 | od2lpr: 1000 | od2cap: 0 | fr2kr: 0 | lpr2kr: 1000 | cap2udp: 0 | kr2udp: 1 | 
2026-05-03 17:27:49,864 - INFO     - img2od: 62 | od2fr: 0 | od2lpr: 1000 | od2cap: 0 | fr2kr: 0 | lpr2kr: 1000 | cap2udp: 0 | kr2udp: 1 | 
2026-05-03 17:27:50,865 - INFO     - img2od: 62 | od2fr: 0 | od2lpr: 1000 | od2cap: 0 | fr2kr: 0 | lpr2kr: 1000 | cap2udp: 0 | kr2udp: 1 | 
2026-05-03 17:27:51,866 - INFO     - img2od: 62 | od2fr: 0 | od2lpr: 1000 | od2cap: 0 | fr2kr: 0 | lpr2kr: 1000 | cap2udp: 0 | kr2udp: 1 | 
2026-05-03 17:27:52,867 - INFO     - img2od: 62 | od2fr: 0 | od2lpr: 1000 | od2cap: 0 | fr2kr: 0 | lpr2kr: 1000 | cap2udp: 0 | kr2udp: 0 | 
2026-05-03 17:27:53,868 - INFO     - img2od: 62 | od2fr: 0 | od2lpr: 1000 | od2cap: 0 | fr2kr: 0 | lpr2kr: 1000 | cap2udp: 0 | kr2udp: 1 | 
2026-05-03 17:27:54,869 - INFO     - img2od: 62 | od2fr: 0 | od2lpr: 1000 | od2cap: 0 | fr2kr: 0 | lpr2kr: 1000 | cap2udp: 0 | kr2udp: 1 | 
2026-05-03 17:27:55,870 - INFO     - img2od: 62 | od2fr: 0 | od2lpr: 1000 | od2cap: 0 | fr2kr: 0 | lpr2kr: 1000 | cap2udp: 0 | kr2udp: 0 | 
2026-05-03 17:27:56,871 - INFO     - img2od: 62 | od2fr: 0 | od2lpr: 1000 | od2cap: 0 | fr2kr: 0 | lpr2kr: 1000 | cap2udp: 0 | kr2udp: 1 | 
2026-05-03 17:27:57,872 - INFO     - img2od: 62 | od2fr: 0 | od2lpr: 1000 | od2cap: 0 | fr2kr: 0 | lpr2kr: 1000 | cap2udp: 0 | kr2udp: 1 | 
2026-05-03 17:27:58,873 - INFO     - img2od: 62 | od2fr: 0 | od2lpr: 1000 | od2cap: 0 | fr2kr: 0 | lpr2kr: 1000 | cap2udp: 0 | kr2udp: 1 | 
2026-05-03 17:27:59,874 - INFO     - img2od: 62 | od2fr: 0 | od2lpr: 1000 | od2cap: 0 | fr2kr: 0 | lpr2kr: 1000 | cap2udp: 0 | kr2udp: 1 | 
2026-05-03 17:28:00,875 - INFO     - img2od: 62 | od2fr: 0 | od2lpr: 1000 | od2cap: 0 | fr2kr: 0 | lpr2kr: 1000 | cap2udp: 0 | kr2udp: 1 | 
2026-05-03 17:28:01,876 - INFO     - img2od: 62 | od2fr: 0 | od2lpr: 1000 | od2cap: 0 | fr2kr: 0 | lpr2kr: 999 | cap2udp: 0 | kr2udp: 1 | 
2026-05-03 17:28:02,877 - INFO     - img2od: 62 | od2fr: 0 | od2lpr: 1000 | od2cap: 0 | fr2kr: 0 | lpr2kr: 1000 | cap2udp: 0 | kr2udp: 1 | 
2026-05-03 17:28:03,878 - INFO     - img2od: 62 | od2fr: 0 | od2lpr: 1000 | od2cap: 0 | fr2kr: 0 | lpr2kr: 1000 | cap2udp: 0 | kr2udp: 1 | 
2026-05-03 17:28:04,879 - INFO     - img2od: 62 | od2fr: 0 | od2lpr: 1000 | od2cap: 0 | fr2kr: 0 | lpr2kr: 1000 | cap2udp: 0 | kr2udp: 1 | 
2026-05-03 17:28:05,880 - INFO     - img2od: 62 | od2fr: 0 | od2lpr: 1000 | od2cap: 0 | fr2kr: 0 | lpr2kr: 1000 | cap2udp: 0 | kr2udp: 0 | 
2026-05-03 17:28:06,881 - INFO     - img2od: 62 | od2fr: 0 | od2lpr: 1000 | od2cap: 0 | fr2kr: 0 | lpr2kr: 1000 | cap2udp: 0 | kr2udp: 0 | 
2026-05-03 17:28:07,882 - INFO     - img2od: 62 | od2fr: 0 | od2lpr: 1000 | od2cap: 0 | fr2kr: 0 | lpr2kr: 1000 | cap2udp: 0 | kr2udp: 0 | 
2026-05-03 17:28:08,883 - INFO     - img2od: 62 | od2fr: 0 | od2lpr: 1000 | od2cap: 0 | fr2kr: 0 | lpr2kr: 1000 | cap2udp: 0 | kr2udp: 1 | 
2026-05-03 17:28:09,884 - INFO     - img2od: 62 | od2fr: 0 | od2lpr: 1000 | od2cap: 0 | fr2kr: 0 | lpr2kr: 1000 | cap2udp: 0 | kr2udp: 1 | 
2026-05-03 17:28:10,885 - INFO     - img2od: 62 | od2fr: 0 | od2lpr: 1000 | od2cap: 0 | fr2kr: 0 | lpr2kr: 1000 | cap2udp: 0 | kr2udp: 1 | 
2026-05-03 17:28:11,886 - INFO     - img2od: 62 | od2fr: 0 | od2lpr: 1000 | od2cap: 0 | fr2kr: 0 | lpr2kr: 1000 | cap2udp: 0 | kr2udp: 0 | 
2026-05-03 17:28:12,887 - INFO     - img2od: 62 | od2fr: 0 | od2lpr: 1000 | od2cap: 0 | fr2kr: 0 | lpr2kr: 1000 | cap2udp: 0 | kr2udp: 0 | 
2026-05-03 17:28:13,888 - INFO     - img2od: 62 | od2fr: 0 | od2lpr: 1000 | od2cap: 0 | fr2kr: 0 | lpr2kr: 1000 | cap2udp: 0 | kr2udp: 1 | 
2026-05-03 17:28:14,889 - INFO     - img2od: 62 | od2fr: 0 | od2lpr: 1000 | od2cap: 0 | fr2kr: 0 | lpr2kr: 1000 | cap2udp: 0 | kr2udp: 1 | 
2026-05-03 17:28:15,890 - INFO     - img2od: 62 | od2fr: 0 | od2lpr: 1000 | od2cap: 0 | fr2kr: 0 | lpr2kr: 1000 | cap2udp: 0 | kr2udp: 1 | 
2026-05-03 17:28:16,891 - INFO     - img2od: 62 | od2fr: 0 | od2lpr: 1000 | od2cap: 0 | fr2kr: 0 | lpr2kr: 1000 | cap2udp: 0 | kr2udp: 1 | 
2026-05-03 17:28:17,892 - INFO     - img2od: 62 | od2fr: 0 | od2lpr: 1000 | od2cap: 0 | fr2kr: 0 | lpr2kr: 1000 | cap2udp: 0 | kr2udp: 1 | 
2026-05-03 17:28:18,893 - INFO     - img2od: 62 | od2fr: 0 | od2lpr: 1000 | od2cap: 0 | fr2kr: 0 | lpr2kr: 1000 | cap2udp: 0 | kr2udp: 0 | 
2026-05-03 17:28:19,894 - INFO     - img2od: 62 | od2fr: 0 | od2lpr: 1000 | od2cap: 0 | fr2kr: 0 | lpr2kr: 1000 | cap2udp: 0 | kr2udp: 0 | 
2026-05-03 17:28:20,895 - INFO     - img2od: 62 | od2fr: 0 | od2lpr: 1000 | od2cap: 0 | fr2kr: 0 | lpr2kr: 1000 | cap2udp: 0 | kr2udp: 1 | 
2026-05-03 17:28:21,896 - INFO     - img2od: 62 | od2fr: 0 | od2lpr: 1000 | od2cap: 0 | fr2kr: 0 | lpr2kr: 1000 | cap2udp: 0 | kr2udp: 1 | 
2026-05-03 17:28:22,897 - INFO     - img2od: 62 | od2fr: 0 | od2lpr: 1000 | od2cap: 0 | fr2kr: 0 | lpr2kr: 1000 | cap2udp: 0 | kr2udp: 0 | 
2026-05-03 17:28:23,898 - INFO     - img2od: 62 | od2fr: 0 | od2lpr: 1000 | od2cap: 0 | fr2kr: 0 | lpr2kr: 1000 | cap2udp: 0 | kr2udp: 0 | 
2026-05-03 17:28:24,899 - INFO     - img2od: 62 | od2fr: 0 | od2lpr: 1000 | od2cap: 0 | fr2kr: 0 | lpr2kr: 1000 | cap2udp: 0 | kr2udp: 0 | 
2026-05-03 17:28:25,900 - INFO     - img2od: 62 | od2fr: 0 | od2lpr: 1000 | od2cap: 0 | fr2kr: 0 | lpr2kr: 999 | cap2udp: 0 | kr2udp: 1 | 
2026-05-03 17:28:26,901 - INFO     - img2od: 62 | od2fr: 0 | od2lpr: 1000 | od2cap: 0 | fr2kr: 0 | lpr2kr: 1000 | cap2udp: 0 | kr2udp: 1 | 
2026-05-03 17:28:27,902 - INFO     - img2od: 62 | od2fr: 0 | od2lpr: 1000 | od2cap: 0 | fr2kr: 0 | lpr2kr: 1000 | cap2udp: 0 | kr2udp: 1 | 
2026-05-03 17:28:28,903 - INFO     - img2od: 62 | od2fr: 0 | od2lpr: 1000 | od2cap: 0 | fr2kr: 0 | lpr2kr: 1000 | cap2udp: 0 | kr2udp: 0 | 
2026-05-03 17:28:29,904 - INFO     - img2od: 62 | od2fr: 0 | od2lpr: 1000 | od2cap: 0 | fr2kr: 0 | lpr2kr: 1000 | cap2udp: 0 | kr2udp: 0 | 
2026-05-03 17:28:30,905 - INFO     - img2od: 62 | od2fr: 0 | od2lpr: 1000 | od2cap: 0 | fr2kr: 0 | lpr2kr: 1000 | cap2udp: 0 | kr2udp: 0 | 
2026-05-03 17:28:31,906 - INFO     - img2od: 62 | od2fr: 0 | od2lpr: 1000 | od2cap: 0 | fr2kr: 0 | lpr2kr: 1000 | cap2udp: 0 | kr2udp: 1 | 
2026-05-03 17:28:32,907 - INFO     - img2od: 62 | od2fr: 0 | od2lpr: 1000 | od2cap: 0 | fr2kr: 0 | lpr2kr: 1000 | cap2udp: 0 | kr2udp: 1 | 
2026-05-03 17:28:33,908 - INFO     - img2od: 62 | od2fr: 0 | od2lpr: 1000 | od2cap: 0 | fr2kr: 0 | lpr2kr: 1000 | cap2udp: 0 | kr2udp: 1 | 
2026-05-03 17:28:34,909 - INFO     - img2od: 62 | od2fr: 0 | od2lpr: 1000 | od2cap: 0 | fr2kr: 0 | lpr2kr: 1000 | cap2udp: 0 | kr2udp: 1 | 
2026-05-03 17:28:35,910 - INFO     - img2od: 62 | od2fr: 0 | od2lpr: 1000 | od2cap: 0 | fr2kr: 0 | lpr2kr: 1000 | cap2udp: 0 | kr2udp: 1 | 
2026-05-03 17:28:36,911 - INFO     - img2od: 62 | od2fr: 0 | od2lpr: 1000 | od2cap: 0 | fr2kr: 0 | lpr2kr: 1000 | cap2udp: 0 | kr2udp: 1 | 
2026-05-03 17:28:37,912 - INFO     - img2od: 62 | od2fr: 0 | od2lpr: 1000 | od2cap: 0 | fr2kr: 0 | lpr2kr: 1000 | cap2udp: 0 | kr2udp: 1 | 
2026-05-03 17:28:38,913 - INFO     - img2od: 62 | od2fr: 0 | od2lpr: 1000 | od2cap: 0 | fr2kr: 0 | lpr2kr: 1000 | cap2udp: 0 | kr2udp: 1 | 
2026-05-03 17:28:39,914 - INFO     - img2od: 62 | od2fr: 0 | od2lpr: 1000 | od2cap: 0 | fr2kr: 0 | lpr2kr: 1000 | cap2udp: 0 | kr2udp: 1 | 
2026-05-03 17:28:40,915 - INFO     - img2od: 62 | od2fr: 0 | od2lpr: 1000 | od2cap: 0 | fr2kr: 0 | lpr2kr: 999 | cap2udp: 0 | kr2udp: 1 | 
2026-05-03 17:28:41,916 - INFO     - img2od: 62 | od2fr: 0 | od2lpr: 1000 | od2cap: 0 | fr2kr: 0 | lpr2kr: 1000 | cap2udp: 0 | kr2udp: 1 | 
2026-05-03 17:28:42,917 - INFO     - img2od: 62 | od2fr: 0 | od2lpr: 1000 | od2cap: 0 | fr2kr: 0 | lpr2kr: 1000 | cap2udp: 0 | kr2udp: 0 | 
2026-05-03 17:28:43,918 - INFO     - img2od: 62 | od2fr: 0 | od2lpr: 1000 | od2cap: 0 | fr2kr: 0 | lpr2kr: 1000 | cap2udp: 0 | kr2udp: 1 | 
2026-05-03 17:28:44,919 - INFO     - img2od: 58 | od2fr: 0 | od2lpr: 997 | od2cap: 0 | fr2kr: 0 | lpr2kr: 1000 | cap2udp: 0 | kr2udp: 1 | 
2026-05-03 17:28:45,920 - INFO     - img2od: 56 | od2fr: 0 | od2lpr: 1000 | od2cap: 0 | fr2kr: 0 | lpr2kr: 1000 | cap2udp: 0 | kr2udp: 1 | 
2026-05-03 17:28:46,921 - INFO     - img2od: 56 | od2fr: 0 | od2lpr: 1000 | od2cap: 0 | fr2kr: 0 | lpr2kr: 1000 | cap2udp: 0 | kr2udp: 0 | 
2026-05-03 17:28:47,922 - INFO     - img2od: 56 | od2fr: 0 | od2lpr: 1000 | od2cap: 0 | fr2kr: 0 | lpr2kr: 1000 | cap2udp: 0 | kr2udp: 1 | 
2026-05-03 17:28:48,923 - INFO     - img2od: 56 | od2fr: 0 | od2lpr: 1000 | od2cap: 0 | fr2kr: 0 | lpr2kr: 1000 | cap2udp: 0 | kr2udp: 0 | 
2026-05-03 17:28:49,924 - INFO     - img2od: 56 | od2fr: 0 | od2lpr: 1000 | od2cap: 0 | fr2kr: 0 | lpr2kr: 1000 | cap2udp: 0 | kr2udp: 1 | 
2026-05-03 17:28:50,925 - INFO     - img2od: 56 | od2fr: 0 | od2lpr: 1000 | od2cap: 0 | fr2kr: 0 | lpr2kr: 1000 | cap2udp: 0 | kr2udp: 1 | 
2026-05-03 17:28:51,926 - INFO     - img2od: 56 | od2fr: 0 | od2lpr: 1000 | od2cap: 0 | fr2kr: 0 | lpr2kr: 1000 | cap2udp: 0 | kr2udp: 1 | 
2026-05-03 17:28:52,927 - INFO     - img2od: 56 | od2fr: 0 | od2lpr: 1000 | od2cap: 0 | fr2kr: 0 | lpr2kr: 1000 | cap2udp: 0 | kr2udp: 1 | 
2026-05-03 17:28:53,928 - INFO     - img2od: 56 | od2fr: 0 | od2lpr: 1000 | od2cap: 0 | fr2kr: 0 | lpr2kr: 1000 | cap2udp: 0 | kr2udp: 1 | 
2026-05-03 17:28:54,929 - INFO     - img2od: 56 | od2fr: 0 | od2lpr: 1000 | od2cap: 0 | fr2kr: 0 | lpr2kr: 1000 | cap2udp: 0 | kr2udp: 0 | 
2026-05-03 17:28:55,930 - INFO     - img2od: 56 | od2fr: 0 | od2lpr: 1000 | od2cap: 0 | fr2kr: 0 | lpr2kr: 1000 | cap2udp: 0 | kr2udp: 0 | 
2026-05-03 17:28:56,931 - INFO     - img2od: 56 | od2fr: 0 | od2lpr: 1000 | od2cap: 0 | fr2kr: 0 | lpr2kr: 1000 | cap2udp: 0 | kr2udp: 1 | 
2026-05-03 17:28:57,932 - INFO     - img2od: 56 | od2fr: 0 | od2lpr: 1000 | od2cap: 0 | fr2kr: 0 | lpr2kr: 1000 | cap2udp: 0 | kr2udp: 0 | 
2026-05-03 17:28:58,933 - INFO     - img2od: 56 | od2fr: 0 | od2lpr: 1000 | od2cap: 0 | fr2kr: 0 | lpr2kr: 1000 | cap2udp: 0 | kr2udp: 1 | 
2026-05-03 17:28:59,934 - INFO     - img2od: 56 | od2fr: 0 | od2lpr: 1000 | od2cap: 0 | fr2kr: 0 | lpr2kr: 1000 | cap2udp: 0 | kr2udp: 1 | 
2026-05-03 17:29:00,935 - INFO     - img2od: 56 | od2fr: 0 | od2lpr: 1000 | od2cap: 0 | fr2kr: 0 | lpr2kr: 1000 | cap2udp: 0 | kr2udp: 1 | 
2026-05-03 17:29:01,936 - INFO     - img2od: 56 | od2fr: 0 | od2lpr: 1000 | od2cap: 0 | fr2kr: 0 | lpr2kr: 1000 | cap2udp: 0 | kr2udp: 0 | 
2026-05-03 17:29:02,937 - INFO     - img2od: 56 | od2fr: 0 | od2lpr: 1000 | od2cap: 0 | fr2kr: 0 | lpr2kr: 1000 | cap2udp: 0 | kr2udp: 1 | 
2026-05-03 17:29:03,938 - INFO     - img2od: 56 | od2fr: 0 | od2lpr: 1000 | od2cap: 0 | fr2kr: 0 | lpr2kr: 1000 | cap2udp: 0 | kr2udp: 1 | 
2026-05-03 17:29:04,939 - INFO     - img2od: 56 | od2fr: 0 | od2lpr: 1000 | od2cap: 0 | fr2kr: 0 | lpr2kr: 1000 | cap2udp: 0 | kr2udp: 1 | 
2026-05-03 17:29:05,940 - INFO     - img2od: 56 | od2fr: 0 | od2lpr: 1000 | od2cap: 0 | fr2kr: 0 | lpr2kr: 1000 | cap2udp: 0 | kr2udp: 0 | 
2026-05-03 17:29:06,941 - INFO     - img2od: 56 | od2fr: 0 | od2lpr: 1000 | od2cap: 0 | fr2kr: 0 | lpr2kr: 1000 | cap2udp: 0 | kr2udp: 0 | 
2026-05-03 17:29:07,942 - INFO     - img2od: 56 | od2fr: 0 | od2lpr: 1000 | od2cap: 0 | fr2kr: 0 | lpr2kr: 1000 | cap2udp: 0 | kr2udp: 1 | 
2026-05-03 17:29:08,943 - INFO     - img2od: 56 | od2fr: 0 | od2lpr: 1000 | od2cap: 0 | fr2kr: 0 | lpr2kr: 1000 | cap2udp: 0 | kr2udp: 1 | 
2026-05-03 17:29:09,944 - INFO     - img2od: 56 | od2fr: 0 | od2lpr: 1000 | od2cap: 0 | fr2kr: 0 | lpr2kr: 1000 | cap2udp: 0 | kr2udp: 1 | 
2026-05-03 17:29:10,945 - INFO     - img2od: 56 | od2fr: 0 | od2lpr: 1000 | od2cap: 0 | fr2kr: 0 | lpr2kr: 1000 | cap2udp: 0 | kr2udp: 0 | 
2026-05-03 17:29:11,946 - INFO     - img2od: 56 | od2fr: 0 | od2lpr: 1000 | od2cap: 0 | fr2kr: 0 | lpr2kr: 1000 | cap2udp: 0 | kr2udp: 0 | 
2026-05-03 17:29:12,947 - INFO     - img2od: 56 | od2fr: 0 | od2lpr: 1000 | od2cap: 0 | fr2kr: 0 | lpr2kr: 1000 | cap2udp: 0 | kr2udp: 1 | 
2026-05-03 17:29:13,948 - INFO     - img2od: 56 | od2fr: 0 | od2lpr: 1000 | od2cap: 0 | fr2kr: 0 | lpr2kr: 1000 | cap2udp: 0 | kr2udp: 0 | 
2026-05-03 17:29:14,949 - INFO     - img2od: 56 | od2fr: 0 | od2lpr: 1000 | od2cap: 0 | fr2kr: 0 | lpr2kr: 1000 | cap2udp: 0 | kr2udp: 0 | 
2026-05-03 17:29:15,950 - INFO     - img2od: 56 | od2fr: 0 | od2lpr: 1000 | od2cap: 0 | fr2kr: 0 | lpr2kr: 1000 | cap2udp: 0 | kr2udp: 1 | 
2026-05-03 17:29:16,951 - INFO     - img2od: 56 | od2fr: 0 | od2lpr: 1000 | od2cap: 0 | fr2kr: 0 | lpr2kr: 1000 | cap2udp: 0 | kr2udp: 1 | 
2026-05-03 17:29:17,952 - INFO     - img2od: 56 | od2fr: 0 | od2lpr: 1000 | od2cap: 0 | fr2kr: 0 | lpr2kr: 1000 | cap2udp: 0 | kr2udp: 1 | 
2026-05-03 17:29:18,953 - INFO     - img2od: 56 | od2fr: 0 | od2lpr: 1000 | od2cap: 0 | fr2kr: 0 | lpr2kr: 1000 | cap2udp: 0 | kr2udp: 1 | 
2026-05-03 17:29:19,954 - INFO     - img2od: 56 | od2fr: 0 | od2lpr: 1000 | od2cap: 0 | fr2kr: 0 | lpr2kr: 1000 | cap2udp: 0 | kr2udp: 1 | 
2026-05-03 17:29:20,955 - INFO     - img2od: 56 | od2fr: 0 | od2lpr: 1000 | od2cap: 0 | fr2kr: 0 | lpr2kr: 1000 | cap2udp: 0 | kr2udp: 1 | 
2026-05-03 17:29:21,956 - INFO     - img2od: 56 | od2fr: 0 | od2lpr: 1000 | od2cap: 0 | fr2kr: 0 | lpr2kr: 1000 | cap2udp: 0 | kr2udp: 0 | 
2026-05-03 17:29:22,957 - INFO     - img2od: 56 | od2fr: 0 | od2lpr: 1000 | od2cap: 0 | fr2kr: 0 | lpr2kr: 1000 | cap2udp: 0 | kr2udp: 1 | 
2026-05-03 17:29:23,958 - INFO     - img2od: 56 | od2fr: 0 | od2lpr: 1000 | od2cap: 0 | fr2kr: 0 | lpr2kr: 1000 | cap2udp: 0 | kr2udp: 1 | 
2026-05-03 17:29:24,959 - INFO     - img2od: 56 | od2fr: 0 | od2lpr: 1000 | od2cap: 0 | fr2kr: 0 | lpr2kr: 1000 | cap2udp: 0 | kr2udp: 1 | 
2026-05-03 17:29:25,960 - INFO     - img2od: 56 | od2fr: 0 | od2lpr: 1000 | od2cap: 0 | fr2kr: 0 | lpr2kr: 1000 | cap2udp: 0 | kr2udp: 0 | 
2026-05-03 17:29:26,961 - INFO     - img2od: 56 | od2fr: 0 | od2lpr: 1000 | od2cap: 0 | fr2kr: 0 | lpr2kr: 1000 | cap2udp: 0 | kr2udp: 1 | 
2026-05-03 17:29:27,962 - INFO     - img2od: 56 | od2fr: 0 | od2lpr: 1000 | od2cap: 0 | fr2kr: 0 | lpr2kr: 1000 | cap2udp: 0 | kr2udp: 1 | 
2026-05-03 17:29:28,963 - INFO     - img2od: 56 | od2fr: 0 | od2lpr: 1000 | od2cap: 0 | fr2kr: 0 | lpr2kr: 999 | cap2udp: 0 | kr2udp: 1 | 
2026-05-03 17:29:29,964 - INFO     - img2od: 56 | od2fr: 0 | od2lpr: 1000 | od2cap: 0 | fr2kr: 0 | lpr2kr: 1000 | cap2udp: 0 | kr2udp: 1 | 
2026-05-03 17:29:30,965 - INFO     - img2od: 56 | od2fr: 0 | od2lpr: 1000 | od2cap: 0 | fr2kr: 0 | lpr2kr: 1000 | cap2udp: 0 | kr2udp: 1 | 
2026-05-03 17:29:31,966 - INFO     - img2od: 56 | od2fr: 0 | od2lpr: 1000 | od2cap: 0 | fr2kr: 0 | lpr2kr: 1000 | cap2udp: 0 | kr2udp: 1 | 
2026-05-03 17:29:32,967 - INFO     - img2od: 56 | od2fr: 0 | od2lpr: 1000 | od2cap: 0 | fr2kr: 0 | lpr2kr: 1000 | cap2udp: 0 | kr2udp: 1 | 
2026-05-03 17:29:33,968 - INFO     - img2od: 56 | od2fr: 0 | od2lpr: 1000 | od2cap: 0 | fr2kr: 0 | lpr2kr: 1000 | cap2udp: 0 | kr2udp: 1 | 
2026-05-03 17:29:34,969 - INFO     - img2od: 56 | od2fr: 0 | od2lpr: 1000 | od2cap: 0 | fr2kr: 0 | lpr2kr: 1000 | cap2udp: 0 | kr2udp: 0 | 
2026-05-03 17:29:35,970 - INFO     - img2od: 56 | od2fr: 0 | od2lpr: 1000 | od2cap: 0 | fr2kr: 0 | lpr2kr: 1000 | cap2udp: 0 | kr2udp: 0 | 
2026-05-03 17:29:36,971 - INFO     - img2od: 56 | od2fr: 0 | od2lpr: 1000 | od2cap: 0 | fr2kr: 0 | lpr2kr: 1000 | cap2udp: 0 | kr2udp: 1 | 
2026-05-03 17:29:37,972 - INFO     - img2od: 56 | od2fr: 0 | od2lpr: 1000 | od2cap: 0 | fr2kr: 0 | lpr2kr: 1000 | cap2udp: 0 | kr2udp: 2 | 
2026-05-03 17:29:38,973 - INFO     - img2od: 56 | od2fr: 0 | od2lpr: 1000 | od2cap: 0 | fr2kr: 0 | lpr2kr: 1000 | cap2udp: 0 | kr2udp: 0 | 
2026-05-03 17:29:39,974 - INFO     - img2od: 56 | od2fr: 0 | od2lpr: 1000 | od2cap: 0 | fr2kr: 0 | lpr2kr: 1000 | cap2udp: 0 | kr2udp: 0 | 
2026-05-03 17:29:40,975 - INFO     - img2od: 56 | od2fr: 0 | od2lpr: 1000 | od2cap: 0 | fr2kr: 0 | lpr2kr: 1000 | cap2udp: 0 | kr2udp: 1 | 
2026-05-03 17:29:41,976 - INFO     - img2od: 56 | od2fr: 0 | od2lpr: 1000 | od2cap: 0 | fr2kr: 0 | lpr2kr: 1000 | cap2udp: 0 | kr2udp: 1 | 
2026-05-03 17:29:42,977 - INFO     - img2od: 56 | od2fr: 0 | od2lpr: 1000 | od2cap: 0 | fr2kr: 0 | lpr2kr: 1000 | cap2udp: 0 | kr2udp: 0 | 
2026-05-03 17:29:43,978 - INFO     - img2od: 56 | od2fr: 0 | od2lpr: 1000 | od2cap: 0 | fr2kr: 0 | lpr2kr: 1000 | cap2udp: 0 | kr2udp: 1 | 
2026-05-03 17:29:44,979 - INFO     - img2od: 56 | od2fr: 0 | od2lpr: 1000 | od2cap: 0 | fr2kr: 0 | lpr2kr: 1000 | cap2udp: 0 | kr2udp: 0 | 
2026-05-03 17:29:45,980 - INFO     - img2od: 56 | od2fr: 0 | od2lpr: 1000 | od2cap: 0 | fr2kr: 0 | lpr2kr: 1000 | cap2udp: 0 | kr2udp: 1 | 
2026-05-03 17:29:46,981 - INFO     - img2od: 56 | od2fr: 0 | od2lpr: 1000 | od2cap: 0 | fr2kr: 0 | lpr2kr: 1000 | cap2udp: 0 | kr2udp: 1 | 
2026-05-03 17:29:47,982 - INFO     - img2od: 56 | od2fr: 0 | od2lpr: 999 | od2cap: 0 | fr2kr: 0 | lpr2kr: 1000 | cap2udp: 0 | kr2udp: 1 | 
2026-05-03 17:29:48,983 - INFO     - img2od: 56 | od2fr: 0 | od2lpr: 1000 | od2cap: 0 | fr2kr: 0 | lpr2kr: 1000 | cap2udp: 0 | kr2udp: 1 | 
2026-05-03 17:29:49,984 - INFO     - img2od: 56 | od2fr: 0 | od2lpr: 1000 | od2cap: 0 | fr2kr: 0 | lpr2kr: 1000 | cap2udp: 0 | kr2udp: 1 | 
2026-05-03 17:29:50,985 - INFO     - img2od: 56 | od2fr: 0 | od2lpr: 1000 | od2cap: 0 | fr2kr: 0 | lpr2kr: 1000 | cap2udp: 0 | kr2udp: 1 | 
2026-05-03 17:29:51,986 - INFO     - img2od: 56 | od2fr: 0 | od2lpr: 1000 | od2cap: 0 | fr2kr: 0 | lpr2kr: 1000 | cap2udp: 0 | kr2udp: 1 | 
2026-05-03 17:29:52,987 - INFO     - img2od: 56 | od2fr: 0 | od2lpr: 1000 | od2cap: 0 | fr2kr: 0 | lpr2kr: 1000 | cap2udp: 0 | kr2udp: 1 | 
2026-05-03 17:29:53,988 - INFO     - img2od: 56 | od2fr: 0 | od2lpr: 1000 | od2cap: 0 | fr2kr: 0 | lpr2kr: 1000 | cap2udp: 0 | kr2udp: 0 | 
2026-05-03 17:29:54,989 - INFO     - img2od: 56 | od2fr: 0 | od2lpr: 1000 | od2cap: 0 | fr2kr: 0 | lpr2kr: 1000 | cap2udp: 0 | kr2udp: 1 | 
2026-05-03 17:29:55,990 - INFO     - img2od: 56 | od2fr: 0 | od2lpr: 1000 | od2cap: 0 | fr2kr: 0 | lpr2kr: 1000 | cap2udp: 0 | kr2udp: 1 | 
2026-05-03 17:29:56,991 - INFO     - img2od: 56 | od2fr: 0 | od2lpr: 1000 | od2cap: 0 | fr2kr: 0 | lpr2kr: 1000 | cap2udp: 0 | kr2udp: 1 | 
2026-05-03 17:29:57,992 - INFO     - img2od: 56 | od2fr: 0 | od2lpr: 999 | od2cap: 0 | fr2kr: 0 | lpr2kr: 1000 | cap2udp: 0 | kr2udp: 1 | 
2026-05-03 17:29:58,993 - INFO     - img2od: 56 | od2fr: 0 | od2lpr: 1000 | od2cap: 0 | fr2kr: 0 | lpr2kr: 1000 | cap2udp: 0 | kr2udp: 1 | 
2026-05-03 17:29:59,994 - INFO     - img2od: 56 | od2fr: 0 | od2lpr: 1000 | od2cap: 0 | fr2kr: 0 | lpr2kr: 1000 | cap2udp: 0 | kr2udp: 1 | 
2026-05-03 17:30:00,995 - INFO     - img2od: 56 | od2fr: 0 | od2lpr: 1000 | od2cap: 0 | fr2kr: 0 | lpr2kr: 1000 | cap2udp: 0 | kr2udp: 1 | 
2026-05-03 17:30:01,996 - INFO     - img2od: 56 | od2fr: 0 | od2lpr: 1000 | od2cap: 0 | fr2kr: 0 | lpr2kr: 1000 | cap2udp: 0 | kr2udp: 1 | 
2026-05-03 17:30:02,996 - INFO     - img2od: 56 | od2fr: 0 | od2lpr: 1000 | od2cap: 0 | fr2kr: 0 | lpr2kr: 1000 | cap2udp: 0 | kr2udp: 1 | 
2026-05-03 17:30:03,997 - INFO     - img2od: 56 | od2fr: 0 | od2lpr: 1000 | od2cap: 0 | fr2kr: 0 | lpr2kr: 1000 | cap2udp: 0 | kr2udp: 1 | 
2026-05-03 17:30:04,998 - INFO     - img2od: 56 | od2fr: 0 | od2lpr: 1000 | od2cap: 0 | fr2kr: 0 | lpr2kr: 1000 | cap2udp: 0 | kr2udp: 1 | 
2026-05-03 17:30:05,999 - INFO     - img2od: 56 | od2fr: 0 | od2lpr: 1000 | od2cap: 0 | fr2kr: 0 | lpr2kr: 1000 | cap2udp: 0 | kr2udp: 1 | 
2026-05-03 17:30:07,000 - INFO     - img2od: 56 | od2fr: 0 | od2lpr: 1000 | od2cap: 0 | fr2kr: 0 | lpr2kr: 1000 | cap2udp: 0 | kr2udp: 1 | 
2026-05-03 17:30:08,001 - INFO     - img2od: 56 | od2fr: 0 | od2lpr: 1000 | od2cap: 0 | fr2kr: 0 | lpr2kr: 1000 | cap2udp: 0 | kr2udp: 1 | 
2026-05-03 17:30:09,002 - INFO     - img2od: 56 | od2fr: 0 | od2lpr: 1000 | od2cap: 0 | fr2kr: 0 | lpr2kr: 1000 | cap2udp: 0 | kr2udp: 0 | 
2026-05-03 17:30:10,003 - INFO     - img2od: 56 | od2fr: 0 | od2lpr: 1000 | od2cap: 0 | fr2kr: 0 | lpr2kr: 1000 | cap2udp: 0 | kr2udp: 1 | 
2026-05-03 17:30:11,004 - INFO     - img2od: 56 | od2fr: 0 | od2lpr: 1000 | od2cap: 0 | fr2kr: 0 | lpr2kr: 1000 | cap2udp: 0 | kr2udp: 1 | 
2026-05-03 17:30:12,005 - INFO     - img2od: 56 | od2fr: 0 | od2lpr: 1000 | od2cap: 0 | fr2kr: 0 | lpr2kr: 1000 | cap2udp: 0 | kr2udp: 1 | 
2026-05-03 17:30:13,006 - INFO     - img2od: 56 | od2fr: 0 | od2lpr: 1000 | od2cap: 0 | fr2kr: 0 | lpr2kr: 1000 | cap2udp: 0 | kr2udp: 0 | 
2026-05-03 17:30:14,007 - INFO     - img2od: 56 | od2fr: 0 | od2lpr: 1000 | od2cap: 0 | fr2kr: 0 | lpr2kr: 1000 | cap2udp: 0 | kr2udp: 0 | 
2026-05-03 17:30:15,008 - INFO     - img2od: 56 | od2fr: 0 | od2lpr: 1000 | od2cap: 0 | fr2kr: 0 | lpr2kr: 1000 | cap2udp: 0 | kr2udp: 1 | 
2026-05-03 17:30:16,009 - INFO     - img2od: 56 | od2fr: 0 | od2lpr: 1000 | od2cap: 0 | fr2kr: 0 | lpr2kr: 1000 | cap2udp: 0 | kr2udp: 1 | 
2026-05-03 17:30:17,010 - INFO     - img2od: 56 | od2fr: 0 | od2lpr: 1000 | od2cap: 0 | fr2kr: 0 | lpr2kr: 1000 | cap2udp: 0 | kr2udp: 1 | 
2026-05-03 17:30:18,011 - INFO     - img2od: 56 | od2fr: 0 | od2lpr: 1000 | od2cap: 0 | fr2kr: 0 | lpr2kr: 1000 | cap2udp: 0 | kr2udp: 1 | 
2026-05-03 17:30:19,012 - INFO     - img2od: 56 | od2fr: 0 | od2lpr: 1000 | od2cap: 0 | fr2kr: 0 | lpr2kr: 1000 | cap2udp: 0 | kr2udp: 1 | 
2026-05-03 17:30:20,013 - INFO     - img2od: 56 | od2fr: 0 | od2lpr: 1000 | od2cap: 0 | fr2kr: 0 | lpr2kr: 1000 | cap2udp: 0 | kr2udp: 1 | 
2026-05-03 17:30:21,014 - INFO     - img2od: 56 | od2fr: 0 | od2lpr: 1000 | od2cap: 0 | fr2kr: 0 | lpr2kr: 1000 | cap2udp: 0 | kr2udp: 0 | 
2026-05-03 17:30:22,015 - INFO     - img2od: 56 | od2fr: 0 | od2lpr: 1000 | od2cap: 0 | fr2kr: 0 | lpr2kr: 1000 | cap2udp: 0 | kr2udp: 1 | 
2026-05-03 17:30:23,016 - INFO     - img2od: 56 | od2fr: 0 | od2lpr: 1000 | od2cap: 0 | fr2kr: 0 | lpr2kr: 1000 | cap2udp: 0 | kr2udp: 1 | 
2026-05-03 17:30:24,017 - INFO     - img2od: 56 | od2fr: 0 | od2lpr: 1000 | od2cap: 0 | fr2kr: 0 | lpr2kr: 1000 | cap2udp: 0 | kr2udp: 1 | 
2026-05-03 17:30:25,018 - INFO     - img2od: 56 | od2fr: 0 | od2lpr: 1000 | od2cap: 0 | fr2kr: 0 | lpr2kr: 1000 | cap2udp: 0 | kr2udp: 0 | 
2026-05-03 17:30:26,019 - INFO     - img2od: 56 | od2fr: 0 | od2lpr: 1000 | od2cap: 0 | fr2kr: 0 | lpr2kr: 1000 | cap2udp: 0 | kr2udp: 1 | 
2026-05-03 17:30:27,020 - INFO     - img2od: 56 | od2fr: 0 | od2lpr: 1000 | od2cap: 0 | fr2kr: 0 | lpr2kr: 1000 | cap2udp: 0 | kr2udp: 0 | 
2026-05-03 17:30:28,021 - INFO     - img2od: 56 | od2fr: 0 | od2lpr: 1000 | od2cap: 0 | fr2kr: 0 | lpr2kr: 1000 | cap2udp: 0 | kr2udp: 1 | 
2026-05-03 17:30:29,022 - INFO     - img2od: 56 | od2fr: 0 | od2lpr: 1000 | od2cap: 0 | fr2kr: 0 | lpr2kr: 1000 | cap2udp: 0 | kr2udp: 0 | 
2026-05-03 17:30:30,023 - INFO     - img2od: 56 | od2fr: 0 | od2lpr: 1000 | od2cap: 0 | fr2kr: 0 | lpr2kr: 1000 | cap2udp: 0 | kr2udp: 1 | 
2026-05-03 17:30:31,024 - INFO     - img2od: 56 | od2fr: 0 | od2lpr: 1000 | od2cap: 0 | fr2kr: 0 | lpr2kr: 1000 | cap2udp: 0 | kr2udp: 1 | 
2026-05-03 17:30:32,025 - INFO     - img2od: 56 | od2fr: 0 | od2lpr: 1000 | od2cap: 0 | fr2kr: 0 | lpr2kr: 1000 | cap2udp: 0 | kr2udp: 1 | 
2026-05-03 17:30:33,026 - INFO     - img2od: 56 | od2fr: 0 | od2lpr: 1000 | od2cap: 0 | fr2kr: 0 | lpr2kr: 1000 | cap2udp: 0 | kr2udp: 1 | 
2026-05-03 17:30:34,027 - INFO     - img2od: 56 | od2fr: 0 | od2lpr: 1000 | od2cap: 0 | fr2kr: 0 | lpr2kr: 1000 | cap2udp: 0 | kr2udp: 0 | 
2026-05-03 17:30:35,028 - INFO     - img2od: 56 | od2fr: 0 | od2lpr: 1000 | od2cap: 0 | fr2kr: 0 | lpr2kr: 1000 | cap2udp: 0 | kr2udp: 1 | 
2026-05-03 17:30:36,029 - INFO     - img2od: 56 | od2fr: 0 | od2lpr: 1000 | od2cap: 0 | fr2kr: 0 | lpr2kr: 1000 | cap2udp: 0 | kr2udp: 1 | 
2026-05-03 17:30:37,030 - INFO     - img2od: 56 | od2fr: 0 | od2lpr: 1000 | od2cap: 0 | fr2kr: 0 | lpr2kr: 1000 | cap2udp: 0 | kr2udp: 0 | 
2026-05-03 17:30:38,031 - INFO     - img2od: 56 | od2fr: 0 | od2lpr: 1000 | od2cap: 0 | fr2kr: 0 | lpr2kr: 1000 | cap2udp: 0 | kr2udp: 0 | 
2026-05-03 17:30:39,032 - INFO     - img2od: 56 | od2fr: 0 | od2lpr: 1000 | od2cap: 0 | fr2kr: 0 | lpr2kr: 1000 | cap2udp: 0 | kr2udp: 1 | 
2026-05-03 17:30:40,033 - INFO     - img2od: 56 | od2fr: 0 | od2lpr: 1000 | od2cap: 0 | fr2kr: 0 | lpr2kr: 1000 | cap2udp: 0 | kr2udp: 1 | 
2026-05-03 17:30:41,034 - INFO     - img2od: 56 | od2fr: 0 | od2lpr: 1000 | od2cap: 0 | fr2kr: 0 | lpr2kr: 1000 | cap2udp: 0 | kr2udp: 1 | 
2026-05-03 17:30:42,035 - INFO     - img2od: 56 | od2fr: 0 | od2lpr: 1000 | od2cap: 0 | fr2kr: 0 | lpr2kr: 1000 | cap2udp: 0 | kr2udp: 0 | 
2026-05-03 17:30:43,036 - INFO     - img2od: 56 | od2fr: 0 | od2lpr: 1000 | od2cap: 0 | fr2kr: 0 | lpr2kr: 1000 | cap2udp: 0 | kr2udp: 0 | 
2026-05-03 17:30:44,037 - INFO     - img2od: 56 | od2fr: 0 | od2lpr: 1000 | od2cap: 0 | fr2kr: 0 | lpr2kr: 1000 | cap2udp: 0 | kr2udp: 1 | 
2026-05-03 17:30:45,038 - INFO     - img2od: 56 | od2fr: 0 | od2lpr: 1000 | od2cap: 0 | fr2kr: 0 | lpr2kr: 1000 | cap2udp: 0 | kr2udp: 1 | 
2026-05-03 17:30:46,039 - INFO     - img2od: 56 | od2fr: 0 | od2lpr: 1000 | od2cap: 0 | fr2kr: 0 | lpr2kr: 1000 | cap2udp: 0 | kr2udp: 1 | 
2026-05-03 17:30:47,040 - INFO     - img2od: 56 | od2fr: 0 | od2lpr: 1000 | od2cap: 0 | fr2kr: 0 | lpr2kr: 1000 | cap2udp: 0 | kr2udp: 1 | 
2026-05-03 17:30:48,041 - INFO     - img2od: 56 | od2fr: 0 | od2lpr: 1000 | od2cap: 0 | fr2kr: 0 | lpr2kr: 1000 | cap2udp: 0 | kr2udp: 1 | 
2026-05-03 17:30:49,042 - INFO     - img2od: 56 | od2fr: 0 | od2lpr: 1000 | od2cap: 0 | fr2kr: 0 | lpr2kr: 1000 | cap2udp: 0 | kr2udp: 1 | 
2026-05-03 17:30:50,043 - INFO     - img2od: 56 | od2fr: 0 | od2lpr: 1000 | od2cap: 0 | fr2kr: 0 | lpr2kr: 1000 | cap2udp: 0 | kr2udp: 0 | 
2026-05-03 17:30:51,044 - INFO     - img2od: 56 | od2fr: 0 | od2lpr: 1000 | od2cap: 0 | fr2kr: 0 | lpr2kr: 1000 | cap2udp: 0 | kr2udp: 0 | 
2026-05-03 17:30:52,045 - INFO     - img2od: 56 | od2fr: 0 | od2lpr: 1000 | od2cap: 0 | fr2kr: 0 | lpr2kr: 1000 | cap2udp: 0 | kr2udp: 0 | 
2026-05-03 17:30:53,047 - INFO     - img2od: 56 | od2fr: 0 | od2lpr: 1000 | od2cap: 0 | fr2kr: 0 | lpr2kr: 1000 | cap2udp: 0 | kr2udp: 0 | 
2026-05-03 17:30:54,048 - INFO     - img2od: 56 | od2fr: 0 | od2lpr: 1000 | od2cap: 0 | fr2kr: 0 | lpr2kr: 1000 | cap2udp: 0 | kr2udp: 1 | 
2026-05-03 17:30:55,049 - INFO     - img2od: 56 | od2fr: 0 | od2lpr: 1000 | od2cap: 0 | fr2kr: 0 | lpr2kr: 1000 | cap2udp: 0 | kr2udp: 0 | 
2026-05-03 17:30:56,050 - INFO     - img2od: 56 | od2fr: 0 | od2lpr: 1000 | od2cap: 0 | fr2kr: 0 | lpr2kr: 1000 | cap2udp: 0 | kr2udp: 0 | 
2026-05-03 17:30:57,051 - INFO     - img2od: 56 | od2fr: 0 | od2lpr: 1000 | od2cap: 0 | fr2kr: 0 | lpr2kr: 1000 | cap2udp: 0 | kr2udp: 0 | 
2026-05-03 17:30:58,052 - INFO     - img2od: 56 | od2fr: 0 | od2lpr: 1000 | od2cap: 0 | fr2kr: 0 | lpr2kr: 1000 | cap2udp: 0 | kr2udp: 1 | 
2026-05-03 17:30:59,053 - INFO     - img2od: 56 | od2fr: 0 | od2lpr: 1000 | od2cap: 0 | fr2kr: 0 | lpr2kr: 1000 | cap2udp: 0 | kr2udp: 1 | 
2026-05-03 17:31:00,054 - INFO     - img2od: 56 | od2fr: 0 | od2lpr: 1000 | od2cap: 0 | fr2kr: 0 | lpr2kr: 1000 | cap2udp: 0 | kr2udp: 1 | 
2026-05-03 17:31:01,055 - INFO     - img2od: 56 | od2fr: 0 | od2lpr: 1000 | od2cap: 0 | fr2kr: 0 | lpr2kr: 1000 | cap2udp: 0 | kr2udp: 1 | 
2026-05-03 17:31:02,056 - INFO     - img2od: 56 | od2fr: 0 | od2lpr: 1000 | od2cap: 0 | fr2kr: 0 | lpr2kr: 1000 | cap2udp: 0 | kr2udp: 1 | 
2026-05-03 17:31:03,057 - INFO     - img2od: 56 | od2fr: 0 | od2lpr: 1000 | od2cap: 0 | fr2kr: 0 | lpr2kr: 1000 | cap2udp: 0 | kr2udp: 1 | 
2026-05-03 17:31:04,058 - INFO     - img2od: 56 | od2fr: 0 | od2lpr: 1000 | od2cap: 0 | fr2kr: 0 | lpr2kr: 1000 | cap2udp: 0 | kr2udp: 1 | 
2026-05-03 17:31:05,059 - INFO     - img2od: 56 | od2fr: 0 | od2lpr: 1000 | od2cap: 0 | fr2kr: 0 | lpr2kr: 999 | cap2udp: 0 | kr2udp: 1 | 
2026-05-03 17:31:06,060 - INFO     - img2od: 56 | od2fr: 0 | od2lpr: 1000 | od2cap: 0 | fr2kr: 0 | lpr2kr: 1000 | cap2udp: 0 | kr2udp: 0 | 
2026-05-03 17:31:07,061 - INFO     - img2od: 56 | od2fr: 0 | od2lpr: 1000 | od2cap: 0 | fr2kr: 0 | lpr2kr: 1000 | cap2udp: 0 | kr2udp: 1 | 
2026-05-03 17:31:08,062 - INFO     - img2od: 56 | od2fr: 0 | od2lpr: 1000 | od2cap: 0 | fr2kr: 0 | lpr2kr: 1000 | cap2udp: 0 | kr2udp: 1 | 
2026-05-03 17:31:09,063 - INFO     - img2od: 56 | od2fr: 0 | od2lpr: 1000 | od2cap: 0 | fr2kr: 0 | lpr2kr: 1000 | cap2udp: 0 | kr2udp: 1 | 
2026-05-03 17:31:10,064 - INFO     - img2od: 56 | od2fr: 0 | od2lpr: 1000 | od2cap: 0 | fr2kr: 0 | lpr2kr: 1000 | cap2udp: 0 | kr2udp: 1 | 
2026-05-03 17:31:11,065 - INFO     - img2od: 56 | od2fr: 0 | od2lpr: 1000 | od2cap: 0 | fr2kr: 0 | lpr2kr: 1000 | cap2udp: 0 | kr2udp: 0 | 
2026-05-03 17:31:12,066 - INFO     - img2od: 56 | od2fr: 0 | od2lpr: 1000 | od2cap: 0 | fr2kr: 0 | lpr2kr: 1000 | cap2udp: 0 | kr2udp: 1 | 
2026-05-03 17:31:13,067 - INFO     - img2od: 56 | od2fr: 0 | od2lpr: 1000 | od2cap: 0 | fr2kr: 0 | lpr2kr: 1000 | cap2udp: 0 | kr2udp: 0 | 
2026-05-03 17:31:14,068 - INFO     - img2od: 56 | od2fr: 0 | od2lpr: 1000 | od2cap: 0 | fr2kr: 0 | lpr2kr: 1000 | cap2udp: 0 | kr2udp: 1 | 
2026-05-03 17:31:15,069 - INFO     - img2od: 56 | od2fr: 0 | od2lpr: 1000 | od2cap: 0 | fr2kr: 0 | lpr2kr: 1000 | cap2udp: 0 | kr2udp: 1 | 
2026-05-03 17:31:16,071 - INFO     - img2od: 56 | od2fr: 0 | od2lpr: 1000 | od2cap: 0 | fr2kr: 0 | lpr2kr: 1000 | cap2udp: 0 | kr2udp: 1 | 
2026-05-03 17:31:17,072 - INFO     - img2od: 56 | od2fr: 0 | od2lpr: 1000 | od2cap: 0 | fr2kr: 0 | lpr2kr: 1000 | cap2udp: 0 | kr2udp: 1 | 
2026-05-03 17:31:18,073 - INFO     - img2od: 56 | od2fr: 0 | od2lpr: 1000 | od2cap: 0 | fr2kr: 0 | lpr2kr: 1000 | cap2udp: 0 | kr2udp: 0 | 
2026-05-03 17:31:19,074 - INFO     - img2od: 56 | od2fr: 0 | od2lpr: 1000 | od2cap: 0 | fr2kr: 0 | lpr2kr: 1000 | cap2udp: 0 | kr2udp: 1 | 
2026-05-03 17:31:20,075 - INFO     - img2od: 56 | od2fr: 0 | od2lpr: 1000 | od2cap: 0 | fr2kr: 0 | lpr2kr: 1000 | cap2udp: 0 | kr2udp: 0 | 
2026-05-03 17:31:21,076 - INFO     - img2od: 56 | od2fr: 0 | od2lpr: 1000 | od2cap: 0 | fr2kr: 0 | lpr2kr: 1000 | cap2udp: 0 | kr2udp: 0 | 
2026-05-03 17:31:22,078 - INFO     - img2od: 56 | od2fr: 0 | od2lpr: 1000 | od2cap: 0 | fr2kr: 0 | lpr2kr: 1000 | cap2udp: 0 | kr2udp: 0 | 
2026-05-03 17:31:23,079 - INFO     - img2od: 56 | od2fr: 0 | od2lpr: 1000 | od2cap: 0 | fr2kr: 0 | lpr2kr: 1000 | cap2udp: 0 | kr2udp: 1 | 
2026-05-03 17:31:24,080 - INFO     - img2od: 56 | od2fr: 0 | od2lpr: 1000 | od2cap: 0 | fr2kr: 0 | lpr2kr: 1000 | cap2udp: 0 | kr2udp: 1 | 
2026-05-03 17:31:25,081 - INFO     - img2od: 56 | od2fr: 0 | od2lpr: 1000 | od2cap: 0 | fr2kr: 0 | lpr2kr: 1000 | cap2udp: 0 | kr2udp: 1 | 
2026-05-03 17:31:26,082 - INFO     - img2od: 56 | od2fr: 0 | od2lpr: 1000 | od2cap: 0 | fr2kr: 0 | lpr2kr: 1000 | cap2udp: 0 | kr2udp: 0 | 
2026-05-03 17:31:27,083 - INFO     - img2od: 56 | od2fr: 0 | od2lpr: 1000 | od2cap: 0 | fr2kr: 0 | lpr2kr: 1000 | cap2udp: 0 | kr2udp: 1 | 
2026-05-03 17:31:28,084 - INFO     - img2od: 56 | od2fr: 0 | od2lpr: 1000 | od2cap: 0 | fr2kr: 0 | lpr2kr: 1000 | cap2udp: 0 | kr2udp: 1 | 
2026-05-03 17:31:29,085 - INFO     - img2od: 56 | od2fr: 0 | od2lpr: 1000 | od2cap: 0 | fr2kr: 0 | lpr2kr: 1000 | cap2udp: 0 | kr2udp: 1 | 
2026-05-03 17:31:30,086 - INFO     - img2od: 56 | od2fr: 0 | od2lpr: 1000 | od2cap: 0 | fr2kr: 0 | lpr2kr: 1000 | cap2udp: 0 | kr2udp: 1 | 
2026-05-03 17:31:31,087 - INFO     - img2od: 56 | od2fr: 0 | od2lpr: 1000 | od2cap: 0 | fr2kr: 0 | lpr2kr: 1000 | cap2udp: 0 | kr2udp: 1 | 
2026-05-03 17:31:32,088 - INFO     - img2od: 56 | od2fr: 0 | od2lpr: 1000 | od2cap: 0 | fr2kr: 0 | lpr2kr: 1000 | cap2udp: 0 | kr2udp: 1 | 
2026-05-03 17:31:33,089 - INFO     - img2od: 56 | od2fr: 0 | od2lpr: 1000 | od2cap: 0 | fr2kr: 0 | lpr2kr: 1000 | cap2udp: 0 | kr2udp: 1 | 
2026-05-03 17:31:34,090 - INFO     - img2od: 56 | od2fr: 0 | od2lpr: 1000 | od2cap: 0 | fr2kr: 0 | lpr2kr: 1000 | cap2udp: 0 | kr2udp: 1 | 
2026-05-03 17:31:35,091 - INFO     - img2od: 56 | od2fr: 0 | od2lpr: 1000 | od2cap: 0 | fr2kr: 0 | lpr2kr: 1000 | cap2udp: 0 | kr2udp: 1 | 
2026-05-03 17:31:36,092 - INFO     - img2od: 56 | od2fr: 0 | od2lpr: 1000 | od2cap: 0 | fr2kr: 0 | lpr2kr: 1000 | cap2udp: 0 | kr2udp: 1 | 
2026-05-03 17:31:37,093 - INFO     - img2od: 56 | od2fr: 0 | od2lpr: 1000 | od2cap: 0 | fr2kr: 0 | lpr2kr: 1000 | cap2udp: 0 | kr2udp: 0 | 
2026-05-03 17:31:38,094 - INFO     - img2od: 56 | od2fr: 0 | od2lpr: 1000 | od2cap: 0 | fr2kr: 0 | lpr2kr: 999 | cap2udp: 0 | kr2udp: 1 | 
2026-05-03 17:31:39,095 - INFO     - img2od: 56 | od2fr: 0 | od2lpr: 1000 | od2cap: 0 | fr2kr: 0 | lpr2kr: 1000 | cap2udp: 0 | kr2udp: 1 | 
2026-05-03 17:31:40,096 - INFO     - img2od: 56 | od2fr: 0 | od2lpr: 1000 | od2cap: 0 | fr2kr: 0 | lpr2kr: 1000 | cap2udp: 0 | kr2udp: 1 | 
2026-05-03 17:31:41,097 - INFO     - img2od: 56 | od2fr: 0 | od2lpr: 1000 | od2cap: 0 | fr2kr: 0 | lpr2kr: 1000 | cap2udp: 0 | kr2udp: 0 | 
2026-05-03 17:31:42,098 - INFO     - img2od: 56 | od2fr: 0 | od2lpr: 1000 | od2cap: 0 | fr2kr: 0 | lpr2kr: 1000 | cap2udp: 0 | kr2udp: 1 | 
2026-05-03 17:31:43,099 - INFO     - img2od: 56 | od2fr: 0 | od2lpr: 1000 | od2cap: 0 | fr2kr: 0 | lpr2kr: 1000 | cap2udp: 0 | kr2udp: 1 | 
2026-05-03 17:31:44,100 - INFO     - img2od: 56 | od2fr: 0 | od2lpr: 1000 | od2cap: 0 | fr2kr: 0 | lpr2kr: 1000 | cap2udp: 0 | kr2udp: 0 | 
2026-05-03 17:31:45,101 - INFO     - img2od: 56 | od2fr: 0 | od2lpr: 1000 | od2cap: 0 | fr2kr: 0 | lpr2kr: 1000 | cap2udp: 0 | kr2udp: 1 | 
2026-05-03 17:31:46,102 - INFO     - img2od: 56 | od2fr: 0 | od2lpr: 1000 | od2cap: 0 | fr2kr: 0 | lpr2kr: 1000 | cap2udp: 0 | kr2udp: 1 | 
2026-05-03 17:31:47,103 - INFO     - img2od: 56 | od2fr: 0 | od2lpr: 1000 | od2cap: 0 | fr2kr: 0 | lpr2kr: 1000 | cap2udp: 0 | kr2udp: 1 | 
2026-05-03 17:31:48,104 - INFO     - img2od: 56 | od2fr: 0 | od2lpr: 1000 | od2cap: 0 | fr2kr: 0 | lpr2kr: 1000 | cap2udp: 0 | kr2udp: 1 | 
2026-05-03 17:31:49,105 - INFO     - img2od: 56 | od2fr: 0 | od2lpr: 1000 | od2cap: 0 | fr2kr: 0 | lpr2kr: 1000 | cap2udp: 0 | kr2udp: 1 | 
2026-05-03 17:31:50,106 - INFO     - img2od: 56 | od2fr: 0 | od2lpr: 1000 | od2cap: 0 | fr2kr: 0 | lpr2kr: 1000 | cap2udp: 0 | kr2udp: 1 | 
2026-05-03 17:31:51,107 - INFO     - img2od: 56 | od2fr: 0 | od2lpr: 1000 | od2cap: 0 | fr2kr: 0 | lpr2kr: 1000 | cap2udp: 0 | kr2udp: 0 | 
2026-05-03 17:31:52,108 - INFO     - img2od: 56 | od2fr: 0 | od2lpr: 1000 | od2cap: 0 | fr2kr: 0 | lpr2kr: 999 | cap2udp: 0 | kr2udp: 1 | 
2026-05-03 17:31:53,109 - INFO     - img2od: 56 | od2fr: 0 | od2lpr: 1000 | od2cap: 0 | fr2kr: 0 | lpr2kr: 1000 | cap2udp: 0 | kr2udp: 1 | 
2026-05-03 17:31:54,110 - INFO     - img2od: 56 | od2fr: 0 | od2lpr: 1000 | od2cap: 0 | fr2kr: 0 | lpr2kr: 1000 | cap2udp: 0 | kr2udp: 1 | 
2026-05-03 17:31:55,111 - INFO     - img2od: 56 | od2fr: 0 | od2lpr: 1000 | od2cap: 0 | fr2kr: 0 | lpr2kr: 1000 | cap2udp: 0 | kr2udp: 1 | 
2026-05-03 17:31:56,112 - INFO     - img2od: 56 | od2fr: 0 | od2lpr: 1000 | od2cap: 0 | fr2kr: 0 | lpr2kr: 1000 | cap2udp: 0 | kr2udp: 1 | 
2026-05-03 17:31:57,113 - INFO     - img2od: 56 | od2fr: 0 | od2lpr: 1000 | od2cap: 0 | fr2kr: 0 | lpr2kr: 1000 | cap2udp: 0 | kr2udp: 1 | 
2026-05-03 17:31:58,114 - INFO     - img2od: 56 | od2fr: 0 | od2lpr: 1000 | od2cap: 0 | fr2kr: 0 | lpr2kr: 1000 | cap2udp: 0 | kr2udp: 1 | 
2026-05-03 17:31:59,115 - INFO     - img2od: 56 | od2fr: 0 | od2lpr: 1000 | od2cap: 0 | fr2kr: 0 | lpr2kr: 1000 | cap2udp: 0 | kr2udp: 0 | 
2026-05-03 17:32:00,116 - INFO     - img2od: 56 | od2fr: 0 | od2lpr: 1000 | od2cap: 0 | fr2kr: 0 | lpr2kr: 1000 | cap2udp: 0 | kr2udp: 1 | 
2026-05-03 17:32:01,117 - INFO     - img2od: 56 | od2fr: 0 | od2lpr: 1000 | od2cap: 0 | fr2kr: 0 | lpr2kr: 1000 | cap2udp: 0 | kr2udp: 1 | 
2026-05-03 17:32:02,118 - INFO     - img2od: 56 | od2fr: 0 | od2lpr: 1000 | od2cap: 0 | fr2kr: 0 | lpr2kr: 1000 | cap2udp: 0 | kr2udp: 1 | 
2026-05-03 17:32:03,119 - INFO     - img2od: 56 | od2fr: 0 | od2lpr: 999 | od2cap: 0 | fr2kr: 0 | lpr2kr: 1000 | cap2udp: 0 | kr2udp: 1 | 
2026-05-03 17:32:04,120 - INFO     - img2od: 56 | od2fr: 0 | od2lpr: 999 | od2cap: 0 | fr2kr: 0 | lpr2kr: 1000 | cap2udp: 0 | kr2udp: 1 | 
2026-05-03 17:32:05,121 - INFO     - img2od: 56 | od2fr: 0 | od2lpr: 1000 | od2cap: 0 | fr2kr: 0 | lpr2kr: 1000 | cap2udp: 0 | kr2udp: 1 | 
2026-05-03 17:32:06,122 - INFO     - img2od: 56 | od2fr: 0 | od2lpr: 1000 | od2cap: 0 | fr2kr: 0 | lpr2kr: 1000 | cap2udp: 0 | kr2udp: 1 | 
2026-05-03 17:32:07,123 - INFO     - img2od: 56 | od2fr: 0 | od2lpr: 1000 | od2cap: 0 | fr2kr: 0 | lpr2kr: 1000 | cap2udp: 0 | kr2udp: 0 | 
2026-05-03 17:32:08,124 - INFO     - img2od: 56 | od2fr: 0 | od2lpr: 1000 | od2cap: 0 | fr2kr: 0 | lpr2kr: 1000 | cap2udp: 0 | kr2udp: 1 | 
2026-05-03 17:32:09,125 - INFO     - img2od: 56 | od2fr: 0 | od2lpr: 1000 | od2cap: 0 | fr2kr: 0 | lpr2kr: 1000 | cap2udp: 0 | kr2udp: 0 | 
2026-05-03 17:32:10,126 - INFO     - img2od: 56 | od2fr: 0 | od2lpr: 1000 | od2cap: 0 | fr2kr: 0 | lpr2kr: 1000 | cap2udp: 0 | kr2udp: 1 | 
2026-05-03 17:32:11,127 - INFO     - img2od: 56 | od2fr: 0 | od2lpr: 1000 | od2cap: 0 | fr2kr: 0 | lpr2kr: 1000 | cap2udp: 0 | kr2udp: 1 | 
2026-05-03 17:32:12,128 - INFO     - img2od: 56 | od2fr: 0 | od2lpr: 1000 | od2cap: 0 | fr2kr: 0 | lpr2kr: 1000 | cap2udp: 0 | kr2udp: 1 | 
2026-05-03 17:32:13,129 - INFO     - img2od: 56 | od2fr: 0 | od2lpr: 1000 | od2cap: 0 | fr2kr: 0 | lpr2kr: 1000 | cap2udp: 0 | kr2udp: 1 | 
2026-05-03 17:32:14,130 - INFO     - img2od: 56 | od2fr: 0 | od2lpr: 1000 | od2cap: 0 | fr2kr: 0 | lpr2kr: 1000 | cap2udp: 0 | kr2udp: 0 | 
2026-05-03 17:32:15,131 - INFO     - img2od: 56 | od2fr: 0 | od2lpr: 1000 | od2cap: 0 | fr2kr: 0 | lpr2kr: 1000 | cap2udp: 0 | kr2udp: 1 | 
2026-05-03 17:32:16,132 - INFO     - img2od: 56 | od2fr: 0 | od2lpr: 1000 | od2cap: 0 | fr2kr: 0 | lpr2kr: 1000 | cap2udp: 0 | kr2udp: 1 | 
2026-05-03 17:32:17,133 - INFO     - img2od: 56 | od2fr: 0 | od2lpr: 1000 | od2cap: 0 | fr2kr: 0 | lpr2kr: 1000 | cap2udp: 0 | kr2udp: 1 | 
2026-05-03 17:32:18,134 - INFO     - img2od: 56 | od2fr: 0 | od2lpr: 1000 | od2cap: 0 | fr2kr: 0 | lpr2kr: 1000 | cap2udp: 0 | kr2udp: 0 | 
2026-05-03 17:32:19,135 - INFO     - img2od: 56 | od2fr: 0 | od2lpr: 1000 | od2cap: 0 | fr2kr: 0 | lpr2kr: 1000 | cap2udp: 0 | kr2udp: 0 | 
2026-05-03 17:32:20,136 - INFO     - img2od: 56 | od2fr: 0 | od2lpr: 1000 | od2cap: 0 | fr2kr: 0 | lpr2kr: 1000 | cap2udp: 0 | kr2udp: 1 | 
2026-05-03 17:32:21,137 - INFO     - img2od: 56 | od2fr: 0 | od2lpr: 1000 | od2cap: 0 | fr2kr: 0 | lpr2kr: 1000 | cap2udp: 0 | kr2udp: 0 | 
2026-05-03 17:32:22,138 - INFO     - img2od: 56 | od2fr: 0 | od2lpr: 1000 | od2cap: 0 | fr2kr: 0 | lpr2kr: 1000 | cap2udp: 0 | kr2udp: 0 | 
2026-05-03 17:32:23,139 - INFO     - img2od: 56 | od2fr: 0 | od2lpr: 1000 | od2cap: 0 | fr2kr: 0 | lpr2kr: 1000 | cap2udp: 0 | kr2udp: 1 | 
2026-05-03 17:32:24,140 - INFO     - img2od: 56 | od2fr: 0 | od2lpr: 1000 | od2cap: 0 | fr2kr: 0 | lpr2kr: 1000 | cap2udp: 0 | kr2udp: 1 | 
2026-05-03 17:32:25,141 - INFO     - img2od: 56 | od2fr: 0 | od2lpr: 1000 | od2cap: 0 | fr2kr: 0 | lpr2kr: 1000 | cap2udp: 0 | kr2udp: 1 | 
2026-05-03 17:32:26,142 - INFO     - img2od: 56 | od2fr: 0 | od2lpr: 1000 | od2cap: 0 | fr2kr: 0 | lpr2kr: 1000 | cap2udp: 0 | kr2udp: 1 | 
2026-05-03 17:32:27,143 - INFO     - img2od: 56 | od2fr: 0 | od2lpr: 1000 | od2cap: 0 | fr2kr: 0 | lpr2kr: 1000 | cap2udp: 0 | kr2udp: 0 | 
2026-05-03 17:32:28,144 - INFO     - img2od: 56 | od2fr: 0 | od2lpr: 1000 | od2cap: 0 | fr2kr: 0 | lpr2kr: 1000 | cap2udp: 0 | kr2udp: 1 | 
2026-05-03 17:32:29,145 - INFO     - img2od: 56 | od2fr: 0 | od2lpr: 1000 | od2cap: 0 | fr2kr: 0 | lpr2kr: 1000 | cap2udp: 0 | kr2udp: 1 | 
2026-05-03 17:32:30,146 - INFO     - img2od: 56 | od2fr: 0 | od2lpr: 1000 | od2cap: 0 | fr2kr: 0 | lpr2kr: 1000 | cap2udp: 0 | kr2udp: 0 | 
2026-05-03 17:32:31,147 - INFO     - img2od: 56 | od2fr: 0 | od2lpr: 1000 | od2cap: 0 | fr2kr: 0 | lpr2kr: 1000 | cap2udp: 0 | kr2udp: 1 | 
2026-05-03 17:32:32,148 - INFO     - img2od: 56 | od2fr: 0 | od2lpr: 1000 | od2cap: 0 | fr2kr: 0 | lpr2kr: 1000 | cap2udp: 0 | kr2udp: 1 | 
2026-05-03 17:32:33,149 - INFO     - img2od: 56 | od2fr: 0 | od2lpr: 1000 | od2cap: 0 | fr2kr: 0 | lpr2kr: 1000 | cap2udp: 0 | kr2udp: 1 | 
2026-05-03 17:32:34,150 - INFO     - img2od: 56 | od2fr: 0 | od2lpr: 1000 | od2cap: 0 | fr2kr: 0 | lpr2kr: 1000 | cap2udp: 0 | kr2udp: 0 | 
2026-05-03 17:32:35,151 - INFO     - img2od: 56 | od2fr: 0 | od2lpr: 999 | od2cap: 0 | fr2kr: 0 | lpr2kr: 1000 | cap2udp: 0 | kr2udp: 1 | 
2026-05-03 17:32:36,152 - INFO     - img2od: 56 | od2fr: 0 | od2lpr: 1000 | od2cap: 0 | fr2kr: 0 | lpr2kr: 1000 | cap2udp: 0 | kr2udp: 1 | 
2026-05-03 17:32:37,153 - INFO     - img2od: 56 | od2fr: 0 | od2lpr: 1000 | od2cap: 0 | fr2kr: 0 | lpr2kr: 1000 | cap2udp: 0 | kr2udp: 1 | 
2026-05-03 17:32:38,154 - INFO     - img2od: 56 | od2fr: 0 | od2lpr: 1000 | od2cap: 0 | fr2kr: 0 | lpr2kr: 1000 | cap2udp: 0 | kr2udp: 1 | 
2026-05-03 17:32:39,155 - INFO     - img2od: 56 | od2fr: 0 | od2lpr: 1000 | od2cap: 0 | fr2kr: 0 | lpr2kr: 1000 | cap2udp: 0 | kr2udp: 1 | 
2026-05-03 17:32:40,156 - INFO     - img2od: 56 | od2fr: 0 | od2lpr: 1000 | od2cap: 0 | fr2kr: 0 | lpr2kr: 1000 | cap2udp: 0 | kr2udp: 0 | 
2026-05-03 17:32:41,157 - INFO     - img2od: 56 | od2fr: 0 | od2lpr: 1000 | od2cap: 0 | fr2kr: 0 | lpr2kr: 1000 | cap2udp: 0 | kr2udp: 1 | 
2026-05-03 17:32:42,158 - INFO     - img2od: 56 | od2fr: 0 | od2lpr: 1000 | od2cap: 0 | fr2kr: 0 | lpr2kr: 1000 | cap2udp: 0 | kr2udp: 1 | 
2026-05-03 17:32:43,159 - INFO     - img2od: 53 | od2fr: 8 | od2lpr: 999 | od2cap: 0 | fr2kr: 1 | lpr2kr: 1000 | cap2udp: 0 | kr2udp: 0 | 
2026-05-03 17:32:44,160 - INFO     - img2od: 50 | od2fr: 4 | od2lpr: 1000 | od2cap: 0 | fr2kr: 5 | lpr2kr: 1000 | cap2udp: 0 | kr2udp: 1 | 
2026-05-03 17:32:45,161 - INFO     - img2od: 45 | od2fr: 7 | od2lpr: 998 | od2cap: 0 | fr2kr: 10 | lpr2kr: 1000 | cap2udp: 0 | kr2udp: 1 | 
2026-05-03 17:32:46,162 - INFO     - img2od: 40 | od2fr: 32 | od2lpr: 996 | od2cap: 0 | fr2kr: 13 | lpr2kr: 1000 | cap2udp: 0 | kr2udp: 1 | 
2026-05-03 17:32:47,163 - INFO     - img2od: 35 | od2fr: 60 | od2lpr: 999 | od2cap: 0 | fr2kr: 17 | lpr2kr: 1000 | cap2udp: 1 | kr2udp: 1 | 
2026-05-03 17:32:48,164 - INFO     - img2od: 31 | od2fr: 56 | od2lpr: 1000 | od2cap: 0 | fr2kr: 22 | lpr2kr: 1000 | cap2udp: 0 | kr2udp: 1 | 
2026-05-03 17:32:49,165 - INFO     - img2od: 31 | od2fr: 50 | od2lpr: 1000 | od2cap: 0 | fr2kr: 25 | lpr2kr: 1000 | cap2udp: 0 | kr2udp: 1 | 
2026-05-03 17:32:50,166 - INFO     - img2od: 31 | od2fr: 44 | od2lpr: 1000 | od2cap: 0 | fr2kr: 29 | lpr2kr: 1000 | cap2udp: 0 | kr2udp: 1 | 
2026-05-03 17:32:51,167 - INFO     - img2od: 31 | od2fr: 38 | od2lpr: 1000 | od2cap: 0 | fr2kr: 32 | lpr2kr: 1000 | cap2udp: 0 | kr2udp: 1 | 
2026-05-03 17:32:52,168 - INFO     - img2od: 31 | od2fr: 31 | od2lpr: 1000 | od2cap: 0 | fr2kr: 37 | lpr2kr: 1000 | cap2udp: 0 | kr2udp: 1 | 
2026-05-03 17:32:53,169 - INFO     - img2od: 31 | od2fr: 25 | od2lpr: 1000 | od2cap: 0 | fr2kr: 41 | lpr2kr: 1000 | cap2udp: 0 | kr2udp: 1 | 
2026-05-03 17:32:54,170 - INFO     - img2od: 31 | od2fr: 18 | od2lpr: 1000 | od2cap: 0 | fr2kr: 44 | lpr2kr: 1000 | cap2udp: 0 | kr2udp: 0 | 
2026-05-03 17:32:55,171 - INFO     - img2od: 31 | od2fr: 12 | od2lpr: 1000 | od2cap: 0 | fr2kr: 48 | lpr2kr: 1000 | cap2udp: 0 | kr2udp: 1 | 
2026-05-03 17:32:56,172 - INFO     - img2od: 31 | od2fr: 6 | od2lpr: 1000 | od2cap: 0 | fr2kr: 52 | lpr2kr: 1000 | cap2udp: 0 | kr2udp: 1 | 
2026-05-03 17:32:57,173 - INFO     - img2od: 31 | od2fr: 0 | od2lpr: 1000 | od2cap: 0 | fr2kr: 56 | lpr2kr: 1000 | cap2udp: 0 | kr2udp: 1 | 
2026-05-03 17:32:58,174 - INFO     - img2od: 31 | od2fr: 0 | od2lpr: 1000 | od2cap: 0 | fr2kr: 53 | lpr2kr: 1000 | cap2udp: 0 | kr2udp: 0 | 
2026-05-03 17:32:59,175 - INFO     - img2od: 31 | od2fr: 0 | od2lpr: 1000 | od2cap: 0 | fr2kr: 51 | lpr2kr: 1000 | cap2udp: 0 | kr2udp: 1 | 
2026-05-03 17:33:00,176 - INFO     - img2od: 31 | od2fr: 0 | od2lpr: 1000 | od2cap: 0 | fr2kr: 48 | lpr2kr: 1000 | cap2udp: 0 | kr2udp: 1 | 
2026-05-03 17:33:01,177 - INFO     - img2od: 31 | od2fr: 0 | od2lpr: 1000 | od2cap: 0 | fr2kr: 46 | lpr2kr: 1000 | cap2udp: 0 | kr2udp: 1 | 
2026-05-03 17:33:02,178 - INFO     - img2od: 31 | od2fr: 0 | od2lpr: 1000 | od2cap: 0 | fr2kr: 43 | lpr2kr: 1000 | cap2udp: 0 | kr2udp: 1 | 
2026-05-03 17:33:03,179 - INFO     - img2od: 31 | od2fr: 0 | od2lpr: 1000 | od2cap: 0 | fr2kr: 41 | lpr2kr: 1000 | cap2udp: 0 | kr2udp: 1 | 
2026-05-03 17:33:04,180 - INFO     - img2od: 31 | od2fr: 0 | od2lpr: 1000 | od2cap: 0 | fr2kr: 38 | lpr2kr: 1000 | cap2udp: 0 | kr2udp: 0 | 
2026-05-03 17:33:05,181 - INFO     - img2od: 31 | od2fr: 0 | od2lpr: 1000 | od2cap: 0 | fr2kr: 36 | lpr2kr: 1000 | cap2udp: 0 | kr2udp: 0 | 
2026-05-03 17:33:06,182 - INFO     - img2od: 31 | od2fr: 0 | od2lpr: 1000 | od2cap: 0 | fr2kr: 33 | lpr2kr: 1000 | cap2udp: 0 | kr2udp: 1 | 
2026-05-03 17:33:07,183 - INFO     - img2od: 31 | od2fr: 0 | od2lpr: 1000 | od2cap: 0 | fr2kr: 31 | lpr2kr: 1000 | cap2udp: 0 | kr2udp: 1 | 
2026-05-03 17:33:08,184 - INFO     - img2od: 31 | od2fr: 0 | od2lpr: 1000 | od2cap: 0 | fr2kr: 28 | lpr2kr: 1000 | cap2udp: 0 | kr2udp: 1 | 
2026-05-03 17:33:09,185 - INFO     - img2od: 31 | od2fr: 0 | od2lpr: 1000 | od2cap: 0 | fr2kr: 26 | lpr2kr: 1000 | cap2udp: 0 | kr2udp: 1 | 
2026-05-03 17:33:10,186 - INFO     - img2od: 31 | od2fr: 0 | od2lpr: 1000 | od2cap: 0 | fr2kr: 23 | lpr2kr: 1000 | cap2udp: 0 | kr2udp: 0 | 
2026-05-03 17:33:11,187 - INFO     - img2od: 31 | od2fr: 0 | od2lpr: 1000 | od2cap: 0 | fr2kr: 21 | lpr2kr: 1000 | cap2udp: 0 | kr2udp: 0 | 
2026-05-03 17:33:12,188 - INFO     - img2od: 31 | od2fr: 0 | od2lpr: 1000 | od2cap: 0 | fr2kr: 18 | lpr2kr: 1000 | cap2udp: 0 | kr2udp: 1 | 
2026-05-03 17:33:13,189 - INFO     - img2od: 31 | od2fr: 0 | od2lpr: 1000 | od2cap: 0 | fr2kr: 16 | lpr2kr: 1000 | cap2udp: 0 | kr2udp: 1 | 
2026-05-03 17:33:14,190 - INFO     - img2od: 31 | od2fr: 0 | od2lpr: 1000 | od2cap: 0 | fr2kr: 13 | lpr2kr: 1000 | cap2udp: 0 | kr2udp: 1 | 
2026-05-03 17:33:15,191 - INFO     - img2od: 31 | od2fr: 0 | od2lpr: 1000 | od2cap: 0 | fr2kr: 11 | lpr2kr: 1000 | cap2udp: 0 | kr2udp: 0 | 
2026-05-03 17:33:16,192 - INFO     - img2od: 31 | od2fr: 0 | od2lpr: 1000 | od2cap: 0 | fr2kr: 9 | lpr2kr: 1000 | cap2udp: 0 | kr2udp: 1 | 
2026-05-03 17:33:17,193 - INFO     - img2od: 31 | od2fr: 0 | od2lpr: 1000 | od2cap: 0 | fr2kr: 6 | lpr2kr: 1000 | cap2udp: 0 | kr2udp: 0 | 
2026-05-03 17:33:18,194 - INFO     - img2od: 31 | od2fr: 0 | od2lpr: 1000 | od2cap: 0 | fr2kr: 4 | lpr2kr: 1000 | cap2udp: 0 | kr2udp: 1 | 
2026-05-03 17:33:19,195 - INFO     - img2od: 31 | od2fr: 0 | od2lpr: 1000 | od2cap: 0 | fr2kr: 1 | lpr2kr: 1000 | cap2udp: 0 | kr2udp: 0 | 
2026-05-03 17:33:20,196 - INFO     - img2od: 31 | od2fr: 0 | od2lpr: 1000 | od2cap: 0 | fr2kr: 0 | lpr2kr: 1000 | cap2udp: 0 | kr2udp: 1 | 
2026-05-03 17:33:21,197 - INFO     - img2od: 31 | od2fr: 0 | od2lpr: 1000 | od2cap: 0 | fr2kr: 0 | lpr2kr: 1000 | cap2udp: 0 | kr2udp: 1 | 
2026-05-03 17:33:22,198 - INFO     - img2od: 31 | od2fr: 0 | od2lpr: 1000 | od2cap: 0 | fr2kr: 0 | lpr2kr: 1000 | cap2udp: 0 | kr2udp: 1 | 
2026-05-03 17:33:23,199 - INFO     - img2od: 31 | od2fr: 0 | od2lpr: 1000 | od2cap: 0 | fr2kr: 0 | lpr2kr: 1000 | cap2udp: 0 | kr2udp: 1 | 
2026-05-03 17:33:24,200 - INFO     - img2od: 31 | od2fr: 0 | od2lpr: 1000 | od2cap: 0 | fr2kr: 0 | lpr2kr: 1000 | cap2udp: 0 | kr2udp: 0 | 
2026-05-03 17:33:25,201 - INFO     - img2od: 31 | od2fr: 0 | od2lpr: 1000 | od2cap: 0 | fr2kr: 0 | lpr2kr: 1000 | cap2udp: 0 | kr2udp: 0 | 
2026-05-03 17:33:26,202 - INFO     - img2od: 31 | od2fr: 0 | od2lpr: 1000 | od2cap: 0 | fr2kr: 0 | lpr2kr: 1000 | cap2udp: 0 | kr2udp: 1 | 
2026-05-03 17:33:27,203 - INFO     - img2od: 31 | od2fr: 0 | od2lpr: 1000 | od2cap: 0 | fr2kr: 0 | lpr2kr: 1000 | cap2udp: 0 | kr2udp: 1 | 
2026-05-03 17:33:28,204 - INFO     - img2od: 31 | od2fr: 0 | od2lpr: 1000 | od2cap: 0 | fr2kr: 0 | lpr2kr: 1000 | cap2udp: 0 | kr2udp: 1 | 
2026-05-03 17:33:29,205 - INFO     - img2od: 31 | od2fr: 0 | od2lpr: 1000 | od2cap: 0 | fr2kr: 0 | lpr2kr: 1000 | cap2udp: 0 | kr2udp: 1 | 
2026-05-03 17:33:30,206 - INFO     - img2od: 31 | od2fr: 0 | od2lpr: 1000 | od2cap: 0 | fr2kr: 0 | lpr2kr: 1000 | cap2udp: 0 | kr2udp: 0 | 
2026-05-03 17:33:31,207 - INFO     - img2od: 31 | od2fr: 0 | od2lpr: 1000 | od2cap: 0 | fr2kr: 0 | lpr2kr: 1000 | cap2udp: 0 | kr2udp: 0 | 
2026-05-03 17:33:32,208 - INFO     - img2od: 31 | od2fr: 0 | od2lpr: 1000 | od2cap: 0 | fr2kr: 0 | lpr2kr: 1000 | cap2udp: 0 | kr2udp: 1 | 
2026-05-03 17:33:33,209 - INFO     - img2od: 31 | od2fr: 0 | od2lpr: 1000 | od2cap: 0 | fr2kr: 0 | lpr2kr: 1000 | cap2udp: 0 | kr2udp: 1 | 
2026-05-03 17:33:34,210 - INFO     - img2od: 31 | od2fr: 0 | od2lpr: 999 | od2cap: 0 | fr2kr: 0 | lpr2kr: 1000 | cap2udp: 0 | kr2udp: 1 | 
2026-05-03 17:33:35,211 - INFO     - img2od: 31 | od2fr: 0 | od2lpr: 1000 | od2cap: 0 | fr2kr: 0 | lpr2kr: 1000 | cap2udp: 0 | kr2udp: 1 | 
2026-05-03 17:33:36,212 - INFO     - img2od: 31 | od2fr: 0 | od2lpr: 1000 | od2cap: 0 | fr2kr: 0 | lpr2kr: 1000 | cap2udp: 0 | kr2udp: 0 | 
2026-05-03 17:33:37,213 - INFO     - img2od: 31 | od2fr: 0 | od2lpr: 1000 | od2cap: 0 | fr2kr: 0 | lpr2kr: 1000 | cap2udp: 0 | kr2udp: 0 | 
2026-05-03 17:33:38,214 - INFO     - img2od: 31 | od2fr: 0 | od2lpr: 1000 | od2cap: 0 | fr2kr: 0 | lpr2kr: 1000 | cap2udp: 0 | kr2udp: 0 | 
2026-05-03 17:33:39,215 - INFO     - img2od: 31 | od2fr: 0 | od2lpr: 1000 | od2cap: 0 | fr2kr: 0 | lpr2kr: 1000 | cap2udp: 0 | kr2udp: 1 | 
2026-05-03 17:33:40,216 - INFO     - img2od: 31 | od2fr: 0 | od2lpr: 1000 | od2cap: 0 | fr2kr: 0 | lpr2kr: 1000 | cap2udp: 0 | kr2udp: 1 | 
2026-05-03 17:33:41,217 - INFO     - img2od: 31 | od2fr: 0 | od2lpr: 1000 | od2cap: 0 | fr2kr: 0 | lpr2kr: 1000 | cap2udp: 0 | kr2udp: 0 | 
2026-05-03 17:33:42,218 - INFO     - img2od: 31 | od2fr: 0 | od2lpr: 1000 | od2cap: 0 | fr2kr: 0 | lpr2kr: 1000 | cap2udp: 0 | kr2udp: 0 | 
2026-05-03 17:33:43,219 - INFO     - img2od: 31 | od2fr: 0 | od2lpr: 1000 | od2cap: 0 | fr2kr: 0 | lpr2kr: 1000 | cap2udp: 0 | kr2udp: 1 | 
2026-05-03 17:33:44,220 - INFO     - img2od: 31 | od2fr: 0 | od2lpr: 1000 | od2cap: 0 | fr2kr: 0 | lpr2kr: 1000 | cap2udp: 0 | kr2udp: 1 | 
2026-05-03 17:33:45,221 - INFO     - img2od: 31 | od2fr: 0 | od2lpr: 1000 | od2cap: 0 | fr2kr: 0 | lpr2kr: 1000 | cap2udp: 0 | kr2udp: 1 | 
2026-05-03 17:33:46,222 - INFO     - img2od: 31 | od2fr: 0 | od2lpr: 1000 | od2cap: 0 | fr2kr: 0 | lpr2kr: 1000 | cap2udp: 0 | kr2udp: 1 | 
2026-05-03 17:33:47,223 - INFO     - img2od: 31 | od2fr: 0 | od2lpr: 1000 | od2cap: 0 | fr2kr: 0 | lpr2kr: 1000 | cap2udp: 0 | kr2udp: 0 | 
2026-05-03 17:33:48,224 - INFO     - img2od: 31 | od2fr: 0 | od2lpr: 1000 | od2cap: 0 | fr2kr: 0 | lpr2kr: 1000 | cap2udp: 0 | kr2udp: 0 | 
2026-05-03 17:33:49,225 - INFO     - img2od: 31 | od2fr: 0 | od2lpr: 1000 | od2cap: 0 | fr2kr: 0 | lpr2kr: 1000 | cap2udp: 0 | kr2udp: 1 | 
2026-05-03 17:33:50,226 - INFO     - img2od: 31 | od2fr: 0 | od2lpr: 1000 | od2cap: 0 | fr2kr: 0 | lpr2kr: 1000 | cap2udp: 0 | kr2udp: 0 | 
2026-05-03 17:33:51,227 - INFO     - img2od: 31 | od2fr: 0 | od2lpr: 1000 | od2cap: 0 | fr2kr: 0 | lpr2kr: 1000 | cap2udp: 0 | kr2udp: 1 | 
2026-05-03 17:33:52,228 - INFO     - img2od: 31 | od2fr: 0 | od2lpr: 1000 | od2cap: 0 | fr2kr: 0 | lpr2kr: 1000 | cap2udp: 0 | kr2udp: 1 | 
2026-05-03 17:33:53,229 - INFO     - img2od: 31 | od2fr: 0 | od2lpr: 1000 | od2cap: 0 | fr2kr: 0 | lpr2kr: 1000 | cap2udp: 0 | kr2udp: 1 | 
2026-05-03 17:33:54,230 - INFO     - img2od: 31 | od2fr: 0 | od2lpr: 1000 | od2cap: 0 | fr2kr: 0 | lpr2kr: 1000 | cap2udp: 0 | kr2udp: 0 | 
2026-05-03 17:33:55,231 - INFO     - img2od: 31 | od2fr: 0 | od2lpr: 1000 | od2cap: 0 | fr2kr: 0 | lpr2kr: 1000 | cap2udp: 0 | kr2udp: 0 | 
2026-05-03 17:33:56,232 - INFO     - img2od: 31 | od2fr: 0 | od2lpr: 1000 | od2cap: 0 | fr2kr: 0 | lpr2kr: 1000 | cap2udp: 0 | kr2udp: 0 | 
2026-05-03 17:33:57,233 - INFO     - img2od: 31 | od2fr: 0 | od2lpr: 1000 | od2cap: 0 | fr2kr: 0 | lpr2kr: 1000 | cap2udp: 0 | kr2udp: 0 | 
2026-05-03 17:33:58,234 - INFO     - img2od: 31 | od2fr: 0 | od2lpr: 1000 | od2cap: 0 | fr2kr: 0 | lpr2kr: 1000 | cap2udp: 0 | kr2udp: 1 | 
2026-05-03 17:33:59,235 - INFO     - img2od: 31 | od2fr: 0 | od2lpr: 1000 | od2cap: 0 | fr2kr: 0 | lpr2kr: 1000 | cap2udp: 0 | kr2udp: 0 | 
2026-05-03 17:34:00,236 - INFO     - img2od: 31 | od2fr: 0 | od2lpr: 1000 | od2cap: 0 | fr2kr: 0 | lpr2kr: 1000 | cap2udp: 0 | kr2udp: 0 | 
2026-05-03 17:34:01,237 - INFO     - img2od: 31 | od2fr: 0 | od2lpr: 1000 | od2cap: 0 | fr2kr: 0 | lpr2kr: 1000 | cap2udp: 0 | kr2udp: 1 | 
2026-05-03 17:34:02,238 - INFO     - img2od: 31 | od2fr: 0 | od2lpr: 1000 | od2cap: 0 | fr2kr: 0 | lpr2kr: 1000 | cap2udp: 0 | kr2udp: 1 | 
2026-05-03 17:34:03,239 - INFO     - img2od: 31 | od2fr: 0 | od2lpr: 1000 | od2cap: 0 | fr2kr: 0 | lpr2kr: 1000 | cap2udp: 0 | kr2udp: 1 | 
2026-05-03 17:34:04,240 - INFO     - img2od: 31 | od2fr: 0 | od2lpr: 1000 | od2cap: 0 | fr2kr: 0 | lpr2kr: 1000 | cap2udp: 0 | kr2udp: 1 | 
2026-05-03 17:34:05,241 - INFO     - img2od: 31 | od2fr: 0 | od2lpr: 1000 | od2cap: 0 | fr2kr: 0 | lpr2kr: 1000 | cap2udp: 0 | kr2udp: 1 | 
2026-05-03 17:34:06,242 - INFO     - img2od: 31 | od2fr: 0 | od2lpr: 1000 | od2cap: 0 | fr2kr: 0 | lpr2kr: 1000 | cap2udp: 0 | kr2udp: 1 | 
2026-05-03 17:34:07,243 - INFO     - img2od: 31 | od2fr: 0 | od2lpr: 1000 | od2cap: 0 | fr2kr: 0 | lpr2kr: 1000 | cap2udp: 0 | kr2udp: 1 | 
2026-05-03 17:34:08,244 - INFO     - img2od: 31 | od2fr: 0 | od2lpr: 1000 | od2cap: 0 | fr2kr: 0 | lpr2kr: 1000 | cap2udp: 0 | kr2udp: 1 | 
2026-05-03 17:34:09,245 - INFO     - img2od: 31 | od2fr: 0 | od2lpr: 1000 | od2cap: 0 | fr2kr: 0 | lpr2kr: 1000 | cap2udp: 0 | kr2udp: 1 | 
2026-05-03 17:34:10,246 - INFO     - img2od: 31 | od2fr: 0 | od2lpr: 1000 | od2cap: 0 | fr2kr: 0 | lpr2kr: 1000 | cap2udp: 0 | kr2udp: 1 | 
2026-05-03 17:34:11,247 - INFO     - img2od: 31 | od2fr: 0 | od2lpr: 1000 | od2cap: 0 | fr2kr: 0 | lpr2kr: 1000 | cap2udp: 0 | kr2udp: 1 | 
2026-05-03 17:34:12,248 - INFO     - img2od: 31 | od2fr: 0 | od2lpr: 1000 | od2cap: 0 | fr2kr: 0 | lpr2kr: 1000 | cap2udp: 0 | kr2udp: 1 | 
2026-05-03 17:34:13,249 - INFO     - img2od: 31 | od2fr: 0 | od2lpr: 1000 | od2cap: 0 | fr2kr: 0 | lpr2kr: 1000 | cap2udp: 0 | kr2udp: 1 | 
2026-05-03 17:34:14,250 - INFO     - img2od: 31 | od2fr: 0 | od2lpr: 1000 | od2cap: 0 | fr2kr: 0 | lpr2kr: 1000 | cap2udp: 0 | kr2udp: 1 | 
2026-05-03 17:34:15,251 - INFO     - img2od: 31 | od2fr: 0 | od2lpr: 1000 | od2cap: 0 | fr2kr: 0 | lpr2kr: 1000 | cap2udp: 0 | kr2udp: 1 | 
2026-05-03 17:34:16,252 - INFO     - img2od: 31 | od2fr: 0 | od2lpr: 1000 | od2cap: 0 | fr2kr: 0 | lpr2kr: 1000 | cap2udp: 0 | kr2udp: 1 | 
2026-05-03 17:34:17,253 - INFO     - img2od: 31 | od2fr: 0 | od2lpr: 999 | od2cap: 0 | fr2kr: 0 | lpr2kr: 1000 | cap2udp: 0 | kr2udp: 1 | 
2026-05-03 17:34:18,254 - INFO     - img2od: 31 | od2fr: 0 | od2lpr: 1000 | od2cap: 0 | fr2kr: 0 | lpr2kr: 1000 | cap2udp: 0 | kr2udp: 1 | 
2026-05-03 17:34:19,255 - INFO     - img2od: 31 | od2fr: 0 | od2lpr: 1000 | od2cap: 0 | fr2kr: 0 | lpr2kr: 1000 | cap2udp: 0 | kr2udp: 1 | 
2026-05-03 17:34:20,256 - INFO     - img2od: 31 | od2fr: 0 | od2lpr: 1000 | od2cap: 0 | fr2kr: 0 | lpr2kr: 1000 | cap2udp: 0 | kr2udp: 1 | 
2026-05-03 17:34:21,257 - INFO     - img2od: 31 | od2fr: 0 | od2lpr: 1000 | od2cap: 0 | fr2kr: 0 | lpr2kr: 1000 | cap2udp: 0 | kr2udp: 1 | 
2026-05-03 17:34:22,258 - INFO     - img2od: 31 | od2fr: 0 | od2lpr: 1000 | od2cap: 0 | fr2kr: 0 | lpr2kr: 1000 | cap2udp: 0 | kr2udp: 0 | 
2026-05-03 17:34:23,259 - INFO     - img2od: 31 | od2fr: 0 | od2lpr: 1000 | od2cap: 0 | fr2kr: 0 | lpr2kr: 1000 | cap2udp: 0 | kr2udp: 1 | 
2026-05-03 17:34:24,260 - INFO     - img2od: 31 | od2fr: 0 | od2lpr: 1000 | od2cap: 0 | fr2kr: 0 | lpr2kr: 1000 | cap2udp: 0 | kr2udp: 1 | 
2026-05-03 17:34:25,261 - INFO     - img2od: 31 | od2fr: 0 | od2lpr: 1000 | od2cap: 0 | fr2kr: 0 | lpr2kr: 1000 | cap2udp: 0 | kr2udp: 1 | 
2026-05-03 17:34:26,262 - INFO     - img2od: 31 | od2fr: 0 | od2lpr: 1000 | od2cap: 0 | fr2kr: 0 | lpr2kr: 1000 | cap2udp: 0 | kr2udp: 1 | 
2026-05-03 17:34:27,263 - INFO     - img2od: 31 | od2fr: 0 | od2lpr: 1000 | od2cap: 0 | fr2kr: 0 | lpr2kr: 1000 | cap2udp: 0 | kr2udp: 1 | 
2026-05-03 17:34:28,264 - INFO     - img2od: 31 | od2fr: 0 | od2lpr: 1000 | od2cap: 0 | fr2kr: 0 | lpr2kr: 1000 | cap2udp: 0 | kr2udp: 1 | 
2026-05-03 17:34:29,264 - INFO     - img2od: 31 | od2fr: 0 | od2lpr: 1000 | od2cap: 0 | fr2kr: 0 | lpr2kr: 1000 | cap2udp: 0 | kr2udp: 1 | 
2026-05-03 17:34:30,265 - INFO     - img2od: 31 | od2fr: 0 | od2lpr: 1000 | od2cap: 0 | fr2kr: 0 | lpr2kr: 1000 | cap2udp: 0 | kr2udp: 1 | 
2026-05-03 17:34:31,266 - INFO     - img2od: 31 | od2fr: 0 | od2lpr: 1000 | od2cap: 0 | fr2kr: 0 | lpr2kr: 1000 | cap2udp: 0 | kr2udp: 1 | 
2026-05-03 17:34:32,267 - INFO     - img2od: 31 | od2fr: 0 | od2lpr: 1000 | od2cap: 0 | fr2kr: 0 | lpr2kr: 1000 | cap2udp: 0 | kr2udp: 0 | 
2026-05-03 17:34:33,268 - INFO     - img2od: 31 | od2fr: 0 | od2lpr: 1000 | od2cap: 0 | fr2kr: 0 | lpr2kr: 1000 | cap2udp: 0 | kr2udp: 0 | 
2026-05-03 17:34:34,272 - INFO     - img2od: 31 | od2fr: 0 | od2lpr: 1000 | od2cap: 0 | fr2kr: 0 | lpr2kr: 1000 | cap2udp: 0 | kr2udp: 1 | 
2026-05-03 17:34:35,273 - INFO     - img2od: 31 | od2fr: 0 | od2lpr: 1000 | od2cap: 0 | fr2kr: 0 | lpr2kr: 1000 | cap2udp: 0 | kr2udp: 0 | 
2026-05-03 17:34:36,274 - INFO     - img2od: 31 | od2fr: 0 | od2lpr: 1000 | od2cap: 0 | fr2kr: 0 | lpr2kr: 1000 | cap2udp: 0 | kr2udp: 0 | 
2026-05-03 17:34:37,275 - INFO     - img2od: 31 | od2fr: 0 | od2lpr: 1000 | od2cap: 0 | fr2kr: 0 | lpr2kr: 1000 | cap2udp: 0 | kr2udp: 1 | 
2026-05-03 17:34:38,276 - INFO     - img2od: 31 | od2fr: 0 | od2lpr: 1000 | od2cap: 0 | fr2kr: 0 | lpr2kr: 1000 | cap2udp: 0 | kr2udp: 1 | 
2026-05-03 17:34:39,277 - INFO     - img2od: 31 | od2fr: 0 | od2lpr: 1000 | od2cap: 0 | fr2kr: 0 | lpr2kr: 1000 | cap2udp: 0 | kr2udp: 1 | 
2026-05-03 17:34:40,278 - INFO     - img2od: 31 | od2fr: 0 | od2lpr: 1000 | od2cap: 0 | fr2kr: 0 | lpr2kr: 1000 | cap2udp: 0 | kr2udp: 1 | 
2026-05-03 17:34:41,279 - INFO     - img2od: 31 | od2fr: 0 | od2lpr: 1000 | od2cap: 0 | fr2kr: 0 | lpr2kr: 1000 | cap2udp: 0 | kr2udp: 0 | 
2026-05-03 17:34:42,280 - INFO     - img2od: 31 | od2fr: 0 | od2lpr: 1000 | od2cap: 0 | fr2kr: 0 | lpr2kr: 1000 | cap2udp: 0 | kr2udp: 1 | 
2026-05-03 17:34:43,281 - INFO     - img2od: 31 | od2fr: 0 | od2lpr: 1000 | od2cap: 0 | fr2kr: 0 | lpr2kr: 1000 | cap2udp: 0 | kr2udp: 1 | 
2026-05-03 17:34:44,282 - INFO     - img2od: 31 | od2fr: 0 | od2lpr: 999 | od2cap: 0 | fr2kr: 0 | lpr2kr: 1000 | cap2udp: 0 | kr2udp: 1 | 
2026-05-03 17:34:45,283 - INFO     - img2od: 31 | od2fr: 0 | od2lpr: 1000 | od2cap: 0 | fr2kr: 0 | lpr2kr: 1000 | cap2udp: 0 | kr2udp: 1 | 
2026-05-03 17:34:46,284 - INFO     - img2od: 31 | od2fr: 0 | od2lpr: 1000 | od2cap: 0 | fr2kr: 0 | lpr2kr: 1000 | cap2udp: 0 | kr2udp: 1 | 
2026-05-03 17:34:47,285 - INFO     - img2od: 31 | od2fr: 0 | od2lpr: 1000 | od2cap: 0 | fr2kr: 0 | lpr2kr: 1000 | cap2udp: 0 | kr2udp: 0 | 
2026-05-03 17:34:48,286 - INFO     - img2od: 31 | od2fr: 0 | od2lpr: 1000 | od2cap: 0 | fr2kr: 0 | lpr2kr: 1000 | cap2udp: 0 | kr2udp: 1 | 
2026-05-03 17:34:49,287 - INFO     - img2od: 31 | od2fr: 0 | od2lpr: 1000 | od2cap: 0 | fr2kr: 0 | lpr2kr: 1000 | cap2udp: 0 | kr2udp: 0 | 
2026-05-03 17:34:50,288 - INFO     - img2od: 31 | od2fr: 0 | od2lpr: 1000 | od2cap: 0 | fr2kr: 0 | lpr2kr: 1000 | cap2udp: 0 | kr2udp: 0 | 
2026-05-03 17:34:51,289 - INFO     - img2od: 31 | od2fr: 0 | od2lpr: 1000 | od2cap: 0 | fr2kr: 0 | lpr2kr: 1000 | cap2udp: 0 | kr2udp: 0 | 
2026-05-03 17:34:52,290 - INFO     - img2od: 31 | od2fr: 0 | od2lpr: 1000 | od2cap: 0 | fr2kr: 0 | lpr2kr: 1000 | cap2udp: 0 | kr2udp: 1 | 
2026-05-03 17:34:53,291 - INFO     - img2od: 31 | od2fr: 0 | od2lpr: 1000 | od2cap: 0 | fr2kr: 0 | lpr2kr: 1000 | cap2udp: 0 | kr2udp: 0 | 
2026-05-03 17:34:54,292 - INFO     - img2od: 31 | od2fr: 0 | od2lpr: 1000 | od2cap: 0 | fr2kr: 0 | lpr2kr: 1000 | cap2udp: 0 | kr2udp: 1 | 
2026-05-03 17:34:55,293 - INFO     - img2od: 31 | od2fr: 0 | od2lpr: 1000 | od2cap: 0 | fr2kr: 0 | lpr2kr: 1000 | cap2udp: 0 | kr2udp: 1 | 
2026-05-03 17:34:56,294 - INFO     - img2od: 31 | od2fr: 0 | od2lpr: 1000 | od2cap: 0 | fr2kr: 0 | lpr2kr: 1000 | cap2udp: 0 | kr2udp: 0 | 
2026-05-03 17:34:57,295 - INFO     - img2od: 31 | od2fr: 0 | od2lpr: 1000 | od2cap: 0 | fr2kr: 0 | lpr2kr: 1000 | cap2udp: 0 | kr2udp: 0 | 
2026-05-03 17:34:58,296 - INFO     - img2od: 31 | od2fr: 0 | od2lpr: 1000 | od2cap: 0 | fr2kr: 0 | lpr2kr: 1000 | cap2udp: 0 | kr2udp: 1 | 
2026-05-03 17:34:59,297 - INFO     - img2od: 31 | od2fr: 0 | od2lpr: 1000 | od2cap: 0 | fr2kr: 0 | lpr2kr: 1000 | cap2udp: 0 | kr2udp: 1 | 
2026-05-03 17:35:00,298 - INFO     - img2od: 31 | od2fr: 0 | od2lpr: 1000 | od2cap: 0 | fr2kr: 0 | lpr2kr: 1000 | cap2udp: 0 | kr2udp: 1 | 
2026-05-03 17:35:01,299 - INFO     - img2od: 31 | od2fr: 0 | od2lpr: 1000 | od2cap: 0 | fr2kr: 0 | lpr2kr: 1000 | cap2udp: 0 | kr2udp: 1 | 
2026-05-03 17:35:02,300 - INFO     - img2od: 31 | od2fr: 0 | od2lpr: 1000 | od2cap: 0 | fr2kr: 0 | lpr2kr: 1000 | cap2udp: 0 | kr2udp: 1 | 
2026-05-03 17:35:03,301 - INFO     - img2od: 31 | od2fr: 0 | od2lpr: 1000 | od2cap: 0 | fr2kr: 0 | lpr2kr: 1000 | cap2udp: 0 | kr2udp: 0 | 
2026-05-03 17:35:04,301 - INFO     - img2od: 31 | od2fr: 0 | od2lpr: 1000 | od2cap: 0 | fr2kr: 0 | lpr2kr: 1000 | cap2udp: 0 | kr2udp: 0 | 
2026-05-03 17:35:05,303 - INFO     - img2od: 31 | od2fr: 0 | od2lpr: 1000 | od2cap: 0 | fr2kr: 0 | lpr2kr: 1000 | cap2udp: 0 | kr2udp: 1 | 
2026-05-03 17:35:06,304 - INFO     - img2od: 31 | od2fr: 0 | od2lpr: 1000 | od2cap: 0 | fr2kr: 0 | lpr2kr: 1000 | cap2udp: 0 | kr2udp: 1 | 
2026-05-03 17:35:07,305 - INFO     - img2od: 31 | od2fr: 0 | od2lpr: 1000 | od2cap: 0 | fr2kr: 0 | lpr2kr: 1000 | cap2udp: 0 | kr2udp: 0 | 
2026-05-03 17:35:08,306 - INFO     - img2od: 31 | od2fr: 0 | od2lpr: 1000 | od2cap: 0 | fr2kr: 0 | lpr2kr: 1000 | cap2udp: 0 | kr2udp: 1 | 
2026-05-03 17:35:09,307 - INFO     - img2od: 31 | od2fr: 0 | od2lpr: 1000 | od2cap: 0 | fr2kr: 0 | lpr2kr: 1000 | cap2udp: 0 | kr2udp: 1 | 
2026-05-03 17:35:10,308 - INFO     - img2od: 31 | od2fr: 0 | od2lpr: 1000 | od2cap: 0 | fr2kr: 0 | lpr2kr: 1000 | cap2udp: 0 | kr2udp: 1 | 
2026-05-03 17:35:11,309 - INFO     - img2od: 31 | od2fr: 0 | od2lpr: 1000 | od2cap: 0 | fr2kr: 0 | lpr2kr: 1000 | cap2udp: 0 | kr2udp: 1 | 
2026-05-03 17:35:12,310 - INFO     - img2od: 31 | od2fr: 0 | od2lpr: 1000 | od2cap: 0 | fr2kr: 0 | lpr2kr: 1000 | cap2udp: 0 | kr2udp: 0 | 
2026-05-03 17:35:13,311 - INFO     - img2od: 31 | od2fr: 0 | od2lpr: 1000 | od2cap: 0 | fr2kr: 0 | lpr2kr: 1000 | cap2udp: 0 | kr2udp: 0 | 
2026-05-03 17:35:14,312 - INFO     - img2od: 31 | od2fr: 0 | od2lpr: 1000 | od2cap: 0 | fr2kr: 0 | lpr2kr: 1000 | cap2udp: 0 | kr2udp: 0 | 
2026-05-03 17:35:15,313 - INFO     - img2od: 31 | od2fr: 0 | od2lpr: 1000 | od2cap: 0 | fr2kr: 0 | lpr2kr: 1000 | cap2udp: 0 | kr2udp: 1 | 
2026-05-03 17:35:16,314 - INFO     - img2od: 31 | od2fr: 0 | od2lpr: 1000 | od2cap: 0 | fr2kr: 0 | lpr2kr: 1000 | cap2udp: 0 | kr2udp: 1 | 
2026-05-03 17:35:17,315 - INFO     - img2od: 31 | od2fr: 0 | od2lpr: 1000 | od2cap: 0 | fr2kr: 0 | lpr2kr: 1000 | cap2udp: 0 | kr2udp: 1 | 
2026-05-03 17:35:18,316 - INFO     - img2od: 31 | od2fr: 0 | od2lpr: 1000 | od2cap: 0 | fr2kr: 0 | lpr2kr: 1000 | cap2udp: 0 | kr2udp: 1 | 
2026-05-03 17:35:19,317 - INFO     - img2od: 31 | od2fr: 0 | od2lpr: 999 | od2cap: 0 | fr2kr: 0 | lpr2kr: 1000 | cap2udp: 0 | kr2udp: 1 | 
2026-05-03 17:35:20,318 - INFO     - img2od: 31 | od2fr: 0 | od2lpr: 999 | od2cap: 0 | fr2kr: 0 | lpr2kr: 1000 | cap2udp: 0 | kr2udp: 1 | 
2026-05-03 17:35:21,319 - INFO     - img2od: 31 | od2fr: 0 | od2lpr: 1000 | od2cap: 0 | fr2kr: 0 | lpr2kr: 1000 | cap2udp: 0 | kr2udp: 1 | 
2026-05-03 17:35:22,321 - INFO     - img2od: 31 | od2fr: 0 | od2lpr: 999 | od2cap: 0 | fr2kr: 0 | lpr2kr: 1000 | cap2udp: 0 | kr2udp: 1 | 
2026-05-03 17:35:23,322 - INFO     - img2od: 31 | od2fr: 0 | od2lpr: 1000 | od2cap: 0 | fr2kr: 0 | lpr2kr: 1000 | cap2udp: 0 | kr2udp: 1 | 
2026-05-03 17:35:24,323 - INFO     - img2od: 31 | od2fr: 0 | od2lpr: 1000 | od2cap: 0 | fr2kr: 0 | lpr2kr: 1000 | cap2udp: 0 | kr2udp: 0 | 
2026-05-03 17:35:25,324 - INFO     - img2od: 31 | od2fr: 0 | od2lpr: 1000 | od2cap: 0 | fr2kr: 0 | lpr2kr: 1000 | cap2udp: 0 | kr2udp: 1 | 
2026-05-03 17:35:26,325 - INFO     - img2od: 31 | od2fr: 0 | od2lpr: 1000 | od2cap: 0 | fr2kr: 0 | lpr2kr: 1000 | cap2udp: 0 | kr2udp: 0 | 
2026-05-03 17:35:27,326 - INFO     - img2od: 31 | od2fr: 0 | od2lpr: 1000 | od2cap: 0 | fr2kr: 0 | lpr2kr: 1000 | cap2udp: 0 | kr2udp: 1 | 
2026-05-03 17:35:28,327 - INFO     - img2od: 31 | od2fr: 0 | od2lpr: 1000 | od2cap: 0 | fr2kr: 0 | lpr2kr: 1000 | cap2udp: 0 | kr2udp: 1 | 
2026-05-03 17:35:29,328 - INFO     - img2od: 31 | od2fr: 0 | od2lpr: 1000 | od2cap: 0 | fr2kr: 0 | lpr2kr: 1000 | cap2udp: 0 | kr2udp: 0 | 
2026-05-03 17:35:30,329 - INFO     - img2od: 31 | od2fr: 0 | od2lpr: 1000 | od2cap: 0 | fr2kr: 0 | lpr2kr: 1000 | cap2udp: 0 | kr2udp: 1 | 
2026-05-03 17:35:31,330 - INFO     - img2od: 31 | od2fr: 0 | od2lpr: 1000 | od2cap: 0 | fr2kr: 0 | lpr2kr: 1000 | cap2udp: 0 | kr2udp: 1 | 
2026-05-03 17:35:32,331 - INFO     - img2od: 31 | od2fr: 0 | od2lpr: 1000 | od2cap: 0 | fr2kr: 0 | lpr2kr: 1000 | cap2udp: 0 | kr2udp: 0 | 
2026-05-03 17:35:33,332 - INFO     - img2od: 31 | od2fr: 0 | od2lpr: 1000 | od2cap: 0 | fr2kr: 0 | lpr2kr: 1000 | cap2udp: 0 | kr2udp: 0 | 
2026-05-03 17:35:34,333 - INFO     - img2od: 31 | od2fr: 0 | od2lpr: 1000 | od2cap: 0 | fr2kr: 0 | lpr2kr: 1000 | cap2udp: 0 | kr2udp: 1 | 
2026-05-03 17:35:35,334 - INFO     - img2od: 31 | od2fr: 0 | od2lpr: 1000 | od2cap: 0 | fr2kr: 0 | lpr2kr: 1000 | cap2udp: 0 | kr2udp: 0 | 
2026-05-03 17:35:36,335 - INFO     - img2od: 31 | od2fr: 0 | od2lpr: 1000 | od2cap: 0 | fr2kr: 0 | lpr2kr: 1000 | cap2udp: 0 | kr2udp: 0 | 
2026-05-03 17:35:37,336 - INFO     - img2od: 31 | od2fr: 0 | od2lpr: 1000 | od2cap: 0 | fr2kr: 0 | lpr2kr: 1000 | cap2udp: 0 | kr2udp: 1 | 
2026-05-03 17:35:38,337 - INFO     - img2od: 31 | od2fr: 0 | od2lpr: 1000 | od2cap: 0 | fr2kr: 0 | lpr2kr: 999 | cap2udp: 0 | kr2udp: 1 | 
2026-05-03 17:35:39,338 - INFO     - img2od: 31 | od2fr: 0 | od2lpr: 1000 | od2cap: 0 | fr2kr: 0 | lpr2kr: 1000 | cap2udp: 0 | kr2udp: 0 | 
2026-05-03 17:35:40,339 - INFO     - img2od: 31 | od2fr: 0 | od2lpr: 1000 | od2cap: 0 | fr2kr: 0 | lpr2kr: 1000 | cap2udp: 0 | kr2udp: 1 | 
2026-05-03 17:35:41,340 - INFO     - img2od: 31 | od2fr: 0 | od2lpr: 1000 | od2cap: 0 | fr2kr: 0 | lpr2kr: 1000 | cap2udp: 0 | kr2udp: 1 | 
2026-05-03 17:35:42,341 - INFO     - img2od: 31 | od2fr: 0 | od2lpr: 1000 | od2cap: 0 | fr2kr: 0 | lpr2kr: 1000 | cap2udp: 0 | kr2udp: 2 | 
2026-05-03 17:35:43,342 - INFO     - img2od: 31 | od2fr: 0 | od2lpr: 1000 | od2cap: 0 | fr2kr: 0 | lpr2kr: 1000 | cap2udp: 0 | kr2udp: 1 | 
2026-05-03 17:35:44,343 - INFO     - img2od: 31 | od2fr: 0 | od2lpr: 1000 | od2cap: 0 | fr2kr: 0 | lpr2kr: 1000 | cap2udp: 0 | kr2udp: 1 | 
2026-05-03 17:35:45,344 - INFO     - img2od: 31 | od2fr: 0 | od2lpr: 1000 | od2cap: 0 | fr2kr: 0 | lpr2kr: 1000 | cap2udp: 0 | kr2udp: 1 | 
2026-05-03 17:35:46,345 - INFO     - img2od: 31 | od2fr: 0 | od2lpr: 1000 | od2cap: 0 | fr2kr: 0 | lpr2kr: 1000 | cap2udp: 0 | kr2udp: 0 | 
2026-05-03 17:35:47,346 - INFO     - img2od: 31 | od2fr: 0 | od2lpr: 1000 | od2cap: 0 | fr2kr: 0 | lpr2kr: 999 | cap2udp: 0 | kr2udp: 1 | 
2026-05-03 17:35:48,348 - INFO     - img2od: 31 | od2fr: 0 | od2lpr: 1000 | od2cap: 0 | fr2kr: 0 | lpr2kr: 1000 | cap2udp: 0 | kr2udp: 0 | 
2026-05-03 17:35:49,349 - INFO     - img2od: 31 | od2fr: 0 | od2lpr: 1000 | od2cap: 0 | fr2kr: 0 | lpr2kr: 1000 | cap2udp: 0 | kr2udp: 1 | 
2026-05-03 17:35:50,350 - INFO     - img2od: 31 | od2fr: 0 | od2lpr: 1000 | od2cap: 0 | fr2kr: 0 | lpr2kr: 1000 | cap2udp: 0 | kr2udp: 0 | 
2026-05-03 17:35:51,351 - INFO     - img2od: 31 | od2fr: 0 | od2lpr: 1000 | od2cap: 0 | fr2kr: 0 | lpr2kr: 1000 | cap2udp: 0 | kr2udp: 0 | 
2026-05-03 17:35:52,352 - INFO     - img2od: 31 | od2fr: 0 | od2lpr: 1000 | od2cap: 0 | fr2kr: 0 | lpr2kr: 1000 | cap2udp: 0 | kr2udp: 0 | 
2026-05-03 17:35:53,353 - INFO     - img2od: 31 | od2fr: 0 | od2lpr: 1000 | od2cap: 0 | fr2kr: 0 | lpr2kr: 1000 | cap2udp: 0 | kr2udp: 0 | 
2026-05-03 17:35:54,354 - INFO     - img2od: 31 | od2fr: 0 | od2lpr: 1000 | od2cap: 0 | fr2kr: 0 | lpr2kr: 1000 | cap2udp: 0 | kr2udp: 0 | 
2026-05-03 17:35:55,355 - INFO     - img2od: 31 | od2fr: 0 | od2lpr: 1000 | od2cap: 0 | fr2kr: 0 | lpr2kr: 1000 | cap2udp: 0 | kr2udp: 0 | 
2026-05-03 17:35:56,356 - INFO     - img2od: 31 | od2fr: 0 | od2lpr: 1000 | od2cap: 0 | fr2kr: 0 | lpr2kr: 1000 | cap2udp: 0 | kr2udp: 1 | 
2026-05-03 17:35:57,357 - INFO     - img2od: 31 | od2fr: 0 | od2lpr: 1000 | od2cap: 0 | fr2kr: 0 | lpr2kr: 1000 | cap2udp: 0 | kr2udp: 1 | 
2026-05-03 17:35:58,358 - INFO     - img2od: 31 | od2fr: 0 | od2lpr: 1000 | od2cap: 0 | fr2kr: 0 | lpr2kr: 1000 | cap2udp: 0 | kr2udp: 0 | 
2026-05-03 17:35:59,359 - INFO     - img2od: 31 | od2fr: 0 | od2lpr: 1000 | od2cap: 0 | fr2kr: 0 | lpr2kr: 1000 | cap2udp: 0 | kr2udp: 1 | 
2026-05-03 17:36:00,360 - INFO     - img2od: 31 | od2fr: 0 | od2lpr: 1000 | od2cap: 0 | fr2kr: 0 | lpr2kr: 1000 | cap2udp: 0 | kr2udp: 0 | 
2026-05-03 17:36:01,361 - INFO     - img2od: 31 | od2fr: 0 | od2lpr: 1000 | od2cap: 0 | fr2kr: 0 | lpr2kr: 1000 | cap2udp: 0 | kr2udp: 1 | 
2026-05-03 17:36:02,362 - INFO     - img2od: 31 | od2fr: 0 | od2lpr: 1000 | od2cap: 0 | fr2kr: 0 | lpr2kr: 1000 | cap2udp: 0 | kr2udp: 1 | 
2026-05-03 17:36:03,363 - INFO     - img2od: 31 | od2fr: 0 | od2lpr: 1000 | od2cap: 0 | fr2kr: 0 | lpr2kr: 1000 | cap2udp: 0 | kr2udp: 1 | 
2026-05-03 17:36:04,364 - INFO     - img2od: 31 | od2fr: 0 | od2lpr: 1000 | od2cap: 0 | fr2kr: 0 | lpr2kr: 1000 | cap2udp: 0 | kr2udp: 0 | 
2026-05-03 17:36:05,365 - INFO     - img2od: 31 | od2fr: 0 | od2lpr: 1000 | od2cap: 0 | fr2kr: 0 | lpr2kr: 1000 | cap2udp: 0 | kr2udp: 0 | 
2026-05-03 17:36:06,366 - INFO     - img2od: 31 | od2fr: 0 | od2lpr: 1000 | od2cap: 0 | fr2kr: 0 | lpr2kr: 1000 | cap2udp: 0 | kr2udp: 0 | 
2026-05-03 17:36:07,367 - INFO     - img2od: 31 | od2fr: 0 | od2lpr: 1000 | od2cap: 0 | fr2kr: 0 | lpr2kr: 1000 | cap2udp: 0 | kr2udp: 1 | 
2026-05-03 17:36:08,368 - INFO     - img2od: 31 | od2fr: 0 | od2lpr: 1000 | od2cap: 0 | fr2kr: 0 | lpr2kr: 1000 | cap2udp: 0 | kr2udp: 1 | 
2026-05-03 17:36:09,369 - INFO     - img2od: 31 | od2fr: 0 | od2lpr: 1000 | od2cap: 0 | fr2kr: 0 | lpr2kr: 1000 | cap2udp: 0 | kr2udp: 0 | 
2026-05-03 17:36:10,370 - INFO     - img2od: 31 | od2fr: 0 | od2lpr: 1000 | od2cap: 0 | fr2kr: 0 | lpr2kr: 1000 | cap2udp: 0 | kr2udp: 1 | 
2026-05-03 17:36:11,371 - INFO     - img2od: 31 | od2fr: 0 | od2lpr: 1000 | od2cap: 0 | fr2kr: 0 | lpr2kr: 1000 | cap2udp: 0 | kr2udp: 1 | 
2026-05-03 17:36:12,372 - INFO     - img2od: 31 | od2fr: 0 | od2lpr: 1000 | od2cap: 0 | fr2kr: 0 | lpr2kr: 1000 | cap2udp: 0 | kr2udp: 1 | 
2026-05-03 17:36:13,373 - INFO     - img2od: 31 | od2fr: 0 | od2lpr: 1000 | od2cap: 0 | fr2kr: 0 | lpr2kr: 1000 | cap2udp: 0 | kr2udp: 1 | 
2026-05-03 17:36:14,374 - INFO     - img2od: 31 | od2fr: 0 | od2lpr: 1000 | od2cap: 0 | fr2kr: 0 | lpr2kr: 1000 | cap2udp: 0 | kr2udp: 1 | 
2026-05-03 17:36:15,375 - INFO     - img2od: 31 | od2fr: 0 | od2lpr: 1000 | od2cap: 0 | fr2kr: 0 | lpr2kr: 1000 | cap2udp: 0 | kr2udp: 1 | 
2026-05-03 17:36:16,376 - INFO     - img2od: 31 | od2fr: 0 | od2lpr: 1000 | od2cap: 0 | fr2kr: 0 | lpr2kr: 1000 | cap2udp: 0 | kr2udp: 0 | 
2026-05-03 17:36:17,377 - INFO     - img2od: 31 | od2fr: 0 | od2lpr: 1000 | od2cap: 0 | fr2kr: 0 | lpr2kr: 1000 | cap2udp: 0 | kr2udp: 0 | 
2026-05-03 17:36:18,378 - INFO     - img2od: 31 | od2fr: 0 | od2lpr: 1000 | od2cap: 0 | fr2kr: 0 | lpr2kr: 1000 | cap2udp: 0 | kr2udp: 1 | 
2026-05-03 17:36:19,379 - INFO     - img2od: 31 | od2fr: 0 | od2lpr: 1000 | od2cap: 0 | fr2kr: 0 | lpr2kr: 1000 | cap2udp: 0 | kr2udp: 0 | 
2026-05-03 17:36:20,380 - INFO     - img2od: 31 | od2fr: 0 | od2lpr: 1000 | od2cap: 0 | fr2kr: 0 | lpr2kr: 1000 | cap2udp: 0 | kr2udp: 1 | 
2026-05-03 17:36:21,381 - INFO     - img2od: 31 | od2fr: 0 | od2lpr: 1000 | od2cap: 0 | fr2kr: 0 | lpr2kr: 1000 | cap2udp: 0 | kr2udp: 1 | 
2026-05-03 17:36:22,382 - INFO     - img2od: 31 | od2fr: 0 | od2lpr: 1000 | od2cap: 0 | fr2kr: 0 | lpr2kr: 1000 | cap2udp: 0 | kr2udp: 0 | 
2026-05-03 17:36:23,383 - INFO     - img2od: 31 | od2fr: 0 | od2lpr: 1000 | od2cap: 0 | fr2kr: 0 | lpr2kr: 1000 | cap2udp: 0 | kr2udp: 1 | 
2026-05-03 17:36:24,384 - INFO     - img2od: 31 | od2fr: 0 | od2lpr: 1000 | od2cap: 0 | fr2kr: 0 | lpr2kr: 1000 | cap2udp: 0 | kr2udp: 0 | 
2026-05-03 17:36:25,385 - INFO     - img2od: 31 | od2fr: 0 | od2lpr: 1000 | od2cap: 0 | fr2kr: 0 | lpr2kr: 1000 | cap2udp: 0 | kr2udp: 0 | 
2026-05-03 17:36:26,386 - INFO     - img2od: 31 | od2fr: 0 | od2lpr: 1000 | od2cap: 0 | fr2kr: 0 | lpr2kr: 1000 | cap2udp: 0 | kr2udp: 0 | 
2026-05-03 17:36:27,387 - INFO     - img2od: 31 | od2fr: 0 | od2lpr: 1000 | od2cap: 0 | fr2kr: 0 | lpr2kr: 1000 | cap2udp: 0 | kr2udp: 1 | 
2026-05-03 17:36:28,388 - INFO     - img2od: 31 | od2fr: 0 | od2lpr: 1000 | od2cap: 0 | fr2kr: 0 | lpr2kr: 1000 | cap2udp: 0 | kr2udp: 1 | 
2026-05-03 17:36:29,389 - INFO     - img2od: 31 | od2fr: 0 | od2lpr: 1000 | od2cap: 0 | fr2kr: 0 | lpr2kr: 1000 | cap2udp: 0 | kr2udp: 0 | 
2026-05-03 17:36:30,390 - INFO     - img2od: 31 | od2fr: 0 | od2lpr: 1000 | od2cap: 0 | fr2kr: 0 | lpr2kr: 1000 | cap2udp: 0 | kr2udp: 1 | 
2026-05-03 17:36:31,391 - INFO     - img2od: 31 | od2fr: 0 | od2lpr: 1000 | od2cap: 0 | fr2kr: 0 | lpr2kr: 1000 | cap2udp: 0 | kr2udp: 1 | 
2026-05-03 17:36:32,392 - INFO     - img2od: 31 | od2fr: 0 | od2lpr: 1000 | od2cap: 0 | fr2kr: 0 | lpr2kr: 1000 | cap2udp: 0 | kr2udp: 1 | 
2026-05-03 17:36:33,393 - INFO     - img2od: 31 | od2fr: 0 | od2lpr: 1000 | od2cap: 0 | fr2kr: 0 | lpr2kr: 1000 | cap2udp: 0 | kr2udp: 1 | 
2026-05-03 17:36:34,394 - INFO     - img2od: 31 | od2fr: 0 | od2lpr: 1000 | od2cap: 0 | fr2kr: 0 | lpr2kr: 1000 | cap2udp: 0 | kr2udp: 0 | 
2026-05-03 17:36:35,395 - INFO     - img2od: 31 | od2fr: 0 | od2lpr: 1000 | od2cap: 0 | fr2kr: 0 | lpr2kr: 1000 | cap2udp: 0 | kr2udp: 1 | 
2026-05-03 17:36:36,396 - INFO     - img2od: 31 | od2fr: 0 | od2lpr: 1000 | od2cap: 0 | fr2kr: 0 | lpr2kr: 1000 | cap2udp: 0 | kr2udp: 0 | 
2026-05-03 17:36:37,397 - INFO     - img2od: 31 | od2fr: 0 | od2lpr: 1000 | od2cap: 0 | fr2kr: 0 | lpr2kr: 1000 | cap2udp: 0 | kr2udp: 1 | 
2026-05-03 17:36:38,398 - INFO     - img2od: 31 | od2fr: 0 | od2lpr: 1000 | od2cap: 0 | fr2kr: 0 | lpr2kr: 1000 | cap2udp: 0 | kr2udp: 1 | 
2026-05-03 17:36:39,399 - INFO     - img2od: 31 | od2fr: 0 | od2lpr: 1000 | od2cap: 0 | fr2kr: 0 | lpr2kr: 1000 | cap2udp: 0 | kr2udp: 0 | 
2026-05-03 17:36:40,400 - INFO     - img2od: 31 | od2fr: 0 | od2lpr: 1000 | od2cap: 0 | fr2kr: 0 | lpr2kr: 1000 | cap2udp: 0 | kr2udp: 1 | 
2026-05-03 17:36:41,401 - INFO     - img2od: 31 | od2fr: 0 | od2lpr: 1000 | od2cap: 0 | fr2kr: 0 | lpr2kr: 1000 | cap2udp: 0 | kr2udp: 1 | 
2026-05-03 17:36:42,402 - INFO     - img2od: 31 | od2fr: 0 | od2lpr: 1000 | od2cap: 0 | fr2kr: 0 | lpr2kr: 1000 | cap2udp: 0 | kr2udp: 1 | 
2026-05-03 17:36:43,403 - INFO     - img2od: 31 | od2fr: 0 | od2lpr: 1000 | od2cap: 0 | fr2kr: 0 | lpr2kr: 1000 | cap2udp: 0 | kr2udp: 1 | 
2026-05-03 17:36:44,404 - INFO     - img2od: 31 | od2fr: 0 | od2lpr: 1000 | od2cap: 0 | fr2kr: 0 | lpr2kr: 1000 | cap2udp: 0 | kr2udp: 1 | 
2026-05-03 17:36:45,405 - INFO     - img2od: 31 | od2fr: 0 | od2lpr: 1000 | od2cap: 0 | fr2kr: 0 | lpr2kr: 999 | cap2udp: 0 | kr2udp: 1 | 
2026-05-03 17:36:46,406 - INFO     - img2od: 31 | od2fr: 0 | od2lpr: 1000 | od2cap: 0 | fr2kr: 0 | lpr2kr: 1000 | cap2udp: 0 | kr2udp: 1 | 
2026-05-03 17:36:47,406 - INFO     - img2od: 31 | od2fr: 0 | od2lpr: 1000 | od2cap: 0 | fr2kr: 0 | lpr2kr: 1000 | cap2udp: 0 | kr2udp: 1 | 
2026-05-03 17:36:48,407 - INFO     - img2od: 31 | od2fr: 0 | od2lpr: 1000 | od2cap: 0 | fr2kr: 0 | lpr2kr: 1000 | cap2udp: 0 | kr2udp: 1 | 
2026-05-03 17:36:49,408 - INFO     - img2od: 31 | od2fr: 0 | od2lpr: 1000 | od2cap: 0 | fr2kr: 0 | lpr2kr: 1000 | cap2udp: 0 | kr2udp: 1 | 
2026-05-03 17:36:50,409 - INFO     - img2od: 31 | od2fr: 0 | od2lpr: 1000 | od2cap: 0 | fr2kr: 0 | lpr2kr: 1000 | cap2udp: 0 | kr2udp: 1 | 
2026-05-03 17:36:51,410 - INFO     - img2od: 31 | od2fr: 0 | od2lpr: 1000 | od2cap: 0 | fr2kr: 0 | lpr2kr: 1000 | cap2udp: 0 | kr2udp: 1 | 
2026-05-03 17:36:52,411 - INFO     - img2od: 31 | od2fr: 0 | od2lpr: 1000 | od2cap: 0 | fr2kr: 0 | lpr2kr: 1000 | cap2udp: 0 | kr2udp: 1 | 
2026-05-03 17:36:53,412 - INFO     - img2od: 31 | od2fr: 0 | od2lpr: 1000 | od2cap: 0 | fr2kr: 0 | lpr2kr: 1000 | cap2udp: 0 | kr2udp: 1 | 
2026-05-03 17:36:54,413 - INFO     - img2od: 28 | od2fr: 31 | od2lpr: 998 | od2cap: 0 | fr2kr: 1 | lpr2kr: 1000 | cap2udp: 0 | kr2udp: 1 | 
2026-05-03 17:36:55,414 - INFO     - img2od: 23 | od2fr: 51 | od2lpr: 996 | od2cap: 0 | fr2kr: 5 | lpr2kr: 1000 | cap2udp: 0 | kr2udp: 1 | 
2026-05-03 17:36:56,415 - INFO     - img2od: 18 | od2fr: 49 | od2lpr: 994 | od2cap: 0 | fr2kr: 7 | lpr2kr: 1000 | cap2udp: 0 | kr2udp: 0 | 
2026-05-03 17:36:57,416 - INFO     - img2od: 13 | od2fr: 61 | od2lpr: 997 | od2cap: 0 | fr2kr: 11 | lpr2kr: 1000 | cap2udp: 0 | kr2udp: 0 | 
2026-05-03 17:36:58,417 - INFO     - img2od: 8 | od2fr: 59 | od2lpr: 995 | od2cap: 0 | fr2kr: 15 | lpr2kr: 1000 | cap2udp: 0 | kr2udp: 1 | 
2026-05-03 17:36:59,418 - INFO     - img2od: 3 | od2fr: 63 | od2lpr: 993 | od2cap: 0 | fr2kr: 18 | lpr2kr: 1000 | cap2udp: 0 | kr2udp: 0 | 
2026-05-03 17:36:59,892 - INFO     - odStream     : Received END signal, shutting down
2026-05-03 17:36:59,896 - INFO     - capStream    : Received END signal, shutting down
2026-05-03 17:36:59,935 - INFO     - udpStream    : Received end signal from CAP
2026-05-03 17:37:00,149 - INFO     - odStream     : shutdown successful
2026-05-03 17:37:00,384 - INFO     - capStream    : shutdown successful
2026-05-03 17:37:00,419 - INFO     - img2od: 0 | od2fr: 57 | od2lpr: 991 | od2cap: 0 | fr2kr: 23 | lpr2kr: 1000 | cap2udp: 0 | kr2udp: 0 | 
2026-05-03 17:37:01,420 - INFO     - img2od: 0 | od2fr: 52 | od2lpr: 989 | od2cap: 0 | fr2kr: 26 | lpr2kr: 1000 | cap2udp: 0 | kr2udp: 1 | 
2026-05-03 17:37:02,421 - INFO     - img2od: 0 | od2fr: 46 | od2lpr: 986 | od2cap: 0 | fr2kr: 29 | lpr2kr: 1000 | cap2udp: 0 | kr2udp: 1 | 
2026-05-03 17:37:03,422 - INFO     - img2od: 0 | od2fr: 40 | od2lpr: 984 | od2cap: 0 | fr2kr: 33 | lpr2kr: 1000 | cap2udp: 0 | kr2udp: 1 | 
2026-05-03 17:37:04,423 - INFO     - img2od: 0 | od2fr: 33 | od2lpr: 982 | od2cap: 0 | fr2kr: 37 | lpr2kr: 1000 | cap2udp: 0 | kr2udp: 1 | 
2026-05-03 17:37:05,424 - INFO     - img2od: 0 | od2fr: 27 | od2lpr: 979 | od2cap: 0 | fr2kr: 41 | lpr2kr: 1000 | cap2udp: 0 | kr2udp: 0 | 
2026-05-03 17:37:06,425 - INFO     - img2od: 0 | od2fr: 21 | od2lpr: 977 | od2cap: 0 | fr2kr: 45 | lpr2kr: 1000 | cap2udp: 0 | kr2udp: 1 | 
2026-05-03 17:37:07,426 - INFO     - img2od: 0 | od2fr: 14 | od2lpr: 974 | od2cap: 0 | fr2kr: 49 | lpr2kr: 1000 | cap2udp: 0 | kr2udp: 1 | 
2026-05-03 17:37:08,427 - INFO     - img2od: 0 | od2fr: 8 | od2lpr: 972 | od2cap: 0 | fr2kr: 53 | lpr2kr: 1000 | cap2udp: 0 | kr2udp: 1 | 
2026-05-03 17:37:09,427 - INFO     - img2od: 0 | od2fr: 1 | od2lpr: 969 | od2cap: 0 | fr2kr: 56 | lpr2kr: 1000 | cap2udp: 0 | kr2udp: 0 | 
2026-05-03 17:37:09,584 - INFO     - frStream     : Received END signal, shutting down
2026-05-03 17:37:09,859 - INFO     - frStream     : shutdown successful
2026-05-03 17:37:10,429 - INFO     - img2od: 0 | od2fr: 0 | od2lpr: 967 | od2cap: 0 | fr2kr: 56 | lpr2kr: 1000 | cap2udp: 0 | kr2udp: 1 | 
2026-05-03 17:37:11,430 - INFO     - img2od: 0 | od2fr: 0 | od2lpr: 965 | od2cap: 0 | fr2kr: 53 | lpr2kr: 1000 | cap2udp: 0 | kr2udp: 1 | 
2026-05-03 17:37:12,431 - INFO     - img2od: 0 | od2fr: 0 | od2lpr: 962 | od2cap: 0 | fr2kr: 51 | lpr2kr: 1000 | cap2udp: 0 | kr2udp: 0 | 
2026-05-03 17:37:13,432 - INFO     - img2od: 0 | od2fr: 0 | od2lpr: 960 | od2cap: 0 | fr2kr: 48 | lpr2kr: 1000 | cap2udp: 0 | kr2udp: 0 | 
2026-05-03 17:37:14,434 - INFO     - img2od: 0 | od2fr: 0 | od2lpr: 957 | od2cap: 0 | fr2kr: 46 | lpr2kr: 1000 | cap2udp: 0 | kr2udp: 0 | 
2026-05-03 17:37:15,435 - INFO     - img2od: 0 | od2fr: 0 | od2lpr: 955 | od2cap: 0 | fr2kr: 43 | lpr2kr: 1000 | cap2udp: 0 | kr2udp: 1 | 
2026-05-03 17:37:16,436 - INFO     - img2od: 0 | od2fr: 0 | od2lpr: 952 | od2cap: 0 | fr2kr: 41 | lpr2kr: 1000 | cap2udp: 0 | kr2udp: 1 | 
2026-05-03 17:37:17,437 - INFO     - img2od: 0 | od2fr: 0 | od2lpr: 950 | od2cap: 0 | fr2kr: 38 | lpr2kr: 1000 | cap2udp: 0 | kr2udp: 1 | 
2026-05-03 17:37:18,438 - INFO     - img2od: 0 | od2fr: 0 | od2lpr: 947 | od2cap: 0 | fr2kr: 36 | lpr2kr: 1000 | cap2udp: 0 | kr2udp: 0 | 
2026-05-03 17:37:19,439 - INFO     - img2od: 0 | od2fr: 0 | od2lpr: 945 | od2cap: 0 | fr2kr: 34 | lpr2kr: 1000 | cap2udp: 0 | kr2udp: 1 | 
2026-05-03 17:37:20,440 - INFO     - img2od: 0 | od2fr: 0 | od2lpr: 942 | od2cap: 0 | fr2kr: 31 | lpr2kr: 1000 | cap2udp: 0 | kr2udp: 0 | 
2026-05-03 17:37:21,441 - INFO     - img2od: 0 | od2fr: 0 | od2lpr: 940 | od2cap: 0 | fr2kr: 29 | lpr2kr: 1000 | cap2udp: 0 | kr2udp: 1 | 
2026-05-03 17:37:22,442 - INFO     - img2od: 0 | od2fr: 0 | od2lpr: 938 | od2cap: 0 | fr2kr: 26 | lpr2kr: 1000 | cap2udp: 0 | kr2udp: 1 | 
2026-05-03 17:37:23,443 - INFO     - img2od: 0 | od2fr: 0 | od2lpr: 935 | od2cap: 0 | fr2kr: 24 | lpr2kr: 1000 | cap2udp: 0 | kr2udp: 1 | 
2026-05-03 17:37:24,444 - INFO     - img2od: 0 | od2fr: 0 | od2lpr: 933 | od2cap: 0 | fr2kr: 21 | lpr2kr: 1000 | cap2udp: 0 | kr2udp: 1 | 
2026-05-03 17:37:25,445 - INFO     - img2od: 0 | od2fr: 0 | od2lpr: 930 | od2cap: 0 | fr2kr: 19 | lpr2kr: 1000 | cap2udp: 0 | kr2udp: 0 | 
2026-05-03 17:37:26,446 - INFO     - img2od: 0 | od2fr: 0 | od2lpr: 928 | od2cap: 0 | fr2kr: 16 | lpr2kr: 1000 | cap2udp: 0 | kr2udp: 0 | 
2026-05-03 17:37:27,447 - INFO     - img2od: 0 | od2fr: 0 | od2lpr: 925 | od2cap: 0 | fr2kr: 14 | lpr2kr: 1000 | cap2udp: 0 | kr2udp: 0 | 
2026-05-03 17:37:28,448 - INFO     - img2od: 0 | od2fr: 0 | od2lpr: 923 | od2cap: 0 | fr2kr: 11 | lpr2kr: 1000 | cap2udp: 0 | kr2udp: 0 | 
2026-05-03 17:37:29,449 - INFO     - img2od: 0 | od2fr: 0 | od2lpr: 920 | od2cap: 0 | fr2kr: 9 | lpr2kr: 1000 | cap2udp: 0 | kr2udp: 1 | 
2026-05-03 17:37:30,450 - INFO     - img2od: 0 | od2fr: 0 | od2lpr: 918 | od2cap: 0 | fr2kr: 6 | lpr2kr: 1000 | cap2udp: 0 | kr2udp: 1 | 
2026-05-03 17:37:31,451 - INFO     - img2od: 0 | od2fr: 0 | od2lpr: 915 | od2cap: 0 | fr2kr: 4 | lpr2kr: 1000 | cap2udp: 0 | kr2udp: 1 | 
2026-05-03 17:37:32,452 - INFO     - img2od: 0 | od2fr: 0 | od2lpr: 913 | od2cap: 0 | fr2kr: 1 | lpr2kr: 1000 | cap2udp: 0 | kr2udp: 1 | 
2026-05-03 17:37:32,737 - INFO     - krStream     : Received end signal from FR
2026-05-03 17:37:33,453 - INFO     - img2od: 0 | od2fr: 0 | od2lpr: 909 | od2cap: 0 | fr2kr: 0 | lpr2kr: 1000 | cap2udp: 0 | kr2udp: 1 | 
2026-05-03 17:37:34,454 - INFO     - img2od: 0 | od2fr: 0 | od2lpr: 905 | od2cap: 0 | fr2kr: 0 | lpr2kr: 1000 | cap2udp: 0 | kr2udp: 0 | 
2026-05-03 17:37:35,455 - INFO     - img2od: 0 | od2fr: 0 | od2lpr: 901 | od2cap: 0 | fr2kr: 0 | lpr2kr: 1000 | cap2udp: 0 | kr2udp: 0 | 
2026-05-03 17:37:36,456 - INFO     - img2od: 0 | od2fr: 0 | od2lpr: 897 | od2cap: 0 | fr2kr: 0 | lpr2kr: 1000 | cap2udp: 0 | kr2udp: 1 | 
2026-05-03 17:37:37,457 - INFO     - img2od: 0 | od2fr: 0 | od2lpr: 893 | od2cap: 0 | fr2kr: 0 | lpr2kr: 1000 | cap2udp: 0 | kr2udp: 1 | 
2026-05-03 17:37:38,458 - INFO     - img2od: 0 | od2fr: 0 | od2lpr: 889 | od2cap: 0 | fr2kr: 0 | lpr2kr: 1000 | cap2udp: 0 | kr2udp: 1 | 
2026-05-03 17:37:39,459 - INFO     - img2od: 0 | od2fr: 0 | od2lpr: 885 | od2cap: 0 | fr2kr: 0 | lpr2kr: 1000 | cap2udp: 0 | kr2udp: 0 | 
2026-05-03 17:37:40,461 - INFO     - img2od: 0 | od2fr: 0 | od2lpr: 881 | od2cap: 0 | fr2kr: 0 | lpr2kr: 1000 | cap2udp: 0 | kr2udp: 1 | 
2026-05-03 17:37:41,462 - INFO     - img2od: 0 | od2fr: 0 | od2lpr: 877 | od2cap: 0 | fr2kr: 0 | lpr2kr: 1000 | cap2udp: 0 | kr2udp: 0 | 
2026-05-03 17:37:42,463 - INFO     - img2od: 0 | od2fr: 0 | od2lpr: 874 | od2cap: 0 | fr2kr: 0 | lpr2kr: 999 | cap2udp: 0 | kr2udp: 1 | 
2026-05-03 17:37:43,464 - INFO     - img2od: 0 | od2fr: 0 | od2lpr: 870 | od2cap: 0 | fr2kr: 0 | lpr2kr: 1000 | cap2udp: 0 | kr2udp: 1 | 
2026-05-03 17:37:44,464 - INFO     - img2od: 0 | od2fr: 0 | od2lpr: 866 | od2cap: 0 | fr2kr: 0 | lpr2kr: 1000 | cap2udp: 0 | kr2udp: 0 | 
2026-05-03 17:37:45,465 - INFO     - img2od: 0 | od2fr: 0 | od2lpr: 862 | od2cap: 0 | fr2kr: 0 | lpr2kr: 1000 | cap2udp: 0 | kr2udp: 1 | 
2026-05-03 17:37:46,466 - INFO     - img2od: 0 | od2fr: 0 | od2lpr: 858 | od2cap: 0 | fr2kr: 0 | lpr2kr: 1000 | cap2udp: 0 | kr2udp: 1 | 
2026-05-03 17:37:47,467 - INFO     - img2od: 0 | od2fr: 0 | od2lpr: 854 | od2cap: 0 | fr2kr: 0 | lpr2kr: 1000 | cap2udp: 0 | kr2udp: 1 | 
2026-05-03 17:37:48,468 - INFO     - img2od: 0 | od2fr: 0 | od2lpr: 850 | od2cap: 0 | fr2kr: 0 | lpr2kr: 1000 | cap2udp: 0 | kr2udp: 1 | 
2026-05-03 17:37:49,469 - INFO     - img2od: 0 | od2fr: 0 | od2lpr: 846 | od2cap: 0 | fr2kr: 0 | lpr2kr: 1000 | cap2udp: 0 | kr2udp: 1 | 
2026-05-03 17:37:50,470 - INFO     - img2od: 0 | od2fr: 0 | od2lpr: 842 | od2cap: 0 | fr2kr: 0 | lpr2kr: 1000 | cap2udp: 0 | kr2udp: 1 | 
2026-05-03 17:37:51,471 - INFO     - img2od: 0 | od2fr: 0 | od2lpr: 837 | od2cap: 0 | fr2kr: 0 | lpr2kr: 1000 | cap2udp: 0 | kr2udp: 1 | 
2026-05-03 17:37:52,471 - INFO     - img2od: 0 | od2fr: 0 | od2lpr: 833 | od2cap: 0 | fr2kr: 0 | lpr2kr: 1000 | cap2udp: 0 | kr2udp: 1 | 
2026-05-03 17:37:53,472 - INFO     - img2od: 0 | od2fr: 0 | od2lpr: 829 | od2cap: 0 | fr2kr: 0 | lpr2kr: 1000 | cap2udp: 0 | kr2udp: 1 | 
2026-05-03 17:37:54,473 - INFO     - img2od: 0 | od2fr: 0 | od2lpr: 825 | od2cap: 0 | fr2kr: 0 | lpr2kr: 1000 | cap2udp: 0 | kr2udp: 1 | 
2026-05-03 17:37:55,475 - INFO     - img2od: 0 | od2fr: 0 | od2lpr: 821 | od2cap: 0 | fr2kr: 0 | lpr2kr: 1000 | cap2udp: 0 | kr2udp: 0 | 
2026-05-03 17:37:56,476 - INFO     - img2od: 0 | od2fr: 0 | od2lpr: 817 | od2cap: 0 | fr2kr: 0 | lpr2kr: 1000 | cap2udp: 0 | kr2udp: 0 | 
2026-05-03 17:37:57,477 - INFO     - img2od: 0 | od2fr: 0 | od2lpr: 813 | od2cap: 0 | fr2kr: 0 | lpr2kr: 1000 | cap2udp: 0 | kr2udp: 1 | 
2026-05-03 17:37:58,478 - INFO     - img2od: 0 | od2fr: 0 | od2lpr: 809 | od2cap: 0 | fr2kr: 0 | lpr2kr: 1000 | cap2udp: 0 | kr2udp: 1 | 
2026-05-03 17:37:59,479 - INFO     - img2od: 0 | od2fr: 0 | od2lpr: 805 | od2cap: 0 | fr2kr: 0 | lpr2kr: 1000 | cap2udp: 0 | kr2udp: 1 | 
2026-05-03 17:38:00,481 - INFO     - img2od: 0 | od2fr: 0 | od2lpr: 801 | od2cap: 0 | fr2kr: 0 | lpr2kr: 1000 | cap2udp: 0 | kr2udp: 1 | 
2026-05-03 17:38:01,482 - INFO     - img2od: 0 | od2fr: 0 | od2lpr: 797 | od2cap: 0 | fr2kr: 0 | lpr2kr: 1000 | cap2udp: 0 | kr2udp: 1 | 
2026-05-03 17:38:02,483 - INFO     - img2od: 0 | od2fr: 0 | od2lpr: 793 | od2cap: 0 | fr2kr: 0 | lpr2kr: 999 | cap2udp: 0 | kr2udp: 1 | 
2026-05-03 17:38:03,484 - INFO     - img2od: 0 | od2fr: 0 | od2lpr: 788 | od2cap: 0 | fr2kr: 0 | lpr2kr: 1000 | cap2udp: 0 | kr2udp: 1 | 
2026-05-03 17:38:04,486 - INFO     - img2od: 0 | od2fr: 0 | od2lpr: 784 | od2cap: 0 | fr2kr: 0 | lpr2kr: 1000 | cap2udp: 0 | kr2udp: 1 | 
2026-05-03 17:38:05,487 - INFO     - img2od: 0 | od2fr: 0 | od2lpr: 780 | od2cap: 0 | fr2kr: 0 | lpr2kr: 1000 | cap2udp: 0 | kr2udp: 1 | 
2026-05-03 17:38:06,488 - INFO     - img2od: 0 | od2fr: 0 | od2lpr: 776 | od2cap: 0 | fr2kr: 0 | lpr2kr: 1000 | cap2udp: 0 | kr2udp: 0 | 
2026-05-03 17:38:07,489 - INFO     - img2od: 0 | od2fr: 0 | od2lpr: 772 | od2cap: 0 | fr2kr: 0 | lpr2kr: 1000 | cap2udp: 0 | kr2udp: 0 | 
2026-05-03 17:38:08,490 - INFO     - img2od: 0 | od2fr: 0 | od2lpr: 768 | od2cap: 0 | fr2kr: 0 | lpr2kr: 1000 | cap2udp: 0 | kr2udp: 1 | 
2026-05-03 17:38:09,491 - INFO     - img2od: 0 | od2fr: 0 | od2lpr: 764 | od2cap: 0 | fr2kr: 0 | lpr2kr: 1000 | cap2udp: 0 | kr2udp: 1 | 
2026-05-03 17:38:10,492 - INFO     - img2od: 0 | od2fr: 0 | od2lpr: 760 | od2cap: 0 | fr2kr: 0 | lpr2kr: 1000 | cap2udp: 0 | kr2udp: 1 | 
2026-05-03 17:38:11,494 - INFO     - img2od: 0 | od2fr: 0 | od2lpr: 756 | od2cap: 0 | fr2kr: 0 | lpr2kr: 1000 | cap2udp: 0 | kr2udp: 1 | 
2026-05-03 17:38:12,495 - INFO     - img2od: 0 | od2fr: 0 | od2lpr: 752 | od2cap: 0 | fr2kr: 0 | lpr2kr: 1000 | cap2udp: 0 | kr2udp: 1 | 
2026-05-03 17:38:13,496 - INFO     - img2od: 0 | od2fr: 0 | od2lpr: 748 | od2cap: 0 | fr2kr: 0 | lpr2kr: 1000 | cap2udp: 0 | kr2udp: 1 | 
2026-05-03 17:38:14,497 - INFO     - img2od: 0 | od2fr: 0 | od2lpr: 744 | od2cap: 0 | fr2kr: 0 | lpr2kr: 1000 | cap2udp: 0 | kr2udp: 1 | 
2026-05-03 17:38:15,498 - INFO     - img2od: 0 | od2fr: 0 | od2lpr: 739 | od2cap: 0 | fr2kr: 0 | lpr2kr: 1000 | cap2udp: 0 | kr2udp: 1 | 
2026-05-03 17:38:16,500 - INFO     - img2od: 0 | od2fr: 0 | od2lpr: 735 | od2cap: 0 | fr2kr: 0 | lpr2kr: 1000 | cap2udp: 0 | kr2udp: 0 | 
2026-05-03 17:38:17,501 - INFO     - img2od: 0 | od2fr: 0 | od2lpr: 731 | od2cap: 0 | fr2kr: 0 | lpr2kr: 1000 | cap2udp: 0 | kr2udp: 0 | 
2026-05-03 17:38:18,502 - INFO     - img2od: 0 | od2fr: 0 | od2lpr: 727 | od2cap: 0 | fr2kr: 0 | lpr2kr: 1000 | cap2udp: 0 | kr2udp: 0 | 
2026-05-03 17:38:19,503 - INFO     - img2od: 0 | od2fr: 0 | od2lpr: 723 | od2cap: 0 | fr2kr: 0 | lpr2kr: 1000 | cap2udp: 0 | kr2udp: 0 | 
2026-05-03 17:38:20,505 - INFO     - img2od: 0 | od2fr: 0 | od2lpr: 719 | od2cap: 0 | fr2kr: 0 | lpr2kr: 1000 | cap2udp: 0 | kr2udp: 2 | 
2026-05-03 17:38:21,506 - INFO     - img2od: 0 | od2fr: 0 | od2lpr: 715 | od2cap: 0 | fr2kr: 0 | lpr2kr: 1000 | cap2udp: 0 | kr2udp: 2 | 
2026-05-03 17:38:22,507 - INFO     - img2od: 0 | od2fr: 0 | od2lpr: 711 | od2cap: 0 | fr2kr: 0 | lpr2kr: 1000 | cap2udp: 0 | kr2udp: 1 | 
2026-05-03 17:38:23,508 - INFO     - img2od: 0 | od2fr: 0 | od2lpr: 707 | od2cap: 0 | fr2kr: 0 | lpr2kr: 1000 | cap2udp: 0 | kr2udp: 1 | 
2026-05-03 17:38:24,510 - INFO     - img2od: 0 | od2fr: 0 | od2lpr: 703 | od2cap: 0 | fr2kr: 0 | lpr2kr: 1000 | cap2udp: 0 | kr2udp: 1 | 
2026-05-03 17:38:25,511 - INFO     - img2od: 0 | od2fr: 0 | od2lpr: 699 | od2cap: 0 | fr2kr: 0 | lpr2kr: 1000 | cap2udp: 0 | kr2udp: 1 | 
2026-05-03 17:38:26,512 - INFO     - img2od: 0 | od2fr: 0 | od2lpr: 695 | od2cap: 0 | fr2kr: 0 | lpr2kr: 999 | cap2udp: 0 | kr2udp: 1 | 
2026-05-03 17:38:27,513 - INFO     - img2od: 0 | od2fr: 0 | od2lpr: 690 | od2cap: 0 | fr2kr: 0 | lpr2kr: 1000 | cap2udp: 0 | kr2udp: 0 | 
2026-05-03 17:38:28,514 - INFO     - img2od: 0 | od2fr: 0 | od2lpr: 686 | od2cap: 0 | fr2kr: 0 | lpr2kr: 1000 | cap2udp: 0 | kr2udp: 0 | 
2026-05-03 17:38:29,516 - INFO     - img2od: 0 | od2fr: 0 | od2lpr: 682 | od2cap: 0 | fr2kr: 0 | lpr2kr: 1000 | cap2udp: 0 | kr2udp: 1 | 
2026-05-03 17:38:30,517 - INFO     - img2od: 0 | od2fr: 0 | od2lpr: 678 | od2cap: 0 | fr2kr: 0 | lpr2kr: 1000 | cap2udp: 0 | kr2udp: 1 | 
2026-05-03 17:38:31,518 - INFO     - img2od: 0 | od2fr: 0 | od2lpr: 674 | od2cap: 0 | fr2kr: 0 | lpr2kr: 1000 | cap2udp: 0 | kr2udp: 1 | 
2026-05-03 17:38:32,519 - INFO     - img2od: 0 | od2fr: 0 | od2lpr: 670 | od2cap: 0 | fr2kr: 0 | lpr2kr: 1000 | cap2udp: 0 | kr2udp: 2 | 
2026-05-03 17:38:33,520 - INFO     - img2od: 0 | od2fr: 0 | od2lpr: 666 | od2cap: 0 | fr2kr: 0 | lpr2kr: 1000 | cap2udp: 0 | kr2udp: 1 | 
2026-05-03 17:38:34,521 - INFO     - img2od: 0 | od2fr: 0 | od2lpr: 662 | od2cap: 0 | fr2kr: 0 | lpr2kr: 1000 | cap2udp: 0 | kr2udp: 1 | 
2026-05-03 17:38:35,523 - INFO     - img2od: 0 | od2fr: 0 | od2lpr: 658 | od2cap: 0 | fr2kr: 0 | lpr2kr: 1000 | cap2udp: 0 | kr2udp: 1 | 
2026-05-03 17:38:36,524 - INFO     - img2od: 0 | od2fr: 0 | od2lpr: 654 | od2cap: 0 | fr2kr: 0 | lpr2kr: 1000 | cap2udp: 0 | kr2udp: 1 | 
2026-05-03 17:38:37,525 - INFO     - img2od: 0 | od2fr: 0 | od2lpr: 650 | od2cap: 0 | fr2kr: 0 | lpr2kr: 1000 | cap2udp: 0 | kr2udp: 1 | 
2026-05-03 17:38:38,526 - INFO     - img2od: 0 | od2fr: 0 | od2lpr: 645 | od2cap: 0 | fr2kr: 0 | lpr2kr: 1000 | cap2udp: 0 | kr2udp: 1 | 
2026-05-03 17:38:39,527 - INFO     - img2od: 0 | od2fr: 0 | od2lpr: 641 | od2cap: 0 | fr2kr: 0 | lpr2kr: 1000 | cap2udp: 0 | kr2udp: 1 | 
2026-05-03 17:38:40,529 - INFO     - img2od: 0 | od2fr: 0 | od2lpr: 637 | od2cap: 0 | fr2kr: 0 | lpr2kr: 1000 | cap2udp: 0 | kr2udp: 1 | 
2026-05-03 17:38:41,529 - INFO     - img2od: 0 | od2fr: 0 | od2lpr: 633 | od2cap: 0 | fr2kr: 0 | lpr2kr: 1000 | cap2udp: 0 | kr2udp: 1 | 
2026-05-03 17:38:42,531 - INFO     - img2od: 0 | od2fr: 0 | od2lpr: 629 | od2cap: 0 | fr2kr: 0 | lpr2kr: 1000 | cap2udp: 0 | kr2udp: 1 | 
2026-05-03 17:38:43,532 - INFO     - img2od: 0 | od2fr: 0 | od2lpr: 625 | od2cap: 0 | fr2kr: 0 | lpr2kr: 1000 | cap2udp: 0 | kr2udp: 0 | 
2026-05-03 17:38:44,533 - INFO     - img2od: 0 | od2fr: 0 | od2lpr: 621 | od2cap: 0 | fr2kr: 0 | lpr2kr: 1000 | cap2udp: 0 | kr2udp: 1 | 
2026-05-03 17:38:45,534 - INFO     - img2od: 0 | od2fr: 0 | od2lpr: 617 | od2cap: 0 | fr2kr: 0 | lpr2kr: 1000 | cap2udp: 0 | kr2udp: 1 | 
2026-05-03 17:38:46,536 - INFO     - img2od: 0 | od2fr: 0 | od2lpr: 613 | od2cap: 0 | fr2kr: 0 | lpr2kr: 1000 | cap2udp: 0 | kr2udp: 1 | 
2026-05-03 17:38:47,536 - INFO     - img2od: 0 | od2fr: 0 | od2lpr: 609 | od2cap: 0 | fr2kr: 0 | lpr2kr: 1000 | cap2udp: 0 | kr2udp: 1 | 
2026-05-03 17:38:48,537 - INFO     - img2od: 0 | od2fr: 0 | od2lpr: 605 | od2cap: 0 | fr2kr: 0 | lpr2kr: 1000 | cap2udp: 0 | kr2udp: 1 | 
2026-05-03 17:38:49,539 - INFO     - img2od: 0 | od2fr: 0 | od2lpr: 601 | od2cap: 0 | fr2kr: 0 | lpr2kr: 1000 | cap2udp: 0 | kr2udp: 1 | 
2026-05-03 17:38:50,540 - INFO     - img2od: 0 | od2fr: 0 | od2lpr: 596 | od2cap: 0 | fr2kr: 0 | lpr2kr: 1000 | cap2udp: 0 | kr2udp: 1 | 
2026-05-03 17:38:51,541 - INFO     - img2od: 0 | od2fr: 0 | od2lpr: 592 | od2cap: 0 | fr2kr: 0 | lpr2kr: 1000 | cap2udp: 0 | kr2udp: 1 | 
2026-05-03 17:38:52,542 - INFO     - img2od: 0 | od2fr: 0 | od2lpr: 588 | od2cap: 0 | fr2kr: 0 | lpr2kr: 1000 | cap2udp: 0 | kr2udp: 1 | 
2026-05-03 17:38:53,544 - INFO     - img2od: 0 | od2fr: 0 | od2lpr: 584 | od2cap: 0 | fr2kr: 0 | lpr2kr: 1000 | cap2udp: 0 | kr2udp: 1 | 
2026-05-03 17:38:54,545 - INFO     - img2od: 0 | od2fr: 0 | od2lpr: 580 | od2cap: 0 | fr2kr: 0 | lpr2kr: 1000 | cap2udp: 0 | kr2udp: 0 | 
2026-05-03 17:38:55,546 - INFO     - img2od: 0 | od2fr: 0 | od2lpr: 576 | od2cap: 0 | fr2kr: 0 | lpr2kr: 1000 | cap2udp: 0 | kr2udp: 0 | 
2026-05-03 17:38:56,547 - INFO     - img2od: 0 | od2fr: 0 | od2lpr: 572 | od2cap: 0 | fr2kr: 0 | lpr2kr: 1000 | cap2udp: 0 | kr2udp: 1 | 
2026-05-03 17:38:57,549 - INFO     - img2od: 0 | od2fr: 0 | od2lpr: 568 | od2cap: 0 | fr2kr: 0 | lpr2kr: 1000 | cap2udp: 0 | kr2udp: 1 | 
2026-05-03 17:38:58,550 - INFO     - img2od: 0 | od2fr: 0 | od2lpr: 564 | od2cap: 0 | fr2kr: 0 | lpr2kr: 1000 | cap2udp: 0 | kr2udp: 1 | 
2026-05-03 17:38:59,551 - INFO     - img2od: 0 | od2fr: 0 | od2lpr: 560 | od2cap: 0 | fr2kr: 0 | lpr2kr: 1000 | cap2udp: 0 | kr2udp: 1 | 
2026-05-03 17:39:00,552 - INFO     - img2od: 0 | od2fr: 0 | od2lpr: 556 | od2cap: 0 | fr2kr: 0 | lpr2kr: 1000 | cap2udp: 0 | kr2udp: 1 | 
2026-05-03 17:39:01,553 - INFO     - img2od: 0 | od2fr: 0 | od2lpr: 552 | od2cap: 0 | fr2kr: 0 | lpr2kr: 1000 | cap2udp: 0 | kr2udp: 1 | 
2026-05-03 17:39:02,554 - INFO     - img2od: 0 | od2fr: 0 | od2lpr: 547 | od2cap: 0 | fr2kr: 0 | lpr2kr: 1000 | cap2udp: 0 | kr2udp: 1 | 
2026-05-03 17:39:03,555 - INFO     - img2od: 0 | od2fr: 0 | od2lpr: 543 | od2cap: 0 | fr2kr: 0 | lpr2kr: 1000 | cap2udp: 0 | kr2udp: 1 | 
2026-05-03 17:39:04,557 - INFO     - img2od: 0 | od2fr: 0 | od2lpr: 539 | od2cap: 0 | fr2kr: 0 | lpr2kr: 1000 | cap2udp: 0 | kr2udp: 1 | 
2026-05-03 17:39:05,558 - INFO     - img2od: 0 | od2fr: 0 | od2lpr: 535 | od2cap: 0 | fr2kr: 0 | lpr2kr: 1000 | cap2udp: 0 | kr2udp: 0 | 
2026-05-03 17:39:06,559 - INFO     - img2od: 0 | od2fr: 0 | od2lpr: 531 | od2cap: 0 | fr2kr: 0 | lpr2kr: 1000 | cap2udp: 0 | kr2udp: 0 | 
2026-05-03 17:39:07,560 - INFO     - img2od: 0 | od2fr: 0 | od2lpr: 527 | od2cap: 0 | fr2kr: 0 | lpr2kr: 1000 | cap2udp: 0 | kr2udp: 1 | 
2026-05-03 17:39:08,561 - INFO     - img2od: 0 | od2fr: 0 | od2lpr: 523 | od2cap: 0 | fr2kr: 0 | lpr2kr: 1000 | cap2udp: 0 | kr2udp: 1 | 
2026-05-03 17:39:09,562 - INFO     - img2od: 0 | od2fr: 0 | od2lpr: 519 | od2cap: 0 | fr2kr: 0 | lpr2kr: 1000 | cap2udp: 0 | kr2udp: 1 | 
2026-05-03 17:39:10,563 - INFO     - img2od: 0 | od2fr: 0 | od2lpr: 515 | od2cap: 0 | fr2kr: 0 | lpr2kr: 1000 | cap2udp: 0 | kr2udp: 1 | 
2026-05-03 17:39:11,564 - INFO     - img2od: 0 | od2fr: 0 | od2lpr: 511 | od2cap: 0 | fr2kr: 0 | lpr2kr: 1000 | cap2udp: 0 | kr2udp: 1 | 
2026-05-03 17:39:12,566 - INFO     - img2od: 0 | od2fr: 0 | od2lpr: 507 | od2cap: 0 | fr2kr: 0 | lpr2kr: 1000 | cap2udp: 0 | kr2udp: 1 | 
2026-05-03 17:39:13,567 - INFO     - img2od: 0 | od2fr: 0 | od2lpr: 503 | od2cap: 0 | fr2kr: 0 | lpr2kr: 1000 | cap2udp: 0 | kr2udp: 1 | 
2026-05-03 17:39:14,568 - INFO     - img2od: 0 | od2fr: 0 | od2lpr: 498 | od2cap: 0 | fr2kr: 0 | lpr2kr: 1000 | cap2udp: 0 | kr2udp: 1 | 
2026-05-03 17:39:15,569 - INFO     - img2od: 0 | od2fr: 0 | od2lpr: 494 | od2cap: 0 | fr2kr: 0 | lpr2kr: 1000 | cap2udp: 0 | kr2udp: 1 | 
2026-05-03 17:39:16,571 - INFO     - img2od: 0 | od2fr: 0 | od2lpr: 490 | od2cap: 0 | fr2kr: 0 | lpr2kr: 1000 | cap2udp: 0 | kr2udp: 0 | 
2026-05-03 17:39:17,572 - INFO     - img2od: 0 | od2fr: 0 | od2lpr: 486 | od2cap: 0 | fr2kr: 0 | lpr2kr: 1000 | cap2udp: 0 | kr2udp: 0 | 
2026-05-03 17:39:18,573 - INFO     - img2od: 0 | od2fr: 0 | od2lpr: 482 | od2cap: 0 | fr2kr: 0 | lpr2kr: 1000 | cap2udp: 0 | kr2udp: 0 | 
2026-05-03 17:39:19,574 - INFO     - img2od: 0 | od2fr: 0 | od2lpr: 478 | od2cap: 0 | fr2kr: 0 | lpr2kr: 1000 | cap2udp: 0 | kr2udp: 0 | 
2026-05-03 17:39:20,576 - INFO     - img2od: 0 | od2fr: 0 | od2lpr: 474 | od2cap: 0 | fr2kr: 0 | lpr2kr: 1000 | cap2udp: 0 | kr2udp: 1 | 
2026-05-03 17:39:21,577 - INFO     - img2od: 0 | od2fr: 0 | od2lpr: 470 | od2cap: 0 | fr2kr: 0 | lpr2kr: 1000 | cap2udp: 0 | kr2udp: 1 | 
2026-05-03 17:39:22,577 - INFO     - img2od: 0 | od2fr: 0 | od2lpr: 466 | od2cap: 0 | fr2kr: 0 | lpr2kr: 1000 | cap2udp: 0 | kr2udp: 1 | 
2026-05-03 17:39:23,578 - INFO     - img2od: 0 | od2fr: 0 | od2lpr: 462 | od2cap: 0 | fr2kr: 0 | lpr2kr: 1000 | cap2udp: 0 | kr2udp: 1 | 
2026-05-03 17:39:24,580 - INFO     - img2od: 0 | od2fr: 0 | od2lpr: 458 | od2cap: 0 | fr2kr: 0 | lpr2kr: 1000 | cap2udp: 0 | kr2udp: 1 | 
2026-05-03 17:39:25,581 - INFO     - img2od: 0 | od2fr: 0 | od2lpr: 454 | od2cap: 0 | fr2kr: 0 | lpr2kr: 1000 | cap2udp: 0 | kr2udp: 1 | 
2026-05-03 17:39:26,582 - INFO     - img2od: 0 | od2fr: 0 | od2lpr: 449 | od2cap: 0 | fr2kr: 0 | lpr2kr: 1000 | cap2udp: 0 | kr2udp: 1 | 
2026-05-03 17:39:27,583 - INFO     - img2od: 0 | od2fr: 0 | od2lpr: 445 | od2cap: 0 | fr2kr: 0 | lpr2kr: 1000 | cap2udp: 0 | kr2udp: 1 | 
2026-05-03 17:39:28,584 - INFO     - img2od: 0 | od2fr: 0 | od2lpr: 441 | od2cap: 0 | fr2kr: 0 | lpr2kr: 1000 | cap2udp: 0 | kr2udp: 0 | 
2026-05-03 17:39:29,585 - INFO     - img2od: 0 | od2fr: 0 | od2lpr: 437 | od2cap: 0 | fr2kr: 0 | lpr2kr: 1000 | cap2udp: 0 | kr2udp: 0 | 
2026-05-03 17:39:30,587 - INFO     - img2od: 0 | od2fr: 0 | od2lpr: 433 | od2cap: 0 | fr2kr: 0 | lpr2kr: 1000 | cap2udp: 0 | kr2udp: 0 | 
2026-05-03 17:39:31,588 - INFO     - img2od: 0 | od2fr: 0 | od2lpr: 429 | od2cap: 0 | fr2kr: 0 | lpr2kr: 1000 | cap2udp: 0 | kr2udp: 1 | 
2026-05-03 17:39:32,589 - INFO     - img2od: 0 | od2fr: 0 | od2lpr: 425 | od2cap: 0 | fr2kr: 0 | lpr2kr: 1000 | cap2udp: 0 | kr2udp: 2 | 
2026-05-03 17:39:33,589 - INFO     - img2od: 0 | od2fr: 0 | od2lpr: 421 | od2cap: 0 | fr2kr: 0 | lpr2kr: 1000 | cap2udp: 0 | kr2udp: 1 | 
2026-05-03 17:39:34,590 - INFO     - img2od: 0 | od2fr: 0 | od2lpr: 417 | od2cap: 0 | fr2kr: 0 | lpr2kr: 1000 | cap2udp: 0 | kr2udp: 1 | 
2026-05-03 17:39:35,592 - INFO     - img2od: 0 | od2fr: 0 | od2lpr: 413 | od2cap: 0 | fr2kr: 0 | lpr2kr: 1000 | cap2udp: 0 | kr2udp: 1 | 
2026-05-03 17:39:36,593 - INFO     - img2od: 0 | od2fr: 0 | od2lpr: 409 | od2cap: 0 | fr2kr: 0 | lpr2kr: 1000 | cap2udp: 0 | kr2udp: 1 | 
2026-05-03 17:39:37,594 - INFO     - img2od: 0 | od2fr: 0 | od2lpr: 405 | od2cap: 0 | fr2kr: 0 | lpr2kr: 1000 | cap2udp: 0 | kr2udp: 1 | 
2026-05-03 17:39:38,595 - INFO     - img2od: 0 | od2fr: 0 | od2lpr: 400 | od2cap: 0 | fr2kr: 0 | lpr2kr: 1000 | cap2udp: 0 | kr2udp: 1 | 
2026-05-03 17:39:39,596 - INFO     - img2od: 0 | od2fr: 0 | od2lpr: 396 | od2cap: 0 | fr2kr: 0 | lpr2kr: 1000 | cap2udp: 0 | kr2udp: 0 | 
2026-05-03 17:39:40,597 - INFO     - img2od: 0 | od2fr: 0 | od2lpr: 392 | od2cap: 0 | fr2kr: 0 | lpr2kr: 1000 | cap2udp: 0 | kr2udp: 1 | 
2026-05-03 17:39:41,599 - INFO     - img2od: 0 | od2fr: 0 | od2lpr: 388 | od2cap: 0 | fr2kr: 0 | lpr2kr: 1000 | cap2udp: 0 | kr2udp: 1 | 
2026-05-03 17:39:42,600 - INFO     - img2od: 0 | od2fr: 0 | od2lpr: 384 | od2cap: 0 | fr2kr: 0 | lpr2kr: 1000 | cap2udp: 0 | kr2udp: 1 | 
2026-05-03 17:39:43,601 - INFO     - img2od: 0 | od2fr: 0 | od2lpr: 380 | od2cap: 0 | fr2kr: 0 | lpr2kr: 1000 | cap2udp: 0 | kr2udp: 1 | 
2026-05-03 17:39:44,602 - INFO     - img2od: 0 | od2fr: 0 | od2lpr: 376 | od2cap: 0 | fr2kr: 0 | lpr2kr: 1000 | cap2udp: 0 | kr2udp: 0 | 
2026-05-03 17:39:45,604 - INFO     - img2od: 0 | od2fr: 0 | od2lpr: 372 | od2cap: 0 | fr2kr: 0 | lpr2kr: 1000 | cap2udp: 0 | kr2udp: 1 | 
2026-05-03 17:39:46,605 - INFO     - img2od: 0 | od2fr: 0 | od2lpr: 368 | od2cap: 0 | fr2kr: 0 | lpr2kr: 1000 | cap2udp: 0 | kr2udp: 1 | 
2026-05-03 17:39:47,606 - INFO     - img2od: 0 | od2fr: 0 | od2lpr: 364 | od2cap: 0 | fr2kr: 0 | lpr2kr: 1000 | cap2udp: 0 | kr2udp: 1 | 
2026-05-03 17:39:48,607 - INFO     - img2od: 0 | od2fr: 0 | od2lpr: 360 | od2cap: 0 | fr2kr: 0 | lpr2kr: 1000 | cap2udp: 0 | kr2udp: 1 | 
2026-05-03 17:39:49,608 - INFO     - img2od: 0 | od2fr: 0 | od2lpr: 356 | od2cap: 0 | fr2kr: 0 | lpr2kr: 1000 | cap2udp: 0 | kr2udp: 1 | 
2026-05-03 17:39:50,610 - INFO     - img2od: 0 | od2fr: 0 | od2lpr: 352 | od2cap: 0 | fr2kr: 0 | lpr2kr: 999 | cap2udp: 0 | kr2udp: 1 | 
2026-05-03 17:39:51,611 - INFO     - img2od: 0 | od2fr: 0 | od2lpr: 347 | od2cap: 0 | fr2kr: 0 | lpr2kr: 1000 | cap2udp: 0 | kr2udp: 1 | 
2026-05-03 17:39:52,612 - INFO     - img2od: 0 | od2fr: 0 | od2lpr: 343 | od2cap: 0 | fr2kr: 0 | lpr2kr: 1000 | cap2udp: 0 | kr2udp: 1 | 
2026-05-03 17:39:53,613 - INFO     - img2od: 0 | od2fr: 0 | od2lpr: 339 | od2cap: 0 | fr2kr: 0 | lpr2kr: 1000 | cap2udp: 0 | kr2udp: 1 | 
2026-05-03 17:39:54,615 - INFO     - img2od: 0 | od2fr: 0 | od2lpr: 335 | od2cap: 0 | fr2kr: 0 | lpr2kr: 1000 | cap2udp: 0 | kr2udp: 0 | 
2026-05-03 17:39:55,616 - INFO     - img2od: 0 | od2fr: 0 | od2lpr: 331 | od2cap: 0 | fr2kr: 0 | lpr2kr: 1000 | cap2udp: 0 | kr2udp: 1 | 
2026-05-03 17:39:56,617 - INFO     - img2od: 0 | od2fr: 0 | od2lpr: 327 | od2cap: 0 | fr2kr: 0 | lpr2kr: 1000 | cap2udp: 0 | kr2udp: 1 | 
2026-05-03 17:39:57,618 - INFO     - img2od: 0 | od2fr: 0 | od2lpr: 323 | od2cap: 0 | fr2kr: 0 | lpr2kr: 1000 | cap2udp: 0 | kr2udp: 1 | 
2026-05-03 17:39:58,619 - INFO     - img2od: 0 | od2fr: 0 | od2lpr: 318 | od2cap: 0 | fr2kr: 0 | lpr2kr: 1000 | cap2udp: 0 | kr2udp: 1 | 
2026-05-03 17:39:59,620 - INFO     - img2od: 0 | od2fr: 0 | od2lpr: 314 | od2cap: 0 | fr2kr: 0 | lpr2kr: 1000 | cap2udp: 0 | kr2udp: 0 | 
2026-05-03 17:40:00,621 - INFO     - img2od: 0 | od2fr: 0 | od2lpr: 310 | od2cap: 0 | fr2kr: 0 | lpr2kr: 1000 | cap2udp: 0 | kr2udp: 1 | 
2026-05-03 17:40:01,622 - INFO     - img2od: 0 | od2fr: 0 | od2lpr: 306 | od2cap: 0 | fr2kr: 0 | lpr2kr: 1000 | cap2udp: 0 | kr2udp: 1 | 
2026-05-03 17:40:02,623 - INFO     - img2od: 0 | od2fr: 0 | od2lpr: 302 | od2cap: 0 | fr2kr: 0 | lpr2kr: 1000 | cap2udp: 0 | kr2udp: 1 | 
2026-05-03 17:40:03,624 - INFO     - img2od: 0 | od2fr: 0 | od2lpr: 297 | od2cap: 0 | fr2kr: 0 | lpr2kr: 1000 | cap2udp: 0 | kr2udp: 0 | 
2026-05-03 17:40:04,625 - INFO     - img2od: 0 | od2fr: 0 | od2lpr: 293 | od2cap: 0 | fr2kr: 0 | lpr2kr: 1000 | cap2udp: 0 | kr2udp: 1 | 
2026-05-03 17:40:05,627 - INFO     - img2od: 0 | od2fr: 0 | od2lpr: 289 | od2cap: 0 | fr2kr: 0 | lpr2kr: 1000 | cap2udp: 0 | kr2udp: 1 | 
2026-05-03 17:40:06,628 - INFO     - img2od: 0 | od2fr: 0 | od2lpr: 285 | od2cap: 0 | fr2kr: 0 | lpr2kr: 1000 | cap2udp: 0 | kr2udp: 1 | 
2026-05-03 17:40:07,629 - INFO     - img2od: 0 | od2fr: 0 | od2lpr: 280 | od2cap: 0 | fr2kr: 0 | lpr2kr: 1000 | cap2udp: 0 | kr2udp: 1 | 
2026-05-03 17:40:08,630 - INFO     - img2od: 0 | od2fr: 0 | od2lpr: 276 | od2cap: 0 | fr2kr: 0 | lpr2kr: 1000 | cap2udp: 0 | kr2udp: 0 | 
2026-05-03 17:40:09,632 - INFO     - img2od: 0 | od2fr: 0 | od2lpr: 272 | od2cap: 0 | fr2kr: 0 | lpr2kr: 1000 | cap2udp: 0 | kr2udp: 1 | 
2026-05-03 17:40:10,633 - INFO     - img2od: 0 | od2fr: 0 | od2lpr: 268 | od2cap: 0 | fr2kr: 0 | lpr2kr: 1000 | cap2udp: 0 | kr2udp: 1 | 
2026-05-03 17:40:11,634 - INFO     - img2od: 0 | od2fr: 0 | od2lpr: 263 | od2cap: 0 | fr2kr: 0 | lpr2kr: 1000 | cap2udp: 0 | kr2udp: 0 | 
2026-05-03 17:40:12,635 - INFO     - img2od: 0 | od2fr: 0 | od2lpr: 260 | od2cap: 0 | fr2kr: 0 | lpr2kr: 999 | cap2udp: 0 | kr2udp: 1 | 
2026-05-03 17:40:13,636 - INFO     - img2od: 0 | od2fr: 0 | od2lpr: 255 | od2cap: 0 | fr2kr: 0 | lpr2kr: 1000 | cap2udp: 0 | kr2udp: 1 | 
2026-05-03 17:40:14,637 - INFO     - img2od: 0 | od2fr: 0 | od2lpr: 251 | od2cap: 0 | fr2kr: 0 | lpr2kr: 1000 | cap2udp: 0 | kr2udp: 1 | 
2026-05-03 17:40:15,638 - INFO     - img2od: 0 | od2fr: 0 | od2lpr: 247 | od2cap: 0 | fr2kr: 0 | lpr2kr: 1000 | cap2udp: 0 | kr2udp: 1 | 
2026-05-03 17:40:16,639 - INFO     - img2od: 0 | od2fr: 0 | od2lpr: 244 | od2cap: 0 | fr2kr: 0 | lpr2kr: 1000 | cap2udp: 0 | kr2udp: 0 | 
2026-05-03 17:40:17,640 - INFO     - img2od: 0 | od2fr: 0 | od2lpr: 241 | od2cap: 0 | fr2kr: 0 | lpr2kr: 1000 | cap2udp: 0 | kr2udp: 1 | 
2026-05-03 17:40:18,641 - INFO     - img2od: 0 | od2fr: 0 | od2lpr: 237 | od2cap: 0 | fr2kr: 0 | lpr2kr: 1000 | cap2udp: 0 | kr2udp: 1 | 
2026-05-03 17:40:19,642 - INFO     - img2od: 0 | od2fr: 0 | od2lpr: 235 | od2cap: 0 | fr2kr: 0 | lpr2kr: 1000 | cap2udp: 0 | kr2udp: 1 | 
2026-05-03 17:40:20,643 - INFO     - img2od: 0 | od2fr: 0 | od2lpr: 231 | od2cap: 0 | fr2kr: 0 | lpr2kr: 1000 | cap2udp: 0 | kr2udp: 0 | 
2026-05-03 17:40:21,644 - INFO     - img2od: 0 | od2fr: 0 | od2lpr: 228 | od2cap: 0 | fr2kr: 0 | lpr2kr: 1000 | cap2udp: 0 | kr2udp: 1 | 
2026-05-03 17:40:22,645 - INFO     - img2od: 0 | od2fr: 0 | od2lpr: 224 | od2cap: 0 | fr2kr: 0 | lpr2kr: 1000 | cap2udp: 0 | kr2udp: 0 | 
2026-05-03 17:40:23,646 - INFO     - img2od: 0 | od2fr: 0 | od2lpr: 221 | od2cap: 0 | fr2kr: 0 | lpr2kr: 1000 | cap2udp: 0 | kr2udp: 1 | 
2026-05-03 17:40:24,647 - INFO     - img2od: 0 | od2fr: 0 | od2lpr: 218 | od2cap: 0 | fr2kr: 0 | lpr2kr: 1000 | cap2udp: 0 | kr2udp: 0 | 
2026-05-03 17:40:25,648 - INFO     - img2od: 0 | od2fr: 0 | od2lpr: 216 | od2cap: 0 | fr2kr: 0 | lpr2kr: 1000 | cap2udp: 0 | kr2udp: 1 | 
2026-05-03 17:40:26,649 - INFO     - img2od: 0 | od2fr: 0 | od2lpr: 213 | od2cap: 0 | fr2kr: 0 | lpr2kr: 1000 | cap2udp: 0 | kr2udp: 0 | 
2026-05-03 17:40:27,650 - INFO     - img2od: 0 | od2fr: 0 | od2lpr: 211 | od2cap: 0 | fr2kr: 0 | lpr2kr: 1000 | cap2udp: 0 | kr2udp: 1 | 
2026-05-03 17:40:28,651 - INFO     - img2od: 0 | od2fr: 0 | od2lpr: 208 | od2cap: 0 | fr2kr: 0 | lpr2kr: 1000 | cap2udp: 0 | kr2udp: 0 | 
2026-05-03 17:40:29,652 - INFO     - img2od: 0 | od2fr: 0 | od2lpr: 205 | od2cap: 0 | fr2kr: 0 | lpr2kr: 1000 | cap2udp: 0 | kr2udp: 0 | 
2026-05-03 17:40:30,653 - INFO     - img2od: 0 | od2fr: 0 | od2lpr: 202 | od2cap: 0 | fr2kr: 0 | lpr2kr: 1000 | cap2udp: 0 | kr2udp: 1 | 
2026-05-03 17:40:31,654 - INFO     - img2od: 0 | od2fr: 0 | od2lpr: 200 | od2cap: 0 | fr2kr: 0 | lpr2kr: 1000 | cap2udp: 0 | kr2udp: 1 | 
2026-05-03 17:40:32,655 - INFO     - img2od: 0 | od2fr: 0 | od2lpr: 197 | od2cap: 0 | fr2kr: 0 | lpr2kr: 1000 | cap2udp: 0 | kr2udp: 0 | 
2026-05-03 17:40:33,656 - INFO     - img2od: 0 | od2fr: 0 | od2lpr: 195 | od2cap: 0 | fr2kr: 0 | lpr2kr: 1000 | cap2udp: 0 | kr2udp: 0 | 
2026-05-03 17:40:34,657 - INFO     - img2od: 0 | od2fr: 0 | od2lpr: 192 | od2cap: 0 | fr2kr: 0 | lpr2kr: 1000 | cap2udp: 0 | kr2udp: 1 | 
2026-05-03 17:40:35,658 - INFO     - img2od: 0 | od2fr: 0 | od2lpr: 189 | od2cap: 0 | fr2kr: 0 | lpr2kr: 1000 | cap2udp: 0 | kr2udp: 0 | 
2026-05-03 17:40:36,659 - INFO     - img2od: 0 | od2fr: 0 | od2lpr: 186 | od2cap: 0 | fr2kr: 0 | lpr2kr: 1000 | cap2udp: 0 | kr2udp: 0 | 
2026-05-03 17:40:37,660 - INFO     - img2od: 0 | od2fr: 0 | od2lpr: 183 | od2cap: 0 | fr2kr: 0 | lpr2kr: 1000 | cap2udp: 0 | kr2udp: 1 | 
2026-05-03 17:40:38,661 - INFO     - img2od: 0 | od2fr: 0 | od2lpr: 180 | od2cap: 0 | fr2kr: 0 | lpr2kr: 1000 | cap2udp: 0 | kr2udp: 2 | 
2026-05-03 17:40:39,662 - INFO     - img2od: 0 | od2fr: 0 | od2lpr: 177 | od2cap: 0 | fr2kr: 0 | lpr2kr: 1000 | cap2udp: 0 | kr2udp: 1 | 
2026-05-03 17:40:40,663 - INFO     - img2od: 0 | od2fr: 0 | od2lpr: 174 | od2cap: 0 | fr2kr: 0 | lpr2kr: 1000 | cap2udp: 0 | kr2udp: 0 | 
2026-05-03 17:40:41,664 - INFO     - img2od: 0 | od2fr: 0 | od2lpr: 171 | od2cap: 0 | fr2kr: 0 | lpr2kr: 1000 | cap2udp: 0 | kr2udp: 1 | 
2026-05-03 17:40:42,665 - INFO     - img2od: 0 | od2fr: 0 | od2lpr: 169 | od2cap: 0 | fr2kr: 0 | lpr2kr: 1000 | cap2udp: 0 | kr2udp: 1 | 
2026-05-03 17:40:43,666 - INFO     - img2od: 0 | od2fr: 0 | od2lpr: 166 | od2cap: 0 | fr2kr: 0 | lpr2kr: 1000 | cap2udp: 0 | kr2udp: 0 | 
2026-05-03 17:40:44,667 - INFO     - img2od: 0 | od2fr: 0 | od2lpr: 164 | od2cap: 0 | fr2kr: 0 | lpr2kr: 1000 | cap2udp: 0 | kr2udp: 1 | 
2026-05-03 17:40:45,668 - INFO     - img2od: 0 | od2fr: 0 | od2lpr: 160 | od2cap: 0 | fr2kr: 0 | lpr2kr: 1000 | cap2udp: 0 | kr2udp: 0 | 
2026-05-03 17:40:46,669 - INFO     - img2od: 0 | od2fr: 0 | od2lpr: 157 | od2cap: 0 | fr2kr: 0 | lpr2kr: 1000 | cap2udp: 0 | kr2udp: 1 | 
2026-05-03 17:40:47,670 - INFO     - img2od: 0 | od2fr: 0 | od2lpr: 153 | od2cap: 0 | fr2kr: 0 | lpr2kr: 1000 | cap2udp: 0 | kr2udp: 1 | 
2026-05-03 17:40:48,671 - INFO     - img2od: 0 | od2fr: 0 | od2lpr: 149 | od2cap: 0 | fr2kr: 0 | lpr2kr: 1000 | cap2udp: 0 | kr2udp: 1 | 
2026-05-03 17:40:49,672 - INFO     - img2od: 0 | od2fr: 0 | od2lpr: 145 | od2cap: 0 | fr2kr: 0 | lpr2kr: 1000 | cap2udp: 0 | kr2udp: 0 | 
2026-05-03 17:40:50,673 - INFO     - img2od: 0 | od2fr: 0 | od2lpr: 142 | od2cap: 0 | fr2kr: 0 | lpr2kr: 1000 | cap2udp: 0 | kr2udp: 1 | 
2026-05-03 17:40:51,674 - INFO     - img2od: 0 | od2fr: 0 | od2lpr: 138 | od2cap: 0 | fr2kr: 0 | lpr2kr: 1000 | cap2udp: 0 | kr2udp: 1 | 
2026-05-03 17:40:52,675 - INFO     - img2od: 0 | od2fr: 0 | od2lpr: 134 | od2cap: 0 | fr2kr: 0 | lpr2kr: 1000 | cap2udp: 0 | kr2udp: 1 | 
2026-05-03 17:40:53,676 - INFO     - img2od: 0 | od2fr: 0 | od2lpr: 130 | od2cap: 0 | fr2kr: 0 | lpr2kr: 1000 | cap2udp: 0 | kr2udp: 1 | 
2026-05-03 17:40:54,677 - INFO     - img2od: 0 | od2fr: 0 | od2lpr: 127 | od2cap: 0 | fr2kr: 0 | lpr2kr: 1000 | cap2udp: 0 | kr2udp: 1 | 
2026-05-03 17:40:55,678 - INFO     - img2od: 0 | od2fr: 0 | od2lpr: 123 | od2cap: 0 | fr2kr: 0 | lpr2kr: 1000 | cap2udp: 0 | kr2udp: 1 | 
2026-05-03 17:40:56,679 - INFO     - img2od: 0 | od2fr: 0 | od2lpr: 119 | od2cap: 0 | fr2kr: 0 | lpr2kr: 1000 | cap2udp: 0 | kr2udp: 1 | 
2026-05-03 17:40:57,680 - INFO     - img2od: 0 | od2fr: 0 | od2lpr: 115 | od2cap: 0 | fr2kr: 0 | lpr2kr: 1000 | cap2udp: 0 | kr2udp: 1 | 
2026-05-03 17:40:58,681 - INFO     - img2od: 0 | od2fr: 0 | od2lpr: 111 | od2cap: 0 | fr2kr: 0 | lpr2kr: 1000 | cap2udp: 0 | kr2udp: 1 | 
2026-05-03 17:40:59,682 - INFO     - img2od: 0 | od2fr: 0 | od2lpr: 108 | od2cap: 0 | fr2kr: 0 | lpr2kr: 1000 | cap2udp: 0 | kr2udp: 1 | 
2026-05-03 17:41:00,683 - INFO     - img2od: 0 | od2fr: 0 | od2lpr: 104 | od2cap: 0 | fr2kr: 0 | lpr2kr: 1000 | cap2udp: 0 | kr2udp: 0 | 
2026-05-03 17:41:01,684 - INFO     - img2od: 0 | od2fr: 0 | od2lpr: 101 | od2cap: 0 | fr2kr: 0 | lpr2kr: 1000 | cap2udp: 0 | kr2udp: 1 | 
2026-05-03 17:41:02,685 - INFO     - img2od: 0 | od2fr: 0 | od2lpr: 97 | od2cap: 0 | fr2kr: 0 | lpr2kr: 1000 | cap2udp: 0 | kr2udp: 1 | 
2026-05-03 17:41:03,686 - INFO     - img2od: 0 | od2fr: 0 | od2lpr: 93 | od2cap: 0 | fr2kr: 0 | lpr2kr: 1000 | cap2udp: 0 | kr2udp: 1 | 
2026-05-03 17:41:04,687 - INFO     - img2od: 0 | od2fr: 0 | od2lpr: 89 | od2cap: 0 | fr2kr: 0 | lpr2kr: 1000 | cap2udp: 0 | kr2udp: 1 | 
2026-05-03 17:41:05,688 - INFO     - img2od: 0 | od2fr: 0 | od2lpr: 85 | od2cap: 0 | fr2kr: 0 | lpr2kr: 1000 | cap2udp: 0 | kr2udp: 1 | 
2026-05-03 17:41:06,689 - INFO     - img2od: 0 | od2fr: 0 | od2lpr: 81 | od2cap: 0 | fr2kr: 0 | lpr2kr: 1000 | cap2udp: 0 | kr2udp: 1 | 
2026-05-03 17:41:07,690 - INFO     - img2od: 0 | od2fr: 0 | od2lpr: 78 | od2cap: 0 | fr2kr: 0 | lpr2kr: 1000 | cap2udp: 0 | kr2udp: 1 | 
2026-05-03 17:41:08,691 - INFO     - img2od: 0 | od2fr: 0 | od2lpr: 74 | od2cap: 0 | fr2kr: 0 | lpr2kr: 1000 | cap2udp: 0 | kr2udp: 1 | 
2026-05-03 17:41:09,692 - INFO     - img2od: 0 | od2fr: 0 | od2lpr: 70 | od2cap: 0 | fr2kr: 0 | lpr2kr: 1000 | cap2udp: 0 | kr2udp: 0 | 
2026-05-03 17:41:10,693 - INFO     - img2od: 0 | od2fr: 0 | od2lpr: 67 | od2cap: 0 | fr2kr: 0 | lpr2kr: 1000 | cap2udp: 0 | kr2udp: 0 | 
2026-05-03 17:41:11,694 - INFO     - img2od: 0 | od2fr: 0 | od2lpr: 63 | od2cap: 0 | fr2kr: 0 | lpr2kr: 1000 | cap2udp: 0 | kr2udp: 1 | 
2026-05-03 17:41:12,695 - INFO     - img2od: 0 | od2fr: 0 | od2lpr: 59 | od2cap: 0 | fr2kr: 0 | lpr2kr: 1000 | cap2udp: 0 | kr2udp: 1 | 
2026-05-03 17:41:13,696 - INFO     - img2od: 0 | od2fr: 0 | od2lpr: 56 | od2cap: 0 | fr2kr: 0 | lpr2kr: 1000 | cap2udp: 0 | kr2udp: 0 | 
2026-05-03 17:41:14,697 - INFO     - img2od: 0 | od2fr: 0 | od2lpr: 52 | od2cap: 0 | fr2kr: 0 | lpr2kr: 1000 | cap2udp: 0 | kr2udp: 0 | 
2026-05-03 17:41:15,698 - INFO     - img2od: 0 | od2fr: 0 | od2lpr: 48 | od2cap: 0 | fr2kr: 0 | lpr2kr: 1000 | cap2udp: 0 | kr2udp: 0 | 
2026-05-03 17:41:16,699 - INFO     - img2od: 0 | od2fr: 0 | od2lpr: 45 | od2cap: 0 | fr2kr: 0 | lpr2kr: 1000 | cap2udp: 0 | kr2udp: 1 | 
2026-05-03 17:41:17,700 - INFO     - img2od: 0 | od2fr: 0 | od2lpr: 41 | od2cap: 0 | fr2kr: 0 | lpr2kr: 1000 | cap2udp: 0 | kr2udp: 1 | 
2026-05-03 17:41:18,701 - INFO     - img2od: 0 | od2fr: 0 | od2lpr: 37 | od2cap: 0 | fr2kr: 0 | lpr2kr: 1000 | cap2udp: 0 | kr2udp: 0 | 
2026-05-03 17:41:19,702 - INFO     - img2od: 0 | od2fr: 0 | od2lpr: 33 | od2cap: 0 | fr2kr: 0 | lpr2kr: 1000 | cap2udp: 0 | kr2udp: 1 | 
2026-05-03 17:41:20,703 - INFO     - img2od: 0 | od2fr: 0 | od2lpr: 30 | od2cap: 0 | fr2kr: 0 | lpr2kr: 1000 | cap2udp: 0 | kr2udp: 1 | 
2026-05-03 17:41:21,704 - INFO     - img2od: 0 | od2fr: 0 | od2lpr: 26 | od2cap: 0 | fr2kr: 0 | lpr2kr: 1000 | cap2udp: 0 | kr2udp: 1 | 
2026-05-03 17:41:22,705 - INFO     - img2od: 0 | od2fr: 0 | od2lpr: 23 | od2cap: 0 | fr2kr: 0 | lpr2kr: 1000 | cap2udp: 0 | kr2udp: 1 | 
2026-05-03 17:41:23,706 - INFO     - img2od: 0 | od2fr: 0 | od2lpr: 19 | od2cap: 0 | fr2kr: 0 | lpr2kr: 1000 | cap2udp: 0 | kr2udp: 1 | 
2026-05-03 17:41:24,707 - INFO     - img2od: 0 | od2fr: 0 | od2lpr: 16 | od2cap: 0 | fr2kr: 0 | lpr2kr: 999 | cap2udp: 0 | kr2udp: 1 | 
2026-05-03 17:41:25,708 - INFO     - img2od: 0 | od2fr: 0 | od2lpr: 12 | od2cap: 0 | fr2kr: 0 | lpr2kr: 1000 | cap2udp: 0 | kr2udp: 1 | 
2026-05-03 17:41:26,709 - INFO     - img2od: 0 | od2fr: 0 | od2lpr: 8 | od2cap: 0 | fr2kr: 0 | lpr2kr: 1000 | cap2udp: 0 | kr2udp: 0 | 
loading model on device: cuda
Initializing checkpoint: PekingU/rtdetr_r50vd, ID: 0
2026-05-03 17:41:27,710 - INFO     - img2od: 0 | od2fr: 0 | od2lpr: 5 | od2cap: 0 | fr2kr: 0 | lpr2kr: 1000 | cap2udp: 0 | kr2udp: 1 | 
2026-05-03 17:41:28,711 - INFO     - img2od: 0 | od2fr: 0 | od2lpr: 1 | od2cap: 0 | fr2kr: 0 | lpr2kr: 1000 | cap2udp: 0 | kr2udp: 1 | 
2026-05-03 17:41:28,865 - INFO     - lprStream    : Received END signal, shutting down
2026-05-03 17:41:29,283 - INFO     - lprStream    : shutdown successful
2026-05-03 17:41:29,712 - INFO     - img2od: 0 | od2fr: 0 | od2lpr: 0 | od2cap: 0 | fr2kr: 0 | lpr2kr: 998 | cap2udp: 0 | kr2udp: 0 | 
2026-05-03 17:41:30,713 - INFO     - img2od: 0 | od2fr: 0 | od2lpr: 0 | od2cap: 0 | fr2kr: 0 | lpr2kr: 994 | cap2udp: 0 | kr2udp: 1 | 
2026-05-03 17:41:31,714 - INFO     - img2od: 0 | od2fr: 0 | od2lpr: 0 | od2cap: 0 | fr2kr: 0 | lpr2kr: 990 | cap2udp: 0 | kr2udp: 1 | 
2026-05-03 17:41:32,715 - INFO     - img2od: 0 | od2fr: 0 | od2lpr: 0 | od2cap: 0 | fr2kr: 0 | lpr2kr: 985 | cap2udp: 0 | kr2udp: 1 | 
2026-05-03 17:41:33,716 - INFO     - img2od: 0 | od2fr: 0 | od2lpr: 0 | od2cap: 0 | fr2kr: 0 | lpr2kr: 981 | cap2udp: 0 | kr2udp: 0 | 
2026-05-03 17:41:34,717 - INFO     - img2od: 0 | od2fr: 0 | od2lpr: 0 | od2cap: 0 | fr2kr: 0 | lpr2kr: 977 | cap2udp: 0 | kr2udp: 1 | 
2026-05-03 17:41:35,718 - INFO     - img2od: 0 | od2fr: 0 | od2lpr: 0 | od2cap: 0 | fr2kr: 0 | lpr2kr: 973 | cap2udp: 0 | kr2udp: 1 | 
2026-05-03 17:41:36,719 - INFO     - img2od: 0 | od2fr: 0 | od2lpr: 0 | od2cap: 0 | fr2kr: 0 | lpr2kr: 969 | cap2udp: 0 | kr2udp: 1 | 
2026-05-03 17:41:37,720 - INFO     - img2od: 0 | od2fr: 0 | od2lpr: 0 | od2cap: 0 | fr2kr: 0 | lpr2kr: 964 | cap2udp: 0 | kr2udp: 0 | 
2026-05-03 17:41:38,721 - INFO     - img2od: 0 | od2fr: 0 | od2lpr: 0 | od2cap: 0 | fr2kr: 0 | lpr2kr: 960 | cap2udp: 0 | kr2udp: 0 | 
2026-05-03 17:41:39,722 - INFO     - img2od: 0 | od2fr: 0 | od2lpr: 0 | od2cap: 0 | fr2kr: 0 | lpr2kr: 956 | cap2udp: 0 | kr2udp: 1 | 
2026-05-03 17:41:40,723 - INFO     - img2od: 0 | od2fr: 0 | od2lpr: 0 | od2cap: 0 | fr2kr: 0 | lpr2kr: 952 | cap2udp: 0 | kr2udp: 1 | 
2026-05-03 17:41:41,724 - INFO     - img2od: 0 | od2fr: 0 | od2lpr: 0 | od2cap: 0 | fr2kr: 0 | lpr2kr: 947 | cap2udp: 0 | kr2udp: 0 | 
2026-05-03 17:41:42,726 - INFO     - img2od: 0 | od2fr: 0 | od2lpr: 0 | od2cap: 0 | fr2kr: 0 | lpr2kr: 943 | cap2udp: 0 | kr2udp: 1 | 
2026-05-03 17:41:43,727 - INFO     - img2od: 0 | od2fr: 0 | od2lpr: 0 | od2cap: 0 | fr2kr: 0 | lpr2kr: 939 | cap2udp: 0 | kr2udp: 1 | 
2026-05-03 17:41:44,728 - INFO     - img2od: 0 | od2fr: 0 | od2lpr: 0 | od2cap: 0 | fr2kr: 0 | lpr2kr: 934 | cap2udp: 0 | kr2udp: 1 | 
2026-05-03 17:41:45,729 - INFO     - img2od: 0 | od2fr: 0 | od2lpr: 0 | od2cap: 0 | fr2kr: 0 | lpr2kr: 930 | cap2udp: 0 | kr2udp: 1 | 
2026-05-03 17:41:46,731 - INFO     - img2od: 0 | od2fr: 0 | od2lpr: 0 | od2cap: 0 | fr2kr: 0 | lpr2kr: 926 | cap2udp: 0 | kr2udp: 1 | 
2026-05-03 17:41:47,732 - INFO     - img2od: 0 | od2fr: 0 | od2lpr: 0 | od2cap: 0 | fr2kr: 0 | lpr2kr: 922 | cap2udp: 0 | kr2udp: 1 | 
2026-05-03 17:41:48,733 - INFO     - img2od: 0 | od2fr: 0 | od2lpr: 0 | od2cap: 0 | fr2kr: 0 | lpr2kr: 917 | cap2udp: 0 | kr2udp: 1 | 
2026-05-03 17:41:49,734 - INFO     - img2od: 0 | od2fr: 0 | od2lpr: 0 | od2cap: 0 | fr2kr: 0 | lpr2kr: 913 | cap2udp: 0 | kr2udp: 0 | 
2026-05-03 17:41:50,735 - INFO     - img2od: 0 | od2fr: 0 | od2lpr: 0 | od2cap: 0 | fr2kr: 0 | lpr2kr: 909 | cap2udp: 0 | kr2udp: 1 | 
2026-05-03 17:41:51,736 - INFO     - img2od: 0 | od2fr: 0 | od2lpr: 0 | od2cap: 0 | fr2kr: 0 | lpr2kr: 904 | cap2udp: 0 | kr2udp: 1 | 
2026-05-03 17:41:52,737 - INFO     - img2od: 0 | od2fr: 0 | od2lpr: 0 | od2cap: 0 | fr2kr: 0 | lpr2kr: 900 | cap2udp: 0 | kr2udp: 1 | 
2026-05-03 17:41:53,738 - INFO     - img2od: 0 | od2fr: 0 | od2lpr: 0 | od2cap: 0 | fr2kr: 0 | lpr2kr: 896 | cap2udp: 0 | kr2udp: 1 | 
2026-05-03 17:41:54,739 - INFO     - img2od: 0 | od2fr: 0 | od2lpr: 0 | od2cap: 0 | fr2kr: 0 | lpr2kr: 892 | cap2udp: 0 | kr2udp: 1 | 
2026-05-03 17:41:55,741 - INFO     - img2od: 0 | od2fr: 0 | od2lpr: 0 | od2cap: 0 | fr2kr: 0 | lpr2kr: 887 | cap2udp: 0 | kr2udp: 1 | 
2026-05-03 17:41:56,742 - INFO     - img2od: 0 | od2fr: 0 | od2lpr: 0 | od2cap: 0 | fr2kr: 0 | lpr2kr: 883 | cap2udp: 0 | kr2udp: 1 | 
2026-05-03 17:41:57,743 - INFO     - img2od: 0 | od2fr: 0 | od2lpr: 0 | od2cap: 0 | fr2kr: 0 | lpr2kr: 879 | cap2udp: 0 | kr2udp: 1 | 
2026-05-03 17:41:58,744 - INFO     - img2od: 0 | od2fr: 0 | od2lpr: 0 | od2cap: 0 | fr2kr: 0 | lpr2kr: 874 | cap2udp: 0 | kr2udp: 1 | 
2026-05-03 17:41:59,745 - INFO     - img2od: 0 | od2fr: 0 | od2lpr: 0 | od2cap: 0 | fr2kr: 0 | lpr2kr: 870 | cap2udp: 0 | kr2udp: 0 | 
2026-05-03 17:42:00,747 - INFO     - img2od: 0 | od2fr: 0 | od2lpr: 0 | od2cap: 0 | fr2kr: 0 | lpr2kr: 866 | cap2udp: 0 | kr2udp: 1 | 
2026-05-03 17:42:01,748 - INFO     - img2od: 0 | od2fr: 0 | od2lpr: 0 | od2cap: 0 | fr2kr: 0 | lpr2kr: 862 | cap2udp: 0 | kr2udp: 1 | 
2026-05-03 17:42:02,749 - INFO     - img2od: 0 | od2fr: 0 | od2lpr: 0 | od2cap: 0 | fr2kr: 0 | lpr2kr: 857 | cap2udp: 0 | kr2udp: 0 | 
2026-05-03 17:42:03,750 - INFO     - img2od: 0 | od2fr: 0 | od2lpr: 0 | od2cap: 0 | fr2kr: 0 | lpr2kr: 853 | cap2udp: 0 | kr2udp: 0 | 
2026-05-03 17:42:04,751 - INFO     - img2od: 0 | od2fr: 0 | od2lpr: 0 | od2cap: 0 | fr2kr: 0 | lpr2kr: 849 | cap2udp: 0 | kr2udp: 1 | 
2026-05-03 17:42:05,752 - INFO     - img2od: 0 | od2fr: 0 | od2lpr: 0 | od2cap: 0 | fr2kr: 0 | lpr2kr: 845 | cap2udp: 0 | kr2udp: 1 | 
2026-05-03 17:42:06,753 - INFO     - img2od: 0 | od2fr: 0 | od2lpr: 0 | od2cap: 0 | fr2kr: 0 | lpr2kr: 840 | cap2udp: 0 | kr2udp: 0 | 
2026-05-03 17:42:07,754 - INFO     - img2od: 0 | od2fr: 0 | od2lpr: 0 | od2cap: 0 | fr2kr: 0 | lpr2kr: 836 | cap2udp: 0 | kr2udp: 1 | 
2026-05-03 17:42:08,755 - INFO     - img2od: 0 | od2fr: 0 | od2lpr: 0 | od2cap: 0 | fr2kr: 0 | lpr2kr: 832 | cap2udp: 0 | kr2udp: 1 | 
2026-05-03 17:42:09,756 - INFO     - img2od: 0 | od2fr: 0 | od2lpr: 0 | od2cap: 0 | fr2kr: 0 | lpr2kr: 827 | cap2udp: 0 | kr2udp: 0 | 
2026-05-03 17:42:10,758 - INFO     - img2od: 0 | od2fr: 0 | od2lpr: 0 | od2cap: 0 | fr2kr: 0 | lpr2kr: 823 | cap2udp: 0 | kr2udp: 0 | 
2026-05-03 17:42:11,759 - INFO     - img2od: 0 | od2fr: 0 | od2lpr: 0 | od2cap: 0 | fr2kr: 0 | lpr2kr: 819 | cap2udp: 0 | kr2udp: 1 | 
2026-05-03 17:42:12,760 - INFO     - img2od: 0 | od2fr: 0 | od2lpr: 0 | od2cap: 0 | fr2kr: 0 | lpr2kr: 815 | cap2udp: 0 | kr2udp: 1 | 
2026-05-03 17:42:13,760 - INFO     - img2od: 0 | od2fr: 0 | od2lpr: 0 | od2cap: 0 | fr2kr: 0 | lpr2kr: 810 | cap2udp: 0 | kr2udp: 0 | 
2026-05-03 17:42:14,761 - INFO     - img2od: 0 | od2fr: 0 | od2lpr: 0 | od2cap: 0 | fr2kr: 0 | lpr2kr: 806 | cap2udp: 0 | kr2udp: 0 | 
2026-05-03 17:42:15,762 - INFO     - img2od: 0 | od2fr: 0 | od2lpr: 0 | od2cap: 0 | fr2kr: 0 | lpr2kr: 802 | cap2udp: 0 | kr2udp: 1 | 
2026-05-03 17:42:16,763 - INFO     - img2od: 0 | od2fr: 0 | od2lpr: 0 | od2cap: 0 | fr2kr: 0 | lpr2kr: 797 | cap2udp: 0 | kr2udp: 1 | 
2026-05-03 17:42:17,764 - INFO     - img2od: 0 | od2fr: 0 | od2lpr: 0 | od2cap: 0 | fr2kr: 0 | lpr2kr: 793 | cap2udp: 0 | kr2udp: 0 | 
2026-05-03 17:42:18,765 - INFO     - img2od: 0 | od2fr: 0 | od2lpr: 0 | od2cap: 0 | fr2kr: 0 | lpr2kr: 789 | cap2udp: 0 | kr2udp: 1 | 
2026-05-03 17:42:19,766 - INFO     - img2od: 0 | od2fr: 0 | od2lpr: 0 | od2cap: 0 | fr2kr: 0 | lpr2kr: 785 | cap2udp: 0 | kr2udp: 1 | 
2026-05-03 17:42:20,768 - INFO     - img2od: 0 | od2fr: 0 | od2lpr: 0 | od2cap: 0 | fr2kr: 0 | lpr2kr: 780 | cap2udp: 0 | kr2udp: 0 | 
2026-05-03 17:42:21,769 - INFO     - img2od: 0 | od2fr: 0 | od2lpr: 0 | od2cap: 0 | fr2kr: 0 | lpr2kr: 776 | cap2udp: 0 | kr2udp: 1 | 
2026-05-03 17:42:22,770 - INFO     - img2od: 0 | od2fr: 0 | od2lpr: 0 | od2cap: 0 | fr2kr: 0 | lpr2kr: 772 | cap2udp: 0 | kr2udp: 1 | 
2026-05-03 17:42:23,771 - INFO     - img2od: 0 | od2fr: 0 | od2lpr: 0 | od2cap: 0 | fr2kr: 0 | lpr2kr: 767 | cap2udp: 0 | kr2udp: 0 | 
2026-05-03 17:42:24,773 - INFO     - img2od: 0 | od2fr: 0 | od2lpr: 0 | od2cap: 0 | fr2kr: 0 | lpr2kr: 763 | cap2udp: 0 | kr2udp: 0 | 
2026-05-03 17:42:25,774 - INFO     - img2od: 0 | od2fr: 0 | od2lpr: 0 | od2cap: 0 | fr2kr: 0 | lpr2kr: 759 | cap2udp: 0 | kr2udp: 1 | 
2026-05-03 17:42:26,775 - INFO     - img2od: 0 | od2fr: 0 | od2lpr: 0 | od2cap: 0 | fr2kr: 0 | lpr2kr: 755 | cap2udp: 0 | kr2udp: 1 | 
2026-05-03 17:42:27,776 - INFO     - img2od: 0 | od2fr: 0 | od2lpr: 0 | od2cap: 0 | fr2kr: 0 | lpr2kr: 750 | cap2udp: 0 | kr2udp: 1 | 
2026-05-03 17:42:28,777 - INFO     - img2od: 0 | od2fr: 0 | od2lpr: 0 | od2cap: 0 | fr2kr: 0 | lpr2kr: 746 | cap2udp: 0 | kr2udp: 1 | 
2026-05-03 17:42:29,778 - INFO     - img2od: 0 | od2fr: 0 | od2lpr: 0 | od2cap: 0 | fr2kr: 0 | lpr2kr: 742 | cap2udp: 0 | kr2udp: 1 | 
2026-05-03 17:42:30,779 - INFO     - img2od: 0 | od2fr: 0 | od2lpr: 0 | od2cap: 0 | fr2kr: 0 | lpr2kr: 738 | cap2udp: 0 | kr2udp: 1 | 
2026-05-03 17:42:31,780 - INFO     - img2od: 0 | od2fr: 0 | od2lpr: 0 | od2cap: 0 | fr2kr: 0 | lpr2kr: 734 | cap2udp: 0 | kr2udp: 1 | 
2026-05-03 17:42:32,782 - INFO     - img2od: 0 | od2fr: 0 | od2lpr: 0 | od2cap: 0 | fr2kr: 0 | lpr2kr: 729 | cap2udp: 0 | kr2udp: 1 | 
2026-05-03 17:42:33,783 - INFO     - img2od: 0 | od2fr: 0 | od2lpr: 0 | od2cap: 0 | fr2kr: 0 | lpr2kr: 725 | cap2udp: 0 | kr2udp: 1 | 
2026-05-03 17:42:34,784 - INFO     - img2od: 0 | od2fr: 0 | od2lpr: 0 | od2cap: 0 | fr2kr: 0 | lpr2kr: 721 | cap2udp: 0 | kr2udp: 1 | 
2026-05-03 17:42:35,785 - INFO     - img2od: 0 | od2fr: 0 | od2lpr: 0 | od2cap: 0 | fr2kr: 0 | lpr2kr: 717 | cap2udp: 0 | kr2udp: 1 | 
2026-05-03 17:42:36,786 - INFO     - img2od: 0 | od2fr: 0 | od2lpr: 0 | od2cap: 0 | fr2kr: 0 | lpr2kr: 712 | cap2udp: 0 | kr2udp: 1 | 
2026-05-03 17:42:37,787 - INFO     - img2od: 0 | od2fr: 0 | od2lpr: 0 | od2cap: 0 | fr2kr: 0 | lpr2kr: 708 | cap2udp: 0 | kr2udp: 0 | 
2026-05-03 17:42:38,788 - INFO     - img2od: 0 | od2fr: 0 | od2lpr: 0 | od2cap: 0 | fr2kr: 0 | lpr2kr: 704 | cap2udp: 0 | kr2udp: 1 | 
2026-05-03 17:42:39,789 - INFO     - img2od: 0 | od2fr: 0 | od2lpr: 0 | od2cap: 0 | fr2kr: 0 | lpr2kr: 700 | cap2udp: 0 | kr2udp: 1 | 
2026-05-03 17:42:40,790 - INFO     - img2od: 0 | od2fr: 0 | od2lpr: 0 | od2cap: 0 | fr2kr: 0 | lpr2kr: 695 | cap2udp: 0 | kr2udp: 1 | 
2026-05-03 17:42:41,791 - INFO     - img2od: 0 | od2fr: 0 | od2lpr: 0 | od2cap: 0 | fr2kr: 0 | lpr2kr: 691 | cap2udp: 0 | kr2udp: 1 | 
2026-05-03 17:42:42,792 - INFO     - img2od: 0 | od2fr: 0 | od2lpr: 0 | od2cap: 0 | fr2kr: 0 | lpr2kr: 687 | cap2udp: 0 | kr2udp: 1 | 
2026-05-03 17:42:43,794 - INFO     - img2od: 0 | od2fr: 0 | od2lpr: 0 | od2cap: 0 | fr2kr: 0 | lpr2kr: 683 | cap2udp: 0 | kr2udp: 1 | 
2026-05-03 17:42:44,795 - INFO     - img2od: 0 | od2fr: 0 | od2lpr: 0 | od2cap: 0 | fr2kr: 0 | lpr2kr: 678 | cap2udp: 0 | kr2udp: 0 | 
2026-05-03 17:42:45,796 - INFO     - img2od: 0 | od2fr: 0 | od2lpr: 0 | od2cap: 0 | fr2kr: 0 | lpr2kr: 674 | cap2udp: 0 | kr2udp: 0 | 
2026-05-03 17:42:46,797 - INFO     - img2od: 0 | od2fr: 0 | od2lpr: 0 | od2cap: 0 | fr2kr: 0 | lpr2kr: 670 | cap2udp: 0 | kr2udp: 1 | 
2026-05-03 17:42:47,798 - INFO     - img2od: 0 | od2fr: 0 | od2lpr: 0 | od2cap: 0 | fr2kr: 0 | lpr2kr: 665 | cap2udp: 0 | kr2udp: 0 | 
2026-05-03 17:42:48,799 - INFO     - img2od: 0 | od2fr: 0 | od2lpr: 0 | od2cap: 0 | fr2kr: 0 | lpr2kr: 661 | cap2udp: 0 | kr2udp: 0 | 
2026-05-03 17:42:49,800 - INFO     - img2od: 0 | od2fr: 0 | od2lpr: 0 | od2cap: 0 | fr2kr: 0 | lpr2kr: 657 | cap2udp: 0 | kr2udp: 1 | 
2026-05-03 17:42:50,801 - INFO     - img2od: 0 | od2fr: 0 | od2lpr: 0 | od2cap: 0 | fr2kr: 0 | lpr2kr: 653 | cap2udp: 0 | kr2udp: 1 | 
2026-05-03 17:42:51,803 - INFO     - img2od: 0 | od2fr: 0 | od2lpr: 0 | od2cap: 0 | fr2kr: 0 | lpr2kr: 648 | cap2udp: 0 | kr2udp: 0 | 
2026-05-03 17:42:52,804 - INFO     - img2od: 0 | od2fr: 0 | od2lpr: 0 | od2cap: 0 | fr2kr: 0 | lpr2kr: 644 | cap2udp: 0 | kr2udp: 1 | 
2026-05-03 17:42:53,805 - INFO     - img2od: 0 | od2fr: 0 | od2lpr: 0 | od2cap: 0 | fr2kr: 0 | lpr2kr: 640 | cap2udp: 0 | kr2udp: 1 | 
2026-05-03 17:42:54,806 - INFO     - img2od: 0 | od2fr: 0 | od2lpr: 0 | od2cap: 0 | fr2kr: 0 | lpr2kr: 635 | cap2udp: 0 | kr2udp: 1 | 
2026-05-03 17:42:55,807 - INFO     - img2od: 0 | od2fr: 0 | od2lpr: 0 | od2cap: 0 | fr2kr: 0 | lpr2kr: 631 | cap2udp: 0 | kr2udp: 1 | 
2026-05-03 17:42:56,808 - INFO     - img2od: 0 | od2fr: 0 | od2lpr: 0 | od2cap: 0 | fr2kr: 0 | lpr2kr: 627 | cap2udp: 0 | kr2udp: 1 | 
2026-05-03 17:42:57,809 - INFO     - img2od: 0 | od2fr: 0 | od2lpr: 0 | od2cap: 0 | fr2kr: 0 | lpr2kr: 623 | cap2udp: 0 | kr2udp: 1 | 
2026-05-03 17:42:58,809 - INFO     - img2od: 0 | od2fr: 0 | od2lpr: 0 | od2cap: 0 | fr2kr: 0 | lpr2kr: 618 | cap2udp: 0 | kr2udp: 1 | 
2026-05-03 17:42:59,811 - INFO     - img2od: 0 | od2fr: 0 | od2lpr: 0 | od2cap: 0 | fr2kr: 0 | lpr2kr: 614 | cap2udp: 0 | kr2udp: 1 | 
2026-05-03 17:43:00,812 - INFO     - img2od: 0 | od2fr: 0 | od2lpr: 0 | od2cap: 0 | fr2kr: 0 | lpr2kr: 610 | cap2udp: 0 | kr2udp: 1 | 
2026-05-03 17:43:01,813 - INFO     - img2od: 0 | od2fr: 0 | od2lpr: 0 | od2cap: 0 | fr2kr: 0 | lpr2kr: 606 | cap2udp: 0 | kr2udp: 1 | 
2026-05-03 17:43:02,814 - INFO     - img2od: 0 | od2fr: 0 | od2lpr: 0 | od2cap: 0 | fr2kr: 0 | lpr2kr: 601 | cap2udp: 0 | kr2udp: 1 | 
2026-05-03 17:43:03,815 - INFO     - img2od: 0 | od2fr: 0 | od2lpr: 0 | od2cap: 0 | fr2kr: 0 | lpr2kr: 597 | cap2udp: 0 | kr2udp: 1 | 
2026-05-03 17:43:04,816 - INFO     - img2od: 0 | od2fr: 0 | od2lpr: 0 | od2cap: 0 | fr2kr: 0 | lpr2kr: 593 | cap2udp: 0 | kr2udp: 1 | 
2026-05-03 17:43:05,817 - INFO     - img2od: 0 | od2fr: 0 | od2lpr: 0 | od2cap: 0 | fr2kr: 0 | lpr2kr: 588 | cap2udp: 0 | kr2udp: 1 | 
2026-05-03 17:43:06,818 - INFO     - img2od: 0 | od2fr: 0 | od2lpr: 0 | od2cap: 0 | fr2kr: 0 | lpr2kr: 584 | cap2udp: 0 | kr2udp: 0 | 
2026-05-03 17:43:07,820 - INFO     - img2od: 0 | od2fr: 0 | od2lpr: 0 | od2cap: 0 | fr2kr: 0 | lpr2kr: 580 | cap2udp: 0 | kr2udp: 1 | 
2026-05-03 17:43:08,821 - INFO     - img2od: 0 | od2fr: 0 | od2lpr: 0 | od2cap: 0 | fr2kr: 0 | lpr2kr: 575 | cap2udp: 0 | kr2udp: 0 | 
2026-05-03 17:43:09,822 - INFO     - img2od: 0 | od2fr: 0 | od2lpr: 0 | od2cap: 0 | fr2kr: 0 | lpr2kr: 571 | cap2udp: 0 | kr2udp: 0 | 
2026-05-03 17:43:10,823 - INFO     - img2od: 0 | od2fr: 0 | od2lpr: 0 | od2cap: 0 | fr2kr: 0 | lpr2kr: 567 | cap2udp: 0 | kr2udp: 1 | 
2026-05-03 17:43:11,825 - INFO     - img2od: 0 | od2fr: 0 | od2lpr: 0 | od2cap: 0 | fr2kr: 0 | lpr2kr: 563 | cap2udp: 0 | kr2udp: 1 | 
2026-05-03 17:43:12,826 - INFO     - img2od: 0 | od2fr: 0 | od2lpr: 0 | od2cap: 0 | fr2kr: 0 | lpr2kr: 558 | cap2udp: 0 | kr2udp: 0 | 
2026-05-03 17:43:13,827 - INFO     - img2od: 0 | od2fr: 0 | od2lpr: 0 | od2cap: 0 | fr2kr: 0 | lpr2kr: 554 | cap2udp: 0 | kr2udp: 0 | 
2026-05-03 17:43:14,828 - INFO     - img2od: 0 | od2fr: 0 | od2lpr: 0 | od2cap: 0 | fr2kr: 0 | lpr2kr: 550 | cap2udp: 0 | kr2udp: 1 | 
2026-05-03 17:43:15,829 - INFO     - img2od: 0 | od2fr: 0 | od2lpr: 0 | od2cap: 0 | fr2kr: 0 | lpr2kr: 546 | cap2udp: 0 | kr2udp: 1 | 
2026-05-03 17:43:16,830 - INFO     - img2od: 0 | od2fr: 0 | od2lpr: 0 | od2cap: 0 | fr2kr: 0 | lpr2kr: 541 | cap2udp: 0 | kr2udp: 0 | 
2026-05-03 17:43:17,831 - INFO     - img2od: 0 | od2fr: 0 | od2lpr: 0 | od2cap: 0 | fr2kr: 0 | lpr2kr: 537 | cap2udp: 0 | kr2udp: 1 | 
2026-05-03 17:43:18,832 - INFO     - img2od: 0 | od2fr: 0 | od2lpr: 0 | od2cap: 0 | fr2kr: 0 | lpr2kr: 533 | cap2udp: 0 | kr2udp: 1 | 
2026-05-03 17:43:19,834 - INFO     - img2od: 0 | od2fr: 0 | od2lpr: 0 | od2cap: 0 | fr2kr: 0 | lpr2kr: 528 | cap2udp: 0 | kr2udp: 1 | 
2026-05-03 17:43:20,835 - INFO     - img2od: 0 | od2fr: 0 | od2lpr: 0 | od2cap: 0 | fr2kr: 0 | lpr2kr: 524 | cap2udp: 0 | kr2udp: 0 | 
2026-05-03 17:43:21,836 - INFO     - img2od: 0 | od2fr: 0 | od2lpr: 0 | od2cap: 0 | fr2kr: 0 | lpr2kr: 520 | cap2udp: 0 | kr2udp: 1 | 
2026-05-03 17:43:22,837 - INFO     - img2od: 0 | od2fr: 0 | od2lpr: 0 | od2cap: 0 | fr2kr: 0 | lpr2kr: 516 | cap2udp: 0 | kr2udp: 1 | 
2026-05-03 17:43:23,838 - INFO     - img2od: 0 | od2fr: 0 | od2lpr: 0 | od2cap: 0 | fr2kr: 0 | lpr2kr: 511 | cap2udp: 0 | kr2udp: 1 | 
2026-05-03 17:43:24,839 - INFO     - img2od: 0 | od2fr: 0 | od2lpr: 0 | od2cap: 0 | fr2kr: 0 | lpr2kr: 507 | cap2udp: 0 | kr2udp: 1 | 
2026-05-03 17:43:25,841 - INFO     - img2od: 0 | od2fr: 0 | od2lpr: 0 | od2cap: 0 | fr2kr: 0 | lpr2kr: 503 | cap2udp: 0 | kr2udp: 1 | 
2026-05-03 17:43:26,842 - INFO     - img2od: 0 | od2fr: 0 | od2lpr: 0 | od2cap: 0 | fr2kr: 0 | lpr2kr: 498 | cap2udp: 0 | kr2udp: 1 | 
2026-05-03 17:43:27,843 - INFO     - img2od: 0 | od2fr: 0 | od2lpr: 0 | od2cap: 0 | fr2kr: 0 | lpr2kr: 494 | cap2udp: 0 | kr2udp: 1 | 
2026-05-03 17:43:28,844 - INFO     - img2od: 0 | od2fr: 0 | od2lpr: 0 | od2cap: 0 | fr2kr: 0 | lpr2kr: 490 | cap2udp: 0 | kr2udp: 1 | 
2026-05-03 17:43:29,845 - INFO     - img2od: 0 | od2fr: 0 | od2lpr: 0 | od2cap: 0 | fr2kr: 0 | lpr2kr: 485 | cap2udp: 0 | kr2udp: 1 | 
2026-05-03 17:43:30,847 - INFO     - img2od: 0 | od2fr: 0 | od2lpr: 0 | od2cap: 0 | fr2kr: 0 | lpr2kr: 481 | cap2udp: 0 | kr2udp: 0 | 
2026-05-03 17:43:31,848 - INFO     - img2od: 0 | od2fr: 0 | od2lpr: 0 | od2cap: 0 | fr2kr: 0 | lpr2kr: 477 | cap2udp: 0 | kr2udp: 1 | 
2026-05-03 17:43:32,849 - INFO     - img2od: 0 | od2fr: 0 | od2lpr: 0 | od2cap: 0 | fr2kr: 0 | lpr2kr: 472 | cap2udp: 0 | kr2udp: 0 | 
2026-05-03 17:43:33,850 - INFO     - img2od: 0 | od2fr: 0 | od2lpr: 0 | od2cap: 0 | fr2kr: 0 | lpr2kr: 468 | cap2udp: 0 | kr2udp: 0 | 
2026-05-03 17:43:34,851 - INFO     - img2od: 0 | od2fr: 0 | od2lpr: 0 | od2cap: 0 | fr2kr: 0 | lpr2kr: 464 | cap2udp: 0 | kr2udp: 1 | 
2026-05-03 17:43:35,852 - INFO     - img2od: 0 | od2fr: 0 | od2lpr: 0 | od2cap: 0 | fr2kr: 0 | lpr2kr: 459 | cap2udp: 0 | kr2udp: 1 | 
2026-05-03 17:43:36,853 - INFO     - img2od: 0 | od2fr: 0 | od2lpr: 0 | od2cap: 0 | fr2kr: 0 | lpr2kr: 455 | cap2udp: 0 | kr2udp: 1 | 
2026-05-03 17:43:37,854 - INFO     - img2od: 0 | od2fr: 0 | od2lpr: 0 | od2cap: 0 | fr2kr: 0 | lpr2kr: 451 | cap2udp: 0 | kr2udp: 1 | 
2026-05-03 17:43:38,855 - INFO     - img2od: 0 | od2fr: 0 | od2lpr: 0 | od2cap: 0 | fr2kr: 0 | lpr2kr: 446 | cap2udp: 0 | kr2udp: 0 | 
2026-05-03 17:43:39,856 - INFO     - img2od: 0 | od2fr: 0 | od2lpr: 0 | od2cap: 0 | fr2kr: 0 | lpr2kr: 442 | cap2udp: 0 | kr2udp: 1 | 
2026-05-03 17:43:40,857 - INFO     - img2od: 0 | od2fr: 0 | od2lpr: 0 | od2cap: 0 | fr2kr: 0 | lpr2kr: 438 | cap2udp: 0 | kr2udp: 1 | 
2026-05-03 17:43:41,858 - INFO     - img2od: 0 | od2fr: 0 | od2lpr: 0 | od2cap: 0 | fr2kr: 0 | lpr2kr: 434 | cap2udp: 0 | kr2udp: 1 | 
2026-05-03 17:43:42,859 - INFO     - img2od: 0 | od2fr: 0 | od2lpr: 0 | od2cap: 0 | fr2kr: 0 | lpr2kr: 429 | cap2udp: 0 | kr2udp: 0 | 
2026-05-03 17:43:43,860 - INFO     - img2od: 0 | od2fr: 0 | od2lpr: 0 | od2cap: 0 | fr2kr: 0 | lpr2kr: 425 | cap2udp: 0 | kr2udp: 1 | 
2026-05-03 17:43:44,861 - INFO     - img2od: 0 | od2fr: 0 | od2lpr: 0 | od2cap: 0 | fr2kr: 0 | lpr2kr: 421 | cap2udp: 0 | kr2udp: 1 | 
2026-05-03 17:43:45,862 - INFO     - img2od: 0 | od2fr: 0 | od2lpr: 0 | od2cap: 0 | fr2kr: 0 | lpr2kr: 416 | cap2udp: 0 | kr2udp: 1 | 
2026-05-03 17:43:46,863 - INFO     - img2od: 0 | od2fr: 0 | od2lpr: 0 | od2cap: 0 | fr2kr: 0 | lpr2kr: 412 | cap2udp: 0 | kr2udp: 1 | 
2026-05-03 17:43:47,864 - INFO     - img2od: 0 | od2fr: 0 | od2lpr: 0 | od2cap: 0 | fr2kr: 0 | lpr2kr: 408 | cap2udp: 0 | kr2udp: 1 | 
2026-05-03 17:43:48,865 - INFO     - img2od: 0 | od2fr: 0 | od2lpr: 0 | od2cap: 0 | fr2kr: 0 | lpr2kr: 404 | cap2udp: 0 | kr2udp: 1 | 
2026-05-03 17:43:49,867 - INFO     - img2od: 0 | od2fr: 0 | od2lpr: 0 | od2cap: 0 | fr2kr: 0 | lpr2kr: 399 | cap2udp: 0 | kr2udp: 1 | 
2026-05-03 17:43:50,868 - INFO     - img2od: 0 | od2fr: 0 | od2lpr: 0 | od2cap: 0 | fr2kr: 0 | lpr2kr: 395 | cap2udp: 0 | kr2udp: 1 | 
2026-05-03 17:43:51,869 - INFO     - img2od: 0 | od2fr: 0 | od2lpr: 0 | od2cap: 0 | fr2kr: 0 | lpr2kr: 391 | cap2udp: 0 | kr2udp: 1 | 
2026-05-03 17:43:52,870 - INFO     - img2od: 0 | od2fr: 0 | od2lpr: 0 | od2cap: 0 | fr2kr: 0 | lpr2kr: 386 | cap2udp: 0 | kr2udp: 1 | 
2026-05-03 17:43:53,871 - INFO     - img2od: 0 | od2fr: 0 | od2lpr: 0 | od2cap: 0 | fr2kr: 0 | lpr2kr: 382 | cap2udp: 0 | kr2udp: 1 | 
2026-05-03 17:43:54,873 - INFO     - img2od: 0 | od2fr: 0 | od2lpr: 0 | od2cap: 0 | fr2kr: 0 | lpr2kr: 378 | cap2udp: 0 | kr2udp: 1 | 
2026-05-03 17:43:55,874 - INFO     - img2od: 0 | od2fr: 0 | od2lpr: 0 | od2cap: 0 | fr2kr: 0 | lpr2kr: 374 | cap2udp: 0 | kr2udp: 1 | 
2026-05-03 17:43:56,875 - INFO     - img2od: 0 | od2fr: 0 | od2lpr: 0 | od2cap: 0 | fr2kr: 0 | lpr2kr: 369 | cap2udp: 0 | kr2udp: 1 | 
2026-05-03 17:43:57,876 - INFO     - img2od: 0 | od2fr: 0 | od2lpr: 0 | od2cap: 0 | fr2kr: 0 | lpr2kr: 365 | cap2udp: 0 | kr2udp: 1 | 
2026-05-03 17:43:58,877 - INFO     - img2od: 0 | od2fr: 0 | od2lpr: 0 | od2cap: 0 | fr2kr: 0 | lpr2kr: 361 | cap2udp: 0 | kr2udp: 1 | 
2026-05-03 17:43:59,878 - INFO     - img2od: 0 | od2fr: 0 | od2lpr: 0 | od2cap: 0 | fr2kr: 0 | lpr2kr: 357 | cap2udp: 0 | kr2udp: 1 | 
2026-05-03 17:44:00,880 - INFO     - img2od: 0 | od2fr: 0 | od2lpr: 0 | od2cap: 0 | fr2kr: 0 | lpr2kr: 352 | cap2udp: 0 | kr2udp: 1 | 
2026-05-03 17:44:01,880 - INFO     - img2od: 0 | od2fr: 0 | od2lpr: 0 | od2cap: 0 | fr2kr: 0 | lpr2kr: 348 | cap2udp: 0 | kr2udp: 1 | 
2026-05-03 17:44:02,881 - INFO     - img2od: 0 | od2fr: 0 | od2lpr: 0 | od2cap: 0 | fr2kr: 0 | lpr2kr: 344 | cap2udp: 0 | kr2udp: 1 | 
2026-05-03 17:44:03,882 - INFO     - img2od: 0 | od2fr: 0 | od2lpr: 0 | od2cap: 0 | fr2kr: 0 | lpr2kr: 339 | cap2udp: 0 | kr2udp: 1 | 
2026-05-03 17:44:04,884 - INFO     - img2od: 0 | od2fr: 0 | od2lpr: 0 | od2cap: 0 | fr2kr: 0 | lpr2kr: 335 | cap2udp: 0 | kr2udp: 0 | 
2026-05-03 17:44:05,885 - INFO     - img2od: 0 | od2fr: 0 | od2lpr: 0 | od2cap: 0 | fr2kr: 0 | lpr2kr: 331 | cap2udp: 0 | kr2udp: 1 | 
2026-05-03 17:44:06,886 - INFO     - img2od: 0 | od2fr: 0 | od2lpr: 0 | od2cap: 0 | fr2kr: 0 | lpr2kr: 327 | cap2udp: 0 | kr2udp: 1 | 
2026-05-03 17:44:07,887 - INFO     - img2od: 0 | od2fr: 0 | od2lpr: 0 | od2cap: 0 | fr2kr: 0 | lpr2kr: 322 | cap2udp: 0 | kr2udp: 1 | 
2026-05-03 17:44:08,889 - INFO     - img2od: 0 | od2fr: 0 | od2lpr: 0 | od2cap: 0 | fr2kr: 0 | lpr2kr: 318 | cap2udp: 0 | kr2udp: 0 | 
2026-05-03 17:44:09,890 - INFO     - img2od: 0 | od2fr: 0 | od2lpr: 0 | od2cap: 0 | fr2kr: 0 | lpr2kr: 314 | cap2udp: 0 | kr2udp: 0 | 
2026-05-03 17:44:10,891 - INFO     - img2od: 0 | od2fr: 0 | od2lpr: 0 | od2cap: 0 | fr2kr: 0 | lpr2kr: 310 | cap2udp: 0 | kr2udp: 1 | 
2026-05-03 17:44:11,892 - INFO     - img2od: 0 | od2fr: 0 | od2lpr: 0 | od2cap: 0 | fr2kr: 0 | lpr2kr: 305 | cap2udp: 0 | kr2udp: 0 | 
2026-05-03 17:44:12,894 - INFO     - img2od: 0 | od2fr: 0 | od2lpr: 0 | od2cap: 0 | fr2kr: 0 | lpr2kr: 301 | cap2udp: 0 | kr2udp: 0 | 
2026-05-03 17:44:13,895 - INFO     - img2od: 0 | od2fr: 0 | od2lpr: 0 | od2cap: 0 | fr2kr: 0 | lpr2kr: 297 | cap2udp: 0 | kr2udp: 1 | 
2026-05-03 17:44:14,896 - INFO     - img2od: 0 | od2fr: 0 | od2lpr: 0 | od2cap: 0 | fr2kr: 0 | lpr2kr: 293 | cap2udp: 0 | kr2udp: 1 | 
2026-05-03 17:44:15,897 - INFO     - img2od: 0 | od2fr: 0 | od2lpr: 0 | od2cap: 0 | fr2kr: 0 | lpr2kr: 288 | cap2udp: 0 | kr2udp: 1 | 
2026-05-03 17:44:16,898 - INFO     - img2od: 0 | od2fr: 0 | od2lpr: 0 | od2cap: 0 | fr2kr: 0 | lpr2kr: 284 | cap2udp: 0 | kr2udp: 1 | 
2026-05-03 17:44:17,899 - INFO     - img2od: 0 | od2fr: 0 | od2lpr: 0 | od2cap: 0 | fr2kr: 0 | lpr2kr: 280 | cap2udp: 0 | kr2udp: 1 | 
2026-05-03 17:44:18,900 - INFO     - img2od: 0 | od2fr: 0 | od2lpr: 0 | od2cap: 0 | fr2kr: 0 | lpr2kr: 276 | cap2udp: 0 | kr2udp: 1 | 
2026-05-03 17:44:19,901 - INFO     - img2od: 0 | od2fr: 0 | od2lpr: 0 | od2cap: 0 | fr2kr: 0 | lpr2kr: 271 | cap2udp: 0 | kr2udp: 0 | 
2026-05-03 17:44:20,902 - INFO     - img2od: 0 | od2fr: 0 | od2lpr: 0 | od2cap: 0 | fr2kr: 0 | lpr2kr: 267 | cap2udp: 0 | kr2udp: 0 | 
2026-05-03 17:44:21,903 - INFO     - img2od: 0 | od2fr: 0 | od2lpr: 0 | od2cap: 0 | fr2kr: 0 | lpr2kr: 263 | cap2udp: 0 | kr2udp: 1 | 
2026-05-03 17:44:22,904 - INFO     - img2od: 0 | od2fr: 0 | od2lpr: 0 | od2cap: 0 | fr2kr: 0 | lpr2kr: 259 | cap2udp: 0 | kr2udp: 1 | 
2026-05-03 17:44:23,905 - INFO     - img2od: 0 | od2fr: 0 | od2lpr: 0 | od2cap: 0 | fr2kr: 0 | lpr2kr: 254 | cap2udp: 0 | kr2udp: 1 | 
2026-05-03 17:44:24,906 - INFO     - img2od: 0 | od2fr: 0 | od2lpr: 0 | od2cap: 0 | fr2kr: 0 | lpr2kr: 250 | cap2udp: 0 | kr2udp: 1 | 
2026-05-03 17:44:25,907 - INFO     - img2od: 0 | od2fr: 0 | od2lpr: 0 | od2cap: 0 | fr2kr: 0 | lpr2kr: 246 | cap2udp: 0 | kr2udp: 1 | 
2026-05-03 17:44:26,908 - INFO     - img2od: 0 | od2fr: 0 | od2lpr: 0 | od2cap: 0 | fr2kr: 0 | lpr2kr: 242 | cap2udp: 0 | kr2udp: 1 | 
2026-05-03 17:44:27,909 - INFO     - img2od: 0 | od2fr: 0 | od2lpr: 0 | od2cap: 0 | fr2kr: 0 | lpr2kr: 237 | cap2udp: 0 | kr2udp: 1 | 
2026-05-03 17:44:28,910 - INFO     - img2od: 0 | od2fr: 0 | od2lpr: 0 | od2cap: 0 | fr2kr: 0 | lpr2kr: 233 | cap2udp: 0 | kr2udp: 0 | 
2026-05-03 17:44:29,911 - INFO     - img2od: 0 | od2fr: 0 | od2lpr: 0 | od2cap: 0 | fr2kr: 0 | lpr2kr: 229 | cap2udp: 0 | kr2udp: 1 | 
2026-05-03 17:44:30,912 - INFO     - img2od: 0 | od2fr: 0 | od2lpr: 0 | od2cap: 0 | fr2kr: 0 | lpr2kr: 225 | cap2udp: 0 | kr2udp: 1 | 
2026-05-03 17:44:31,913 - INFO     - img2od: 0 | od2fr: 0 | od2lpr: 0 | od2cap: 0 | fr2kr: 0 | lpr2kr: 220 | cap2udp: 0 | kr2udp: 0 | 
2026-05-03 17:44:32,914 - INFO     - img2od: 0 | od2fr: 0 | od2lpr: 0 | od2cap: 0 | fr2kr: 0 | lpr2kr: 216 | cap2udp: 0 | kr2udp: 0 | 
2026-05-03 17:44:33,915 - INFO     - img2od: 0 | od2fr: 0 | od2lpr: 0 | od2cap: 0 | fr2kr: 0 | lpr2kr: 212 | cap2udp: 0 | kr2udp: 1 | 
2026-05-03 17:44:34,916 - INFO     - img2od: 0 | od2fr: 0 | od2lpr: 0 | od2cap: 0 | fr2kr: 0 | lpr2kr: 208 | cap2udp: 0 | kr2udp: 1 | 
2026-05-03 17:44:35,917 - INFO     - img2od: 0 | od2fr: 0 | od2lpr: 0 | od2cap: 0 | fr2kr: 0 | lpr2kr: 203 | cap2udp: 0 | kr2udp: 0 | 
2026-05-03 17:44:36,918 - INFO     - img2od: 0 | od2fr: 0 | od2lpr: 0 | od2cap: 0 | fr2kr: 0 | lpr2kr: 199 | cap2udp: 0 | kr2udp: 1 | 
2026-05-03 17:44:37,919 - INFO     - img2od: 0 | od2fr: 0 | od2lpr: 0 | od2cap: 0 | fr2kr: 0 | lpr2kr: 195 | cap2udp: 0 | kr2udp: 1 | 
2026-05-03 17:44:38,920 - INFO     - img2od: 0 | od2fr: 0 | od2lpr: 0 | od2cap: 0 | fr2kr: 0 | lpr2kr: 190 | cap2udp: 0 | kr2udp: 0 | 
2026-05-03 17:44:39,921 - INFO     - img2od: 0 | od2fr: 0 | od2lpr: 0 | od2cap: 0 | fr2kr: 0 | lpr2kr: 186 | cap2udp: 0 | kr2udp: 0 | 
2026-05-03 17:44:40,922 - INFO     - img2od: 0 | od2fr: 0 | od2lpr: 0 | od2cap: 0 | fr2kr: 0 | lpr2kr: 182 | cap2udp: 0 | kr2udp: 1 | 
2026-05-03 17:44:41,923 - INFO     - img2od: 0 | od2fr: 0 | od2lpr: 0 | od2cap: 0 | fr2kr: 0 | lpr2kr: 178 | cap2udp: 0 | kr2udp: 1 | 
2026-05-03 17:44:42,924 - INFO     - img2od: 0 | od2fr: 0 | od2lpr: 0 | od2cap: 0 | fr2kr: 0 | lpr2kr: 173 | cap2udp: 0 | kr2udp: 0 | 
2026-05-03 17:44:43,925 - INFO     - img2od: 0 | od2fr: 0 | od2lpr: 0 | od2cap: 0 | fr2kr: 0 | lpr2kr: 169 | cap2udp: 0 | kr2udp: 1 | 
2026-05-03 17:44:44,926 - INFO     - img2od: 0 | od2fr: 0 | od2lpr: 0 | od2cap: 0 | fr2kr: 0 | lpr2kr: 165 | cap2udp: 0 | kr2udp: 1 | 
2026-05-03 17:44:45,927 - INFO     - img2od: 0 | od2fr: 0 | od2lpr: 0 | od2cap: 0 | fr2kr: 0 | lpr2kr: 160 | cap2udp: 0 | kr2udp: 1 | 
2026-05-03 17:44:46,928 - INFO     - img2od: 0 | od2fr: 0 | od2lpr: 0 | od2cap: 0 | fr2kr: 0 | lpr2kr: 156 | cap2udp: 0 | kr2udp: 1 | 
2026-05-03 17:44:47,929 - INFO     - img2od: 0 | od2fr: 0 | od2lpr: 0 | od2cap: 0 | fr2kr: 0 | lpr2kr: 152 | cap2udp: 0 | kr2udp: 1 | 
2026-05-03 17:44:48,930 - INFO     - img2od: 0 | od2fr: 0 | od2lpr: 0 | od2cap: 0 | fr2kr: 0 | lpr2kr: 148 | cap2udp: 0 | kr2udp: 1 | 
2026-05-03 17:44:49,932 - INFO     - img2od: 0 | od2fr: 0 | od2lpr: 0 | od2cap: 0 | fr2kr: 0 | lpr2kr: 143 | cap2udp: 0 | kr2udp: 0 | 
2026-05-03 17:44:50,933 - INFO     - img2od: 0 | od2fr: 0 | od2lpr: 0 | od2cap: 0 | fr2kr: 0 | lpr2kr: 139 | cap2udp: 0 | kr2udp: 1 | 
2026-05-03 17:44:51,934 - INFO     - img2od: 0 | od2fr: 0 | od2lpr: 0 | od2cap: 0 | fr2kr: 0 | lpr2kr: 135 | cap2udp: 0 | kr2udp: 1 | 
2026-05-03 17:44:52,935 - INFO     - img2od: 0 | od2fr: 0 | od2lpr: 0 | od2cap: 0 | fr2kr: 0 | lpr2kr: 130 | cap2udp: 0 | kr2udp: 1 | 
2026-05-03 17:44:53,936 - INFO     - img2od: 0 | od2fr: 0 | od2lpr: 0 | od2cap: 0 | fr2kr: 0 | lpr2kr: 126 | cap2udp: 0 | kr2udp: 0 | 
2026-05-03 17:44:54,938 - INFO     - img2od: 0 | od2fr: 0 | od2lpr: 0 | od2cap: 0 | fr2kr: 0 | lpr2kr: 122 | cap2udp: 0 | kr2udp: 1 | 
2026-05-03 17:44:55,939 - INFO     - img2od: 0 | od2fr: 0 | od2lpr: 0 | od2cap: 0 | fr2kr: 0 | lpr2kr: 117 | cap2udp: 0 | kr2udp: 0 | 
2026-05-03 17:44:56,940 - INFO     - img2od: 0 | od2fr: 0 | od2lpr: 0 | od2cap: 0 | fr2kr: 0 | lpr2kr: 113 | cap2udp: 0 | kr2udp: 0 | 
2026-05-03 17:44:57,941 - INFO     - img2od: 0 | od2fr: 0 | od2lpr: 0 | od2cap: 0 | fr2kr: 0 | lpr2kr: 109 | cap2udp: 0 | kr2udp: 1 | 
2026-05-03 17:44:58,942 - INFO     - img2od: 0 | od2fr: 0 | od2lpr: 0 | od2cap: 0 | fr2kr: 0 | lpr2kr: 104 | cap2udp: 0 | kr2udp: 0 | 
2026-05-03 17:44:59,943 - INFO     - img2od: 0 | od2fr: 0 | od2lpr: 0 | od2cap: 0 | fr2kr: 0 | lpr2kr: 100 | cap2udp: 0 | kr2udp: 1 | 
2026-05-03 17:45:00,944 - INFO     - img2od: 0 | od2fr: 0 | od2lpr: 0 | od2cap: 0 | fr2kr: 0 | lpr2kr: 96 | cap2udp: 0 | kr2udp: 1 | 
2026-05-03 17:45:01,946 - INFO     - img2od: 0 | od2fr: 0 | od2lpr: 0 | od2cap: 0 | fr2kr: 0 | lpr2kr: 92 | cap2udp: 0 | kr2udp: 1 | 
2026-05-03 17:45:02,947 - INFO     - img2od: 0 | od2fr: 0 | od2lpr: 0 | od2cap: 0 | fr2kr: 0 | lpr2kr: 87 | cap2udp: 0 | kr2udp: 0 | 
2026-05-03 17:45:03,948 - INFO     - img2od: 0 | od2fr: 0 | od2lpr: 0 | od2cap: 0 | fr2kr: 0 | lpr2kr: 83 | cap2udp: 0 | kr2udp: 1 | 
2026-05-03 17:45:04,949 - INFO     - img2od: 0 | od2fr: 0 | od2lpr: 0 | od2cap: 0 | fr2kr: 0 | lpr2kr: 79 | cap2udp: 0 | kr2udp: 1 | 
2026-05-03 17:45:05,950 - INFO     - img2od: 0 | od2fr: 0 | od2lpr: 0 | od2cap: 0 | fr2kr: 0 | lpr2kr: 75 | cap2udp: 0 | kr2udp: 1 | 
2026-05-03 17:45:06,951 - INFO     - img2od: 0 | od2fr: 0 | od2lpr: 0 | od2cap: 0 | fr2kr: 0 | lpr2kr: 70 | cap2udp: 0 | kr2udp: 1 | 
2026-05-03 17:45:07,953 - INFO     - img2od: 0 | od2fr: 0 | od2lpr: 0 | od2cap: 0 | fr2kr: 0 | lpr2kr: 66 | cap2udp: 0 | kr2udp: 0 | 
2026-05-03 17:45:08,954 - INFO     - img2od: 0 | od2fr: 0 | od2lpr: 0 | od2cap: 0 | fr2kr: 0 | lpr2kr: 62 | cap2udp: 0 | kr2udp: 1 | 
2026-05-03 17:45:09,955 - INFO     - img2od: 0 | od2fr: 0 | od2lpr: 0 | od2cap: 0 | fr2kr: 0 | lpr2kr: 57 | cap2udp: 0 | kr2udp: 1 | 
2026-05-03 17:45:10,956 - INFO     - img2od: 0 | od2fr: 0 | od2lpr: 0 | od2cap: 0 | fr2kr: 0 | lpr2kr: 53 | cap2udp: 0 | kr2udp: 1 | 
2026-05-03 17:45:11,958 - INFO     - img2od: 0 | od2fr: 0 | od2lpr: 0 | od2cap: 0 | fr2kr: 0 | lpr2kr: 49 | cap2udp: 0 | kr2udp: 1 | 
2026-05-03 17:45:12,959 - INFO     - img2od: 0 | od2fr: 0 | od2lpr: 0 | od2cap: 0 | fr2kr: 0 | lpr2kr: 44 | cap2udp: 0 | kr2udp: 1 | 
2026-05-03 17:45:13,960 - INFO     - img2od: 0 | od2fr: 0 | od2lpr: 0 | od2cap: 0 | fr2kr: 0 | lpr2kr: 40 | cap2udp: 0 | kr2udp: 1 | 
2026-05-03 17:45:14,961 - INFO     - img2od: 0 | od2fr: 0 | od2lpr: 0 | od2cap: 0 | fr2kr: 0 | lpr2kr: 36 | cap2udp: 0 | kr2udp: 1 | 
2026-05-03 17:45:15,962 - INFO     - img2od: 0 | od2fr: 0 | od2lpr: 0 | od2cap: 0 | fr2kr: 0 | lpr2kr: 32 | cap2udp: 0 | kr2udp: 1 | 
2026-05-03 17:45:16,964 - INFO     - img2od: 0 | od2fr: 0 | od2lpr: 0 | od2cap: 0 | fr2kr: 0 | lpr2kr: 27 | cap2udp: 0 | kr2udp: 1 | 
2026-05-03 17:45:17,965 - INFO     - img2od: 0 | od2fr: 0 | od2lpr: 0 | od2cap: 0 | fr2kr: 0 | lpr2kr: 23 | cap2udp: 0 | kr2udp: 0 | 
2026-05-03 17:45:18,966 - INFO     - img2od: 0 | od2fr: 0 | od2lpr: 0 | od2cap: 0 | fr2kr: 0 | lpr2kr: 19 | cap2udp: 0 | kr2udp: 1 | 
2026-05-03 17:45:19,967 - INFO     - img2od: 0 | od2fr: 0 | od2lpr: 0 | od2cap: 0 | fr2kr: 0 | lpr2kr: 14 | cap2udp: 0 | kr2udp: 1 | 
2026-05-03 17:45:20,968 - INFO     - img2od: 0 | od2fr: 0 | od2lpr: 0 | od2cap: 0 | fr2kr: 0 | lpr2kr: 10 | cap2udp: 0 | kr2udp: 1 | 
2026-05-03 17:45:21,969 - INFO     - img2od: 0 | od2fr: 0 | od2lpr: 0 | od2cap: 0 | fr2kr: 0 | lpr2kr: 6 | cap2udp: 0 | kr2udp: 1 | 
2026-05-03 17:45:22,970 - INFO     - img2od: 0 | od2fr: 0 | od2lpr: 0 | od2cap: 0 | fr2kr: 0 | lpr2kr: 2 | cap2udp: 0 | kr2udp: 1 | 
2026-05-03 17:45:23,222 - INFO     - krStream     : Received end signal from LPR
2026-05-03 17:45:23,339 - INFO     - krStream     : Received BOTH END signal, shutting down
2026-05-03 17:45:23,486 - INFO     - krStream     : shutdown successful
2026-05-03 17:45:23,489 - INFO     - udpStream    : Received end signal from KR
2026-05-03 17:45:23,603 - INFO     - udpStream    : Received BOTH END signal, shutting down
2026-05-03 17:45:23,953 - INFO     - udpStream    : shutdown successful
2026-05-03 17:45:23,971 - INFO     - img2od: 0 | od2fr: 0 | od2lpr: 0 | od2cap: 0 | fr2kr: 0 | lpr2kr: 0 | cap2udp: 0 | kr2udp: 0 | 
2026-05-03 17:45:24,972 - INFO     - img2od: 0 | od2fr: 0 | od2lpr: 0 | od2cap: 0 | fr2kr: 0 | lpr2kr: 0 | cap2udp: 0 | kr2udp: 0 | 
2026-05-03 17:45:25,973 - INFO     - img2od: 0 | od2fr: 0 | od2lpr: 0 | od2cap: 0 | fr2kr: 0 | lpr2kr: 0 | cap2udp: 0 | kr2udp: 0 | 
2026-05-03 17:45:26,974 - INFO     - img2od: 0 | od2fr: 0 | od2lpr: 0 | od2cap: 0 | fr2kr: 0 | lpr2kr: 0 | cap2udp: 0 | kr2udp: 0 | 
2026-05-03 17:45:27,975 - INFO     - img2od: 0 | od2fr: 0 | od2lpr: 0 | od2cap: 0 | fr2kr: 0 | lpr2kr: 0 | cap2udp: 0 | kr2udp: 0 | 
2026-05-03 17:45:28,976 - INFO     - img2od: 0 | od2fr: 0 | od2lpr: 0 | od2cap: 0 | fr2kr: 0 | lpr2kr: 0 | cap2udp: 0 | kr2udp: 0 | 
2026-05-03 17:45:29,977 - INFO     - All queues empty, job done
2026-05-03 17:45:29,986 - INFO     - Queue logs written to ./profile_exp/mix/r0.05/no_defense/seed4/QUEUEWATCH.json
2026-05-03 17:45:30,639 - INFO     - Reach FINALLY block in MAIN process
2026-05-03 17:45:30,639 - INFO     - Starting cleanup of 7 processes.
2026-05-03 17:45:30,639 - INFO     - Draining and closing 8 queues.
2026-05-03 17:45:30,639 - INFO     - Starting cleanup for queue 0, queue size: 0.
2026-05-03 17:45:30,639 - INFO     - Starting cleanup for queue 1, queue size: 0.
2026-05-03 17:45:30,639 - INFO     - Starting cleanup for queue 2, queue size: 0.
2026-05-03 17:45:30,639 - INFO     - Starting cleanup for queue 3, queue size: 0.
2026-05-03 17:45:30,639 - INFO     - Starting cleanup for queue 4, queue size: 0.
2026-05-03 17:45:30,639 - INFO     - Starting cleanup for queue 5, queue size: 0.
2026-05-03 17:45:30,639 - INFO     - Starting cleanup for queue 6, queue size: 0.
2026-05-03 17:45:30,639 - INFO     - Starting cleanup for queue 7, queue size: 0.
2026-05-03 17:45:30,639 - INFO     - Cleanup complete.
2026-05-03 17:45:30,639 - INFO     - Cleaned up resources in MAIN process
2026-05-03 17:45:30,641 - INFO     - Summary written to ./profile_exp/mix/r0.05/no_defense/seed4/SUMMARY.json

======================================================================
PROFILING SUMMARY
======================================================================
  Total wall time:    1286.03s
  Images processed:   100
  Throughput:         0.0778 img/s
  Avg E2E latency:    83.0140s
  Min E2E latency:    0.0219s
  Max E2E latency:    818.4894s

  Component          Count  Dropped     FLOPs/call    Total FLOPs
  --------------- -------- -------- -------------- --------------
  odStream             100        0   153844849936 15384484993600
  frStream             496        0     2837404864  1407352812544
  lprStream           4626        0    17971161472 83134592969472
  capStream             42        0   373311103169 15679066333098
  krStream            5122        0            n/a            n/a
  udpStream           5164        0            n/a            n/a

  Total FLOPs:        115605497108714
======================================================================
