2026-05-03 16:34:47,047 - INFO     - imgStream    : internal profiling set to False
2026-05-03 16:34:47,047 - INFO     - odStream     : internal profiling set to False
2026-05-03 16:34:47,047 - INFO     - frStream     : internal profiling set to False
2026-05-03 16:34:47,047 - INFO     - lprStream    : internal profiling set to False
2026-05-03 16:34:47,047 - INFO     - capStream    : internal profiling set to False
2026-05-03 16:34:47,047 - INFO     - krStream     : internal profiling set to False
2026-05-03 16:34:47,047 - INFO     - udpStream    : internal profiling set to False


================================================================================
|                                                                              |
|                     Running: Traffic Monitoring Pipeline                     |
|                                                                              |
|                         Algorithm: None, Model ID: 0                         |
|                                                                              |
|                             Target Indices: none                             |
|                                                                              |
|                             2026-05-03 16:34:46                              |
|                                                                              |
================================================================================


Number of CUDA devices: 1
2026-05-03 16:34:49,937 - INFO     - img2od: 0 | od2fr: 0 | od2lpr: 0 | od2cap: 0 | fr2kr: 0 | lpr2kr: 0 | cap2udp: 0 | kr2udp: 0 | 
2026-05-03 16:34:50,018 - INFO     - imgStream    : mix mode ratio=0.05 seed=0 -> 95 clean / 5 attack
2026-05-03 16:34:50,018 - INFO     - imgStream    : started
/home/lxt230026/.conda/envs/dyndl/lib/python3.10/site-packages/facenet_pytorch/models/inception_resnet_v1.py:329: FutureWarning: You are using `torch.load` with `weights_only=False` (the current default value), which uses the default pickle module implicitly. It is possible to construct malicious pickle data which will execute arbitrary code during unpickling (See https://github.com/pytorch/pytorch/blob/main/SECURITY.md#untrusted-models for more details). In a future release, the default value for `weights_only` will be flipped to `True`. This limits the functions that could be executed during unpickling. Arbitrary objects will no longer be allowed to be loaded via this mode unless they are explicitly allowlisted by the user via `torch.serialization.add_safe_globals`. We recommend you start setting `weights_only=True` for any use case where you don't have full control of the loaded file. Please open an issue on GitHub for any issues related to this experimental feature.
  state_dict = torch.load(cached_file)
2026-05-03 16:34:50,677 - INFO     - frStream     : FR model loaded, model_id = vggface2
2026-05-03 16:34:50,677 - INFO     - frStream     : started
2026-05-03 16:34:50,700 - INFO     - krStream     : face embeddings loaded, found 1000 embeddings
2026-05-03 16:34:50,700 - INFO     - krStream     : started
2026-05-03 16:34:50,938 - INFO     - img2od: 6 | od2fr: 0 | od2lpr: 0 | od2cap: 0 | fr2kr: 0 | lpr2kr: 0 | cap2udp: 0 | kr2udp: 0 | 
2026-05-03 16:34:50,942 - INFO     - odStream     : OD model loaded, model_id = 0
2026-05-03 16:34:50,942 - INFO     - odStream     : started
/home/lxt230026/EfficiencyAttack/traffic/cmpnt/c4_lpr.py:145: FutureWarning: You are using `torch.load` with `weights_only=False` (the current default value), which uses the default pickle module implicitly. It is possible to construct malicious pickle data which will execute arbitrary code during unpickling (See https://github.com/pytorch/pytorch/blob/main/SECURITY.md#untrusted-models for more details). In a future release, the default value for `weights_only` will be flipped to `True`. This limits the functions that could be executed during unpickling. Arbitrary objects will no longer be allowed to be loaded via this mode unless they are explicitly allowlisted by the user via `torch.serialization.add_safe_globals`. We recommend you start setting `weights_only=True` for any use case where you don't have full control of the loaded file. Please open an issue on GitHub for any issues related to this experimental feature.
  self.checkpoint = torch.load(self.model_id, map_location='cpu')
2026-05-03 16:34:51,502 - INFO     - Using custom providers: ['CPUExecutionProvider']
2026-05-03 16:34:51,502 - INFO     - Skipping download of 'argentinian-plates-cnn-model' model, already exists at /home/lxt230026/.cache/fast-plate-ocr/argentinian-plates-cnn-model
2026-05-03 16:34:51,516 - INFO     - lprStream    : LPR model loaded, model_id = model_v2.pth
2026-05-03 16:34:51,516 - INFO     - lprStream    : started
2026-05-03 16:34:51,537 - INFO     - udpStream    : LM model loaded, model_id = gpt2
2026-05-03 16:34:51,537 - INFO     - udpStream    : started
2026-05-03 16:34:51,939 - INFO     - img2od: 11 | od2fr: 24 | od2lpr: 1 | od2cap: 0 | fr2kr: 0 | lpr2kr: 0 | cap2udp: 0 | kr2udp: 0 | 
2026-05-03 16:34:52,003 - INFO     - capStream    : CAP model loaded, model_id = microsoft/git-base
2026-05-03 16:34:52,003 - INFO     - capStream    : started
2026-05-03 16:34:52,940 - INFO     - img2od: 12 | od2fr: 43 | od2lpr: 0 | od2cap: 0 | fr2kr: 1 | lpr2kr: 9 | cap2udp: 0 | kr2udp: 1 | 
2026-05-03 16:34:53,941 - INFO     - img2od: 13 | od2fr: 60 | od2lpr: 860 | od2cap: 1 | fr2kr: 5 | lpr2kr: 23 | cap2udp: 0 | kr2udp: 1 | 
2026-05-03 16:34:54,942 - INFO     - img2od: 15 | od2fr: 70 | od2lpr: 841 | od2cap: 0 | fr2kr: 8 | lpr2kr: 43 | cap2udp: 0 | kr2udp: 1 | 
2026-05-03 16:34:55,943 - INFO     - img2od: 17 | od2fr: 85 | od2lpr: 1000 | od2cap: 0 | fr2kr: 12 | lpr2kr: 85 | cap2udp: 0 | kr2udp: 1 | 
2026-05-03 16:34:56,944 - INFO     - img2od: 22 | od2fr: 79 | od2lpr: 1000 | od2cap: 0 | fr2kr: 15 | lpr2kr: 147 | cap2udp: 0 | kr2udp: 1 | 
2026-05-03 16:34:57,946 - INFO     - img2od: 28 | od2fr: 73 | od2lpr: 1000 | od2cap: 0 | fr2kr: 18 | lpr2kr: 220 | cap2udp: 0 | kr2udp: 0 | 
2026-05-03 16:34:58,947 - INFO     - img2od: 34 | od2fr: 67 | od2lpr: 999 | od2cap: 0 | fr2kr: 22 | lpr2kr: 301 | cap2udp: 0 | kr2udp: 1 | 
2026-05-03 16:34:59,948 - INFO     - img2od: 39 | od2fr: 61 | od2lpr: 1000 | od2cap: 0 | fr2kr: 25 | lpr2kr: 376 | cap2udp: 0 | kr2udp: 1 | 
2026-05-03 16:35:00,949 - INFO     - img2od: 45 | od2fr: 55 | od2lpr: 999 | od2cap: 0 | fr2kr: 28 | lpr2kr: 462 | cap2udp: 0 | kr2udp: 1 | 
2026-05-03 16:35:01,950 - INFO     - img2od: 51 | od2fr: 49 | od2lpr: 999 | od2cap: 0 | fr2kr: 32 | lpr2kr: 544 | cap2udp: 0 | kr2udp: 1 | 
2026-05-03 16:35:02,952 - INFO     - img2od: 57 | od2fr: 43 | od2lpr: 1000 | od2cap: 0 | fr2kr: 35 | lpr2kr: 625 | cap2udp: 0 | kr2udp: 0 | 
2026-05-03 16:35:03,953 - INFO     - img2od: 62 | od2fr: 37 | od2lpr: 1000 | od2cap: 0 | fr2kr: 38 | lpr2kr: 712 | cap2udp: 0 | kr2udp: 1 | 
2026-05-03 16:35:04,954 - INFO     - img2od: 66 | od2fr: 31 | od2lpr: 978 | od2cap: 0 | fr2kr: 42 | lpr2kr: 768 | cap2udp: 0 | kr2udp: 1 | 
2026-05-03 16:35:05,955 - INFO     - img2od: 66 | od2fr: 54 | od2lpr: 938 | od2cap: 0 | fr2kr: 45 | lpr2kr: 804 | cap2udp: 0 | kr2udp: 0 | 
2026-05-03 16:35:06,956 - INFO     - img2od: 67 | od2fr: 53 | od2lpr: 898 | od2cap: 0 | fr2kr: 49 | lpr2kr: 842 | cap2udp: 0 | kr2udp: 1 | 
2026-05-03 16:35:07,597 - INFO     - imgStream    : completed, sending END signal
2026-05-03 16:35:07,597 - INFO     - imgStream    : shutdown
2026-05-03 16:35:07,763 - INFO     - imgStream    : shutdown successful
2026-05-03 16:35:07,957 - INFO     - img2od: 69 | od2fr: 49 | od2lpr: 1000 | od2cap: 0 | fr2kr: 52 | lpr2kr: 904 | cap2udp: 0 | kr2udp: 0 | 
2026-05-03 16:35:08,958 - INFO     - img2od: 69 | od2fr: 43 | od2lpr: 1000 | od2cap: 0 | fr2kr: 56 | lpr2kr: 1000 | cap2udp: 0 | kr2udp: 1 | 
2026-05-03 16:35:09,959 - INFO     - img2od: 69 | od2fr: 36 | od2lpr: 1000 | od2cap: 0 | fr2kr: 60 | lpr2kr: 1000 | cap2udp: 0 | kr2udp: 1 | 
2026-05-03 16:35:10,960 - INFO     - img2od: 69 | od2fr: 30 | od2lpr: 1000 | od2cap: 0 | fr2kr: 64 | lpr2kr: 1000 | cap2udp: 0 | kr2udp: 1 | 
2026-05-03 16:35:11,961 - INFO     - img2od: 69 | od2fr: 23 | od2lpr: 999 | od2cap: 0 | fr2kr: 68 | lpr2kr: 1000 | cap2udp: 0 | kr2udp: 1 | 
2026-05-03 16:35:12,962 - INFO     - img2od: 69 | od2fr: 17 | od2lpr: 1000 | od2cap: 0 | fr2kr: 72 | lpr2kr: 1000 | cap2udp: 0 | kr2udp: 1 | 
2026-05-03 16:35:13,963 - INFO     - img2od: 69 | od2fr: 10 | od2lpr: 1000 | od2cap: 0 | fr2kr: 76 | lpr2kr: 1000 | cap2udp: 0 | kr2udp: 0 | 
2026-05-03 16:35:14,964 - INFO     - img2od: 69 | od2fr: 4 | od2lpr: 1000 | od2cap: 0 | fr2kr: 80 | lpr2kr: 1000 | cap2udp: 0 | kr2udp: 1 | 
2026-05-03 16:35:15,965 - INFO     - img2od: 69 | od2fr: 0 | od2lpr: 1000 | od2cap: 0 | fr2kr: 81 | lpr2kr: 1000 | cap2udp: 0 | kr2udp: 1 | 
2026-05-03 16:35:16,967 - INFO     - img2od: 69 | od2fr: 0 | od2lpr: 1000 | od2cap: 0 | fr2kr: 78 | lpr2kr: 1000 | cap2udp: 0 | kr2udp: 1 | 
2026-05-03 16:35:17,968 - INFO     - img2od: 69 | od2fr: 0 | od2lpr: 1000 | od2cap: 0 | fr2kr: 76 | lpr2kr: 1000 | cap2udp: 0 | kr2udp: 1 | 
2026-05-03 16:35:18,969 - INFO     - img2od: 69 | od2fr: 0 | od2lpr: 1000 | od2cap: 0 | fr2kr: 73 | lpr2kr: 1000 | cap2udp: 0 | kr2udp: 0 | 
2026-05-03 16:35:19,970 - INFO     - img2od: 69 | od2fr: 0 | od2lpr: 1000 | od2cap: 0 | fr2kr: 71 | lpr2kr: 1000 | cap2udp: 0 | kr2udp: 1 | 
2026-05-03 16:35:20,971 - INFO     - img2od: 69 | od2fr: 0 | od2lpr: 1000 | od2cap: 0 | fr2kr: 68 | lpr2kr: 1000 | cap2udp: 0 | kr2udp: 0 | 
2026-05-03 16:35:21,972 - INFO     - img2od: 69 | od2fr: 0 | od2lpr: 1000 | od2cap: 0 | fr2kr: 65 | lpr2kr: 1000 | cap2udp: 0 | kr2udp: 0 | 
2026-05-03 16:35:22,973 - INFO     - img2od: 69 | od2fr: 0 | od2lpr: 1000 | od2cap: 0 | fr2kr: 63 | lpr2kr: 1000 | cap2udp: 0 | kr2udp: 1 | 
2026-05-03 16:35:23,974 - INFO     - img2od: 69 | od2fr: 0 | od2lpr: 1000 | od2cap: 0 | fr2kr: 60 | lpr2kr: 1000 | cap2udp: 0 | kr2udp: 0 | 
2026-05-03 16:35:24,975 - INFO     - img2od: 69 | od2fr: 0 | od2lpr: 1000 | od2cap: 0 | fr2kr: 57 | lpr2kr: 1000 | cap2udp: 0 | kr2udp: 1 | 
2026-05-03 16:35:25,976 - INFO     - img2od: 69 | od2fr: 0 | od2lpr: 1000 | od2cap: 0 | fr2kr: 55 | lpr2kr: 1000 | cap2udp: 0 | kr2udp: 0 | 
2026-05-03 16:35:26,977 - INFO     - img2od: 69 | od2fr: 0 | od2lpr: 1000 | od2cap: 0 | fr2kr: 52 | lpr2kr: 1000 | cap2udp: 0 | kr2udp: 0 | 
2026-05-03 16:35:27,978 - INFO     - img2od: 69 | od2fr: 0 | od2lpr: 1000 | od2cap: 0 | fr2kr: 50 | lpr2kr: 1000 | cap2udp: 0 | kr2udp: 1 | 
2026-05-03 16:35:28,979 - INFO     - img2od: 69 | od2fr: 0 | od2lpr: 1000 | od2cap: 0 | fr2kr: 47 | lpr2kr: 1000 | cap2udp: 0 | kr2udp: 0 | 
2026-05-03 16:35:29,980 - INFO     - img2od: 69 | od2fr: 0 | od2lpr: 1000 | od2cap: 0 | fr2kr: 44 | lpr2kr: 1000 | cap2udp: 0 | kr2udp: 1 | 
2026-05-03 16:35:30,981 - INFO     - img2od: 69 | od2fr: 0 | od2lpr: 1000 | od2cap: 0 | fr2kr: 42 | lpr2kr: 1000 | cap2udp: 0 | kr2udp: 1 | 
2026-05-03 16:35:31,982 - INFO     - img2od: 69 | od2fr: 0 | od2lpr: 1000 | od2cap: 0 | fr2kr: 39 | lpr2kr: 1000 | cap2udp: 0 | kr2udp: 0 | 
2026-05-03 16:35:32,983 - INFO     - img2od: 69 | od2fr: 0 | od2lpr: 1000 | od2cap: 0 | fr2kr: 37 | lpr2kr: 1000 | cap2udp: 0 | kr2udp: 1 | 
2026-05-03 16:35:33,984 - INFO     - img2od: 69 | od2fr: 0 | od2lpr: 1000 | od2cap: 0 | fr2kr: 34 | lpr2kr: 1000 | cap2udp: 0 | kr2udp: 1 | 
2026-05-03 16:35:34,985 - INFO     - img2od: 69 | od2fr: 0 | od2lpr: 1000 | od2cap: 0 | fr2kr: 31 | lpr2kr: 1000 | cap2udp: 0 | kr2udp: 1 | 
2026-05-03 16:35:35,986 - INFO     - img2od: 69 | od2fr: 0 | od2lpr: 1000 | od2cap: 0 | fr2kr: 29 | lpr2kr: 1000 | cap2udp: 0 | kr2udp: 1 | 
2026-05-03 16:35:36,987 - INFO     - img2od: 69 | od2fr: 0 | od2lpr: 1000 | od2cap: 0 | fr2kr: 26 | lpr2kr: 1000 | cap2udp: 0 | kr2udp: 1 | 
2026-05-03 16:35:37,988 - INFO     - img2od: 69 | od2fr: 0 | od2lpr: 1000 | od2cap: 0 | fr2kr: 23 | lpr2kr: 1000 | cap2udp: 0 | kr2udp: 1 | 
2026-05-03 16:35:38,989 - INFO     - img2od: 69 | od2fr: 0 | od2lpr: 1000 | od2cap: 0 | fr2kr: 21 | lpr2kr: 1000 | cap2udp: 0 | kr2udp: 0 | 
2026-05-03 16:35:39,990 - INFO     - img2od: 69 | od2fr: 0 | od2lpr: 1000 | od2cap: 0 | fr2kr: 18 | lpr2kr: 1000 | cap2udp: 0 | kr2udp: 0 | 
2026-05-03 16:35:40,991 - INFO     - img2od: 69 | od2fr: 0 | od2lpr: 1000 | od2cap: 0 | fr2kr: 16 | lpr2kr: 1000 | cap2udp: 0 | kr2udp: 1 | 
2026-05-03 16:35:41,993 - INFO     - img2od: 69 | od2fr: 0 | od2lpr: 1000 | od2cap: 0 | fr2kr: 13 | lpr2kr: 1000 | cap2udp: 0 | kr2udp: 1 | 
2026-05-03 16:35:42,994 - INFO     - img2od: 69 | od2fr: 0 | od2lpr: 1000 | od2cap: 0 | fr2kr: 10 | lpr2kr: 1000 | cap2udp: 0 | kr2udp: 1 | 
2026-05-03 16:35:43,995 - INFO     - img2od: 69 | od2fr: 0 | od2lpr: 1000 | od2cap: 0 | fr2kr: 8 | lpr2kr: 1000 | cap2udp: 0 | kr2udp: 1 | 
2026-05-03 16:35:44,996 - INFO     - img2od: 69 | od2fr: 0 | od2lpr: 1000 | od2cap: 0 | fr2kr: 5 | lpr2kr: 999 | cap2udp: 0 | kr2udp: 1 | 
2026-05-03 16:35:45,997 - INFO     - img2od: 69 | od2fr: 0 | od2lpr: 1000 | od2cap: 0 | fr2kr: 3 | lpr2kr: 1000 | cap2udp: 0 | kr2udp: 1 | 
2026-05-03 16:35:46,999 - INFO     - img2od: 69 | od2fr: 0 | od2lpr: 1000 | od2cap: 0 | fr2kr: 0 | lpr2kr: 1000 | cap2udp: 0 | kr2udp: 0 | 
2026-05-03 16:35:48,000 - INFO     - img2od: 69 | od2fr: 0 | od2lpr: 1000 | od2cap: 0 | fr2kr: 0 | lpr2kr: 1000 | cap2udp: 0 | kr2udp: 1 | 
2026-05-03 16:35:49,001 - INFO     - img2od: 69 | od2fr: 0 | od2lpr: 1000 | od2cap: 0 | fr2kr: 0 | lpr2kr: 1000 | cap2udp: 0 | kr2udp: 1 | 
2026-05-03 16:35:50,002 - INFO     - img2od: 69 | od2fr: 0 | od2lpr: 1000 | od2cap: 0 | fr2kr: 0 | lpr2kr: 1000 | cap2udp: 0 | kr2udp: 1 | 
2026-05-03 16:35:51,004 - INFO     - img2od: 69 | od2fr: 0 | od2lpr: 1000 | od2cap: 0 | fr2kr: 0 | lpr2kr: 1000 | cap2udp: 0 | kr2udp: 1 | 
2026-05-03 16:35:52,005 - INFO     - img2od: 69 | od2fr: 0 | od2lpr: 1000 | od2cap: 0 | fr2kr: 0 | lpr2kr: 1000 | cap2udp: 0 | kr2udp: 1 | 
2026-05-03 16:35:53,006 - INFO     - img2od: 69 | od2fr: 0 | od2lpr: 1000 | od2cap: 0 | fr2kr: 0 | lpr2kr: 1000 | cap2udp: 0 | kr2udp: 1 | 
2026-05-03 16:35:54,007 - INFO     - img2od: 69 | od2fr: 0 | od2lpr: 1000 | od2cap: 0 | fr2kr: 0 | lpr2kr: 1000 | cap2udp: 0 | kr2udp: 1 | 
2026-05-03 16:35:55,009 - INFO     - img2od: 69 | od2fr: 0 | od2lpr: 1000 | od2cap: 0 | fr2kr: 0 | lpr2kr: 1000 | cap2udp: 0 | kr2udp: 1 | 
2026-05-03 16:35:56,010 - INFO     - img2od: 69 | od2fr: 0 | od2lpr: 1000 | od2cap: 0 | fr2kr: 0 | lpr2kr: 1000 | cap2udp: 0 | kr2udp: 1 | 
2026-05-03 16:35:57,011 - INFO     - img2od: 69 | od2fr: 0 | od2lpr: 1000 | od2cap: 0 | fr2kr: 0 | lpr2kr: 1000 | cap2udp: 0 | kr2udp: 1 | 
2026-05-03 16:35:58,012 - INFO     - img2od: 69 | od2fr: 0 | od2lpr: 1000 | od2cap: 0 | fr2kr: 0 | lpr2kr: 1000 | cap2udp: 0 | kr2udp: 1 | 
2026-05-03 16:35:59,013 - INFO     - img2od: 69 | od2fr: 0 | od2lpr: 1000 | od2cap: 0 | fr2kr: 0 | lpr2kr: 1000 | cap2udp: 0 | kr2udp: 1 | 
2026-05-03 16:36:00,014 - INFO     - img2od: 69 | od2fr: 0 | od2lpr: 1000 | od2cap: 0 | fr2kr: 0 | lpr2kr: 1000 | cap2udp: 0 | kr2udp: 1 | 
2026-05-03 16:36:01,015 - INFO     - img2od: 69 | od2fr: 0 | od2lpr: 1000 | od2cap: 0 | fr2kr: 0 | lpr2kr: 1000 | cap2udp: 0 | kr2udp: 1 | 
2026-05-03 16:36:02,016 - INFO     - img2od: 69 | od2fr: 0 | od2lpr: 1000 | od2cap: 0 | fr2kr: 0 | lpr2kr: 1000 | cap2udp: 0 | kr2udp: 1 | 
2026-05-03 16:36:03,017 - INFO     - img2od: 69 | od2fr: 0 | od2lpr: 1000 | od2cap: 0 | fr2kr: 0 | lpr2kr: 1000 | cap2udp: 0 | kr2udp: 1 | 
2026-05-03 16:36:04,018 - INFO     - img2od: 69 | od2fr: 0 | od2lpr: 1000 | od2cap: 0 | fr2kr: 0 | lpr2kr: 1000 | cap2udp: 0 | kr2udp: 1 | 
2026-05-03 16:36:05,020 - INFO     - img2od: 69 | od2fr: 0 | od2lpr: 1000 | od2cap: 0 | fr2kr: 0 | lpr2kr: 1000 | cap2udp: 0 | kr2udp: 0 | 
2026-05-03 16:36:06,021 - INFO     - img2od: 69 | od2fr: 0 | od2lpr: 1000 | od2cap: 0 | fr2kr: 0 | lpr2kr: 1000 | cap2udp: 0 | kr2udp: 1 | 
2026-05-03 16:36:07,022 - INFO     - img2od: 69 | od2fr: 0 | od2lpr: 1000 | od2cap: 0 | fr2kr: 0 | lpr2kr: 1000 | cap2udp: 0 | kr2udp: 1 | 
2026-05-03 16:36:08,023 - INFO     - img2od: 69 | od2fr: 0 | od2lpr: 1000 | od2cap: 0 | fr2kr: 0 | lpr2kr: 1000 | cap2udp: 0 | kr2udp: 1 | 
2026-05-03 16:36:09,025 - INFO     - img2od: 69 | od2fr: 0 | od2lpr: 1000 | od2cap: 0 | fr2kr: 0 | lpr2kr: 1000 | cap2udp: 0 | kr2udp: 1 | 
2026-05-03 16:36:10,026 - INFO     - img2od: 69 | od2fr: 0 | od2lpr: 1000 | od2cap: 0 | fr2kr: 0 | lpr2kr: 1000 | cap2udp: 0 | kr2udp: 1 | 
2026-05-03 16:36:11,027 - INFO     - img2od: 69 | od2fr: 0 | od2lpr: 1000 | od2cap: 0 | fr2kr: 0 | lpr2kr: 1000 | cap2udp: 0 | kr2udp: 1 | 
2026-05-03 16:36:12,028 - INFO     - img2od: 69 | od2fr: 0 | od2lpr: 999 | od2cap: 0 | fr2kr: 0 | lpr2kr: 1000 | cap2udp: 0 | kr2udp: 1 | 
2026-05-03 16:36:13,030 - INFO     - img2od: 69 | od2fr: 0 | od2lpr: 1000 | od2cap: 0 | fr2kr: 0 | lpr2kr: 1000 | cap2udp: 0 | kr2udp: 1 | 
2026-05-03 16:36:14,031 - INFO     - img2od: 69 | od2fr: 0 | od2lpr: 1000 | od2cap: 0 | fr2kr: 0 | lpr2kr: 1000 | cap2udp: 0 | kr2udp: 1 | 
2026-05-03 16:36:15,032 - INFO     - img2od: 69 | od2fr: 0 | od2lpr: 1000 | od2cap: 0 | fr2kr: 0 | lpr2kr: 1000 | cap2udp: 0 | kr2udp: 1 | 
2026-05-03 16:36:16,033 - INFO     - img2od: 69 | od2fr: 0 | od2lpr: 1000 | od2cap: 0 | fr2kr: 0 | lpr2kr: 1000 | cap2udp: 0 | kr2udp: 1 | 
2026-05-03 16:36:17,034 - INFO     - img2od: 69 | od2fr: 0 | od2lpr: 1000 | od2cap: 0 | fr2kr: 0 | lpr2kr: 1000 | cap2udp: 0 | kr2udp: 1 | 
2026-05-03 16:36:18,036 - INFO     - img2od: 69 | od2fr: 0 | od2lpr: 1000 | od2cap: 0 | fr2kr: 0 | lpr2kr: 1000 | cap2udp: 0 | kr2udp: 1 | 
2026-05-03 16:36:19,037 - INFO     - img2od: 69 | od2fr: 0 | od2lpr: 1000 | od2cap: 0 | fr2kr: 0 | lpr2kr: 1000 | cap2udp: 0 | kr2udp: 1 | 
2026-05-03 16:36:20,038 - INFO     - img2od: 69 | od2fr: 0 | od2lpr: 1000 | od2cap: 0 | fr2kr: 0 | lpr2kr: 1000 | cap2udp: 0 | kr2udp: 1 | 
2026-05-03 16:36:21,039 - INFO     - img2od: 69 | od2fr: 0 | od2lpr: 1000 | od2cap: 0 | fr2kr: 0 | lpr2kr: 1000 | cap2udp: 0 | kr2udp: 1 | 
2026-05-03 16:36:22,040 - INFO     - img2od: 69 | od2fr: 0 | od2lpr: 1000 | od2cap: 0 | fr2kr: 0 | lpr2kr: 1000 | cap2udp: 0 | kr2udp: 1 | 
2026-05-03 16:36:23,042 - INFO     - img2od: 69 | od2fr: 0 | od2lpr: 1000 | od2cap: 0 | fr2kr: 0 | lpr2kr: 1000 | cap2udp: 0 | kr2udp: 1 | 
2026-05-03 16:36:24,043 - INFO     - img2od: 69 | od2fr: 0 | od2lpr: 1000 | od2cap: 0 | fr2kr: 0 | lpr2kr: 1000 | cap2udp: 0 | kr2udp: 1 | 
2026-05-03 16:36:25,044 - INFO     - img2od: 69 | od2fr: 0 | od2lpr: 1000 | od2cap: 0 | fr2kr: 0 | lpr2kr: 1000 | cap2udp: 0 | kr2udp: 1 | 
2026-05-03 16:36:26,045 - INFO     - img2od: 69 | od2fr: 0 | od2lpr: 1000 | od2cap: 0 | fr2kr: 0 | lpr2kr: 1000 | cap2udp: 0 | kr2udp: 1 | 
2026-05-03 16:36:27,046 - INFO     - img2od: 69 | od2fr: 0 | od2lpr: 1000 | od2cap: 0 | fr2kr: 0 | lpr2kr: 1000 | cap2udp: 0 | kr2udp: 1 | 
2026-05-03 16:36:28,047 - INFO     - img2od: 69 | od2fr: 0 | od2lpr: 999 | od2cap: 0 | fr2kr: 0 | lpr2kr: 1000 | cap2udp: 0 | kr2udp: 1 | 
2026-05-03 16:36:29,048 - INFO     - img2od: 69 | od2fr: 0 | od2lpr: 1000 | od2cap: 0 | fr2kr: 0 | lpr2kr: 1000 | cap2udp: 0 | kr2udp: 1 | 
2026-05-03 16:36:30,049 - INFO     - img2od: 69 | od2fr: 0 | od2lpr: 1000 | od2cap: 0 | fr2kr: 0 | lpr2kr: 1000 | cap2udp: 0 | kr2udp: 1 | 
2026-05-03 16:36:31,050 - INFO     - img2od: 69 | od2fr: 0 | od2lpr: 1000 | od2cap: 0 | fr2kr: 0 | lpr2kr: 1000 | cap2udp: 0 | kr2udp: 1 | 
2026-05-03 16:36:32,051 - INFO     - img2od: 69 | od2fr: 0 | od2lpr: 1000 | od2cap: 0 | fr2kr: 0 | lpr2kr: 1000 | cap2udp: 0 | kr2udp: 1 | 
2026-05-03 16:36:33,052 - INFO     - img2od: 69 | od2fr: 0 | od2lpr: 1000 | od2cap: 0 | fr2kr: 0 | lpr2kr: 1000 | cap2udp: 0 | kr2udp: 1 | 
2026-05-03 16:36:34,053 - INFO     - img2od: 69 | od2fr: 0 | od2lpr: 1000 | od2cap: 0 | fr2kr: 0 | lpr2kr: 1000 | cap2udp: 0 | kr2udp: 1 | 
2026-05-03 16:36:35,054 - INFO     - img2od: 69 | od2fr: 0 | od2lpr: 1000 | od2cap: 0 | fr2kr: 0 | lpr2kr: 1000 | cap2udp: 0 | kr2udp: 1 | 
2026-05-03 16:36:36,055 - INFO     - img2od: 69 | od2fr: 0 | od2lpr: 1000 | od2cap: 0 | fr2kr: 0 | lpr2kr: 1000 | cap2udp: 0 | kr2udp: 1 | 
2026-05-03 16:36:37,056 - INFO     - img2od: 69 | od2fr: 0 | od2lpr: 1000 | od2cap: 0 | fr2kr: 0 | lpr2kr: 1000 | cap2udp: 0 | kr2udp: 1 | 
2026-05-03 16:36:38,057 - INFO     - img2od: 69 | od2fr: 0 | od2lpr: 1000 | od2cap: 0 | fr2kr: 0 | lpr2kr: 1000 | cap2udp: 0 | kr2udp: 1 | 
2026-05-03 16:36:39,058 - INFO     - img2od: 69 | od2fr: 0 | od2lpr: 1000 | od2cap: 0 | fr2kr: 0 | lpr2kr: 1000 | cap2udp: 0 | kr2udp: 1 | 
2026-05-03 16:36:40,059 - INFO     - img2od: 69 | od2fr: 0 | od2lpr: 1000 | od2cap: 0 | fr2kr: 0 | lpr2kr: 1000 | cap2udp: 0 | kr2udp: 1 | 
2026-05-03 16:36:41,060 - INFO     - img2od: 69 | od2fr: 0 | od2lpr: 1000 | od2cap: 0 | fr2kr: 0 | lpr2kr: 1000 | cap2udp: 0 | kr2udp: 1 | 
2026-05-03 16:36:42,062 - INFO     - img2od: 69 | od2fr: 0 | od2lpr: 1000 | od2cap: 0 | fr2kr: 0 | lpr2kr: 1000 | cap2udp: 0 | kr2udp: 1 | 
2026-05-03 16:36:43,063 - INFO     - img2od: 69 | od2fr: 0 | od2lpr: 1000 | od2cap: 0 | fr2kr: 0 | lpr2kr: 1000 | cap2udp: 0 | kr2udp: 1 | 
2026-05-03 16:36:44,064 - INFO     - img2od: 69 | od2fr: 0 | od2lpr: 1000 | od2cap: 0 | fr2kr: 0 | lpr2kr: 1000 | cap2udp: 0 | kr2udp: 1 | 
2026-05-03 16:36:45,065 - INFO     - img2od: 69 | od2fr: 0 | od2lpr: 1000 | od2cap: 0 | fr2kr: 0 | lpr2kr: 1000 | cap2udp: 0 | kr2udp: 1 | 
2026-05-03 16:36:46,066 - INFO     - img2od: 69 | od2fr: 0 | od2lpr: 1000 | od2cap: 0 | fr2kr: 0 | lpr2kr: 1000 | cap2udp: 0 | kr2udp: 1 | 
2026-05-03 16:36:47,067 - INFO     - img2od: 69 | od2fr: 0 | od2lpr: 1000 | od2cap: 0 | fr2kr: 0 | lpr2kr: 1000 | cap2udp: 0 | kr2udp: 1 | 
2026-05-03 16:36:48,068 - INFO     - img2od: 69 | od2fr: 0 | od2lpr: 999 | od2cap: 0 | fr2kr: 0 | lpr2kr: 1000 | cap2udp: 0 | kr2udp: 1 | 
2026-05-03 16:36:49,069 - INFO     - img2od: 69 | od2fr: 0 | od2lpr: 1000 | od2cap: 0 | fr2kr: 0 | lpr2kr: 1000 | cap2udp: 0 | kr2udp: 1 | 
2026-05-03 16:36:50,070 - INFO     - img2od: 69 | od2fr: 0 | od2lpr: 1000 | od2cap: 0 | fr2kr: 0 | lpr2kr: 1000 | cap2udp: 0 | kr2udp: 1 | 
2026-05-03 16:36:51,071 - INFO     - img2od: 69 | od2fr: 0 | od2lpr: 1000 | od2cap: 0 | fr2kr: 0 | lpr2kr: 1000 | cap2udp: 0 | kr2udp: 1 | 
2026-05-03 16:36:52,072 - INFO     - img2od: 69 | od2fr: 0 | od2lpr: 1000 | od2cap: 0 | fr2kr: 0 | lpr2kr: 1000 | cap2udp: 0 | kr2udp: 1 | 
2026-05-03 16:36:53,073 - INFO     - img2od: 69 | od2fr: 0 | od2lpr: 1000 | od2cap: 0 | fr2kr: 0 | lpr2kr: 1000 | cap2udp: 0 | kr2udp: 1 | 
2026-05-03 16:36:54,074 - INFO     - img2od: 69 | od2fr: 0 | od2lpr: 1000 | od2cap: 0 | fr2kr: 0 | lpr2kr: 1000 | cap2udp: 0 | kr2udp: 1 | 
2026-05-03 16:36:55,075 - INFO     - img2od: 69 | od2fr: 0 | od2lpr: 1000 | od2cap: 0 | fr2kr: 0 | lpr2kr: 1000 | cap2udp: 0 | kr2udp: 1 | 
2026-05-03 16:36:56,076 - INFO     - img2od: 69 | od2fr: 0 | od2lpr: 1000 | od2cap: 0 | fr2kr: 0 | lpr2kr: 1000 | cap2udp: 0 | kr2udp: 1 | 
2026-05-03 16:36:57,077 - INFO     - img2od: 69 | od2fr: 0 | od2lpr: 1000 | od2cap: 0 | fr2kr: 0 | lpr2kr: 1000 | cap2udp: 0 | kr2udp: 1 | 
2026-05-03 16:36:58,078 - INFO     - img2od: 69 | od2fr: 0 | od2lpr: 1000 | od2cap: 0 | fr2kr: 0 | lpr2kr: 1000 | cap2udp: 0 | kr2udp: 1 | 
2026-05-03 16:36:59,079 - INFO     - img2od: 69 | od2fr: 0 | od2lpr: 1000 | od2cap: 0 | fr2kr: 0 | lpr2kr: 1000 | cap2udp: 0 | kr2udp: 1 | 
2026-05-03 16:37:00,080 - INFO     - img2od: 69 | od2fr: 0 | od2lpr: 1000 | od2cap: 0 | fr2kr: 0 | lpr2kr: 1000 | cap2udp: 0 | kr2udp: 1 | 
2026-05-03 16:37:01,081 - INFO     - img2od: 69 | od2fr: 0 | od2lpr: 1000 | od2cap: 0 | fr2kr: 0 | lpr2kr: 1000 | cap2udp: 0 | kr2udp: 1 | 
2026-05-03 16:37:02,082 - INFO     - img2od: 69 | od2fr: 0 | od2lpr: 1000 | od2cap: 0 | fr2kr: 0 | lpr2kr: 1000 | cap2udp: 0 | kr2udp: 1 | 
2026-05-03 16:37:03,084 - INFO     - img2od: 69 | od2fr: 0 | od2lpr: 1000 | od2cap: 0 | fr2kr: 0 | lpr2kr: 1000 | cap2udp: 0 | kr2udp: 1 | 
2026-05-03 16:37:04,085 - INFO     - img2od: 69 | od2fr: 0 | od2lpr: 1000 | od2cap: 0 | fr2kr: 0 | lpr2kr: 1000 | cap2udp: 0 | kr2udp: 1 | 
2026-05-03 16:37:05,086 - INFO     - img2od: 69 | od2fr: 0 | od2lpr: 1000 | od2cap: 0 | fr2kr: 0 | lpr2kr: 1000 | cap2udp: 0 | kr2udp: 1 | 
2026-05-03 16:37:06,087 - INFO     - img2od: 69 | od2fr: 0 | od2lpr: 999 | od2cap: 0 | fr2kr: 0 | lpr2kr: 1000 | cap2udp: 0 | kr2udp: 1 | 
2026-05-03 16:37:07,088 - INFO     - img2od: 69 | od2fr: 0 | od2lpr: 1000 | od2cap: 0 | fr2kr: 0 | lpr2kr: 1000 | cap2udp: 0 | kr2udp: 1 | 
2026-05-03 16:37:08,090 - INFO     - img2od: 69 | od2fr: 0 | od2lpr: 1000 | od2cap: 0 | fr2kr: 0 | lpr2kr: 1000 | cap2udp: 0 | kr2udp: 1 | 
2026-05-03 16:37:09,091 - INFO     - img2od: 69 | od2fr: 0 | od2lpr: 1000 | od2cap: 0 | fr2kr: 0 | lpr2kr: 1000 | cap2udp: 0 | kr2udp: 1 | 
2026-05-03 16:37:10,092 - INFO     - img2od: 69 | od2fr: 0 | od2lpr: 1000 | od2cap: 0 | fr2kr: 0 | lpr2kr: 1000 | cap2udp: 0 | kr2udp: 1 | 
2026-05-03 16:37:11,093 - INFO     - img2od: 69 | od2fr: 0 | od2lpr: 1000 | od2cap: 0 | fr2kr: 0 | lpr2kr: 1000 | cap2udp: 0 | kr2udp: 0 | 
2026-05-03 16:37:12,094 - INFO     - img2od: 69 | od2fr: 0 | od2lpr: 1000 | od2cap: 0 | fr2kr: 0 | lpr2kr: 1000 | cap2udp: 0 | kr2udp: 1 | 
2026-05-03 16:37:13,095 - INFO     - img2od: 69 | od2fr: 0 | od2lpr: 1000 | od2cap: 0 | fr2kr: 0 | lpr2kr: 1000 | cap2udp: 0 | kr2udp: 1 | 
2026-05-03 16:37:14,096 - INFO     - img2od: 69 | od2fr: 0 | od2lpr: 999 | od2cap: 0 | fr2kr: 0 | lpr2kr: 1000 | cap2udp: 0 | kr2udp: 1 | 
2026-05-03 16:37:15,097 - INFO     - img2od: 69 | od2fr: 0 | od2lpr: 1000 | od2cap: 0 | fr2kr: 0 | lpr2kr: 1000 | cap2udp: 0 | kr2udp: 1 | 
2026-05-03 16:37:16,098 - INFO     - img2od: 69 | od2fr: 0 | od2lpr: 1000 | od2cap: 0 | fr2kr: 0 | lpr2kr: 1000 | cap2udp: 0 | kr2udp: 1 | 
2026-05-03 16:37:17,099 - INFO     - img2od: 69 | od2fr: 0 | od2lpr: 1000 | od2cap: 0 | fr2kr: 0 | lpr2kr: 1000 | cap2udp: 0 | kr2udp: 0 | 
2026-05-03 16:37:18,103 - INFO     - img2od: 69 | od2fr: 0 | od2lpr: 1000 | od2cap: 0 | fr2kr: 0 | lpr2kr: 1000 | cap2udp: 0 | kr2udp: 0 | 
2026-05-03 16:37:19,104 - INFO     - img2od: 69 | od2fr: 0 | od2lpr: 1000 | od2cap: 0 | fr2kr: 0 | lpr2kr: 1000 | cap2udp: 0 | kr2udp: 0 | 
2026-05-03 16:37:20,105 - INFO     - img2od: 69 | od2fr: 0 | od2lpr: 1000 | od2cap: 0 | fr2kr: 0 | lpr2kr: 1000 | cap2udp: 0 | kr2udp: 0 | 
2026-05-03 16:37:21,106 - INFO     - img2od: 69 | od2fr: 0 | od2lpr: 1000 | od2cap: 0 | fr2kr: 0 | lpr2kr: 1000 | cap2udp: 0 | kr2udp: 1 | 
2026-05-03 16:37:22,107 - INFO     - img2od: 69 | od2fr: 0 | od2lpr: 1000 | od2cap: 0 | fr2kr: 0 | lpr2kr: 1000 | cap2udp: 0 | kr2udp: 1 | 
2026-05-03 16:37:23,108 - INFO     - img2od: 69 | od2fr: 0 | od2lpr: 1000 | od2cap: 0 | fr2kr: 0 | lpr2kr: 1000 | cap2udp: 0 | kr2udp: 1 | 
2026-05-03 16:37:24,109 - INFO     - img2od: 69 | od2fr: 0 | od2lpr: 1000 | od2cap: 0 | fr2kr: 0 | lpr2kr: 1000 | cap2udp: 0 | kr2udp: 1 | 
2026-05-03 16:37:25,110 - INFO     - img2od: 69 | od2fr: 0 | od2lpr: 1000 | od2cap: 0 | fr2kr: 0 | lpr2kr: 1000 | cap2udp: 0 | kr2udp: 1 | 
2026-05-03 16:37:26,111 - INFO     - img2od: 69 | od2fr: 0 | od2lpr: 1000 | od2cap: 0 | fr2kr: 0 | lpr2kr: 1000 | cap2udp: 0 | kr2udp: 1 | 
2026-05-03 16:37:27,112 - INFO     - img2od: 69 | od2fr: 0 | od2lpr: 1000 | od2cap: 0 | fr2kr: 0 | lpr2kr: 1000 | cap2udp: 0 | kr2udp: 1 | 
2026-05-03 16:37:28,113 - INFO     - img2od: 69 | od2fr: 0 | od2lpr: 1000 | od2cap: 0 | fr2kr: 0 | lpr2kr: 1000 | cap2udp: 0 | kr2udp: 1 | 
2026-05-03 16:37:29,114 - INFO     - img2od: 69 | od2fr: 0 | od2lpr: 1000 | od2cap: 0 | fr2kr: 0 | lpr2kr: 1000 | cap2udp: 0 | kr2udp: 0 | 
2026-05-03 16:37:30,115 - INFO     - img2od: 69 | od2fr: 0 | od2lpr: 1000 | od2cap: 0 | fr2kr: 0 | lpr2kr: 1000 | cap2udp: 0 | kr2udp: 1 | 
2026-05-03 16:37:31,116 - INFO     - img2od: 69 | od2fr: 0 | od2lpr: 1000 | od2cap: 0 | fr2kr: 0 | lpr2kr: 1000 | cap2udp: 0 | kr2udp: 1 | 
2026-05-03 16:37:32,117 - INFO     - img2od: 69 | od2fr: 0 | od2lpr: 1000 | od2cap: 0 | fr2kr: 0 | lpr2kr: 1000 | cap2udp: 0 | kr2udp: 1 | 
2026-05-03 16:37:33,118 - INFO     - img2od: 69 | od2fr: 0 | od2lpr: 1000 | od2cap: 0 | fr2kr: 0 | lpr2kr: 1000 | cap2udp: 0 | kr2udp: 0 | 
2026-05-03 16:37:34,119 - INFO     - img2od: 69 | od2fr: 0 | od2lpr: 1000 | od2cap: 0 | fr2kr: 0 | lpr2kr: 1000 | cap2udp: 0 | kr2udp: 0 | 
2026-05-03 16:37:35,119 - INFO     - img2od: 69 | od2fr: 0 | od2lpr: 1000 | od2cap: 0 | fr2kr: 0 | lpr2kr: 1000 | cap2udp: 0 | kr2udp: 1 | 
2026-05-03 16:37:36,120 - INFO     - img2od: 69 | od2fr: 0 | od2lpr: 1000 | od2cap: 0 | fr2kr: 0 | lpr2kr: 1000 | cap2udp: 0 | kr2udp: 1 | 
2026-05-03 16:37:37,121 - INFO     - img2od: 69 | od2fr: 0 | od2lpr: 1000 | od2cap: 0 | fr2kr: 0 | lpr2kr: 1000 | cap2udp: 0 | kr2udp: 0 | 
2026-05-03 16:37:38,122 - INFO     - img2od: 69 | od2fr: 0 | od2lpr: 1000 | od2cap: 0 | fr2kr: 0 | lpr2kr: 1000 | cap2udp: 0 | kr2udp: 1 | 
2026-05-03 16:37:39,123 - INFO     - img2od: 69 | od2fr: 0 | od2lpr: 1000 | od2cap: 0 | fr2kr: 0 | lpr2kr: 1000 | cap2udp: 0 | kr2udp: 1 | 
2026-05-03 16:37:40,124 - INFO     - img2od: 69 | od2fr: 0 | od2lpr: 1000 | od2cap: 0 | fr2kr: 0 | lpr2kr: 1000 | cap2udp: 0 | kr2udp: 0 | 
2026-05-03 16:37:41,125 - INFO     - img2od: 69 | od2fr: 0 | od2lpr: 1000 | od2cap: 0 | fr2kr: 0 | lpr2kr: 1000 | cap2udp: 0 | kr2udp: 1 | 
2026-05-03 16:37:42,126 - INFO     - img2od: 69 | od2fr: 0 | od2lpr: 1000 | od2cap: 0 | fr2kr: 0 | lpr2kr: 1000 | cap2udp: 0 | kr2udp: 1 | 
2026-05-03 16:37:43,127 - INFO     - img2od: 69 | od2fr: 0 | od2lpr: 1000 | od2cap: 0 | fr2kr: 0 | lpr2kr: 1000 | cap2udp: 0 | kr2udp: 1 | 
2026-05-03 16:37:44,128 - INFO     - img2od: 69 | od2fr: 0 | od2lpr: 1000 | od2cap: 0 | fr2kr: 0 | lpr2kr: 1000 | cap2udp: 0 | kr2udp: 1 | 
2026-05-03 16:37:45,129 - INFO     - img2od: 69 | od2fr: 0 | od2lpr: 1000 | od2cap: 0 | fr2kr: 0 | lpr2kr: 1000 | cap2udp: 0 | kr2udp: 1 | 
2026-05-03 16:37:46,130 - INFO     - img2od: 69 | od2fr: 0 | od2lpr: 1000 | od2cap: 0 | fr2kr: 0 | lpr2kr: 1000 | cap2udp: 0 | kr2udp: 1 | 
2026-05-03 16:37:47,131 - INFO     - img2od: 69 | od2fr: 0 | od2lpr: 1000 | od2cap: 0 | fr2kr: 0 | lpr2kr: 1000 | cap2udp: 0 | kr2udp: 1 | 
2026-05-03 16:37:48,132 - INFO     - img2od: 69 | od2fr: 0 | od2lpr: 1000 | od2cap: 0 | fr2kr: 0 | lpr2kr: 1000 | cap2udp: 0 | kr2udp: 1 | 
2026-05-03 16:37:49,133 - INFO     - img2od: 69 | od2fr: 0 | od2lpr: 1000 | od2cap: 0 | fr2kr: 0 | lpr2kr: 1000 | cap2udp: 0 | kr2udp: 1 | 
2026-05-03 16:37:50,134 - INFO     - img2od: 69 | od2fr: 0 | od2lpr: 1000 | od2cap: 0 | fr2kr: 0 | lpr2kr: 1000 | cap2udp: 0 | kr2udp: 0 | 
2026-05-03 16:37:51,135 - INFO     - img2od: 69 | od2fr: 0 | od2lpr: 1000 | od2cap: 0 | fr2kr: 0 | lpr2kr: 1000 | cap2udp: 0 | kr2udp: 1 | 
2026-05-03 16:37:52,136 - INFO     - img2od: 69 | od2fr: 0 | od2lpr: 1000 | od2cap: 0 | fr2kr: 0 | lpr2kr: 1000 | cap2udp: 0 | kr2udp: 1 | 
2026-05-03 16:37:53,137 - INFO     - img2od: 69 | od2fr: 0 | od2lpr: 1000 | od2cap: 0 | fr2kr: 0 | lpr2kr: 1000 | cap2udp: 0 | kr2udp: 1 | 
2026-05-03 16:37:54,138 - INFO     - img2od: 69 | od2fr: 0 | od2lpr: 1000 | od2cap: 0 | fr2kr: 0 | lpr2kr: 1000 | cap2udp: 0 | kr2udp: 1 | 
2026-05-03 16:37:55,139 - INFO     - img2od: 69 | od2fr: 0 | od2lpr: 1000 | od2cap: 0 | fr2kr: 0 | lpr2kr: 999 | cap2udp: 0 | kr2udp: 1 | 
2026-05-03 16:37:56,140 - INFO     - img2od: 69 | od2fr: 0 | od2lpr: 1000 | od2cap: 0 | fr2kr: 0 | lpr2kr: 1000 | cap2udp: 0 | kr2udp: 1 | 
2026-05-03 16:37:57,141 - INFO     - img2od: 69 | od2fr: 0 | od2lpr: 1000 | od2cap: 0 | fr2kr: 0 | lpr2kr: 1000 | cap2udp: 0 | kr2udp: 1 | 
2026-05-03 16:37:58,142 - INFO     - img2od: 69 | od2fr: 0 | od2lpr: 1000 | od2cap: 0 | fr2kr: 0 | lpr2kr: 1000 | cap2udp: 0 | kr2udp: 1 | 
2026-05-03 16:37:59,143 - INFO     - img2od: 69 | od2fr: 0 | od2lpr: 1000 | od2cap: 0 | fr2kr: 0 | lpr2kr: 1000 | cap2udp: 0 | kr2udp: 1 | 
2026-05-03 16:38:00,144 - INFO     - img2od: 69 | od2fr: 0 | od2lpr: 1000 | od2cap: 0 | fr2kr: 0 | lpr2kr: 1000 | cap2udp: 0 | kr2udp: 1 | 
2026-05-03 16:38:01,145 - INFO     - img2od: 69 | od2fr: 0 | od2lpr: 1000 | od2cap: 0 | fr2kr: 0 | lpr2kr: 1000 | cap2udp: 0 | kr2udp: 0 | 
2026-05-03 16:38:02,146 - INFO     - img2od: 69 | od2fr: 0 | od2lpr: 1000 | od2cap: 0 | fr2kr: 0 | lpr2kr: 1000 | cap2udp: 0 | kr2udp: 0 | 
2026-05-03 16:38:03,147 - INFO     - img2od: 69 | od2fr: 0 | od2lpr: 1000 | od2cap: 0 | fr2kr: 0 | lpr2kr: 1000 | cap2udp: 0 | kr2udp: 1 | 
2026-05-03 16:38:04,148 - INFO     - img2od: 69 | od2fr: 0 | od2lpr: 1000 | od2cap: 0 | fr2kr: 0 | lpr2kr: 1000 | cap2udp: 0 | kr2udp: 1 | 
2026-05-03 16:38:05,149 - INFO     - img2od: 69 | od2fr: 0 | od2lpr: 1000 | od2cap: 0 | fr2kr: 0 | lpr2kr: 1000 | cap2udp: 0 | kr2udp: 1 | 
2026-05-03 16:38:06,150 - INFO     - img2od: 69 | od2fr: 0 | od2lpr: 1000 | od2cap: 0 | fr2kr: 0 | lpr2kr: 1000 | cap2udp: 0 | kr2udp: 0 | 
2026-05-03 16:38:07,151 - INFO     - img2od: 69 | od2fr: 0 | od2lpr: 1000 | od2cap: 0 | fr2kr: 0 | lpr2kr: 1000 | cap2udp: 0 | kr2udp: 1 | 
2026-05-03 16:38:08,152 - INFO     - img2od: 69 | od2fr: 0 | od2lpr: 999 | od2cap: 0 | fr2kr: 0 | lpr2kr: 1000 | cap2udp: 0 | kr2udp: 1 | 
2026-05-03 16:38:09,153 - INFO     - img2od: 69 | od2fr: 0 | od2lpr: 1000 | od2cap: 0 | fr2kr: 0 | lpr2kr: 1000 | cap2udp: 0 | kr2udp: 0 | 
2026-05-03 16:38:10,154 - INFO     - img2od: 69 | od2fr: 0 | od2lpr: 1000 | od2cap: 0 | fr2kr: 0 | lpr2kr: 1000 | cap2udp: 0 | kr2udp: 1 | 
2026-05-03 16:38:11,155 - INFO     - img2od: 69 | od2fr: 0 | od2lpr: 1000 | od2cap: 0 | fr2kr: 0 | lpr2kr: 1000 | cap2udp: 0 | kr2udp: 1 | 
2026-05-03 16:38:12,156 - INFO     - img2od: 69 | od2fr: 0 | od2lpr: 1000 | od2cap: 0 | fr2kr: 0 | lpr2kr: 1000 | cap2udp: 0 | kr2udp: 1 | 
2026-05-03 16:38:13,157 - INFO     - img2od: 69 | od2fr: 0 | od2lpr: 1000 | od2cap: 0 | fr2kr: 0 | lpr2kr: 1000 | cap2udp: 0 | kr2udp: 1 | 
2026-05-03 16:38:14,158 - INFO     - img2od: 69 | od2fr: 0 | od2lpr: 1000 | od2cap: 0 | fr2kr: 0 | lpr2kr: 1000 | cap2udp: 0 | kr2udp: 1 | 
2026-05-03 16:38:15,159 - INFO     - img2od: 69 | od2fr: 0 | od2lpr: 1000 | od2cap: 0 | fr2kr: 0 | lpr2kr: 1000 | cap2udp: 0 | kr2udp: 1 | 
2026-05-03 16:38:16,160 - INFO     - img2od: 69 | od2fr: 0 | od2lpr: 1000 | od2cap: 0 | fr2kr: 0 | lpr2kr: 999 | cap2udp: 0 | kr2udp: 1 | 
2026-05-03 16:38:17,161 - INFO     - img2od: 69 | od2fr: 0 | od2lpr: 1000 | od2cap: 0 | fr2kr: 0 | lpr2kr: 1000 | cap2udp: 0 | kr2udp: 1 | 
2026-05-03 16:38:18,162 - INFO     - img2od: 69 | od2fr: 0 | od2lpr: 1000 | od2cap: 0 | fr2kr: 0 | lpr2kr: 1000 | cap2udp: 0 | kr2udp: 1 | 
2026-05-03 16:38:19,163 - INFO     - img2od: 69 | od2fr: 0 | od2lpr: 1000 | od2cap: 0 | fr2kr: 0 | lpr2kr: 1000 | cap2udp: 0 | kr2udp: 1 | 
2026-05-03 16:38:20,164 - INFO     - img2od: 69 | od2fr: 0 | od2lpr: 1000 | od2cap: 0 | fr2kr: 0 | lpr2kr: 1000 | cap2udp: 0 | kr2udp: 1 | 
2026-05-03 16:38:21,165 - INFO     - img2od: 67 | od2fr: 3 | od2lpr: 999 | od2cap: 0 | fr2kr: 0 | lpr2kr: 1000 | cap2udp: 0 | kr2udp: 1 | 
2026-05-03 16:38:22,166 - INFO     - img2od: 66 | od2fr: 0 | od2lpr: 1000 | od2cap: 0 | fr2kr: 2 | lpr2kr: 1000 | cap2udp: 0 | kr2udp: 1 | 
2026-05-03 16:38:23,167 - INFO     - img2od: 63 | od2fr: 8 | od2lpr: 999 | od2cap: 0 | fr2kr: 2 | lpr2kr: 1000 | cap2udp: 1 | kr2udp: 1 | 
2026-05-03 16:38:24,168 - INFO     - img2od: 58 | od2fr: 12 | od2lpr: 997 | od2cap: 0 | fr2kr: 6 | lpr2kr: 1000 | cap2udp: 0 | kr2udp: 1 | 
2026-05-03 16:38:25,169 - INFO     - img2od: 54 | od2fr: 11 | od2lpr: 995 | od2cap: 0 | fr2kr: 9 | lpr2kr: 1000 | cap2udp: 1 | kr2udp: 1 | 
2026-05-03 16:38:26,170 - INFO     - img2od: 50 | od2fr: 33 | od2lpr: 992 | od2cap: 0 | fr2kr: 12 | lpr2kr: 1000 | cap2udp: 0 | kr2udp: 1 | 
2026-05-03 16:38:27,171 - INFO     - img2od: 45 | od2fr: 114 | od2lpr: 990 | od2cap: 0 | fr2kr: 15 | lpr2kr: 1000 | cap2udp: 1 | kr2udp: 1 | 
2026-05-03 16:38:28,172 - INFO     - img2od: 41 | od2fr: 111 | od2lpr: 988 | od2cap: 0 | fr2kr: 18 | lpr2kr: 1000 | cap2udp: 0 | kr2udp: 0 | 
2026-05-03 16:38:29,173 - INFO     - img2od: 37 | od2fr: 151 | od2lpr: 986 | od2cap: 0 | fr2kr: 21 | lpr2kr: 1000 | cap2udp: 0 | kr2udp: 1 | 
2026-05-03 16:38:30,174 - INFO     - img2od: 33 | od2fr: 160 | od2lpr: 984 | od2cap: 0 | fr2kr: 24 | lpr2kr: 1000 | cap2udp: 0 | kr2udp: 1 | 
2026-05-03 16:38:31,175 - INFO     - img2od: 29 | od2fr: 158 | od2lpr: 982 | od2cap: 0 | fr2kr: 26 | lpr2kr: 1000 | cap2udp: 0 | kr2udp: 0 | 
2026-05-03 16:38:32,176 - INFO     - img2od: 24 | od2fr: 172 | od2lpr: 986 | od2cap: 1 | fr2kr: 29 | lpr2kr: 1000 | cap2udp: 0 | kr2udp: 1 | 
2026-05-03 16:38:33,182 - INFO     - img2od: 21 | od2fr: 220 | od2lpr: 1000 | od2cap: 0 | fr2kr: 32 | lpr2kr: 1000 | cap2udp: 0 | kr2udp: 1 | 
2026-05-03 16:38:34,183 - INFO     - img2od: 21 | od2fr: 214 | od2lpr: 1000 | od2cap: 0 | fr2kr: 36 | lpr2kr: 1000 | cap2udp: 0 | kr2udp: 1 | 
2026-05-03 16:38:35,184 - INFO     - img2od: 21 | od2fr: 208 | od2lpr: 1000 | od2cap: 0 | fr2kr: 39 | lpr2kr: 1000 | cap2udp: 0 | kr2udp: 0 | 
2026-05-03 16:38:36,185 - INFO     - img2od: 21 | od2fr: 203 | od2lpr: 1000 | od2cap: 0 | fr2kr: 43 | lpr2kr: 1000 | cap2udp: 0 | kr2udp: 0 | 
2026-05-03 16:38:37,186 - INFO     - img2od: 21 | od2fr: 197 | od2lpr: 1000 | od2cap: 0 | fr2kr: 47 | lpr2kr: 1000 | cap2udp: 0 | kr2udp: 1 | 
2026-05-03 16:38:38,187 - INFO     - img2od: 21 | od2fr: 191 | od2lpr: 1000 | od2cap: 0 | fr2kr: 51 | lpr2kr: 1000 | cap2udp: 0 | kr2udp: 1 | 
2026-05-03 16:38:39,188 - INFO     - img2od: 21 | od2fr: 186 | od2lpr: 1000 | od2cap: 0 | fr2kr: 53 | lpr2kr: 1000 | cap2udp: 0 | kr2udp: 0 | 
2026-05-03 16:38:40,189 - INFO     - img2od: 21 | od2fr: 180 | od2lpr: 1000 | od2cap: 0 | fr2kr: 57 | lpr2kr: 1000 | cap2udp: 0 | kr2udp: 1 | 
2026-05-03 16:38:41,190 - INFO     - img2od: 21 | od2fr: 174 | od2lpr: 1000 | od2cap: 0 | fr2kr: 61 | lpr2kr: 1000 | cap2udp: 0 | kr2udp: 1 | 
2026-05-03 16:38:42,191 - INFO     - img2od: 21 | od2fr: 169 | od2lpr: 1000 | od2cap: 0 | fr2kr: 64 | lpr2kr: 1000 | cap2udp: 0 | kr2udp: 1 | 
2026-05-03 16:38:43,192 - INFO     - img2od: 21 | od2fr: 164 | od2lpr: 1000 | od2cap: 0 | fr2kr: 66 | lpr2kr: 1000 | cap2udp: 0 | kr2udp: 0 | 
2026-05-03 16:38:44,193 - INFO     - img2od: 21 | od2fr: 158 | od2lpr: 1000 | od2cap: 0 | fr2kr: 70 | lpr2kr: 1000 | cap2udp: 0 | kr2udp: 0 | 
2026-05-03 16:38:45,194 - INFO     - img2od: 21 | od2fr: 152 | od2lpr: 1000 | od2cap: 0 | fr2kr: 73 | lpr2kr: 1000 | cap2udp: 0 | kr2udp: 0 | 
2026-05-03 16:38:46,195 - INFO     - img2od: 21 | od2fr: 147 | od2lpr: 1000 | od2cap: 0 | fr2kr: 77 | lpr2kr: 1000 | cap2udp: 0 | kr2udp: 0 | 
2026-05-03 16:38:47,196 - INFO     - img2od: 21 | od2fr: 142 | od2lpr: 1000 | od2cap: 0 | fr2kr: 80 | lpr2kr: 1000 | cap2udp: 0 | kr2udp: 1 | 
2026-05-03 16:38:48,197 - INFO     - img2od: 21 | od2fr: 137 | od2lpr: 1000 | od2cap: 0 | fr2kr: 83 | lpr2kr: 1000 | cap2udp: 0 | kr2udp: 1 | 
2026-05-03 16:38:49,198 - INFO     - img2od: 21 | od2fr: 131 | od2lpr: 1000 | od2cap: 0 | fr2kr: 86 | lpr2kr: 1000 | cap2udp: 0 | kr2udp: 1 | 
2026-05-03 16:38:50,199 - INFO     - img2od: 21 | od2fr: 126 | od2lpr: 1000 | od2cap: 0 | fr2kr: 89 | lpr2kr: 1000 | cap2udp: 0 | kr2udp: 0 | 
2026-05-03 16:38:51,200 - INFO     - img2od: 21 | od2fr: 121 | od2lpr: 1000 | od2cap: 0 | fr2kr: 92 | lpr2kr: 1000 | cap2udp: 0 | kr2udp: 1 | 
2026-05-03 16:38:52,201 - INFO     - img2od: 21 | od2fr: 115 | od2lpr: 1000 | od2cap: 0 | fr2kr: 96 | lpr2kr: 1000 | cap2udp: 0 | kr2udp: 0 | 
2026-05-03 16:38:53,202 - INFO     - img2od: 21 | od2fr: 109 | od2lpr: 1000 | od2cap: 0 | fr2kr: 99 | lpr2kr: 1000 | cap2udp: 0 | kr2udp: 1 | 
2026-05-03 16:38:54,203 - INFO     - img2od: 21 | od2fr: 104 | od2lpr: 1000 | od2cap: 0 | fr2kr: 103 | lpr2kr: 1000 | cap2udp: 0 | kr2udp: 1 | 
2026-05-03 16:38:55,204 - INFO     - img2od: 21 | od2fr: 98 | od2lpr: 1000 | od2cap: 0 | fr2kr: 106 | lpr2kr: 1000 | cap2udp: 0 | kr2udp: 1 | 
2026-05-03 16:38:56,205 - INFO     - img2od: 21 | od2fr: 92 | od2lpr: 1000 | od2cap: 0 | fr2kr: 110 | lpr2kr: 1000 | cap2udp: 0 | kr2udp: 1 | 
2026-05-03 16:38:57,206 - INFO     - img2od: 21 | od2fr: 87 | od2lpr: 1000 | od2cap: 0 | fr2kr: 113 | lpr2kr: 999 | cap2udp: 0 | kr2udp: 1 | 
2026-05-03 16:38:58,207 - INFO     - img2od: 21 | od2fr: 81 | od2lpr: 1000 | od2cap: 0 | fr2kr: 117 | lpr2kr: 1000 | cap2udp: 0 | kr2udp: 0 | 
2026-05-03 16:38:59,208 - INFO     - img2od: 21 | od2fr: 75 | od2lpr: 1000 | od2cap: 0 | fr2kr: 121 | lpr2kr: 1000 | cap2udp: 0 | kr2udp: 1 | 
2026-05-03 16:39:00,209 - INFO     - img2od: 21 | od2fr: 69 | od2lpr: 1000 | od2cap: 0 | fr2kr: 124 | lpr2kr: 1000 | cap2udp: 0 | kr2udp: 1 | 
2026-05-03 16:39:01,210 - INFO     - img2od: 21 | od2fr: 64 | od2lpr: 1000 | od2cap: 0 | fr2kr: 127 | lpr2kr: 1000 | cap2udp: 0 | kr2udp: 0 | 
2026-05-03 16:39:02,211 - INFO     - img2od: 21 | od2fr: 58 | od2lpr: 1000 | od2cap: 0 | fr2kr: 131 | lpr2kr: 1000 | cap2udp: 0 | kr2udp: 1 | 
2026-05-03 16:39:03,212 - INFO     - img2od: 21 | od2fr: 53 | od2lpr: 1000 | od2cap: 0 | fr2kr: 134 | lpr2kr: 1000 | cap2udp: 0 | kr2udp: 1 | 
2026-05-03 16:39:04,213 - INFO     - img2od: 21 | od2fr: 46 | od2lpr: 1000 | od2cap: 0 | fr2kr: 138 | lpr2kr: 1000 | cap2udp: 0 | kr2udp: 1 | 
2026-05-03 16:39:05,214 - INFO     - img2od: 21 | od2fr: 41 | od2lpr: 1000 | od2cap: 0 | fr2kr: 141 | lpr2kr: 1000 | cap2udp: 0 | kr2udp: 1 | 
2026-05-03 16:39:06,215 - INFO     - img2od: 21 | od2fr: 35 | od2lpr: 1000 | od2cap: 0 | fr2kr: 144 | lpr2kr: 1000 | cap2udp: 0 | kr2udp: 1 | 
2026-05-03 16:39:07,216 - INFO     - img2od: 21 | od2fr: 30 | od2lpr: 1000 | od2cap: 0 | fr2kr: 148 | lpr2kr: 1000 | cap2udp: 0 | kr2udp: 0 | 
2026-05-03 16:39:08,217 - INFO     - img2od: 21 | od2fr: 24 | od2lpr: 1000 | od2cap: 0 | fr2kr: 152 | lpr2kr: 1000 | cap2udp: 0 | kr2udp: 0 | 
2026-05-03 16:39:09,218 - INFO     - img2od: 21 | od2fr: 18 | od2lpr: 1000 | od2cap: 0 | fr2kr: 156 | lpr2kr: 1000 | cap2udp: 0 | kr2udp: 1 | 
2026-05-03 16:39:10,219 - INFO     - img2od: 21 | od2fr: 12 | od2lpr: 1000 | od2cap: 0 | fr2kr: 160 | lpr2kr: 1000 | cap2udp: 0 | kr2udp: 1 | 
2026-05-03 16:39:11,220 - INFO     - img2od: 21 | od2fr: 6 | od2lpr: 1000 | od2cap: 0 | fr2kr: 163 | lpr2kr: 1000 | cap2udp: 0 | kr2udp: 1 | 
2026-05-03 16:39:12,221 - INFO     - img2od: 21 | od2fr: 1 | od2lpr: 1000 | od2cap: 0 | fr2kr: 166 | lpr2kr: 1000 | cap2udp: 0 | kr2udp: 0 | 
2026-05-03 16:39:13,222 - INFO     - img2od: 21 | od2fr: 0 | od2lpr: 1000 | od2cap: 0 | fr2kr: 165 | lpr2kr: 1000 | cap2udp: 0 | kr2udp: 1 | 
2026-05-03 16:39:14,223 - INFO     - img2od: 21 | od2fr: 0 | od2lpr: 1000 | od2cap: 0 | fr2kr: 163 | lpr2kr: 1000 | cap2udp: 0 | kr2udp: 0 | 
2026-05-03 16:39:15,224 - INFO     - img2od: 21 | od2fr: 0 | od2lpr: 1000 | od2cap: 0 | fr2kr: 160 | lpr2kr: 1000 | cap2udp: 0 | kr2udp: 0 | 
2026-05-03 16:39:16,225 - INFO     - img2od: 21 | od2fr: 0 | od2lpr: 1000 | od2cap: 0 | fr2kr: 158 | lpr2kr: 999 | cap2udp: 0 | kr2udp: 2 | 
2026-05-03 16:39:17,226 - INFO     - img2od: 21 | od2fr: 0 | od2lpr: 1000 | od2cap: 0 | fr2kr: 156 | lpr2kr: 1000 | cap2udp: 0 | kr2udp: 1 | 
2026-05-03 16:39:18,227 - INFO     - img2od: 21 | od2fr: 0 | od2lpr: 1000 | od2cap: 0 | fr2kr: 154 | lpr2kr: 1000 | cap2udp: 0 | kr2udp: 1 | 
2026-05-03 16:39:19,228 - INFO     - img2od: 21 | od2fr: 0 | od2lpr: 1000 | od2cap: 0 | fr2kr: 152 | lpr2kr: 1000 | cap2udp: 0 | kr2udp: 1 | 
2026-05-03 16:39:20,229 - INFO     - img2od: 21 | od2fr: 0 | od2lpr: 1000 | od2cap: 0 | fr2kr: 149 | lpr2kr: 1000 | cap2udp: 0 | kr2udp: 1 | 
2026-05-03 16:39:21,230 - INFO     - img2od: 21 | od2fr: 0 | od2lpr: 1000 | od2cap: 0 | fr2kr: 147 | lpr2kr: 1000 | cap2udp: 0 | kr2udp: 1 | 
2026-05-03 16:39:22,231 - INFO     - img2od: 21 | od2fr: 0 | od2lpr: 1000 | od2cap: 0 | fr2kr: 145 | lpr2kr: 1000 | cap2udp: 0 | kr2udp: 0 | 
2026-05-03 16:39:23,232 - INFO     - img2od: 21 | od2fr: 0 | od2lpr: 1000 | od2cap: 0 | fr2kr: 143 | lpr2kr: 1000 | cap2udp: 0 | kr2udp: 0 | 
2026-05-03 16:39:24,233 - INFO     - img2od: 21 | od2fr: 0 | od2lpr: 1000 | od2cap: 0 | fr2kr: 141 | lpr2kr: 1000 | cap2udp: 0 | kr2udp: 1 | 
2026-05-03 16:39:25,234 - INFO     - img2od: 21 | od2fr: 0 | od2lpr: 1000 | od2cap: 0 | fr2kr: 138 | lpr2kr: 1000 | cap2udp: 0 | kr2udp: 1 | 
2026-05-03 16:39:26,235 - INFO     - img2od: 21 | od2fr: 0 | od2lpr: 1000 | od2cap: 0 | fr2kr: 136 | lpr2kr: 1000 | cap2udp: 0 | kr2udp: 0 | 
2026-05-03 16:39:27,236 - INFO     - img2od: 21 | od2fr: 0 | od2lpr: 1000 | od2cap: 0 | fr2kr: 134 | lpr2kr: 1000 | cap2udp: 0 | kr2udp: 0 | 
2026-05-03 16:39:28,237 - INFO     - img2od: 21 | od2fr: 0 | od2lpr: 1000 | od2cap: 0 | fr2kr: 132 | lpr2kr: 1000 | cap2udp: 0 | kr2udp: 0 | 
2026-05-03 16:39:29,238 - INFO     - img2od: 21 | od2fr: 0 | od2lpr: 1000 | od2cap: 0 | fr2kr: 130 | lpr2kr: 1000 | cap2udp: 0 | kr2udp: 1 | 
2026-05-03 16:39:30,239 - INFO     - img2od: 21 | od2fr: 0 | od2lpr: 1000 | od2cap: 0 | fr2kr: 128 | lpr2kr: 1000 | cap2udp: 0 | kr2udp: 1 | 
2026-05-03 16:39:31,240 - INFO     - img2od: 21 | od2fr: 0 | od2lpr: 1000 | od2cap: 0 | fr2kr: 125 | lpr2kr: 1000 | cap2udp: 0 | kr2udp: 1 | 
2026-05-03 16:39:32,241 - INFO     - img2od: 21 | od2fr: 0 | od2lpr: 1000 | od2cap: 0 | fr2kr: 123 | lpr2kr: 1000 | cap2udp: 0 | kr2udp: 0 | 
2026-05-03 16:39:33,242 - INFO     - img2od: 21 | od2fr: 0 | od2lpr: 1000 | od2cap: 0 | fr2kr: 121 | lpr2kr: 1000 | cap2udp: 0 | kr2udp: 1 | 
2026-05-03 16:39:34,243 - INFO     - img2od: 21 | od2fr: 0 | od2lpr: 1000 | od2cap: 0 | fr2kr: 119 | lpr2kr: 1000 | cap2udp: 0 | kr2udp: 1 | 
2026-05-03 16:39:35,244 - INFO     - img2od: 21 | od2fr: 0 | od2lpr: 1000 | od2cap: 0 | fr2kr: 117 | lpr2kr: 1000 | cap2udp: 0 | kr2udp: 1 | 
2026-05-03 16:39:36,245 - INFO     - img2od: 21 | od2fr: 0 | od2lpr: 1000 | od2cap: 0 | fr2kr: 114 | lpr2kr: 1000 | cap2udp: 0 | kr2udp: 0 | 
2026-05-03 16:39:37,246 - INFO     - img2od: 21 | od2fr: 0 | od2lpr: 1000 | od2cap: 0 | fr2kr: 112 | lpr2kr: 1000 | cap2udp: 0 | kr2udp: 2 | 
2026-05-03 16:39:38,247 - INFO     - img2od: 21 | od2fr: 0 | od2lpr: 1000 | od2cap: 0 | fr2kr: 109 | lpr2kr: 1000 | cap2udp: 0 | kr2udp: 0 | 
2026-05-03 16:39:39,248 - INFO     - img2od: 21 | od2fr: 0 | od2lpr: 1000 | od2cap: 0 | fr2kr: 107 | lpr2kr: 1000 | cap2udp: 0 | kr2udp: 0 | 
2026-05-03 16:39:40,249 - INFO     - img2od: 21 | od2fr: 0 | od2lpr: 1000 | od2cap: 0 | fr2kr: 105 | lpr2kr: 1000 | cap2udp: 0 | kr2udp: 1 | 
2026-05-03 16:39:41,250 - INFO     - img2od: 21 | od2fr: 0 | od2lpr: 1000 | od2cap: 0 | fr2kr: 102 | lpr2kr: 1000 | cap2udp: 0 | kr2udp: 0 | 
2026-05-03 16:39:42,251 - INFO     - img2od: 21 | od2fr: 0 | od2lpr: 1000 | od2cap: 0 | fr2kr: 100 | lpr2kr: 1000 | cap2udp: 0 | kr2udp: 0 | 
2026-05-03 16:39:43,252 - INFO     - img2od: 21 | od2fr: 0 | od2lpr: 1000 | od2cap: 0 | fr2kr: 97 | lpr2kr: 1000 | cap2udp: 0 | kr2udp: 1 | 
2026-05-03 16:39:44,253 - INFO     - img2od: 21 | od2fr: 0 | od2lpr: 1000 | od2cap: 0 | fr2kr: 95 | lpr2kr: 1000 | cap2udp: 0 | kr2udp: 1 | 
2026-05-03 16:39:45,254 - INFO     - img2od: 21 | od2fr: 0 | od2lpr: 1000 | od2cap: 0 | fr2kr: 93 | lpr2kr: 1000 | cap2udp: 0 | kr2udp: 1 | 
2026-05-03 16:39:46,255 - INFO     - img2od: 21 | od2fr: 0 | od2lpr: 1000 | od2cap: 0 | fr2kr: 91 | lpr2kr: 1000 | cap2udp: 0 | kr2udp: 1 | 
2026-05-03 16:39:47,256 - INFO     - img2od: 21 | od2fr: 0 | od2lpr: 1000 | od2cap: 0 | fr2kr: 88 | lpr2kr: 1000 | cap2udp: 0 | kr2udp: 0 | 
2026-05-03 16:39:48,257 - INFO     - img2od: 21 | od2fr: 0 | od2lpr: 1000 | od2cap: 0 | fr2kr: 86 | lpr2kr: 1000 | cap2udp: 0 | kr2udp: 1 | 
2026-05-03 16:39:49,258 - INFO     - img2od: 21 | od2fr: 0 | od2lpr: 1000 | od2cap: 0 | fr2kr: 84 | lpr2kr: 1000 | cap2udp: 0 | kr2udp: 1 | 
2026-05-03 16:39:50,259 - INFO     - img2od: 21 | od2fr: 0 | od2lpr: 1000 | od2cap: 0 | fr2kr: 81 | lpr2kr: 1000 | cap2udp: 0 | kr2udp: 0 | 
2026-05-03 16:39:51,260 - INFO     - img2od: 21 | od2fr: 0 | od2lpr: 1000 | od2cap: 0 | fr2kr: 79 | lpr2kr: 1000 | cap2udp: 0 | kr2udp: 1 | 
2026-05-03 16:39:52,261 - INFO     - img2od: 21 | od2fr: 0 | od2lpr: 1000 | od2cap: 0 | fr2kr: 76 | lpr2kr: 1000 | cap2udp: 0 | kr2udp: 0 | 
2026-05-03 16:39:53,262 - INFO     - img2od: 21 | od2fr: 0 | od2lpr: 1000 | od2cap: 0 | fr2kr: 74 | lpr2kr: 1000 | cap2udp: 0 | kr2udp: 0 | 
2026-05-03 16:39:54,263 - INFO     - img2od: 21 | od2fr: 0 | od2lpr: 1000 | od2cap: 0 | fr2kr: 72 | lpr2kr: 1000 | cap2udp: 0 | kr2udp: 1 | 
2026-05-03 16:39:55,264 - INFO     - img2od: 21 | od2fr: 0 | od2lpr: 1000 | od2cap: 0 | fr2kr: 69 | lpr2kr: 1000 | cap2udp: 0 | kr2udp: 0 | 
2026-05-03 16:39:56,265 - INFO     - img2od: 21 | od2fr: 0 | od2lpr: 1000 | od2cap: 0 | fr2kr: 67 | lpr2kr: 1000 | cap2udp: 0 | kr2udp: 1 | 
2026-05-03 16:39:57,266 - INFO     - img2od: 21 | od2fr: 0 | od2lpr: 1000 | od2cap: 0 | fr2kr: 65 | lpr2kr: 1000 | cap2udp: 0 | kr2udp: 0 | 
2026-05-03 16:39:58,267 - INFO     - img2od: 21 | od2fr: 0 | od2lpr: 999 | od2cap: 0 | fr2kr: 63 | lpr2kr: 1000 | cap2udp: 0 | kr2udp: 1 | 
2026-05-03 16:39:59,268 - INFO     - img2od: 21 | od2fr: 0 | od2lpr: 1000 | od2cap: 0 | fr2kr: 61 | lpr2kr: 1000 | cap2udp: 0 | kr2udp: 0 | 
2026-05-03 16:40:00,269 - INFO     - img2od: 21 | od2fr: 0 | od2lpr: 1000 | od2cap: 0 | fr2kr: 59 | lpr2kr: 1000 | cap2udp: 0 | kr2udp: 1 | 
2026-05-03 16:40:01,270 - INFO     - img2od: 21 | od2fr: 0 | od2lpr: 1000 | od2cap: 0 | fr2kr: 57 | lpr2kr: 1000 | cap2udp: 0 | kr2udp: 1 | 
2026-05-03 16:40:02,271 - INFO     - img2od: 21 | od2fr: 0 | od2lpr: 1000 | od2cap: 0 | fr2kr: 54 | lpr2kr: 1000 | cap2udp: 0 | kr2udp: 1 | 
2026-05-03 16:40:03,272 - INFO     - img2od: 21 | od2fr: 0 | od2lpr: 1000 | od2cap: 0 | fr2kr: 52 | lpr2kr: 1000 | cap2udp: 0 | kr2udp: 0 | 
2026-05-03 16:40:04,273 - INFO     - img2od: 21 | od2fr: 0 | od2lpr: 1000 | od2cap: 0 | fr2kr: 50 | lpr2kr: 1000 | cap2udp: 0 | kr2udp: 1 | 
2026-05-03 16:40:05,274 - INFO     - img2od: 21 | od2fr: 0 | od2lpr: 1000 | od2cap: 0 | fr2kr: 48 | lpr2kr: 1000 | cap2udp: 0 | kr2udp: 1 | 
2026-05-03 16:40:06,275 - INFO     - img2od: 21 | od2fr: 0 | od2lpr: 1000 | od2cap: 0 | fr2kr: 46 | lpr2kr: 1000 | cap2udp: 0 | kr2udp: 1 | 
2026-05-03 16:40:07,276 - INFO     - img2od: 21 | od2fr: 0 | od2lpr: 1000 | od2cap: 0 | fr2kr: 44 | lpr2kr: 1000 | cap2udp: 0 | kr2udp: 1 | 
2026-05-03 16:40:08,277 - INFO     - img2od: 21 | od2fr: 0 | od2lpr: 1000 | od2cap: 0 | fr2kr: 42 | lpr2kr: 1000 | cap2udp: 0 | kr2udp: 1 | 
2026-05-03 16:40:09,278 - INFO     - img2od: 21 | od2fr: 0 | od2lpr: 1000 | od2cap: 0 | fr2kr: 39 | lpr2kr: 1000 | cap2udp: 0 | kr2udp: 0 | 
2026-05-03 16:40:10,279 - INFO     - img2od: 21 | od2fr: 0 | od2lpr: 1000 | od2cap: 0 | fr2kr: 37 | lpr2kr: 1000 | cap2udp: 0 | kr2udp: 1 | 
2026-05-03 16:40:11,280 - INFO     - img2od: 21 | od2fr: 0 | od2lpr: 1000 | od2cap: 0 | fr2kr: 35 | lpr2kr: 1000 | cap2udp: 0 | kr2udp: 1 | 
2026-05-03 16:40:12,281 - INFO     - img2od: 21 | od2fr: 0 | od2lpr: 1000 | od2cap: 0 | fr2kr: 33 | lpr2kr: 1000 | cap2udp: 0 | kr2udp: 1 | 
2026-05-03 16:40:13,282 - INFO     - img2od: 21 | od2fr: 0 | od2lpr: 1000 | od2cap: 0 | fr2kr: 31 | lpr2kr: 1000 | cap2udp: 0 | kr2udp: 1 | 
2026-05-03 16:40:14,283 - INFO     - img2od: 21 | od2fr: 0 | od2lpr: 1000 | od2cap: 0 | fr2kr: 28 | lpr2kr: 1000 | cap2udp: 0 | kr2udp: 0 | 
2026-05-03 16:40:15,284 - INFO     - img2od: 21 | od2fr: 0 | od2lpr: 999 | od2cap: 0 | fr2kr: 26 | lpr2kr: 1000 | cap2udp: 0 | kr2udp: 1 | 
2026-05-03 16:40:16,285 - INFO     - img2od: 21 | od2fr: 0 | od2lpr: 1000 | od2cap: 0 | fr2kr: 24 | lpr2kr: 1000 | cap2udp: 0 | kr2udp: 0 | 
2026-05-03 16:40:17,286 - INFO     - img2od: 21 | od2fr: 0 | od2lpr: 1000 | od2cap: 0 | fr2kr: 22 | lpr2kr: 1000 | cap2udp: 0 | kr2udp: 0 | 
2026-05-03 16:40:18,287 - INFO     - img2od: 21 | od2fr: 0 | od2lpr: 1000 | od2cap: 0 | fr2kr: 20 | lpr2kr: 1000 | cap2udp: 0 | kr2udp: 1 | 
2026-05-03 16:40:19,288 - INFO     - img2od: 21 | od2fr: 0 | od2lpr: 1000 | od2cap: 0 | fr2kr: 18 | lpr2kr: 1000 | cap2udp: 0 | kr2udp: 1 | 
2026-05-03 16:40:20,289 - INFO     - img2od: 21 | od2fr: 0 | od2lpr: 1000 | od2cap: 0 | fr2kr: 15 | lpr2kr: 1000 | cap2udp: 0 | kr2udp: 1 | 
2026-05-03 16:40:21,290 - INFO     - img2od: 21 | od2fr: 0 | od2lpr: 1000 | od2cap: 0 | fr2kr: 13 | lpr2kr: 1000 | cap2udp: 0 | kr2udp: 1 | 
2026-05-03 16:40:22,291 - INFO     - img2od: 21 | od2fr: 0 | od2lpr: 1000 | od2cap: 0 | fr2kr: 11 | lpr2kr: 1000 | cap2udp: 0 | kr2udp: 0 | 
2026-05-03 16:40:23,292 - INFO     - img2od: 21 | od2fr: 0 | od2lpr: 1000 | od2cap: 0 | fr2kr: 9 | lpr2kr: 1000 | cap2udp: 0 | kr2udp: 0 | 
2026-05-03 16:40:24,293 - INFO     - img2od: 21 | od2fr: 0 | od2lpr: 1000 | od2cap: 0 | fr2kr: 7 | lpr2kr: 1000 | cap2udp: 0 | kr2udp: 1 | 
2026-05-03 16:40:25,294 - INFO     - img2od: 21 | od2fr: 0 | od2lpr: 1000 | od2cap: 0 | fr2kr: 5 | lpr2kr: 1000 | cap2udp: 0 | kr2udp: 1 | 
2026-05-03 16:40:26,295 - INFO     - img2od: 21 | od2fr: 0 | od2lpr: 1000 | od2cap: 0 | fr2kr: 4 | lpr2kr: 1000 | cap2udp: 0 | kr2udp: 1 | 
2026-05-03 16:40:27,296 - INFO     - img2od: 21 | od2fr: 0 | od2lpr: 1000 | od2cap: 0 | fr2kr: 1 | lpr2kr: 1000 | cap2udp: 0 | kr2udp: 0 | 
2026-05-03 16:40:28,297 - INFO     - img2od: 21 | od2fr: 0 | od2lpr: 1000 | od2cap: 0 | fr2kr: 0 | lpr2kr: 1000 | cap2udp: 0 | kr2udp: 0 | 
2026-05-03 16:40:29,298 - INFO     - img2od: 21 | od2fr: 0 | od2lpr: 1000 | od2cap: 0 | fr2kr: 0 | lpr2kr: 1000 | cap2udp: 0 | kr2udp: 1 | 
2026-05-03 16:40:30,299 - INFO     - img2od: 21 | od2fr: 0 | od2lpr: 1000 | od2cap: 0 | fr2kr: 0 | lpr2kr: 1000 | cap2udp: 0 | kr2udp: 1 | 
2026-05-03 16:40:31,300 - INFO     - img2od: 21 | od2fr: 0 | od2lpr: 1000 | od2cap: 0 | fr2kr: 0 | lpr2kr: 1000 | cap2udp: 0 | kr2udp: 1 | 
2026-05-03 16:40:32,301 - INFO     - img2od: 21 | od2fr: 0 | od2lpr: 1000 | od2cap: 0 | fr2kr: 0 | lpr2kr: 1000 | cap2udp: 0 | kr2udp: 1 | 
2026-05-03 16:40:33,302 - INFO     - img2od: 21 | od2fr: 0 | od2lpr: 1000 | od2cap: 0 | fr2kr: 0 | lpr2kr: 1000 | cap2udp: 0 | kr2udp: 1 | 
2026-05-03 16:40:34,303 - INFO     - img2od: 21 | od2fr: 0 | od2lpr: 1000 | od2cap: 0 | fr2kr: 0 | lpr2kr: 1000 | cap2udp: 0 | kr2udp: 1 | 
2026-05-03 16:40:35,304 - INFO     - img2od: 21 | od2fr: 0 | od2lpr: 1000 | od2cap: 0 | fr2kr: 0 | lpr2kr: 1000 | cap2udp: 0 | kr2udp: 1 | 
2026-05-03 16:40:36,305 - INFO     - img2od: 21 | od2fr: 0 | od2lpr: 1000 | od2cap: 0 | fr2kr: 0 | lpr2kr: 1000 | cap2udp: 0 | kr2udp: 1 | 
2026-05-03 16:40:37,306 - INFO     - img2od: 21 | od2fr: 0 | od2lpr: 1000 | od2cap: 0 | fr2kr: 0 | lpr2kr: 999 | cap2udp: 0 | kr2udp: 1 | 
2026-05-03 16:40:38,307 - INFO     - img2od: 21 | od2fr: 0 | od2lpr: 1000 | od2cap: 0 | fr2kr: 0 | lpr2kr: 1000 | cap2udp: 0 | kr2udp: 1 | 
2026-05-03 16:40:39,308 - INFO     - img2od: 21 | od2fr: 0 | od2lpr: 1000 | od2cap: 0 | fr2kr: 0 | lpr2kr: 1000 | cap2udp: 0 | kr2udp: 1 | 
2026-05-03 16:40:40,309 - INFO     - img2od: 21 | od2fr: 0 | od2lpr: 1000 | od2cap: 0 | fr2kr: 0 | lpr2kr: 1000 | cap2udp: 0 | kr2udp: 0 | 
2026-05-03 16:40:41,310 - INFO     - img2od: 21 | od2fr: 0 | od2lpr: 1000 | od2cap: 0 | fr2kr: 0 | lpr2kr: 1000 | cap2udp: 0 | kr2udp: 0 | 
2026-05-03 16:40:42,311 - INFO     - img2od: 21 | od2fr: 0 | od2lpr: 1000 | od2cap: 0 | fr2kr: 0 | lpr2kr: 1000 | cap2udp: 0 | kr2udp: 0 | 
2026-05-03 16:40:43,312 - INFO     - img2od: 21 | od2fr: 0 | od2lpr: 1000 | od2cap: 0 | fr2kr: 0 | lpr2kr: 1000 | cap2udp: 0 | kr2udp: 1 | 
2026-05-03 16:40:44,313 - INFO     - img2od: 21 | od2fr: 0 | od2lpr: 1000 | od2cap: 0 | fr2kr: 0 | lpr2kr: 1000 | cap2udp: 0 | kr2udp: 0 | 
2026-05-03 16:40:45,314 - INFO     - img2od: 21 | od2fr: 0 | od2lpr: 1000 | od2cap: 0 | fr2kr: 0 | lpr2kr: 1000 | cap2udp: 0 | kr2udp: 1 | 
2026-05-03 16:40:46,315 - INFO     - img2od: 21 | od2fr: 0 | od2lpr: 999 | od2cap: 0 | fr2kr: 0 | lpr2kr: 1000 | cap2udp: 0 | kr2udp: 1 | 
2026-05-03 16:40:47,316 - INFO     - img2od: 21 | od2fr: 0 | od2lpr: 1000 | od2cap: 0 | fr2kr: 0 | lpr2kr: 1000 | cap2udp: 0 | kr2udp: 0 | 
2026-05-03 16:40:48,317 - INFO     - img2od: 21 | od2fr: 0 | od2lpr: 1000 | od2cap: 0 | fr2kr: 0 | lpr2kr: 1000 | cap2udp: 0 | kr2udp: 1 | 
2026-05-03 16:40:49,318 - INFO     - img2od: 21 | od2fr: 0 | od2lpr: 1000 | od2cap: 0 | fr2kr: 0 | lpr2kr: 1000 | cap2udp: 0 | kr2udp: 1 | 
2026-05-03 16:40:50,319 - INFO     - img2od: 21 | od2fr: 0 | od2lpr: 1000 | od2cap: 0 | fr2kr: 0 | lpr2kr: 1000 | cap2udp: 0 | kr2udp: 1 | 
2026-05-03 16:40:51,320 - INFO     - img2od: 21 | od2fr: 0 | od2lpr: 1000 | od2cap: 0 | fr2kr: 0 | lpr2kr: 1000 | cap2udp: 0 | kr2udp: 1 | 
2026-05-03 16:40:52,321 - INFO     - img2od: 21 | od2fr: 0 | od2lpr: 1000 | od2cap: 0 | fr2kr: 0 | lpr2kr: 1000 | cap2udp: 0 | kr2udp: 1 | 
2026-05-03 16:40:53,322 - INFO     - img2od: 21 | od2fr: 0 | od2lpr: 1000 | od2cap: 0 | fr2kr: 0 | lpr2kr: 1000 | cap2udp: 0 | kr2udp: 1 | 
2026-05-03 16:40:54,323 - INFO     - img2od: 21 | od2fr: 0 | od2lpr: 1000 | od2cap: 0 | fr2kr: 0 | lpr2kr: 1000 | cap2udp: 0 | kr2udp: 0 | 
2026-05-03 16:40:55,324 - INFO     - img2od: 21 | od2fr: 0 | od2lpr: 1000 | od2cap: 0 | fr2kr: 0 | lpr2kr: 1000 | cap2udp: 0 | kr2udp: 1 | 
2026-05-03 16:40:56,325 - INFO     - img2od: 21 | od2fr: 0 | od2lpr: 1000 | od2cap: 0 | fr2kr: 0 | lpr2kr: 1000 | cap2udp: 0 | kr2udp: 1 | 
2026-05-03 16:40:57,326 - INFO     - img2od: 21 | od2fr: 0 | od2lpr: 1000 | od2cap: 0 | fr2kr: 0 | lpr2kr: 1000 | cap2udp: 0 | kr2udp: 1 | 
2026-05-03 16:40:58,327 - INFO     - img2od: 21 | od2fr: 0 | od2lpr: 1000 | od2cap: 0 | fr2kr: 0 | lpr2kr: 1000 | cap2udp: 0 | kr2udp: 0 | 
2026-05-03 16:40:59,328 - INFO     - img2od: 21 | od2fr: 0 | od2lpr: 1000 | od2cap: 0 | fr2kr: 0 | lpr2kr: 1000 | cap2udp: 0 | kr2udp: 1 | 
2026-05-03 16:41:00,329 - INFO     - img2od: 21 | od2fr: 0 | od2lpr: 1000 | od2cap: 0 | fr2kr: 0 | lpr2kr: 1000 | cap2udp: 0 | kr2udp: 2 | 
2026-05-03 16:41:01,330 - INFO     - img2od: 21 | od2fr: 0 | od2lpr: 1000 | od2cap: 0 | fr2kr: 0 | lpr2kr: 1000 | cap2udp: 0 | kr2udp: 1 | 
2026-05-03 16:41:02,331 - INFO     - img2od: 21 | od2fr: 0 | od2lpr: 1000 | od2cap: 0 | fr2kr: 0 | lpr2kr: 1000 | cap2udp: 0 | kr2udp: 1 | 
2026-05-03 16:41:03,332 - INFO     - img2od: 21 | od2fr: 0 | od2lpr: 1000 | od2cap: 0 | fr2kr: 0 | lpr2kr: 1000 | cap2udp: 0 | kr2udp: 1 | 
2026-05-03 16:41:04,333 - INFO     - img2od: 21 | od2fr: 0 | od2lpr: 1000 | od2cap: 0 | fr2kr: 0 | lpr2kr: 1000 | cap2udp: 0 | kr2udp: 1 | 
2026-05-03 16:41:05,334 - INFO     - img2od: 21 | od2fr: 0 | od2lpr: 1000 | od2cap: 0 | fr2kr: 0 | lpr2kr: 1000 | cap2udp: 0 | kr2udp: 0 | 
2026-05-03 16:41:06,335 - INFO     - img2od: 21 | od2fr: 0 | od2lpr: 1000 | od2cap: 0 | fr2kr: 0 | lpr2kr: 1000 | cap2udp: 0 | kr2udp: 1 | 
2026-05-03 16:41:07,336 - INFO     - img2od: 21 | od2fr: 0 | od2lpr: 1000 | od2cap: 0 | fr2kr: 0 | lpr2kr: 1000 | cap2udp: 0 | kr2udp: 0 | 
2026-05-03 16:41:08,337 - INFO     - img2od: 21 | od2fr: 0 | od2lpr: 1000 | od2cap: 0 | fr2kr: 0 | lpr2kr: 1000 | cap2udp: 0 | kr2udp: 0 | 
2026-05-03 16:41:09,338 - INFO     - img2od: 21 | od2fr: 0 | od2lpr: 1000 | od2cap: 0 | fr2kr: 0 | lpr2kr: 1000 | cap2udp: 0 | kr2udp: 0 | 
2026-05-03 16:41:10,339 - INFO     - img2od: 21 | od2fr: 0 | od2lpr: 1000 | od2cap: 0 | fr2kr: 0 | lpr2kr: 1000 | cap2udp: 0 | kr2udp: 1 | 
2026-05-03 16:41:11,340 - INFO     - img2od: 21 | od2fr: 0 | od2lpr: 1000 | od2cap: 0 | fr2kr: 0 | lpr2kr: 1000 | cap2udp: 0 | kr2udp: 1 | 
2026-05-03 16:41:12,341 - INFO     - img2od: 21 | od2fr: 0 | od2lpr: 1000 | od2cap: 0 | fr2kr: 0 | lpr2kr: 1000 | cap2udp: 0 | kr2udp: 0 | 
2026-05-03 16:41:13,342 - INFO     - img2od: 21 | od2fr: 0 | od2lpr: 1000 | od2cap: 0 | fr2kr: 0 | lpr2kr: 1000 | cap2udp: 0 | kr2udp: 0 | 
2026-05-03 16:41:14,343 - INFO     - img2od: 21 | od2fr: 0 | od2lpr: 1000 | od2cap: 0 | fr2kr: 0 | lpr2kr: 1000 | cap2udp: 0 | kr2udp: 1 | 
2026-05-03 16:41:15,344 - INFO     - img2od: 21 | od2fr: 0 | od2lpr: 1000 | od2cap: 0 | fr2kr: 0 | lpr2kr: 1000 | cap2udp: 0 | kr2udp: 1 | 
2026-05-03 16:41:16,345 - INFO     - img2od: 21 | od2fr: 0 | od2lpr: 1000 | od2cap: 0 | fr2kr: 0 | lpr2kr: 1000 | cap2udp: 0 | kr2udp: 1 | 
2026-05-03 16:41:17,346 - INFO     - img2od: 21 | od2fr: 0 | od2lpr: 1000 | od2cap: 0 | fr2kr: 0 | lpr2kr: 1000 | cap2udp: 0 | kr2udp: 1 | 
2026-05-03 16:41:18,347 - INFO     - img2od: 21 | od2fr: 0 | od2lpr: 1000 | od2cap: 0 | fr2kr: 0 | lpr2kr: 1000 | cap2udp: 0 | kr2udp: 1 | 
2026-05-03 16:41:19,348 - INFO     - img2od: 21 | od2fr: 0 | od2lpr: 1000 | od2cap: 0 | fr2kr: 0 | lpr2kr: 1000 | cap2udp: 0 | kr2udp: 1 | 
2026-05-03 16:41:20,349 - INFO     - img2od: 21 | od2fr: 0 | od2lpr: 1000 | od2cap: 0 | fr2kr: 0 | lpr2kr: 1000 | cap2udp: 0 | kr2udp: 1 | 
2026-05-03 16:41:21,350 - INFO     - img2od: 21 | od2fr: 0 | od2lpr: 1000 | od2cap: 0 | fr2kr: 0 | lpr2kr: 1000 | cap2udp: 0 | kr2udp: 1 | 
2026-05-03 16:41:22,351 - INFO     - img2od: 21 | od2fr: 0 | od2lpr: 1000 | od2cap: 0 | fr2kr: 0 | lpr2kr: 1000 | cap2udp: 0 | kr2udp: 1 | 
2026-05-03 16:41:23,352 - INFO     - img2od: 21 | od2fr: 0 | od2lpr: 1000 | od2cap: 0 | fr2kr: 0 | lpr2kr: 1000 | cap2udp: 0 | kr2udp: 0 | 
2026-05-03 16:41:24,353 - INFO     - img2od: 21 | od2fr: 0 | od2lpr: 1000 | od2cap: 0 | fr2kr: 0 | lpr2kr: 1000 | cap2udp: 0 | kr2udp: 1 | 
2026-05-03 16:41:25,354 - INFO     - img2od: 21 | od2fr: 0 | od2lpr: 1000 | od2cap: 0 | fr2kr: 0 | lpr2kr: 999 | cap2udp: 0 | kr2udp: 1 | 
2026-05-03 16:41:26,355 - INFO     - img2od: 21 | od2fr: 0 | od2lpr: 1000 | od2cap: 0 | fr2kr: 0 | lpr2kr: 999 | cap2udp: 0 | kr2udp: 1 | 
2026-05-03 16:41:27,356 - INFO     - img2od: 21 | od2fr: 0 | od2lpr: 1000 | od2cap: 0 | fr2kr: 0 | lpr2kr: 1000 | cap2udp: 0 | kr2udp: 1 | 
2026-05-03 16:41:28,357 - INFO     - img2od: 21 | od2fr: 0 | od2lpr: 1000 | od2cap: 0 | fr2kr: 0 | lpr2kr: 1000 | cap2udp: 0 | kr2udp: 1 | 
2026-05-03 16:41:29,358 - INFO     - img2od: 21 | od2fr: 0 | od2lpr: 1000 | od2cap: 0 | fr2kr: 0 | lpr2kr: 1000 | cap2udp: 0 | kr2udp: 2 | 
2026-05-03 16:41:30,359 - INFO     - img2od: 21 | od2fr: 0 | od2lpr: 1000 | od2cap: 0 | fr2kr: 0 | lpr2kr: 999 | cap2udp: 0 | kr2udp: 1 | 
2026-05-03 16:41:31,360 - INFO     - img2od: 21 | od2fr: 0 | od2lpr: 1000 | od2cap: 0 | fr2kr: 0 | lpr2kr: 1000 | cap2udp: 0 | kr2udp: 0 | 
2026-05-03 16:41:32,361 - INFO     - img2od: 21 | od2fr: 0 | od2lpr: 1000 | od2cap: 0 | fr2kr: 0 | lpr2kr: 1000 | cap2udp: 0 | kr2udp: 0 | 
2026-05-03 16:41:33,362 - INFO     - img2od: 21 | od2fr: 0 | od2lpr: 999 | od2cap: 0 | fr2kr: 0 | lpr2kr: 1000 | cap2udp: 0 | kr2udp: 1 | 
2026-05-03 16:41:34,363 - INFO     - img2od: 21 | od2fr: 0 | od2lpr: 1000 | od2cap: 0 | fr2kr: 0 | lpr2kr: 1000 | cap2udp: 0 | kr2udp: 1 | 
2026-05-03 16:41:35,364 - INFO     - img2od: 21 | od2fr: 0 | od2lpr: 1000 | od2cap: 0 | fr2kr: 0 | lpr2kr: 1000 | cap2udp: 0 | kr2udp: 1 | 
2026-05-03 16:41:36,365 - INFO     - img2od: 21 | od2fr: 0 | od2lpr: 1000 | od2cap: 0 | fr2kr: 0 | lpr2kr: 1000 | cap2udp: 0 | kr2udp: 1 | 
2026-05-03 16:41:37,366 - INFO     - img2od: 21 | od2fr: 0 | od2lpr: 1000 | od2cap: 0 | fr2kr: 0 | lpr2kr: 1000 | cap2udp: 0 | kr2udp: 1 | 
2026-05-03 16:41:38,367 - INFO     - img2od: 21 | od2fr: 0 | od2lpr: 1000 | od2cap: 0 | fr2kr: 0 | lpr2kr: 1000 | cap2udp: 0 | kr2udp: 1 | 
2026-05-03 16:41:39,368 - INFO     - img2od: 21 | od2fr: 0 | od2lpr: 1000 | od2cap: 0 | fr2kr: 0 | lpr2kr: 1000 | cap2udp: 0 | kr2udp: 1 | 
2026-05-03 16:41:40,369 - INFO     - img2od: 21 | od2fr: 0 | od2lpr: 1000 | od2cap: 0 | fr2kr: 0 | lpr2kr: 1000 | cap2udp: 0 | kr2udp: 1 | 
2026-05-03 16:41:41,370 - INFO     - img2od: 21 | od2fr: 0 | od2lpr: 1000 | od2cap: 0 | fr2kr: 0 | lpr2kr: 1000 | cap2udp: 0 | kr2udp: 1 | 
2026-05-03 16:41:42,371 - INFO     - img2od: 21 | od2fr: 0 | od2lpr: 1000 | od2cap: 0 | fr2kr: 0 | lpr2kr: 1000 | cap2udp: 0 | kr2udp: 0 | 
2026-05-03 16:41:43,372 - INFO     - img2od: 21 | od2fr: 0 | od2lpr: 1000 | od2cap: 0 | fr2kr: 0 | lpr2kr: 1000 | cap2udp: 0 | kr2udp: 1 | 
2026-05-03 16:41:44,373 - INFO     - img2od: 21 | od2fr: 0 | od2lpr: 1000 | od2cap: 0 | fr2kr: 0 | lpr2kr: 1000 | cap2udp: 0 | kr2udp: 1 | 
2026-05-03 16:41:45,374 - INFO     - img2od: 21 | od2fr: 0 | od2lpr: 1000 | od2cap: 0 | fr2kr: 0 | lpr2kr: 1000 | cap2udp: 0 | kr2udp: 1 | 
2026-05-03 16:41:46,375 - INFO     - img2od: 21 | od2fr: 0 | od2lpr: 1000 | od2cap: 0 | fr2kr: 0 | lpr2kr: 1000 | cap2udp: 0 | kr2udp: 1 | 
2026-05-03 16:41:47,376 - INFO     - img2od: 21 | od2fr: 0 | od2lpr: 1000 | od2cap: 0 | fr2kr: 0 | lpr2kr: 1000 | cap2udp: 0 | kr2udp: 1 | 
2026-05-03 16:41:48,377 - INFO     - img2od: 21 | od2fr: 0 | od2lpr: 1000 | od2cap: 0 | fr2kr: 0 | lpr2kr: 1000 | cap2udp: 0 | kr2udp: 1 | 
2026-05-03 16:41:49,378 - INFO     - img2od: 21 | od2fr: 0 | od2lpr: 1000 | od2cap: 0 | fr2kr: 0 | lpr2kr: 1000 | cap2udp: 0 | kr2udp: 2 | 
2026-05-03 16:41:50,379 - INFO     - img2od: 21 | od2fr: 0 | od2lpr: 1000 | od2cap: 0 | fr2kr: 0 | lpr2kr: 1000 | cap2udp: 0 | kr2udp: 0 | 
2026-05-03 16:41:51,380 - INFO     - img2od: 21 | od2fr: 0 | od2lpr: 1000 | od2cap: 0 | fr2kr: 0 | lpr2kr: 1000 | cap2udp: 0 | kr2udp: 1 | 
2026-05-03 16:41:52,381 - INFO     - img2od: 21 | od2fr: 0 | od2lpr: 1000 | od2cap: 0 | fr2kr: 0 | lpr2kr: 1000 | cap2udp: 0 | kr2udp: 1 | 
2026-05-03 16:41:53,382 - INFO     - img2od: 21 | od2fr: 0 | od2lpr: 1000 | od2cap: 0 | fr2kr: 0 | lpr2kr: 1000 | cap2udp: 0 | kr2udp: 0 | 
2026-05-03 16:41:54,383 - INFO     - img2od: 21 | od2fr: 0 | od2lpr: 1000 | od2cap: 0 | fr2kr: 0 | lpr2kr: 1000 | cap2udp: 0 | kr2udp: 1 | 
2026-05-03 16:41:55,384 - INFO     - img2od: 21 | od2fr: 0 | od2lpr: 1000 | od2cap: 0 | fr2kr: 0 | lpr2kr: 1000 | cap2udp: 0 | kr2udp: 1 | 
2026-05-03 16:41:56,385 - INFO     - img2od: 21 | od2fr: 0 | od2lpr: 1000 | od2cap: 0 | fr2kr: 0 | lpr2kr: 1000 | cap2udp: 0 | kr2udp: 1 | 
2026-05-03 16:41:57,386 - INFO     - img2od: 21 | od2fr: 0 | od2lpr: 1000 | od2cap: 0 | fr2kr: 0 | lpr2kr: 1000 | cap2udp: 0 | kr2udp: 1 | 
2026-05-03 16:41:58,387 - INFO     - img2od: 21 | od2fr: 0 | od2lpr: 1000 | od2cap: 0 | fr2kr: 0 | lpr2kr: 1000 | cap2udp: 0 | kr2udp: 1 | 
2026-05-03 16:41:59,388 - INFO     - img2od: 21 | od2fr: 0 | od2lpr: 1000 | od2cap: 0 | fr2kr: 0 | lpr2kr: 1000 | cap2udp: 0 | kr2udp: 1 | 
2026-05-03 16:42:00,389 - INFO     - img2od: 21 | od2fr: 0 | od2lpr: 1000 | od2cap: 0 | fr2kr: 0 | lpr2kr: 1000 | cap2udp: 0 | kr2udp: 0 | 
2026-05-03 16:42:01,390 - INFO     - img2od: 21 | od2fr: 0 | od2lpr: 1000 | od2cap: 0 | fr2kr: 0 | lpr2kr: 1000 | cap2udp: 0 | kr2udp: 1 | 
2026-05-03 16:42:02,391 - INFO     - img2od: 21 | od2fr: 0 | od2lpr: 1000 | od2cap: 0 | fr2kr: 0 | lpr2kr: 1000 | cap2udp: 0 | kr2udp: 1 | 
2026-05-03 16:42:03,392 - INFO     - img2od: 21 | od2fr: 0 | od2lpr: 1000 | od2cap: 0 | fr2kr: 0 | lpr2kr: 1000 | cap2udp: 0 | kr2udp: 1 | 
2026-05-03 16:42:04,393 - INFO     - img2od: 21 | od2fr: 0 | od2lpr: 1000 | od2cap: 0 | fr2kr: 0 | lpr2kr: 1000 | cap2udp: 0 | kr2udp: 1 | 
2026-05-03 16:42:05,394 - INFO     - img2od: 21 | od2fr: 0 | od2lpr: 1000 | od2cap: 0 | fr2kr: 0 | lpr2kr: 1000 | cap2udp: 0 | kr2udp: 0 | 
2026-05-03 16:42:06,395 - INFO     - img2od: 21 | od2fr: 0 | od2lpr: 1000 | od2cap: 0 | fr2kr: 0 | lpr2kr: 1000 | cap2udp: 0 | kr2udp: 1 | 
2026-05-03 16:42:07,396 - INFO     - img2od: 21 | od2fr: 0 | od2lpr: 1000 | od2cap: 0 | fr2kr: 0 | lpr2kr: 1000 | cap2udp: 0 | kr2udp: 0 | 
2026-05-03 16:42:08,397 - INFO     - img2od: 21 | od2fr: 0 | od2lpr: 1000 | od2cap: 0 | fr2kr: 0 | lpr2kr: 1000 | cap2udp: 0 | kr2udp: 0 | 
2026-05-03 16:42:09,398 - INFO     - img2od: 21 | od2fr: 0 | od2lpr: 1000 | od2cap: 0 | fr2kr: 0 | lpr2kr: 1000 | cap2udp: 0 | kr2udp: 0 | 
2026-05-03 16:42:10,399 - INFO     - img2od: 21 | od2fr: 0 | od2lpr: 1000 | od2cap: 0 | fr2kr: 0 | lpr2kr: 1000 | cap2udp: 0 | kr2udp: 1 | 
2026-05-03 16:42:11,400 - INFO     - img2od: 21 | od2fr: 0 | od2lpr: 1000 | od2cap: 0 | fr2kr: 0 | lpr2kr: 1000 | cap2udp: 0 | kr2udp: 1 | 
2026-05-03 16:42:12,401 - INFO     - img2od: 21 | od2fr: 0 | od2lpr: 1000 | od2cap: 0 | fr2kr: 0 | lpr2kr: 1000 | cap2udp: 0 | kr2udp: 1 | 
2026-05-03 16:42:13,402 - INFO     - img2od: 21 | od2fr: 0 | od2lpr: 1000 | od2cap: 0 | fr2kr: 0 | lpr2kr: 1000 | cap2udp: 0 | kr2udp: 1 | 
2026-05-03 16:42:14,403 - INFO     - img2od: 21 | od2fr: 0 | od2lpr: 1000 | od2cap: 0 | fr2kr: 0 | lpr2kr: 1000 | cap2udp: 0 | kr2udp: 0 | 
2026-05-03 16:42:15,404 - INFO     - img2od: 21 | od2fr: 0 | od2lpr: 1000 | od2cap: 0 | fr2kr: 0 | lpr2kr: 1000 | cap2udp: 0 | kr2udp: 1 | 
2026-05-03 16:42:16,405 - INFO     - img2od: 21 | od2fr: 0 | od2lpr: 1000 | od2cap: 0 | fr2kr: 0 | lpr2kr: 1000 | cap2udp: 0 | kr2udp: 1 | 
2026-05-03 16:42:17,406 - INFO     - img2od: 21 | od2fr: 0 | od2lpr: 1000 | od2cap: 0 | fr2kr: 0 | lpr2kr: 1000 | cap2udp: 0 | kr2udp: 0 | 
2026-05-03 16:42:18,407 - INFO     - img2od: 21 | od2fr: 0 | od2lpr: 1000 | od2cap: 0 | fr2kr: 0 | lpr2kr: 1000 | cap2udp: 0 | kr2udp: 1 | 
2026-05-03 16:42:19,408 - INFO     - img2od: 21 | od2fr: 0 | od2lpr: 1000 | od2cap: 0 | fr2kr: 0 | lpr2kr: 1000 | cap2udp: 0 | kr2udp: 0 | 
2026-05-03 16:42:20,409 - INFO     - img2od: 21 | od2fr: 0 | od2lpr: 1000 | od2cap: 0 | fr2kr: 0 | lpr2kr: 1000 | cap2udp: 0 | kr2udp: 0 | 
2026-05-03 16:42:21,410 - INFO     - img2od: 21 | od2fr: 0 | od2lpr: 1000 | od2cap: 0 | fr2kr: 0 | lpr2kr: 1000 | cap2udp: 0 | kr2udp: 1 | 
2026-05-03 16:42:22,411 - INFO     - img2od: 21 | od2fr: 0 | od2lpr: 1000 | od2cap: 0 | fr2kr: 0 | lpr2kr: 1000 | cap2udp: 0 | kr2udp: 1 | 
2026-05-03 16:42:23,412 - INFO     - img2od: 21 | od2fr: 0 | od2lpr: 1000 | od2cap: 0 | fr2kr: 0 | lpr2kr: 1000 | cap2udp: 0 | kr2udp: 1 | 
2026-05-03 16:42:24,413 - INFO     - img2od: 21 | od2fr: 0 | od2lpr: 1000 | od2cap: 0 | fr2kr: 0 | lpr2kr: 1000 | cap2udp: 0 | kr2udp: 1 | 
2026-05-03 16:42:25,414 - INFO     - img2od: 21 | od2fr: 0 | od2lpr: 1000 | od2cap: 0 | fr2kr: 0 | lpr2kr: 1000 | cap2udp: 0 | kr2udp: 1 | 
2026-05-03 16:42:26,415 - INFO     - img2od: 21 | od2fr: 0 | od2lpr: 1000 | od2cap: 0 | fr2kr: 0 | lpr2kr: 1000 | cap2udp: 0 | kr2udp: 1 | 
2026-05-03 16:42:27,416 - INFO     - img2od: 21 | od2fr: 0 | od2lpr: 1000 | od2cap: 0 | fr2kr: 0 | lpr2kr: 1000 | cap2udp: 0 | kr2udp: 0 | 
2026-05-03 16:42:28,417 - INFO     - img2od: 21 | od2fr: 0 | od2lpr: 1000 | od2cap: 0 | fr2kr: 0 | lpr2kr: 1000 | cap2udp: 0 | kr2udp: 1 | 
2026-05-03 16:42:29,418 - INFO     - img2od: 21 | od2fr: 0 | od2lpr: 1000 | od2cap: 0 | fr2kr: 0 | lpr2kr: 1000 | cap2udp: 0 | kr2udp: 1 | 
2026-05-03 16:42:30,419 - INFO     - img2od: 21 | od2fr: 0 | od2lpr: 1000 | od2cap: 0 | fr2kr: 0 | lpr2kr: 1000 | cap2udp: 0 | kr2udp: 1 | 
2026-05-03 16:42:31,420 - INFO     - img2od: 21 | od2fr: 0 | od2lpr: 1000 | od2cap: 0 | fr2kr: 0 | lpr2kr: 1000 | cap2udp: 0 | kr2udp: 1 | 
2026-05-03 16:42:32,421 - INFO     - img2od: 21 | od2fr: 0 | od2lpr: 1000 | od2cap: 0 | fr2kr: 0 | lpr2kr: 1000 | cap2udp: 0 | kr2udp: 1 | 
2026-05-03 16:42:33,422 - INFO     - img2od: 21 | od2fr: 0 | od2lpr: 1000 | od2cap: 0 | fr2kr: 0 | lpr2kr: 1000 | cap2udp: 0 | kr2udp: 1 | 
2026-05-03 16:42:34,423 - INFO     - img2od: 21 | od2fr: 0 | od2lpr: 1000 | od2cap: 0 | fr2kr: 0 | lpr2kr: 1000 | cap2udp: 0 | kr2udp: 1 | 
2026-05-03 16:42:35,424 - INFO     - img2od: 21 | od2fr: 0 | od2lpr: 1000 | od2cap: 0 | fr2kr: 0 | lpr2kr: 1000 | cap2udp: 0 | kr2udp: 1 | 
2026-05-03 16:42:36,425 - INFO     - img2od: 21 | od2fr: 0 | od2lpr: 1000 | od2cap: 0 | fr2kr: 0 | lpr2kr: 1000 | cap2udp: 0 | kr2udp: 1 | 
2026-05-03 16:42:37,426 - INFO     - img2od: 21 | od2fr: 0 | od2lpr: 1000 | od2cap: 0 | fr2kr: 0 | lpr2kr: 1000 | cap2udp: 0 | kr2udp: 1 | 
2026-05-03 16:42:38,427 - INFO     - img2od: 21 | od2fr: 0 | od2lpr: 1000 | od2cap: 0 | fr2kr: 0 | lpr2kr: 1000 | cap2udp: 0 | kr2udp: 1 | 
2026-05-03 16:42:39,428 - INFO     - img2od: 21 | od2fr: 0 | od2lpr: 1000 | od2cap: 0 | fr2kr: 0 | lpr2kr: 1000 | cap2udp: 0 | kr2udp: 1 | 
2026-05-03 16:42:40,429 - INFO     - img2od: 21 | od2fr: 0 | od2lpr: 1000 | od2cap: 0 | fr2kr: 0 | lpr2kr: 1000 | cap2udp: 0 | kr2udp: 1 | 
2026-05-03 16:42:41,430 - INFO     - img2od: 21 | od2fr: 0 | od2lpr: 1000 | od2cap: 0 | fr2kr: 0 | lpr2kr: 1000 | cap2udp: 0 | kr2udp: 1 | 
2026-05-03 16:42:42,431 - INFO     - img2od: 21 | od2fr: 0 | od2lpr: 1000 | od2cap: 0 | fr2kr: 0 | lpr2kr: 1000 | cap2udp: 0 | kr2udp: 2 | 
2026-05-03 16:42:43,432 - INFO     - img2od: 21 | od2fr: 0 | od2lpr: 1000 | od2cap: 0 | fr2kr: 0 | lpr2kr: 1000 | cap2udp: 0 | kr2udp: 0 | 
2026-05-03 16:42:44,433 - INFO     - img2od: 21 | od2fr: 0 | od2lpr: 1000 | od2cap: 0 | fr2kr: 0 | lpr2kr: 1000 | cap2udp: 0 | kr2udp: 0 | 
2026-05-03 16:42:45,434 - INFO     - img2od: 21 | od2fr: 0 | od2lpr: 1000 | od2cap: 0 | fr2kr: 0 | lpr2kr: 1000 | cap2udp: 0 | kr2udp: 1 | 
2026-05-03 16:42:46,435 - INFO     - img2od: 21 | od2fr: 0 | od2lpr: 1000 | od2cap: 0 | fr2kr: 0 | lpr2kr: 1000 | cap2udp: 0 | kr2udp: 1 | 
2026-05-03 16:42:47,436 - INFO     - img2od: 21 | od2fr: 0 | od2lpr: 1000 | od2cap: 0 | fr2kr: 0 | lpr2kr: 1000 | cap2udp: 0 | kr2udp: 1 | 
2026-05-03 16:42:48,437 - INFO     - img2od: 21 | od2fr: 0 | od2lpr: 1000 | od2cap: 0 | fr2kr: 0 | lpr2kr: 1000 | cap2udp: 0 | kr2udp: 1 | 
2026-05-03 16:42:49,438 - INFO     - img2od: 21 | od2fr: 0 | od2lpr: 1000 | od2cap: 0 | fr2kr: 0 | lpr2kr: 1000 | cap2udp: 0 | kr2udp: 0 | 
2026-05-03 16:42:50,439 - INFO     - img2od: 21 | od2fr: 0 | od2lpr: 1000 | od2cap: 0 | fr2kr: 0 | lpr2kr: 1000 | cap2udp: 0 | kr2udp: 0 | 
2026-05-03 16:42:51,440 - INFO     - img2od: 21 | od2fr: 0 | od2lpr: 1000 | od2cap: 0 | fr2kr: 0 | lpr2kr: 1000 | cap2udp: 0 | kr2udp: 1 | 
2026-05-03 16:42:52,441 - INFO     - img2od: 21 | od2fr: 0 | od2lpr: 1000 | od2cap: 0 | fr2kr: 0 | lpr2kr: 1000 | cap2udp: 0 | kr2udp: 1 | 
2026-05-03 16:42:53,442 - INFO     - img2od: 21 | od2fr: 0 | od2lpr: 1000 | od2cap: 0 | fr2kr: 0 | lpr2kr: 1000 | cap2udp: 0 | kr2udp: 1 | 
2026-05-03 16:42:54,443 - INFO     - img2od: 21 | od2fr: 0 | od2lpr: 1000 | od2cap: 0 | fr2kr: 0 | lpr2kr: 1000 | cap2udp: 0 | kr2udp: 1 | 
2026-05-03 16:42:55,444 - INFO     - img2od: 21 | od2fr: 0 | od2lpr: 1000 | od2cap: 0 | fr2kr: 0 | lpr2kr: 999 | cap2udp: 0 | kr2udp: 1 | 
2026-05-03 16:42:56,445 - INFO     - img2od: 21 | od2fr: 0 | od2lpr: 1000 | od2cap: 0 | fr2kr: 0 | lpr2kr: 1000 | cap2udp: 0 | kr2udp: 1 | 
2026-05-03 16:42:57,446 - INFO     - img2od: 21 | od2fr: 0 | od2lpr: 1000 | od2cap: 0 | fr2kr: 0 | lpr2kr: 1000 | cap2udp: 0 | kr2udp: 1 | 
2026-05-03 16:42:58,447 - INFO     - img2od: 21 | od2fr: 0 | od2lpr: 1000 | od2cap: 0 | fr2kr: 0 | lpr2kr: 1000 | cap2udp: 0 | kr2udp: 1 | 
2026-05-03 16:42:59,448 - INFO     - img2od: 21 | od2fr: 0 | od2lpr: 1000 | od2cap: 0 | fr2kr: 0 | lpr2kr: 1000 | cap2udp: 0 | kr2udp: 1 | 
2026-05-03 16:43:00,449 - INFO     - img2od: 21 | od2fr: 0 | od2lpr: 1000 | od2cap: 0 | fr2kr: 0 | lpr2kr: 1000 | cap2udp: 0 | kr2udp: 1 | 
2026-05-03 16:43:01,450 - INFO     - img2od: 21 | od2fr: 0 | od2lpr: 1000 | od2cap: 0 | fr2kr: 0 | lpr2kr: 1000 | cap2udp: 0 | kr2udp: 1 | 
2026-05-03 16:43:02,451 - INFO     - img2od: 21 | od2fr: 0 | od2lpr: 1000 | od2cap: 0 | fr2kr: 0 | lpr2kr: 1000 | cap2udp: 0 | kr2udp: 1 | 
2026-05-03 16:43:03,452 - INFO     - img2od: 21 | od2fr: 0 | od2lpr: 1000 | od2cap: 0 | fr2kr: 0 | lpr2kr: 1000 | cap2udp: 0 | kr2udp: 1 | 
2026-05-03 16:43:04,453 - INFO     - img2od: 21 | od2fr: 0 | od2lpr: 1000 | od2cap: 0 | fr2kr: 0 | lpr2kr: 1000 | cap2udp: 0 | kr2udp: 1 | 
2026-05-03 16:43:05,454 - INFO     - img2od: 21 | od2fr: 0 | od2lpr: 1000 | od2cap: 0 | fr2kr: 0 | lpr2kr: 1000 | cap2udp: 0 | kr2udp: 1 | 
2026-05-03 16:43:06,455 - INFO     - img2od: 21 | od2fr: 0 | od2lpr: 1000 | od2cap: 0 | fr2kr: 0 | lpr2kr: 1000 | cap2udp: 0 | kr2udp: 1 | 
2026-05-03 16:43:07,456 - INFO     - img2od: 21 | od2fr: 0 | od2lpr: 1000 | od2cap: 0 | fr2kr: 0 | lpr2kr: 1000 | cap2udp: 0 | kr2udp: 1 | 
2026-05-03 16:43:08,457 - INFO     - img2od: 21 | od2fr: 0 | od2lpr: 1000 | od2cap: 0 | fr2kr: 0 | lpr2kr: 1000 | cap2udp: 0 | kr2udp: 1 | 
2026-05-03 16:43:09,458 - INFO     - img2od: 21 | od2fr: 0 | od2lpr: 1000 | od2cap: 0 | fr2kr: 0 | lpr2kr: 1000 | cap2udp: 0 | kr2udp: 1 | 
2026-05-03 16:43:10,459 - INFO     - img2od: 21 | od2fr: 0 | od2lpr: 1000 | od2cap: 0 | fr2kr: 0 | lpr2kr: 1000 | cap2udp: 0 | kr2udp: 1 | 
2026-05-03 16:43:11,460 - INFO     - img2od: 21 | od2fr: 0 | od2lpr: 1000 | od2cap: 0 | fr2kr: 0 | lpr2kr: 1000 | cap2udp: 0 | kr2udp: 1 | 
2026-05-03 16:43:12,461 - INFO     - img2od: 21 | od2fr: 0 | od2lpr: 1000 | od2cap: 0 | fr2kr: 0 | lpr2kr: 1000 | cap2udp: 0 | kr2udp: 1 | 
2026-05-03 16:43:13,462 - INFO     - img2od: 21 | od2fr: 0 | od2lpr: 1000 | od2cap: 0 | fr2kr: 0 | lpr2kr: 1000 | cap2udp: 0 | kr2udp: 1 | 
2026-05-03 16:43:14,463 - INFO     - img2od: 21 | od2fr: 0 | od2lpr: 1000 | od2cap: 0 | fr2kr: 0 | lpr2kr: 1000 | cap2udp: 0 | kr2udp: 0 | 
2026-05-03 16:43:15,464 - INFO     - img2od: 21 | od2fr: 0 | od2lpr: 1000 | od2cap: 0 | fr2kr: 0 | lpr2kr: 1000 | cap2udp: 0 | kr2udp: 1 | 
2026-05-03 16:43:16,465 - INFO     - img2od: 21 | od2fr: 0 | od2lpr: 1000 | od2cap: 0 | fr2kr: 0 | lpr2kr: 1000 | cap2udp: 0 | kr2udp: 1 | 
2026-05-03 16:43:17,466 - INFO     - img2od: 21 | od2fr: 0 | od2lpr: 1000 | od2cap: 0 | fr2kr: 0 | lpr2kr: 1000 | cap2udp: 0 | kr2udp: 1 | 
2026-05-03 16:43:18,467 - INFO     - img2od: 21 | od2fr: 0 | od2lpr: 1000 | od2cap: 0 | fr2kr: 0 | lpr2kr: 1000 | cap2udp: 0 | kr2udp: 1 | 
2026-05-03 16:43:19,468 - INFO     - img2od: 21 | od2fr: 0 | od2lpr: 1000 | od2cap: 0 | fr2kr: 0 | lpr2kr: 1000 | cap2udp: 0 | kr2udp: 0 | 
2026-05-03 16:43:20,469 - INFO     - img2od: 21 | od2fr: 0 | od2lpr: 1000 | od2cap: 0 | fr2kr: 0 | lpr2kr: 1000 | cap2udp: 0 | kr2udp: 1 | 
2026-05-03 16:43:21,470 - INFO     - img2od: 21 | od2fr: 0 | od2lpr: 1000 | od2cap: 0 | fr2kr: 0 | lpr2kr: 1000 | cap2udp: 0 | kr2udp: 1 | 
2026-05-03 16:43:22,471 - INFO     - img2od: 21 | od2fr: 0 | od2lpr: 1000 | od2cap: 0 | fr2kr: 0 | lpr2kr: 1000 | cap2udp: 0 | kr2udp: 1 | 
2026-05-03 16:43:23,472 - INFO     - img2od: 21 | od2fr: 0 | od2lpr: 1000 | od2cap: 0 | fr2kr: 0 | lpr2kr: 1000 | cap2udp: 0 | kr2udp: 1 | 
2026-05-03 16:43:24,473 - INFO     - img2od: 21 | od2fr: 0 | od2lpr: 1000 | od2cap: 0 | fr2kr: 0 | lpr2kr: 1000 | cap2udp: 0 | kr2udp: 1 | 
2026-05-03 16:43:25,474 - INFO     - img2od: 21 | od2fr: 0 | od2lpr: 1000 | od2cap: 0 | fr2kr: 0 | lpr2kr: 1000 | cap2udp: 0 | kr2udp: 1 | 
2026-05-03 16:43:26,475 - INFO     - img2od: 21 | od2fr: 0 | od2lpr: 1000 | od2cap: 0 | fr2kr: 0 | lpr2kr: 1000 | cap2udp: 0 | kr2udp: 1 | 
2026-05-03 16:43:27,476 - INFO     - img2od: 21 | od2fr: 0 | od2lpr: 1000 | od2cap: 0 | fr2kr: 0 | lpr2kr: 1000 | cap2udp: 0 | kr2udp: 1 | 
2026-05-03 16:43:28,477 - INFO     - img2od: 21 | od2fr: 0 | od2lpr: 1000 | od2cap: 0 | fr2kr: 0 | lpr2kr: 1000 | cap2udp: 0 | kr2udp: 0 | 
2026-05-03 16:43:29,478 - INFO     - img2od: 21 | od2fr: 0 | od2lpr: 1000 | od2cap: 0 | fr2kr: 0 | lpr2kr: 1000 | cap2udp: 0 | kr2udp: 1 | 
2026-05-03 16:43:30,479 - INFO     - img2od: 21 | od2fr: 0 | od2lpr: 1000 | od2cap: 0 | fr2kr: 0 | lpr2kr: 1000 | cap2udp: 0 | kr2udp: 1 | 
2026-05-03 16:43:31,480 - INFO     - img2od: 21 | od2fr: 0 | od2lpr: 1000 | od2cap: 0 | fr2kr: 0 | lpr2kr: 1000 | cap2udp: 0 | kr2udp: 1 | 
2026-05-03 16:43:32,481 - INFO     - img2od: 21 | od2fr: 0 | od2lpr: 1000 | od2cap: 0 | fr2kr: 0 | lpr2kr: 1000 | cap2udp: 0 | kr2udp: 1 | 
2026-05-03 16:43:33,482 - INFO     - img2od: 21 | od2fr: 0 | od2lpr: 1000 | od2cap: 0 | fr2kr: 0 | lpr2kr: 1000 | cap2udp: 0 | kr2udp: 0 | 
2026-05-03 16:43:34,483 - INFO     - img2od: 21 | od2fr: 0 | od2lpr: 1000 | od2cap: 0 | fr2kr: 0 | lpr2kr: 1000 | cap2udp: 0 | kr2udp: 0 | 
2026-05-03 16:43:35,484 - INFO     - img2od: 21 | od2fr: 0 | od2lpr: 1000 | od2cap: 0 | fr2kr: 0 | lpr2kr: 1000 | cap2udp: 0 | kr2udp: 1 | 
2026-05-03 16:43:36,485 - INFO     - img2od: 21 | od2fr: 0 | od2lpr: 1000 | od2cap: 0 | fr2kr: 0 | lpr2kr: 1000 | cap2udp: 0 | kr2udp: 0 | 
2026-05-03 16:43:37,486 - INFO     - img2od: 21 | od2fr: 0 | od2lpr: 1000 | od2cap: 0 | fr2kr: 0 | lpr2kr: 1000 | cap2udp: 0 | kr2udp: 1 | 
2026-05-03 16:43:38,487 - INFO     - img2od: 21 | od2fr: 0 | od2lpr: 1000 | od2cap: 0 | fr2kr: 0 | lpr2kr: 1000 | cap2udp: 0 | kr2udp: 1 | 
2026-05-03 16:43:39,488 - INFO     - img2od: 21 | od2fr: 0 | od2lpr: 1000 | od2cap: 0 | fr2kr: 0 | lpr2kr: 1000 | cap2udp: 0 | kr2udp: 1 | 
2026-05-03 16:43:40,489 - INFO     - img2od: 21 | od2fr: 0 | od2lpr: 1000 | od2cap: 0 | fr2kr: 0 | lpr2kr: 1000 | cap2udp: 0 | kr2udp: 1 | 
2026-05-03 16:43:41,490 - INFO     - img2od: 21 | od2fr: 0 | od2lpr: 1000 | od2cap: 0 | fr2kr: 0 | lpr2kr: 1000 | cap2udp: 0 | kr2udp: 1 | 
2026-05-03 16:43:42,491 - INFO     - img2od: 21 | od2fr: 0 | od2lpr: 1000 | od2cap: 0 | fr2kr: 0 | lpr2kr: 1000 | cap2udp: 0 | kr2udp: 1 | 
2026-05-03 16:43:43,492 - INFO     - img2od: 21 | od2fr: 0 | od2lpr: 1000 | od2cap: 0 | fr2kr: 0 | lpr2kr: 1000 | cap2udp: 0 | kr2udp: 1 | 
2026-05-03 16:43:44,493 - INFO     - img2od: 21 | od2fr: 0 | od2lpr: 1000 | od2cap: 0 | fr2kr: 0 | lpr2kr: 1000 | cap2udp: 0 | kr2udp: 1 | 
2026-05-03 16:43:45,494 - INFO     - img2od: 21 | od2fr: 0 | od2lpr: 1000 | od2cap: 0 | fr2kr: 0 | lpr2kr: 1000 | cap2udp: 0 | kr2udp: 1 | 
2026-05-03 16:43:46,495 - INFO     - img2od: 21 | od2fr: 0 | od2lpr: 1000 | od2cap: 0 | fr2kr: 0 | lpr2kr: 1000 | cap2udp: 0 | kr2udp: 1 | 
2026-05-03 16:43:47,496 - INFO     - img2od: 21 | od2fr: 0 | od2lpr: 1000 | od2cap: 0 | fr2kr: 0 | lpr2kr: 1000 | cap2udp: 0 | kr2udp: 1 | 
2026-05-03 16:43:48,497 - INFO     - img2od: 21 | od2fr: 0 | od2lpr: 1000 | od2cap: 0 | fr2kr: 0 | lpr2kr: 1000 | cap2udp: 0 | kr2udp: 1 | 
2026-05-03 16:43:49,498 - INFO     - img2od: 20 | od2fr: 0 | od2lpr: 1000 | od2cap: 0 | fr2kr: 2 | lpr2kr: 1000 | cap2udp: 0 | kr2udp: 1 | 
2026-05-03 16:43:50,499 - INFO     - img2od: 20 | od2fr: 0 | od2lpr: 1000 | od2cap: 0 | fr2kr: 0 | lpr2kr: 1000 | cap2udp: 0 | kr2udp: 1 | 
2026-05-03 16:43:51,500 - INFO     - img2od: 20 | od2fr: 0 | od2lpr: 1000 | od2cap: 0 | fr2kr: 0 | lpr2kr: 1000 | cap2udp: 0 | kr2udp: 1 | 
2026-05-03 16:43:52,501 - INFO     - img2od: 17 | od2fr: 0 | od2lpr: 998 | od2cap: 0 | fr2kr: 2 | lpr2kr: 1000 | cap2udp: 0 | kr2udp: 1 | 
2026-05-03 16:43:53,502 - INFO     - img2od: 13 | od2fr: 31 | od2lpr: 996 | od2cap: 0 | fr2kr: 4 | lpr2kr: 1000 | cap2udp: 1 | kr2udp: 1 | 
2026-05-03 16:43:54,503 - INFO     - img2od: 9 | od2fr: 37 | od2lpr: 995 | od2cap: 0 | fr2kr: 8 | lpr2kr: 1000 | cap2udp: 0 | kr2udp: 0 | 
2026-05-03 16:43:55,504 - INFO     - img2od: 5 | od2fr: 45 | od2lpr: 999 | od2cap: 0 | fr2kr: 11 | lpr2kr: 1000 | cap2udp: 0 | kr2udp: 0 | 
2026-05-03 16:43:56,505 - INFO     - img2od: 4 | od2fr: 45 | od2lpr: 1000 | od2cap: 0 | fr2kr: 15 | lpr2kr: 1000 | cap2udp: 0 | kr2udp: 0 | 
2026-05-03 16:43:57,506 - INFO     - img2od: 4 | od2fr: 39 | od2lpr: 1000 | od2cap: 0 | fr2kr: 19 | lpr2kr: 1000 | cap2udp: 0 | kr2udp: 0 | 
2026-05-03 16:43:58,507 - INFO     - img2od: 4 | od2fr: 32 | od2lpr: 1000 | od2cap: 0 | fr2kr: 23 | lpr2kr: 1000 | cap2udp: 0 | kr2udp: 1 | 
2026-05-03 16:43:59,508 - INFO     - img2od: 4 | od2fr: 26 | od2lpr: 1000 | od2cap: 0 | fr2kr: 28 | lpr2kr: 1000 | cap2udp: 0 | kr2udp: 0 | 
2026-05-03 16:44:00,509 - INFO     - img2od: 4 | od2fr: 21 | od2lpr: 1000 | od2cap: 0 | fr2kr: 31 | lpr2kr: 1000 | cap2udp: 0 | kr2udp: 1 | 
2026-05-03 16:44:01,510 - INFO     - img2od: 4 | od2fr: 15 | od2lpr: 1000 | od2cap: 0 | fr2kr: 35 | lpr2kr: 1000 | cap2udp: 0 | kr2udp: 0 | 
2026-05-03 16:44:02,511 - INFO     - img2od: 4 | od2fr: 10 | od2lpr: 1000 | od2cap: 0 | fr2kr: 38 | lpr2kr: 1000 | cap2udp: 0 | kr2udp: 0 | 
2026-05-03 16:44:03,512 - INFO     - img2od: 4 | od2fr: 5 | od2lpr: 1000 | od2cap: 0 | fr2kr: 41 | lpr2kr: 1000 | cap2udp: 0 | kr2udp: 2 | 
2026-05-03 16:44:04,513 - INFO     - img2od: 4 | od2fr: 0 | od2lpr: 1000 | od2cap: 0 | fr2kr: 44 | lpr2kr: 1000 | cap2udp: 0 | kr2udp: 1 | 
2026-05-03 16:44:05,514 - INFO     - img2od: 4 | od2fr: 0 | od2lpr: 1000 | od2cap: 0 | fr2kr: 42 | lpr2kr: 1000 | cap2udp: 0 | kr2udp: 1 | 
2026-05-03 16:44:06,515 - INFO     - img2od: 4 | od2fr: 0 | od2lpr: 1000 | od2cap: 0 | fr2kr: 40 | lpr2kr: 1000 | cap2udp: 0 | kr2udp: 1 | 
2026-05-03 16:44:07,516 - INFO     - img2od: 4 | od2fr: 0 | od2lpr: 1000 | od2cap: 0 | fr2kr: 38 | lpr2kr: 1000 | cap2udp: 0 | kr2udp: 1 | 
2026-05-03 16:44:08,517 - INFO     - img2od: 4 | od2fr: 0 | od2lpr: 1000 | od2cap: 0 | fr2kr: 36 | lpr2kr: 1000 | cap2udp: 0 | kr2udp: 1 | 
2026-05-03 16:44:09,518 - INFO     - img2od: 4 | od2fr: 0 | od2lpr: 1000 | od2cap: 0 | fr2kr: 34 | lpr2kr: 1000 | cap2udp: 0 | kr2udp: 1 | 
2026-05-03 16:44:10,519 - INFO     - img2od: 4 | od2fr: 0 | od2lpr: 1000 | od2cap: 0 | fr2kr: 32 | lpr2kr: 1000 | cap2udp: 0 | kr2udp: 1 | 
2026-05-03 16:44:11,520 - INFO     - img2od: 4 | od2fr: 0 | od2lpr: 1000 | od2cap: 0 | fr2kr: 30 | lpr2kr: 1000 | cap2udp: 0 | kr2udp: 1 | 
2026-05-03 16:44:12,521 - INFO     - img2od: 4 | od2fr: 0 | od2lpr: 1000 | od2cap: 0 | fr2kr: 27 | lpr2kr: 1000 | cap2udp: 0 | kr2udp: 1 | 
2026-05-03 16:44:13,522 - INFO     - img2od: 4 | od2fr: 0 | od2lpr: 1000 | od2cap: 0 | fr2kr: 25 | lpr2kr: 1000 | cap2udp: 0 | kr2udp: 0 | 
2026-05-03 16:44:14,523 - INFO     - img2od: 4 | od2fr: 0 | od2lpr: 1000 | od2cap: 0 | fr2kr: 23 | lpr2kr: 1000 | cap2udp: 0 | kr2udp: 1 | 
2026-05-03 16:44:15,524 - INFO     - img2od: 4 | od2fr: 0 | od2lpr: 1000 | od2cap: 0 | fr2kr: 21 | lpr2kr: 1000 | cap2udp: 0 | kr2udp: 1 | 
2026-05-03 16:44:16,525 - INFO     - img2od: 4 | od2fr: 0 | od2lpr: 1000 | od2cap: 0 | fr2kr: 18 | lpr2kr: 1000 | cap2udp: 0 | kr2udp: 1 | 
2026-05-03 16:44:17,526 - INFO     - img2od: 4 | od2fr: 0 | od2lpr: 1000 | od2cap: 0 | fr2kr: 16 | lpr2kr: 1000 | cap2udp: 0 | kr2udp: 0 | 
2026-05-03 16:44:18,527 - INFO     - img2od: 4 | od2fr: 0 | od2lpr: 1000 | od2cap: 0 | fr2kr: 14 | lpr2kr: 1000 | cap2udp: 0 | kr2udp: 1 | 
2026-05-03 16:44:19,528 - INFO     - img2od: 4 | od2fr: 0 | od2lpr: 1000 | od2cap: 0 | fr2kr: 12 | lpr2kr: 1000 | cap2udp: 0 | kr2udp: 0 | 
2026-05-03 16:44:20,529 - INFO     - img2od: 4 | od2fr: 0 | od2lpr: 1000 | od2cap: 0 | fr2kr: 10 | lpr2kr: 1000 | cap2udp: 0 | kr2udp: 1 | 
2026-05-03 16:44:21,530 - INFO     - img2od: 4 | od2fr: 0 | od2lpr: 1000 | od2cap: 0 | fr2kr: 8 | lpr2kr: 1000 | cap2udp: 0 | kr2udp: 1 | 
2026-05-03 16:44:22,531 - INFO     - img2od: 4 | od2fr: 0 | od2lpr: 1000 | od2cap: 0 | fr2kr: 5 | lpr2kr: 999 | cap2udp: 0 | kr2udp: 1 | 
2026-05-03 16:44:23,532 - INFO     - img2od: 4 | od2fr: 0 | od2lpr: 1000 | od2cap: 0 | fr2kr: 3 | lpr2kr: 999 | cap2udp: 0 | kr2udp: 1 | 
2026-05-03 16:44:24,533 - INFO     - img2od: 4 | od2fr: 0 | od2lpr: 1000 | od2cap: 0 | fr2kr: 1 | lpr2kr: 1000 | cap2udp: 0 | kr2udp: 0 | 
2026-05-03 16:44:25,534 - INFO     - img2od: 4 | od2fr: 0 | od2lpr: 1000 | od2cap: 0 | fr2kr: 0 | lpr2kr: 1000 | cap2udp: 0 | kr2udp: 1 | 
2026-05-03 16:44:26,535 - INFO     - img2od: 4 | od2fr: 0 | od2lpr: 1000 | od2cap: 0 | fr2kr: 0 | lpr2kr: 1000 | cap2udp: 0 | kr2udp: 1 | 
2026-05-03 16:44:27,536 - INFO     - img2od: 4 | od2fr: 0 | od2lpr: 1000 | od2cap: 0 | fr2kr: 0 | lpr2kr: 1000 | cap2udp: 0 | kr2udp: 0 | 
2026-05-03 16:44:28,537 - INFO     - img2od: 4 | od2fr: 0 | od2lpr: 1000 | od2cap: 0 | fr2kr: 0 | lpr2kr: 1000 | cap2udp: 0 | kr2udp: 1 | 
2026-05-03 16:44:29,538 - INFO     - img2od: 4 | od2fr: 0 | od2lpr: 1000 | od2cap: 0 | fr2kr: 0 | lpr2kr: 1000 | cap2udp: 0 | kr2udp: 1 | 
2026-05-03 16:44:30,539 - INFO     - img2od: 4 | od2fr: 0 | od2lpr: 1000 | od2cap: 0 | fr2kr: 0 | lpr2kr: 1000 | cap2udp: 0 | kr2udp: 1 | 
2026-05-03 16:44:31,540 - INFO     - img2od: 4 | od2fr: 0 | od2lpr: 1000 | od2cap: 0 | fr2kr: 0 | lpr2kr: 1000 | cap2udp: 0 | kr2udp: 1 | 
2026-05-03 16:44:32,541 - INFO     - img2od: 4 | od2fr: 0 | od2lpr: 1000 | od2cap: 0 | fr2kr: 0 | lpr2kr: 1000 | cap2udp: 0 | kr2udp: 1 | 
2026-05-03 16:44:33,542 - INFO     - img2od: 4 | od2fr: 0 | od2lpr: 1000 | od2cap: 0 | fr2kr: 0 | lpr2kr: 1000 | cap2udp: 0 | kr2udp: 1 | 
2026-05-03 16:44:34,543 - INFO     - img2od: 4 | od2fr: 0 | od2lpr: 1000 | od2cap: 0 | fr2kr: 0 | lpr2kr: 1000 | cap2udp: 0 | kr2udp: 1 | 
2026-05-03 16:44:35,544 - INFO     - img2od: 4 | od2fr: 0 | od2lpr: 1000 | od2cap: 0 | fr2kr: 0 | lpr2kr: 1000 | cap2udp: 0 | kr2udp: 1 | 
2026-05-03 16:44:36,545 - INFO     - img2od: 4 | od2fr: 0 | od2lpr: 1000 | od2cap: 0 | fr2kr: 0 | lpr2kr: 1000 | cap2udp: 0 | kr2udp: 1 | 
2026-05-03 16:44:37,546 - INFO     - img2od: 4 | od2fr: 0 | od2lpr: 1000 | od2cap: 0 | fr2kr: 0 | lpr2kr: 1000 | cap2udp: 0 | kr2udp: 0 | 
2026-05-03 16:44:38,547 - INFO     - img2od: 4 | od2fr: 0 | od2lpr: 1000 | od2cap: 0 | fr2kr: 0 | lpr2kr: 1000 | cap2udp: 0 | kr2udp: 1 | 
2026-05-03 16:44:39,548 - INFO     - img2od: 4 | od2fr: 0 | od2lpr: 1000 | od2cap: 0 | fr2kr: 0 | lpr2kr: 1000 | cap2udp: 0 | kr2udp: 1 | 
2026-05-03 16:44:40,549 - INFO     - img2od: 4 | od2fr: 0 | od2lpr: 1000 | od2cap: 0 | fr2kr: 0 | lpr2kr: 1000 | cap2udp: 0 | kr2udp: 1 | 
2026-05-03 16:44:41,550 - INFO     - img2od: 4 | od2fr: 0 | od2lpr: 1000 | od2cap: 0 | fr2kr: 0 | lpr2kr: 1000 | cap2udp: 0 | kr2udp: 0 | 
2026-05-03 16:44:42,551 - INFO     - img2od: 4 | od2fr: 0 | od2lpr: 1000 | od2cap: 0 | fr2kr: 0 | lpr2kr: 1000 | cap2udp: 0 | kr2udp: 0 | 
2026-05-03 16:44:43,552 - INFO     - img2od: 4 | od2fr: 0 | od2lpr: 1000 | od2cap: 0 | fr2kr: 0 | lpr2kr: 1000 | cap2udp: 0 | kr2udp: 1 | 
2026-05-03 16:44:44,553 - INFO     - img2od: 4 | od2fr: 0 | od2lpr: 1000 | od2cap: 0 | fr2kr: 0 | lpr2kr: 1000 | cap2udp: 0 | kr2udp: 1 | 
2026-05-03 16:44:45,554 - INFO     - img2od: 4 | od2fr: 0 | od2lpr: 1000 | od2cap: 0 | fr2kr: 0 | lpr2kr: 1000 | cap2udp: 0 | kr2udp: 1 | 
2026-05-03 16:44:46,555 - INFO     - img2od: 4 | od2fr: 0 | od2lpr: 1000 | od2cap: 0 | fr2kr: 0 | lpr2kr: 1000 | cap2udp: 0 | kr2udp: 1 | 
2026-05-03 16:44:47,556 - INFO     - img2od: 4 | od2fr: 0 | od2lpr: 1000 | od2cap: 0 | fr2kr: 0 | lpr2kr: 1000 | cap2udp: 0 | kr2udp: 1 | 
2026-05-03 16:44:48,557 - INFO     - img2od: 4 | od2fr: 0 | od2lpr: 1000 | od2cap: 0 | fr2kr: 0 | lpr2kr: 1000 | cap2udp: 0 | kr2udp: 0 | 
2026-05-03 16:44:49,558 - INFO     - img2od: 4 | od2fr: 0 | od2lpr: 1000 | od2cap: 0 | fr2kr: 0 | lpr2kr: 1000 | cap2udp: 0 | kr2udp: 1 | 
2026-05-03 16:44:50,559 - INFO     - img2od: 4 | od2fr: 0 | od2lpr: 1000 | od2cap: 0 | fr2kr: 0 | lpr2kr: 1000 | cap2udp: 0 | kr2udp: 1 | 
2026-05-03 16:44:51,560 - INFO     - img2od: 4 | od2fr: 0 | od2lpr: 1000 | od2cap: 0 | fr2kr: 0 | lpr2kr: 1000 | cap2udp: 0 | kr2udp: 0 | 
2026-05-03 16:44:52,561 - INFO     - img2od: 4 | od2fr: 0 | od2lpr: 1000 | od2cap: 0 | fr2kr: 0 | lpr2kr: 1000 | cap2udp: 0 | kr2udp: 0 | 
2026-05-03 16:44:53,562 - INFO     - img2od: 4 | od2fr: 0 | od2lpr: 1000 | od2cap: 0 | fr2kr: 0 | lpr2kr: 1000 | cap2udp: 0 | kr2udp: 0 | 
2026-05-03 16:44:54,563 - INFO     - img2od: 4 | od2fr: 0 | od2lpr: 1000 | od2cap: 0 | fr2kr: 0 | lpr2kr: 1000 | cap2udp: 0 | kr2udp: 0 | 
2026-05-03 16:44:55,564 - INFO     - img2od: 4 | od2fr: 0 | od2lpr: 1000 | od2cap: 0 | fr2kr: 0 | lpr2kr: 1000 | cap2udp: 0 | kr2udp: 0 | 
2026-05-03 16:44:56,565 - INFO     - img2od: 4 | od2fr: 0 | od2lpr: 1000 | od2cap: 0 | fr2kr: 0 | lpr2kr: 1000 | cap2udp: 0 | kr2udp: 0 | 
2026-05-03 16:44:57,566 - INFO     - img2od: 4 | od2fr: 0 | od2lpr: 1000 | od2cap: 0 | fr2kr: 0 | lpr2kr: 1000 | cap2udp: 0 | kr2udp: 0 | 
2026-05-03 16:44:58,567 - INFO     - img2od: 4 | od2fr: 0 | od2lpr: 1000 | od2cap: 0 | fr2kr: 0 | lpr2kr: 1000 | cap2udp: 0 | kr2udp: 0 | 
2026-05-03 16:44:59,568 - INFO     - img2od: 4 | od2fr: 0 | od2lpr: 1000 | od2cap: 0 | fr2kr: 0 | lpr2kr: 1000 | cap2udp: 0 | kr2udp: 0 | 
2026-05-03 16:45:00,569 - INFO     - img2od: 4 | od2fr: 0 | od2lpr: 1000 | od2cap: 0 | fr2kr: 0 | lpr2kr: 1000 | cap2udp: 0 | kr2udp: 1 | 
2026-05-03 16:45:01,570 - INFO     - img2od: 4 | od2fr: 0 | od2lpr: 1000 | od2cap: 0 | fr2kr: 0 | lpr2kr: 999 | cap2udp: 0 | kr2udp: 1 | 
2026-05-03 16:45:02,571 - INFO     - img2od: 4 | od2fr: 0 | od2lpr: 1000 | od2cap: 0 | fr2kr: 0 | lpr2kr: 1000 | cap2udp: 0 | kr2udp: 0 | 
2026-05-03 16:45:03,572 - INFO     - img2od: 4 | od2fr: 0 | od2lpr: 1000 | od2cap: 0 | fr2kr: 0 | lpr2kr: 1000 | cap2udp: 0 | kr2udp: 1 | 
2026-05-03 16:45:04,573 - INFO     - img2od: 4 | od2fr: 0 | od2lpr: 1000 | od2cap: 0 | fr2kr: 0 | lpr2kr: 1000 | cap2udp: 0 | kr2udp: 2 | 
2026-05-03 16:45:05,574 - INFO     - img2od: 4 | od2fr: 0 | od2lpr: 1000 | od2cap: 0 | fr2kr: 0 | lpr2kr: 1000 | cap2udp: 0 | kr2udp: 1 | 
2026-05-03 16:45:06,575 - INFO     - img2od: 4 | od2fr: 0 | od2lpr: 1000 | od2cap: 0 | fr2kr: 0 | lpr2kr: 1000 | cap2udp: 0 | kr2udp: 1 | 
2026-05-03 16:45:07,576 - INFO     - img2od: 4 | od2fr: 0 | od2lpr: 1000 | od2cap: 0 | fr2kr: 0 | lpr2kr: 1000 | cap2udp: 0 | kr2udp: 2 | 
2026-05-03 16:45:08,577 - INFO     - img2od: 4 | od2fr: 0 | od2lpr: 1000 | od2cap: 0 | fr2kr: 0 | lpr2kr: 1000 | cap2udp: 0 | kr2udp: 0 | 
2026-05-03 16:45:09,578 - INFO     - img2od: 4 | od2fr: 0 | od2lpr: 1000 | od2cap: 0 | fr2kr: 0 | lpr2kr: 1000 | cap2udp: 0 | kr2udp: 0 | 
2026-05-03 16:45:10,579 - INFO     - img2od: 4 | od2fr: 0 | od2lpr: 1000 | od2cap: 0 | fr2kr: 0 | lpr2kr: 1000 | cap2udp: 0 | kr2udp: 0 | 
2026-05-03 16:45:11,580 - INFO     - img2od: 4 | od2fr: 0 | od2lpr: 1000 | od2cap: 0 | fr2kr: 0 | lpr2kr: 1000 | cap2udp: 0 | kr2udp: 0 | 
2026-05-03 16:45:12,581 - INFO     - img2od: 4 | od2fr: 0 | od2lpr: 1000 | od2cap: 0 | fr2kr: 0 | lpr2kr: 1000 | cap2udp: 0 | kr2udp: 1 | 
2026-05-03 16:45:13,582 - INFO     - img2od: 4 | od2fr: 0 | od2lpr: 1000 | od2cap: 0 | fr2kr: 0 | lpr2kr: 1000 | cap2udp: 0 | kr2udp: 1 | 
2026-05-03 16:45:14,583 - INFO     - img2od: 4 | od2fr: 0 | od2lpr: 1000 | od2cap: 0 | fr2kr: 0 | lpr2kr: 1000 | cap2udp: 0 | kr2udp: 1 | 
2026-05-03 16:45:15,584 - INFO     - img2od: 4 | od2fr: 0 | od2lpr: 1000 | od2cap: 0 | fr2kr: 0 | lpr2kr: 1000 | cap2udp: 0 | kr2udp: 1 | 
2026-05-03 16:45:16,585 - INFO     - img2od: 4 | od2fr: 0 | od2lpr: 1000 | od2cap: 0 | fr2kr: 0 | lpr2kr: 1000 | cap2udp: 0 | kr2udp: 1 | 
2026-05-03 16:45:17,586 - INFO     - img2od: 4 | od2fr: 0 | od2lpr: 1000 | od2cap: 0 | fr2kr: 0 | lpr2kr: 1000 | cap2udp: 0 | kr2udp: 1 | 
2026-05-03 16:45:18,587 - INFO     - img2od: 4 | od2fr: 0 | od2lpr: 1000 | od2cap: 0 | fr2kr: 0 | lpr2kr: 1000 | cap2udp: 0 | kr2udp: 1 | 
2026-05-03 16:45:19,588 - INFO     - img2od: 4 | od2fr: 0 | od2lpr: 1000 | od2cap: 0 | fr2kr: 0 | lpr2kr: 1000 | cap2udp: 0 | kr2udp: 1 | 
2026-05-03 16:45:20,589 - INFO     - img2od: 4 | od2fr: 0 | od2lpr: 1000 | od2cap: 0 | fr2kr: 0 | lpr2kr: 1000 | cap2udp: 0 | kr2udp: 1 | 
2026-05-03 16:45:21,590 - INFO     - img2od: 4 | od2fr: 0 | od2lpr: 1000 | od2cap: 0 | fr2kr: 0 | lpr2kr: 1000 | cap2udp: 0 | kr2udp: 1 | 
2026-05-03 16:45:22,591 - INFO     - img2od: 4 | od2fr: 0 | od2lpr: 1000 | od2cap: 0 | fr2kr: 0 | lpr2kr: 1000 | cap2udp: 0 | kr2udp: 1 | 
2026-05-03 16:45:23,592 - INFO     - img2od: 4 | od2fr: 0 | od2lpr: 1000 | od2cap: 0 | fr2kr: 0 | lpr2kr: 1000 | cap2udp: 0 | kr2udp: 0 | 
2026-05-03 16:45:24,593 - INFO     - img2od: 4 | od2fr: 0 | od2lpr: 1000 | od2cap: 0 | fr2kr: 0 | lpr2kr: 1000 | cap2udp: 0 | kr2udp: 1 | 
2026-05-03 16:45:25,594 - INFO     - img2od: 4 | od2fr: 0 | od2lpr: 1000 | od2cap: 0 | fr2kr: 0 | lpr2kr: 1000 | cap2udp: 0 | kr2udp: 1 | 
2026-05-03 16:45:26,595 - INFO     - img2od: 4 | od2fr: 0 | od2lpr: 1000 | od2cap: 0 | fr2kr: 0 | lpr2kr: 1000 | cap2udp: 0 | kr2udp: 1 | 
2026-05-03 16:45:27,596 - INFO     - img2od: 4 | od2fr: 0 | od2lpr: 1000 | od2cap: 0 | fr2kr: 0 | lpr2kr: 1000 | cap2udp: 0 | kr2udp: 1 | 
2026-05-03 16:45:28,597 - INFO     - img2od: 4 | od2fr: 0 | od2lpr: 1000 | od2cap: 0 | fr2kr: 0 | lpr2kr: 1000 | cap2udp: 0 | kr2udp: 0 | 
2026-05-03 16:45:29,598 - INFO     - img2od: 4 | od2fr: 0 | od2lpr: 1000 | od2cap: 0 | fr2kr: 0 | lpr2kr: 1000 | cap2udp: 0 | kr2udp: 0 | 
2026-05-03 16:45:30,599 - INFO     - img2od: 4 | od2fr: 0 | od2lpr: 1000 | od2cap: 0 | fr2kr: 0 | lpr2kr: 1000 | cap2udp: 0 | kr2udp: 1 | 
2026-05-03 16:45:31,600 - INFO     - img2od: 4 | od2fr: 0 | od2lpr: 999 | od2cap: 0 | fr2kr: 0 | lpr2kr: 1000 | cap2udp: 0 | kr2udp: 1 | 
2026-05-03 16:45:32,601 - INFO     - img2od: 4 | od2fr: 0 | od2lpr: 1000 | od2cap: 0 | fr2kr: 0 | lpr2kr: 1000 | cap2udp: 0 | kr2udp: 0 | 
2026-05-03 16:45:33,602 - INFO     - img2od: 4 | od2fr: 0 | od2lpr: 1000 | od2cap: 0 | fr2kr: 0 | lpr2kr: 1000 | cap2udp: 0 | kr2udp: 1 | 
2026-05-03 16:45:34,603 - INFO     - img2od: 4 | od2fr: 0 | od2lpr: 1000 | od2cap: 0 | fr2kr: 0 | lpr2kr: 1000 | cap2udp: 0 | kr2udp: 1 | 
2026-05-03 16:45:35,604 - INFO     - img2od: 4 | od2fr: 0 | od2lpr: 1000 | od2cap: 0 | fr2kr: 0 | lpr2kr: 1000 | cap2udp: 0 | kr2udp: 1 | 
2026-05-03 16:45:36,605 - INFO     - img2od: 4 | od2fr: 0 | od2lpr: 1000 | od2cap: 0 | fr2kr: 0 | lpr2kr: 1000 | cap2udp: 0 | kr2udp: 0 | 
2026-05-03 16:45:37,606 - INFO     - img2od: 4 | od2fr: 0 | od2lpr: 1000 | od2cap: 0 | fr2kr: 0 | lpr2kr: 1000 | cap2udp: 0 | kr2udp: 1 | 
2026-05-03 16:45:38,607 - INFO     - img2od: 4 | od2fr: 0 | od2lpr: 1000 | od2cap: 0 | fr2kr: 0 | lpr2kr: 1000 | cap2udp: 0 | kr2udp: 0 | 
2026-05-03 16:45:39,608 - INFO     - img2od: 4 | od2fr: 0 | od2lpr: 1000 | od2cap: 0 | fr2kr: 0 | lpr2kr: 1000 | cap2udp: 0 | kr2udp: 1 | 
2026-05-03 16:45:40,609 - INFO     - img2od: 4 | od2fr: 0 | od2lpr: 1000 | od2cap: 0 | fr2kr: 0 | lpr2kr: 1000 | cap2udp: 0 | kr2udp: 1 | 
2026-05-03 16:45:41,610 - INFO     - img2od: 4 | od2fr: 0 | od2lpr: 1000 | od2cap: 0 | fr2kr: 0 | lpr2kr: 1000 | cap2udp: 0 | kr2udp: 1 | 
2026-05-03 16:45:42,611 - INFO     - img2od: 4 | od2fr: 0 | od2lpr: 1000 | od2cap: 0 | fr2kr: 0 | lpr2kr: 1000 | cap2udp: 0 | kr2udp: 1 | 
2026-05-03 16:45:43,612 - INFO     - img2od: 4 | od2fr: 0 | od2lpr: 1000 | od2cap: 0 | fr2kr: 0 | lpr2kr: 1000 | cap2udp: 0 | kr2udp: 1 | 
2026-05-03 16:45:44,613 - INFO     - img2od: 4 | od2fr: 0 | od2lpr: 1000 | od2cap: 0 | fr2kr: 0 | lpr2kr: 1000 | cap2udp: 0 | kr2udp: 0 | 
2026-05-03 16:45:45,614 - INFO     - img2od: 4 | od2fr: 0 | od2lpr: 1000 | od2cap: 0 | fr2kr: 0 | lpr2kr: 1000 | cap2udp: 0 | kr2udp: 1 | 
2026-05-03 16:45:46,615 - INFO     - img2od: 4 | od2fr: 0 | od2lpr: 1000 | od2cap: 0 | fr2kr: 0 | lpr2kr: 1000 | cap2udp: 0 | kr2udp: 1 | 
2026-05-03 16:45:47,616 - INFO     - img2od: 4 | od2fr: 0 | od2lpr: 1000 | od2cap: 0 | fr2kr: 0 | lpr2kr: 1000 | cap2udp: 0 | kr2udp: 1 | 
2026-05-03 16:45:48,617 - INFO     - img2od: 4 | od2fr: 0 | od2lpr: 1000 | od2cap: 0 | fr2kr: 0 | lpr2kr: 1000 | cap2udp: 0 | kr2udp: 1 | 
2026-05-03 16:45:49,618 - INFO     - img2od: 4 | od2fr: 0 | od2lpr: 1000 | od2cap: 0 | fr2kr: 0 | lpr2kr: 1000 | cap2udp: 0 | kr2udp: 0 | 
2026-05-03 16:45:50,619 - INFO     - img2od: 4 | od2fr: 0 | od2lpr: 1000 | od2cap: 0 | fr2kr: 0 | lpr2kr: 1000 | cap2udp: 0 | kr2udp: 0 | 
2026-05-03 16:45:51,620 - INFO     - img2od: 4 | od2fr: 0 | od2lpr: 1000 | od2cap: 0 | fr2kr: 0 | lpr2kr: 1000 | cap2udp: 0 | kr2udp: 1 | 
2026-05-03 16:45:52,621 - INFO     - img2od: 4 | od2fr: 0 | od2lpr: 1000 | od2cap: 0 | fr2kr: 0 | lpr2kr: 1000 | cap2udp: 0 | kr2udp: 1 | 
2026-05-03 16:45:53,622 - INFO     - img2od: 4 | od2fr: 0 | od2lpr: 1000 | od2cap: 0 | fr2kr: 0 | lpr2kr: 1000 | cap2udp: 0 | kr2udp: 0 | 
2026-05-03 16:45:54,623 - INFO     - img2od: 4 | od2fr: 0 | od2lpr: 1000 | od2cap: 0 | fr2kr: 0 | lpr2kr: 1000 | cap2udp: 0 | kr2udp: 1 | 
2026-05-03 16:45:55,624 - INFO     - img2od: 4 | od2fr: 0 | od2lpr: 1000 | od2cap: 0 | fr2kr: 0 | lpr2kr: 1000 | cap2udp: 0 | kr2udp: 1 | 
2026-05-03 16:45:56,625 - INFO     - img2od: 4 | od2fr: 0 | od2lpr: 1000 | od2cap: 0 | fr2kr: 0 | lpr2kr: 1000 | cap2udp: 0 | kr2udp: 1 | 
2026-05-03 16:45:57,626 - INFO     - img2od: 4 | od2fr: 0 | od2lpr: 1000 | od2cap: 0 | fr2kr: 0 | lpr2kr: 1000 | cap2udp: 0 | kr2udp: 1 | 
2026-05-03 16:45:58,627 - INFO     - img2od: 4 | od2fr: 0 | od2lpr: 1000 | od2cap: 0 | fr2kr: 0 | lpr2kr: 1000 | cap2udp: 0 | kr2udp: 1 | 
2026-05-03 16:45:59,628 - INFO     - img2od: 4 | od2fr: 0 | od2lpr: 1000 | od2cap: 0 | fr2kr: 0 | lpr2kr: 1000 | cap2udp: 0 | kr2udp: 1 | 
2026-05-03 16:46:00,629 - INFO     - img2od: 4 | od2fr: 0 | od2lpr: 1000 | od2cap: 0 | fr2kr: 0 | lpr2kr: 1000 | cap2udp: 0 | kr2udp: 1 | 
2026-05-03 16:46:01,630 - INFO     - img2od: 4 | od2fr: 0 | od2lpr: 1000 | od2cap: 0 | fr2kr: 0 | lpr2kr: 1000 | cap2udp: 0 | kr2udp: 1 | 
2026-05-03 16:46:02,631 - INFO     - img2od: 4 | od2fr: 0 | od2lpr: 1000 | od2cap: 0 | fr2kr: 0 | lpr2kr: 1000 | cap2udp: 0 | kr2udp: 1 | 
2026-05-03 16:46:03,632 - INFO     - img2od: 4 | od2fr: 0 | od2lpr: 1000 | od2cap: 0 | fr2kr: 0 | lpr2kr: 1000 | cap2udp: 0 | kr2udp: 1 | 
2026-05-03 16:46:04,633 - INFO     - img2od: 4 | od2fr: 0 | od2lpr: 1000 | od2cap: 0 | fr2kr: 0 | lpr2kr: 1000 | cap2udp: 0 | kr2udp: 1 | 
2026-05-03 16:46:05,634 - INFO     - img2od: 4 | od2fr: 0 | od2lpr: 1000 | od2cap: 0 | fr2kr: 0 | lpr2kr: 1000 | cap2udp: 0 | kr2udp: 0 | 
2026-05-03 16:46:06,635 - INFO     - img2od: 4 | od2fr: 0 | od2lpr: 1000 | od2cap: 0 | fr2kr: 0 | lpr2kr: 1000 | cap2udp: 0 | kr2udp: 1 | 
2026-05-03 16:46:07,636 - INFO     - img2od: 4 | od2fr: 0 | od2lpr: 1000 | od2cap: 0 | fr2kr: 0 | lpr2kr: 1000 | cap2udp: 0 | kr2udp: 1 | 
2026-05-03 16:46:08,637 - INFO     - img2od: 4 | od2fr: 0 | od2lpr: 1000 | od2cap: 0 | fr2kr: 0 | lpr2kr: 1000 | cap2udp: 0 | kr2udp: 1 | 
2026-05-03 16:46:09,638 - INFO     - img2od: 4 | od2fr: 0 | od2lpr: 1000 | od2cap: 0 | fr2kr: 0 | lpr2kr: 1000 | cap2udp: 0 | kr2udp: 1 | 
2026-05-03 16:46:10,639 - INFO     - img2od: 4 | od2fr: 0 | od2lpr: 1000 | od2cap: 0 | fr2kr: 0 | lpr2kr: 1000 | cap2udp: 0 | kr2udp: 1 | 
2026-05-03 16:46:11,640 - INFO     - img2od: 4 | od2fr: 0 | od2lpr: 1000 | od2cap: 0 | fr2kr: 0 | lpr2kr: 1000 | cap2udp: 0 | kr2udp: 1 | 
2026-05-03 16:46:12,641 - INFO     - img2od: 4 | od2fr: 0 | od2lpr: 1000 | od2cap: 0 | fr2kr: 0 | lpr2kr: 1000 | cap2udp: 0 | kr2udp: 1 | 
2026-05-03 16:46:13,642 - INFO     - img2od: 4 | od2fr: 0 | od2lpr: 1000 | od2cap: 0 | fr2kr: 0 | lpr2kr: 999 | cap2udp: 0 | kr2udp: 1 | 
2026-05-03 16:46:14,643 - INFO     - img2od: 4 | od2fr: 0 | od2lpr: 1000 | od2cap: 0 | fr2kr: 0 | lpr2kr: 1000 | cap2udp: 0 | kr2udp: 1 | 
2026-05-03 16:46:15,644 - INFO     - img2od: 4 | od2fr: 0 | od2lpr: 1000 | od2cap: 0 | fr2kr: 0 | lpr2kr: 1000 | cap2udp: 0 | kr2udp: 1 | 
2026-05-03 16:46:16,645 - INFO     - img2od: 4 | od2fr: 0 | od2lpr: 1000 | od2cap: 0 | fr2kr: 0 | lpr2kr: 1000 | cap2udp: 0 | kr2udp: 1 | 
2026-05-03 16:46:17,646 - INFO     - img2od: 4 | od2fr: 0 | od2lpr: 1000 | od2cap: 0 | fr2kr: 0 | lpr2kr: 1000 | cap2udp: 0 | kr2udp: 1 | 
2026-05-03 16:46:18,647 - INFO     - img2od: 4 | od2fr: 0 | od2lpr: 1000 | od2cap: 0 | fr2kr: 0 | lpr2kr: 1000 | cap2udp: 0 | kr2udp: 1 | 
2026-05-03 16:46:19,648 - INFO     - img2od: 4 | od2fr: 0 | od2lpr: 1000 | od2cap: 0 | fr2kr: 0 | lpr2kr: 1000 | cap2udp: 0 | kr2udp: 1 | 
2026-05-03 16:46:20,649 - INFO     - img2od: 4 | od2fr: 0 | od2lpr: 1000 | od2cap: 0 | fr2kr: 0 | lpr2kr: 1000 | cap2udp: 0 | kr2udp: 1 | 
2026-05-03 16:46:21,650 - INFO     - img2od: 4 | od2fr: 0 | od2lpr: 1000 | od2cap: 0 | fr2kr: 0 | lpr2kr: 1000 | cap2udp: 0 | kr2udp: 1 | 
2026-05-03 16:46:22,651 - INFO     - img2od: 4 | od2fr: 0 | od2lpr: 1000 | od2cap: 0 | fr2kr: 0 | lpr2kr: 1000 | cap2udp: 0 | kr2udp: 1 | 
2026-05-03 16:46:23,652 - INFO     - img2od: 4 | od2fr: 0 | od2lpr: 1000 | od2cap: 0 | fr2kr: 0 | lpr2kr: 1000 | cap2udp: 0 | kr2udp: 0 | 
2026-05-03 16:46:24,653 - INFO     - img2od: 4 | od2fr: 0 | od2lpr: 1000 | od2cap: 0 | fr2kr: 0 | lpr2kr: 1000 | cap2udp: 0 | kr2udp: 0 | 
2026-05-03 16:46:25,654 - INFO     - img2od: 4 | od2fr: 0 | od2lpr: 1000 | od2cap: 0 | fr2kr: 0 | lpr2kr: 1000 | cap2udp: 0 | kr2udp: 1 | 
2026-05-03 16:46:26,655 - INFO     - img2od: 4 | od2fr: 0 | od2lpr: 1000 | od2cap: 0 | fr2kr: 0 | lpr2kr: 1000 | cap2udp: 0 | kr2udp: 0 | 
2026-05-03 16:46:27,656 - INFO     - img2od: 4 | od2fr: 0 | od2lpr: 1000 | od2cap: 0 | fr2kr: 0 | lpr2kr: 1000 | cap2udp: 0 | kr2udp: 1 | 
2026-05-03 16:46:28,657 - INFO     - img2od: 4 | od2fr: 0 | od2lpr: 1000 | od2cap: 0 | fr2kr: 0 | lpr2kr: 1000 | cap2udp: 0 | kr2udp: 1 | 
2026-05-03 16:46:29,658 - INFO     - img2od: 4 | od2fr: 0 | od2lpr: 1000 | od2cap: 0 | fr2kr: 0 | lpr2kr: 1000 | cap2udp: 0 | kr2udp: 1 | 
2026-05-03 16:46:30,659 - INFO     - img2od: 4 | od2fr: 0 | od2lpr: 1000 | od2cap: 0 | fr2kr: 0 | lpr2kr: 1000 | cap2udp: 0 | kr2udp: 1 | 
2026-05-03 16:46:31,660 - INFO     - img2od: 4 | od2fr: 0 | od2lpr: 1000 | od2cap: 0 | fr2kr: 0 | lpr2kr: 1000 | cap2udp: 0 | kr2udp: 0 | 
2026-05-03 16:46:32,661 - INFO     - img2od: 4 | od2fr: 0 | od2lpr: 1000 | od2cap: 0 | fr2kr: 0 | lpr2kr: 1000 | cap2udp: 0 | kr2udp: 1 | 
2026-05-03 16:46:33,662 - INFO     - img2od: 4 | od2fr: 0 | od2lpr: 1000 | od2cap: 0 | fr2kr: 0 | lpr2kr: 1000 | cap2udp: 0 | kr2udp: 0 | 
2026-05-03 16:46:34,663 - INFO     - img2od: 4 | od2fr: 0 | od2lpr: 1000 | od2cap: 0 | fr2kr: 0 | lpr2kr: 1000 | cap2udp: 0 | kr2udp: 0 | 
2026-05-03 16:46:35,664 - INFO     - img2od: 4 | od2fr: 0 | od2lpr: 1000 | od2cap: 0 | fr2kr: 0 | lpr2kr: 1000 | cap2udp: 0 | kr2udp: 0 | 
2026-05-03 16:46:36,665 - INFO     - img2od: 4 | od2fr: 0 | od2lpr: 1000 | od2cap: 0 | fr2kr: 0 | lpr2kr: 1000 | cap2udp: 0 | kr2udp: 0 | 
2026-05-03 16:46:37,666 - INFO     - img2od: 4 | od2fr: 0 | od2lpr: 1000 | od2cap: 0 | fr2kr: 0 | lpr2kr: 1000 | cap2udp: 0 | kr2udp: 1 | 
2026-05-03 16:46:38,667 - INFO     - img2od: 4 | od2fr: 0 | od2lpr: 1000 | od2cap: 0 | fr2kr: 0 | lpr2kr: 1000 | cap2udp: 0 | kr2udp: 2 | 
2026-05-03 16:46:39,668 - INFO     - img2od: 4 | od2fr: 0 | od2lpr: 1000 | od2cap: 0 | fr2kr: 0 | lpr2kr: 1000 | cap2udp: 0 | kr2udp: 0 | 
2026-05-03 16:46:40,669 - INFO     - img2od: 4 | od2fr: 0 | od2lpr: 1000 | od2cap: 0 | fr2kr: 0 | lpr2kr: 1000 | cap2udp: 0 | kr2udp: 0 | 
2026-05-03 16:46:41,670 - INFO     - img2od: 4 | od2fr: 0 | od2lpr: 1000 | od2cap: 0 | fr2kr: 0 | lpr2kr: 1000 | cap2udp: 0 | kr2udp: 1 | 
2026-05-03 16:46:42,671 - INFO     - img2od: 4 | od2fr: 0 | od2lpr: 1000 | od2cap: 0 | fr2kr: 0 | lpr2kr: 1000 | cap2udp: 0 | kr2udp: 1 | 
2026-05-03 16:46:43,672 - INFO     - img2od: 4 | od2fr: 0 | od2lpr: 1000 | od2cap: 0 | fr2kr: 0 | lpr2kr: 1000 | cap2udp: 0 | kr2udp: 1 | 
2026-05-03 16:46:44,673 - INFO     - img2od: 4 | od2fr: 0 | od2lpr: 1000 | od2cap: 0 | fr2kr: 0 | lpr2kr: 1000 | cap2udp: 0 | kr2udp: 0 | 
2026-05-03 16:46:45,674 - INFO     - img2od: 4 | od2fr: 0 | od2lpr: 1000 | od2cap: 0 | fr2kr: 0 | lpr2kr: 1000 | cap2udp: 0 | kr2udp: 1 | 
2026-05-03 16:46:46,675 - INFO     - img2od: 4 | od2fr: 0 | od2lpr: 1000 | od2cap: 0 | fr2kr: 0 | lpr2kr: 1000 | cap2udp: 0 | kr2udp: 1 | 
2026-05-03 16:46:47,676 - INFO     - img2od: 4 | od2fr: 0 | od2lpr: 1000 | od2cap: 0 | fr2kr: 0 | lpr2kr: 1000 | cap2udp: 0 | kr2udp: 1 | 
2026-05-03 16:46:48,677 - INFO     - img2od: 4 | od2fr: 0 | od2lpr: 1000 | od2cap: 0 | fr2kr: 0 | lpr2kr: 1000 | cap2udp: 0 | kr2udp: 1 | 
2026-05-03 16:46:49,678 - INFO     - img2od: 4 | od2fr: 0 | od2lpr: 1000 | od2cap: 0 | fr2kr: 0 | lpr2kr: 1000 | cap2udp: 0 | kr2udp: 1 | 
2026-05-03 16:46:50,679 - INFO     - img2od: 4 | od2fr: 0 | od2lpr: 1000 | od2cap: 0 | fr2kr: 0 | lpr2kr: 1000 | cap2udp: 0 | kr2udp: 1 | 
2026-05-03 16:46:51,680 - INFO     - img2od: 4 | od2fr: 0 | od2lpr: 1000 | od2cap: 0 | fr2kr: 0 | lpr2kr: 1000 | cap2udp: 0 | kr2udp: 0 | 
2026-05-03 16:46:52,681 - INFO     - img2od: 4 | od2fr: 0 | od2lpr: 1000 | od2cap: 0 | fr2kr: 0 | lpr2kr: 1000 | cap2udp: 0 | kr2udp: 1 | 
2026-05-03 16:46:53,682 - INFO     - img2od: 4 | od2fr: 0 | od2lpr: 1000 | od2cap: 0 | fr2kr: 0 | lpr2kr: 1000 | cap2udp: 0 | kr2udp: 0 | 
2026-05-03 16:46:54,683 - INFO     - img2od: 4 | od2fr: 0 | od2lpr: 1000 | od2cap: 0 | fr2kr: 0 | lpr2kr: 1000 | cap2udp: 0 | kr2udp: 1 | 
2026-05-03 16:46:55,684 - INFO     - img2od: 4 | od2fr: 0 | od2lpr: 1000 | od2cap: 0 | fr2kr: 0 | lpr2kr: 1000 | cap2udp: 0 | kr2udp: 1 | 
2026-05-03 16:46:56,685 - INFO     - img2od: 4 | od2fr: 0 | od2lpr: 1000 | od2cap: 0 | fr2kr: 0 | lpr2kr: 1000 | cap2udp: 0 | kr2udp: 0 | 
2026-05-03 16:46:57,686 - INFO     - img2od: 4 | od2fr: 0 | od2lpr: 1000 | od2cap: 0 | fr2kr: 0 | lpr2kr: 1000 | cap2udp: 0 | kr2udp: 0 | 
2026-05-03 16:46:58,687 - INFO     - img2od: 4 | od2fr: 0 | od2lpr: 1000 | od2cap: 0 | fr2kr: 0 | lpr2kr: 1000 | cap2udp: 0 | kr2udp: 0 | 
2026-05-03 16:46:59,688 - INFO     - img2od: 4 | od2fr: 0 | od2lpr: 1000 | od2cap: 0 | fr2kr: 0 | lpr2kr: 1000 | cap2udp: 0 | kr2udp: 1 | 
2026-05-03 16:47:00,689 - INFO     - img2od: 4 | od2fr: 0 | od2lpr: 1000 | od2cap: 0 | fr2kr: 0 | lpr2kr: 1000 | cap2udp: 0 | kr2udp: 0 | 
2026-05-03 16:47:01,690 - INFO     - img2od: 4 | od2fr: 0 | od2lpr: 1000 | od2cap: 0 | fr2kr: 0 | lpr2kr: 1000 | cap2udp: 0 | kr2udp: 1 | 
2026-05-03 16:47:02,691 - INFO     - img2od: 4 | od2fr: 0 | od2lpr: 1000 | od2cap: 0 | fr2kr: 0 | lpr2kr: 1000 | cap2udp: 0 | kr2udp: 0 | 
2026-05-03 16:47:03,692 - INFO     - img2od: 4 | od2fr: 0 | od2lpr: 1000 | od2cap: 0 | fr2kr: 0 | lpr2kr: 1000 | cap2udp: 0 | kr2udp: 0 | 
2026-05-03 16:47:04,693 - INFO     - img2od: 4 | od2fr: 0 | od2lpr: 1000 | od2cap: 0 | fr2kr: 0 | lpr2kr: 1000 | cap2udp: 0 | kr2udp: 0 | 
2026-05-03 16:47:05,694 - INFO     - img2od: 4 | od2fr: 0 | od2lpr: 1000 | od2cap: 0 | fr2kr: 0 | lpr2kr: 1000 | cap2udp: 0 | kr2udp: 0 | 
2026-05-03 16:47:06,695 - INFO     - img2od: 4 | od2fr: 0 | od2lpr: 1000 | od2cap: 0 | fr2kr: 0 | lpr2kr: 1000 | cap2udp: 0 | kr2udp: 0 | 
2026-05-03 16:47:07,696 - INFO     - img2od: 4 | od2fr: 0 | od2lpr: 1000 | od2cap: 0 | fr2kr: 0 | lpr2kr: 1000 | cap2udp: 0 | kr2udp: 0 | 
2026-05-03 16:47:08,697 - INFO     - img2od: 4 | od2fr: 0 | od2lpr: 1000 | od2cap: 0 | fr2kr: 0 | lpr2kr: 1000 | cap2udp: 0 | kr2udp: 1 | 
2026-05-03 16:47:09,698 - INFO     - img2od: 4 | od2fr: 0 | od2lpr: 1000 | od2cap: 0 | fr2kr: 0 | lpr2kr: 1000 | cap2udp: 0 | kr2udp: 1 | 
2026-05-03 16:47:10,699 - INFO     - img2od: 4 | od2fr: 0 | od2lpr: 1000 | od2cap: 0 | fr2kr: 0 | lpr2kr: 1000 | cap2udp: 0 | kr2udp: 1 | 
2026-05-03 16:47:11,700 - INFO     - img2od: 4 | od2fr: 0 | od2lpr: 1000 | od2cap: 0 | fr2kr: 0 | lpr2kr: 1000 | cap2udp: 0 | kr2udp: 1 | 
2026-05-03 16:47:12,701 - INFO     - img2od: 4 | od2fr: 0 | od2lpr: 1000 | od2cap: 0 | fr2kr: 0 | lpr2kr: 1000 | cap2udp: 0 | kr2udp: 1 | 
2026-05-03 16:47:13,702 - INFO     - img2od: 4 | od2fr: 0 | od2lpr: 1000 | od2cap: 0 | fr2kr: 0 | lpr2kr: 1000 | cap2udp: 0 | kr2udp: 0 | 
2026-05-03 16:47:14,703 - INFO     - img2od: 4 | od2fr: 0 | od2lpr: 1000 | od2cap: 0 | fr2kr: 0 | lpr2kr: 1000 | cap2udp: 0 | kr2udp: 0 | 
2026-05-03 16:47:15,704 - INFO     - img2od: 4 | od2fr: 0 | od2lpr: 1000 | od2cap: 0 | fr2kr: 0 | lpr2kr: 1000 | cap2udp: 0 | kr2udp: 1 | 
2026-05-03 16:47:16,705 - INFO     - img2od: 4 | od2fr: 0 | od2lpr: 1000 | od2cap: 0 | fr2kr: 0 | lpr2kr: 1000 | cap2udp: 0 | kr2udp: 1 | 
2026-05-03 16:47:17,706 - INFO     - img2od: 4 | od2fr: 0 | od2lpr: 1000 | od2cap: 0 | fr2kr: 0 | lpr2kr: 1000 | cap2udp: 0 | kr2udp: 0 | 
2026-05-03 16:47:18,707 - INFO     - img2od: 4 | od2fr: 0 | od2lpr: 1000 | od2cap: 0 | fr2kr: 0 | lpr2kr: 1000 | cap2udp: 0 | kr2udp: 1 | 
2026-05-03 16:47:19,708 - INFO     - img2od: 4 | od2fr: 0 | od2lpr: 999 | od2cap: 0 | fr2kr: 0 | lpr2kr: 1000 | cap2udp: 0 | kr2udp: 1 | 
2026-05-03 16:47:20,709 - INFO     - img2od: 4 | od2fr: 0 | od2lpr: 1000 | od2cap: 0 | fr2kr: 0 | lpr2kr: 1000 | cap2udp: 0 | kr2udp: 1 | 
2026-05-03 16:47:21,710 - INFO     - img2od: 4 | od2fr: 0 | od2lpr: 1000 | od2cap: 0 | fr2kr: 0 | lpr2kr: 1000 | cap2udp: 0 | kr2udp: 1 | 
2026-05-03 16:47:22,711 - INFO     - img2od: 4 | od2fr: 0 | od2lpr: 1000 | od2cap: 0 | fr2kr: 0 | lpr2kr: 1000 | cap2udp: 0 | kr2udp: 0 | 
2026-05-03 16:47:23,712 - INFO     - img2od: 4 | od2fr: 0 | od2lpr: 1000 | od2cap: 0 | fr2kr: 0 | lpr2kr: 1000 | cap2udp: 0 | kr2udp: 0 | 
2026-05-03 16:47:24,713 - INFO     - img2od: 4 | od2fr: 0 | od2lpr: 1000 | od2cap: 0 | fr2kr: 0 | lpr2kr: 1000 | cap2udp: 0 | kr2udp: 1 | 
2026-05-03 16:47:25,714 - INFO     - img2od: 4 | od2fr: 0 | od2lpr: 1000 | od2cap: 0 | fr2kr: 0 | lpr2kr: 1000 | cap2udp: 0 | kr2udp: 1 | 
2026-05-03 16:47:26,715 - INFO     - img2od: 4 | od2fr: 0 | od2lpr: 1000 | od2cap: 0 | fr2kr: 0 | lpr2kr: 1000 | cap2udp: 0 | kr2udp: 1 | 
2026-05-03 16:47:27,716 - INFO     - img2od: 4 | od2fr: 0 | od2lpr: 1000 | od2cap: 0 | fr2kr: 0 | lpr2kr: 1000 | cap2udp: 0 | kr2udp: 0 | 
2026-05-03 16:47:28,717 - INFO     - img2od: 4 | od2fr: 0 | od2lpr: 1000 | od2cap: 0 | fr2kr: 0 | lpr2kr: 1000 | cap2udp: 0 | kr2udp: 1 | 
2026-05-03 16:47:29,718 - INFO     - img2od: 4 | od2fr: 0 | od2lpr: 1000 | od2cap: 0 | fr2kr: 0 | lpr2kr: 1000 | cap2udp: 0 | kr2udp: 1 | 
2026-05-03 16:47:30,719 - INFO     - img2od: 4 | od2fr: 0 | od2lpr: 1000 | od2cap: 0 | fr2kr: 0 | lpr2kr: 1000 | cap2udp: 0 | kr2udp: 0 | 
2026-05-03 16:47:31,720 - INFO     - img2od: 4 | od2fr: 0 | od2lpr: 1000 | od2cap: 0 | fr2kr: 0 | lpr2kr: 1000 | cap2udp: 0 | kr2udp: 1 | 
2026-05-03 16:47:32,721 - INFO     - img2od: 4 | od2fr: 0 | od2lpr: 1000 | od2cap: 0 | fr2kr: 0 | lpr2kr: 1000 | cap2udp: 0 | kr2udp: 1 | 
2026-05-03 16:47:33,722 - INFO     - img2od: 4 | od2fr: 0 | od2lpr: 1000 | od2cap: 0 | fr2kr: 0 | lpr2kr: 1000 | cap2udp: 0 | kr2udp: 1 | 
2026-05-03 16:47:34,723 - INFO     - img2od: 4 | od2fr: 0 | od2lpr: 1000 | od2cap: 0 | fr2kr: 0 | lpr2kr: 1000 | cap2udp: 0 | kr2udp: 1 | 
2026-05-03 16:47:35,724 - INFO     - img2od: 4 | od2fr: 0 | od2lpr: 1000 | od2cap: 0 | fr2kr: 0 | lpr2kr: 1000 | cap2udp: 0 | kr2udp: 1 | 
2026-05-03 16:47:36,725 - INFO     - img2od: 4 | od2fr: 0 | od2lpr: 1000 | od2cap: 0 | fr2kr: 0 | lpr2kr: 1000 | cap2udp: 0 | kr2udp: 1 | 
2026-05-03 16:47:37,726 - INFO     - img2od: 4 | od2fr: 0 | od2lpr: 1000 | od2cap: 0 | fr2kr: 0 | lpr2kr: 1000 | cap2udp: 0 | kr2udp: 1 | 
2026-05-03 16:47:38,727 - INFO     - img2od: 4 | od2fr: 0 | od2lpr: 1000 | od2cap: 0 | fr2kr: 0 | lpr2kr: 1000 | cap2udp: 0 | kr2udp: 0 | 
2026-05-03 16:47:39,728 - INFO     - img2od: 4 | od2fr: 0 | od2lpr: 1000 | od2cap: 0 | fr2kr: 0 | lpr2kr: 1000 | cap2udp: 0 | kr2udp: 1 | 
2026-05-03 16:47:40,729 - INFO     - img2od: 4 | od2fr: 0 | od2lpr: 1000 | od2cap: 0 | fr2kr: 0 | lpr2kr: 1000 | cap2udp: 0 | kr2udp: 1 | 
2026-05-03 16:47:41,730 - INFO     - img2od: 4 | od2fr: 0 | od2lpr: 1000 | od2cap: 0 | fr2kr: 0 | lpr2kr: 1000 | cap2udp: 0 | kr2udp: 1 | 
2026-05-03 16:47:42,731 - INFO     - img2od: 4 | od2fr: 0 | od2lpr: 1000 | od2cap: 0 | fr2kr: 0 | lpr2kr: 1000 | cap2udp: 0 | kr2udp: 1 | 
2026-05-03 16:47:43,732 - INFO     - img2od: 4 | od2fr: 0 | od2lpr: 1000 | od2cap: 0 | fr2kr: 0 | lpr2kr: 1000 | cap2udp: 0 | kr2udp: 0 | 
2026-05-03 16:47:44,733 - INFO     - img2od: 4 | od2fr: 0 | od2lpr: 1000 | od2cap: 0 | fr2kr: 0 | lpr2kr: 1000 | cap2udp: 0 | kr2udp: 1 | 
2026-05-03 16:47:45,734 - INFO     - img2od: 4 | od2fr: 0 | od2lpr: 1000 | od2cap: 0 | fr2kr: 0 | lpr2kr: 1000 | cap2udp: 0 | kr2udp: 1 | 
2026-05-03 16:47:46,735 - INFO     - img2od: 4 | od2fr: 0 | od2lpr: 1000 | od2cap: 0 | fr2kr: 0 | lpr2kr: 1000 | cap2udp: 0 | kr2udp: 1 | 
2026-05-03 16:47:47,736 - INFO     - img2od: 4 | od2fr: 0 | od2lpr: 1000 | od2cap: 0 | fr2kr: 0 | lpr2kr: 1000 | cap2udp: 0 | kr2udp: 1 | 
2026-05-03 16:47:48,737 - INFO     - img2od: 4 | od2fr: 0 | od2lpr: 1000 | od2cap: 0 | fr2kr: 0 | lpr2kr: 1000 | cap2udp: 0 | kr2udp: 1 | 
2026-05-03 16:47:49,738 - INFO     - img2od: 4 | od2fr: 0 | od2lpr: 1000 | od2cap: 0 | fr2kr: 0 | lpr2kr: 1000 | cap2udp: 0 | kr2udp: 1 | 
2026-05-03 16:47:50,739 - INFO     - img2od: 4 | od2fr: 0 | od2lpr: 1000 | od2cap: 0 | fr2kr: 0 | lpr2kr: 1000 | cap2udp: 0 | kr2udp: 1 | 
2026-05-03 16:47:51,740 - INFO     - img2od: 4 | od2fr: 0 | od2lpr: 1000 | od2cap: 0 | fr2kr: 0 | lpr2kr: 1000 | cap2udp: 0 | kr2udp: 1 | 
2026-05-03 16:47:52,741 - INFO     - img2od: 4 | od2fr: 0 | od2lpr: 1000 | od2cap: 0 | fr2kr: 0 | lpr2kr: 1000 | cap2udp: 0 | kr2udp: 1 | 
2026-05-03 16:47:53,742 - INFO     - img2od: 4 | od2fr: 0 | od2lpr: 1000 | od2cap: 0 | fr2kr: 0 | lpr2kr: 1000 | cap2udp: 0 | kr2udp: 1 | 
2026-05-03 16:47:54,743 - INFO     - img2od: 4 | od2fr: 0 | od2lpr: 1000 | od2cap: 0 | fr2kr: 0 | lpr2kr: 1000 | cap2udp: 0 | kr2udp: 0 | 
2026-05-03 16:47:55,744 - INFO     - img2od: 4 | od2fr: 0 | od2lpr: 1000 | od2cap: 0 | fr2kr: 0 | lpr2kr: 1000 | cap2udp: 0 | kr2udp: 1 | 
2026-05-03 16:47:56,745 - INFO     - img2od: 4 | od2fr: 0 | od2lpr: 1000 | od2cap: 0 | fr2kr: 0 | lpr2kr: 1000 | cap2udp: 0 | kr2udp: 1 | 
2026-05-03 16:47:57,746 - INFO     - img2od: 4 | od2fr: 0 | od2lpr: 1000 | od2cap: 0 | fr2kr: 0 | lpr2kr: 1000 | cap2udp: 0 | kr2udp: 0 | 
2026-05-03 16:47:58,747 - INFO     - img2od: 4 | od2fr: 0 | od2lpr: 1000 | od2cap: 0 | fr2kr: 0 | lpr2kr: 1000 | cap2udp: 0 | kr2udp: 0 | 
2026-05-03 16:47:59,748 - INFO     - img2od: 4 | od2fr: 0 | od2lpr: 1000 | od2cap: 0 | fr2kr: 0 | lpr2kr: 1000 | cap2udp: 0 | kr2udp: 1 | 
2026-05-03 16:48:00,749 - INFO     - img2od: 4 | od2fr: 0 | od2lpr: 1000 | od2cap: 0 | fr2kr: 0 | lpr2kr: 1000 | cap2udp: 0 | kr2udp: 0 | 
2026-05-03 16:48:01,750 - INFO     - img2od: 4 | od2fr: 0 | od2lpr: 1000 | od2cap: 0 | fr2kr: 0 | lpr2kr: 1000 | cap2udp: 0 | kr2udp: 1 | 
2026-05-03 16:48:02,751 - INFO     - img2od: 4 | od2fr: 0 | od2lpr: 1000 | od2cap: 0 | fr2kr: 0 | lpr2kr: 1000 | cap2udp: 0 | kr2udp: 1 | 
2026-05-03 16:48:03,752 - INFO     - img2od: 4 | od2fr: 0 | od2lpr: 1000 | od2cap: 0 | fr2kr: 0 | lpr2kr: 1000 | cap2udp: 0 | kr2udp: 1 | 
2026-05-03 16:48:04,753 - INFO     - img2od: 4 | od2fr: 0 | od2lpr: 1000 | od2cap: 0 | fr2kr: 0 | lpr2kr: 1000 | cap2udp: 0 | kr2udp: 1 | 
2026-05-03 16:48:05,754 - INFO     - img2od: 4 | od2fr: 0 | od2lpr: 1000 | od2cap: 0 | fr2kr: 0 | lpr2kr: 1000 | cap2udp: 0 | kr2udp: 1 | 
2026-05-03 16:48:06,755 - INFO     - img2od: 4 | od2fr: 0 | od2lpr: 1000 | od2cap: 0 | fr2kr: 0 | lpr2kr: 1000 | cap2udp: 0 | kr2udp: 1 | 
2026-05-03 16:48:07,756 - INFO     - img2od: 4 | od2fr: 0 | od2lpr: 1000 | od2cap: 0 | fr2kr: 0 | lpr2kr: 1000 | cap2udp: 0 | kr2udp: 1 | 
2026-05-03 16:48:08,757 - INFO     - img2od: 4 | od2fr: 0 | od2lpr: 1000 | od2cap: 0 | fr2kr: 0 | lpr2kr: 1000 | cap2udp: 0 | kr2udp: 0 | 
2026-05-03 16:48:09,758 - INFO     - img2od: 4 | od2fr: 0 | od2lpr: 1000 | od2cap: 0 | fr2kr: 0 | lpr2kr: 1000 | cap2udp: 0 | kr2udp: 1 | 
2026-05-03 16:48:10,759 - INFO     - img2od: 4 | od2fr: 0 | od2lpr: 1000 | od2cap: 0 | fr2kr: 0 | lpr2kr: 1000 | cap2udp: 0 | kr2udp: 1 | 
2026-05-03 16:48:11,760 - INFO     - img2od: 4 | od2fr: 0 | od2lpr: 1000 | od2cap: 0 | fr2kr: 0 | lpr2kr: 1000 | cap2udp: 0 | kr2udp: 0 | 
2026-05-03 16:48:12,761 - INFO     - img2od: 4 | od2fr: 0 | od2lpr: 1000 | od2cap: 0 | fr2kr: 0 | lpr2kr: 1000 | cap2udp: 0 | kr2udp: 1 | 
2026-05-03 16:48:13,762 - INFO     - img2od: 4 | od2fr: 0 | od2lpr: 1000 | od2cap: 0 | fr2kr: 0 | lpr2kr: 1000 | cap2udp: 0 | kr2udp: 0 | 
2026-05-03 16:48:14,763 - INFO     - img2od: 4 | od2fr: 0 | od2lpr: 1000 | od2cap: 0 | fr2kr: 0 | lpr2kr: 1000 | cap2udp: 0 | kr2udp: 1 | 
2026-05-03 16:48:15,764 - INFO     - img2od: 4 | od2fr: 0 | od2lpr: 1000 | od2cap: 0 | fr2kr: 0 | lpr2kr: 1000 | cap2udp: 0 | kr2udp: 0 | 
2026-05-03 16:48:16,765 - INFO     - img2od: 4 | od2fr: 0 | od2lpr: 1000 | od2cap: 0 | fr2kr: 0 | lpr2kr: 1000 | cap2udp: 0 | kr2udp: 1 | 
2026-05-03 16:48:17,766 - INFO     - img2od: 4 | od2fr: 0 | od2lpr: 1000 | od2cap: 0 | fr2kr: 0 | lpr2kr: 1000 | cap2udp: 0 | kr2udp: 1 | 
2026-05-03 16:48:18,767 - INFO     - img2od: 4 | od2fr: 0 | od2lpr: 1000 | od2cap: 0 | fr2kr: 0 | lpr2kr: 1000 | cap2udp: 0 | kr2udp: 0 | 
2026-05-03 16:48:19,768 - INFO     - img2od: 4 | od2fr: 0 | od2lpr: 1000 | od2cap: 0 | fr2kr: 0 | lpr2kr: 1000 | cap2udp: 0 | kr2udp: 0 | 
2026-05-03 16:48:20,769 - INFO     - img2od: 4 | od2fr: 0 | od2lpr: 1000 | od2cap: 0 | fr2kr: 0 | lpr2kr: 1000 | cap2udp: 0 | kr2udp: 0 | 
2026-05-03 16:48:21,770 - INFO     - img2od: 4 | od2fr: 0 | od2lpr: 1000 | od2cap: 0 | fr2kr: 0 | lpr2kr: 1000 | cap2udp: 0 | kr2udp: 1 | 
2026-05-03 16:48:22,771 - INFO     - img2od: 4 | od2fr: 0 | od2lpr: 999 | od2cap: 0 | fr2kr: 0 | lpr2kr: 1000 | cap2udp: 0 | kr2udp: 1 | 
2026-05-03 16:48:23,772 - INFO     - img2od: 4 | od2fr: 0 | od2lpr: 1000 | od2cap: 0 | fr2kr: 0 | lpr2kr: 1000 | cap2udp: 0 | kr2udp: 1 | 
2026-05-03 16:48:24,773 - INFO     - img2od: 4 | od2fr: 0 | od2lpr: 1000 | od2cap: 0 | fr2kr: 0 | lpr2kr: 1000 | cap2udp: 0 | kr2udp: 1 | 
2026-05-03 16:48:25,774 - INFO     - img2od: 4 | od2fr: 0 | od2lpr: 1000 | od2cap: 0 | fr2kr: 0 | lpr2kr: 1000 | cap2udp: 0 | kr2udp: 1 | 
2026-05-03 16:48:26,775 - INFO     - img2od: 4 | od2fr: 0 | od2lpr: 1000 | od2cap: 0 | fr2kr: 0 | lpr2kr: 1000 | cap2udp: 0 | kr2udp: 0 | 
2026-05-03 16:48:27,776 - INFO     - img2od: 4 | od2fr: 0 | od2lpr: 1000 | od2cap: 0 | fr2kr: 0 | lpr2kr: 1000 | cap2udp: 0 | kr2udp: 1 | 
2026-05-03 16:48:28,777 - INFO     - img2od: 4 | od2fr: 0 | od2lpr: 1000 | od2cap: 0 | fr2kr: 0 | lpr2kr: 1000 | cap2udp: 0 | kr2udp: 1 | 
2026-05-03 16:48:29,778 - INFO     - img2od: 4 | od2fr: 0 | od2lpr: 999 | od2cap: 0 | fr2kr: 0 | lpr2kr: 1000 | cap2udp: 0 | kr2udp: 1 | 
2026-05-03 16:48:30,779 - INFO     - img2od: 4 | od2fr: 0 | od2lpr: 1000 | od2cap: 0 | fr2kr: 0 | lpr2kr: 1000 | cap2udp: 0 | kr2udp: 1 | 
2026-05-03 16:48:31,780 - INFO     - img2od: 4 | od2fr: 0 | od2lpr: 1000 | od2cap: 0 | fr2kr: 0 | lpr2kr: 1000 | cap2udp: 0 | kr2udp: 1 | 
2026-05-03 16:48:32,781 - INFO     - img2od: 4 | od2fr: 0 | od2lpr: 1000 | od2cap: 0 | fr2kr: 0 | lpr2kr: 1000 | cap2udp: 0 | kr2udp: 1 | 
2026-05-03 16:48:33,782 - INFO     - img2od: 4 | od2fr: 0 | od2lpr: 1000 | od2cap: 0 | fr2kr: 0 | lpr2kr: 1000 | cap2udp: 0 | kr2udp: 1 | 
2026-05-03 16:48:34,783 - INFO     - img2od: 4 | od2fr: 0 | od2lpr: 1000 | od2cap: 0 | fr2kr: 0 | lpr2kr: 1000 | cap2udp: 0 | kr2udp: 1 | 
2026-05-03 16:48:35,784 - INFO     - img2od: 4 | od2fr: 0 | od2lpr: 1000 | od2cap: 0 | fr2kr: 0 | lpr2kr: 1000 | cap2udp: 0 | kr2udp: 1 | 
2026-05-03 16:48:36,785 - INFO     - img2od: 4 | od2fr: 0 | od2lpr: 1000 | od2cap: 0 | fr2kr: 0 | lpr2kr: 1000 | cap2udp: 0 | kr2udp: 1 | 
2026-05-03 16:48:37,786 - INFO     - img2od: 4 | od2fr: 0 | od2lpr: 1000 | od2cap: 0 | fr2kr: 0 | lpr2kr: 1000 | cap2udp: 0 | kr2udp: 0 | 
2026-05-03 16:48:38,787 - INFO     - img2od: 4 | od2fr: 0 | od2lpr: 1000 | od2cap: 0 | fr2kr: 0 | lpr2kr: 1000 | cap2udp: 0 | kr2udp: 1 | 
2026-05-03 16:48:39,788 - INFO     - img2od: 4 | od2fr: 0 | od2lpr: 1000 | od2cap: 0 | fr2kr: 0 | lpr2kr: 1000 | cap2udp: 0 | kr2udp: 1 | 
2026-05-03 16:48:40,789 - INFO     - img2od: 4 | od2fr: 0 | od2lpr: 1000 | od2cap: 0 | fr2kr: 0 | lpr2kr: 1000 | cap2udp: 0 | kr2udp: 0 | 
2026-05-03 16:48:41,790 - INFO     - img2od: 4 | od2fr: 0 | od2lpr: 1000 | od2cap: 0 | fr2kr: 0 | lpr2kr: 1000 | cap2udp: 0 | kr2udp: 1 | 
2026-05-03 16:48:42,791 - INFO     - img2od: 4 | od2fr: 0 | od2lpr: 1000 | od2cap: 0 | fr2kr: 0 | lpr2kr: 1000 | cap2udp: 0 | kr2udp: 0 | 
2026-05-03 16:48:43,792 - INFO     - img2od: 4 | od2fr: 0 | od2lpr: 1000 | od2cap: 0 | fr2kr: 0 | lpr2kr: 1000 | cap2udp: 0 | kr2udp: 1 | 
2026-05-03 16:48:44,793 - INFO     - img2od: 4 | od2fr: 0 | od2lpr: 1000 | od2cap: 0 | fr2kr: 0 | lpr2kr: 1000 | cap2udp: 0 | kr2udp: 0 | 
2026-05-03 16:48:45,794 - INFO     - img2od: 4 | od2fr: 0 | od2lpr: 1000 | od2cap: 0 | fr2kr: 0 | lpr2kr: 1000 | cap2udp: 0 | kr2udp: 1 | 
2026-05-03 16:48:46,795 - INFO     - img2od: 4 | od2fr: 0 | od2lpr: 1000 | od2cap: 0 | fr2kr: 0 | lpr2kr: 1000 | cap2udp: 0 | kr2udp: 1 | 
2026-05-03 16:48:47,796 - INFO     - img2od: 4 | od2fr: 0 | od2lpr: 1000 | od2cap: 0 | fr2kr: 0 | lpr2kr: 999 | cap2udp: 0 | kr2udp: 1 | 
2026-05-03 16:48:48,797 - INFO     - img2od: 4 | od2fr: 0 | od2lpr: 1000 | od2cap: 0 | fr2kr: 0 | lpr2kr: 1000 | cap2udp: 0 | kr2udp: 1 | 
2026-05-03 16:48:49,798 - INFO     - img2od: 4 | od2fr: 0 | od2lpr: 1000 | od2cap: 0 | fr2kr: 0 | lpr2kr: 1000 | cap2udp: 0 | kr2udp: 0 | 
2026-05-03 16:48:50,799 - INFO     - img2od: 4 | od2fr: 0 | od2lpr: 1000 | od2cap: 0 | fr2kr: 0 | lpr2kr: 1000 | cap2udp: 0 | kr2udp: 1 | 
2026-05-03 16:48:51,800 - INFO     - img2od: 4 | od2fr: 0 | od2lpr: 1000 | od2cap: 0 | fr2kr: 0 | lpr2kr: 1000 | cap2udp: 0 | kr2udp: 1 | 
2026-05-03 16:48:52,801 - INFO     - img2od: 4 | od2fr: 0 | od2lpr: 1000 | od2cap: 0 | fr2kr: 0 | lpr2kr: 1000 | cap2udp: 0 | kr2udp: 1 | 
2026-05-03 16:48:53,802 - INFO     - img2od: 4 | od2fr: 0 | od2lpr: 1000 | od2cap: 0 | fr2kr: 0 | lpr2kr: 1000 | cap2udp: 0 | kr2udp: 1 | 
2026-05-03 16:48:54,803 - INFO     - img2od: 4 | od2fr: 0 | od2lpr: 1000 | od2cap: 0 | fr2kr: 0 | lpr2kr: 1000 | cap2udp: 0 | kr2udp: 1 | 
2026-05-03 16:48:55,804 - INFO     - img2od: 4 | od2fr: 0 | od2lpr: 1000 | od2cap: 0 | fr2kr: 0 | lpr2kr: 1000 | cap2udp: 0 | kr2udp: 1 | 
2026-05-03 16:48:56,805 - INFO     - img2od: 4 | od2fr: 0 | od2lpr: 1000 | od2cap: 0 | fr2kr: 0 | lpr2kr: 1000 | cap2udp: 0 | kr2udp: 0 | 
2026-05-03 16:48:57,806 - INFO     - img2od: 4 | od2fr: 0 | od2lpr: 1000 | od2cap: 0 | fr2kr: 0 | lpr2kr: 1000 | cap2udp: 0 | kr2udp: 1 | 
2026-05-03 16:48:58,807 - INFO     - img2od: 4 | od2fr: 0 | od2lpr: 1000 | od2cap: 0 | fr2kr: 0 | lpr2kr: 1000 | cap2udp: 0 | kr2udp: 0 | 
2026-05-03 16:48:59,808 - INFO     - img2od: 4 | od2fr: 0 | od2lpr: 1000 | od2cap: 0 | fr2kr: 0 | lpr2kr: 1000 | cap2udp: 0 | kr2udp: 0 | 
2026-05-03 16:49:00,809 - INFO     - img2od: 4 | od2fr: 0 | od2lpr: 1000 | od2cap: 0 | fr2kr: 0 | lpr2kr: 1000 | cap2udp: 0 | kr2udp: 1 | 
2026-05-03 16:49:01,810 - INFO     - img2od: 4 | od2fr: 0 | od2lpr: 1000 | od2cap: 0 | fr2kr: 0 | lpr2kr: 1000 | cap2udp: 0 | kr2udp: 1 | 
2026-05-03 16:49:02,669 - INFO     - odStream     : Received END signal, shutting down
2026-05-03 16:49:02,804 - INFO     - capStream    : Received END signal, shutting down
2026-05-03 16:49:02,811 - INFO     - img2od: 0 | od2fr: 2 | od2lpr: 999 | od2cap: 0 | fr2kr: 2 | lpr2kr: 1000 | cap2udp: 1 | kr2udp: 1 | 
2026-05-03 16:49:02,852 - INFO     - udpStream    : Received end signal from CAP
2026-05-03 16:49:02,961 - INFO     - odStream     : shutdown successful
2026-05-03 16:49:02,981 - INFO     - frStream     : Received END signal, shutting down
2026-05-03 16:49:03,241 - INFO     - frStream     : shutdown successful
2026-05-03 16:49:03,456 - INFO     - capStream    : shutdown successful
2026-05-03 16:49:03,812 - INFO     - img2od: 0 | od2fr: 0 | od2lpr: 997 | od2cap: 0 | fr2kr: 2 | lpr2kr: 1000 | cap2udp: 0 | kr2udp: 1 | 
2026-05-03 16:49:04,431 - INFO     - krStream     : Received end signal from FR
2026-05-03 16:49:04,813 - INFO     - img2od: 0 | od2fr: 0 | od2lpr: 994 | od2cap: 0 | fr2kr: 0 | lpr2kr: 1000 | cap2udp: 0 | kr2udp: 0 | 
2026-05-03 16:49:05,814 - INFO     - img2od: 0 | od2fr: 0 | od2lpr: 991 | od2cap: 0 | fr2kr: 0 | lpr2kr: 1000 | cap2udp: 0 | kr2udp: 1 | 
2026-05-03 16:49:06,815 - INFO     - img2od: 0 | od2fr: 0 | od2lpr: 988 | od2cap: 0 | fr2kr: 0 | lpr2kr: 1000 | cap2udp: 0 | kr2udp: 1 | 
2026-05-03 16:49:07,816 - INFO     - img2od: 0 | od2fr: 0 | od2lpr: 985 | od2cap: 0 | fr2kr: 0 | lpr2kr: 1000 | cap2udp: 0 | kr2udp: 1 | 
2026-05-03 16:49:08,817 - INFO     - img2od: 0 | od2fr: 0 | od2lpr: 982 | od2cap: 0 | fr2kr: 0 | lpr2kr: 1000 | cap2udp: 0 | kr2udp: 1 | 
2026-05-03 16:49:09,818 - INFO     - img2od: 0 | od2fr: 0 | od2lpr: 979 | od2cap: 0 | fr2kr: 0 | lpr2kr: 1000 | cap2udp: 0 | kr2udp: 1 | 
2026-05-03 16:49:10,819 - INFO     - img2od: 0 | od2fr: 0 | od2lpr: 976 | od2cap: 0 | fr2kr: 0 | lpr2kr: 1000 | cap2udp: 0 | kr2udp: 1 | 
2026-05-03 16:49:11,820 - INFO     - img2od: 0 | od2fr: 0 | od2lpr: 972 | od2cap: 0 | fr2kr: 0 | lpr2kr: 1000 | cap2udp: 0 | kr2udp: 1 | 
2026-05-03 16:49:12,821 - INFO     - img2od: 0 | od2fr: 0 | od2lpr: 970 | od2cap: 0 | fr2kr: 0 | lpr2kr: 1000 | cap2udp: 0 | kr2udp: 1 | 
2026-05-03 16:49:13,822 - INFO     - img2od: 0 | od2fr: 0 | od2lpr: 967 | od2cap: 0 | fr2kr: 0 | lpr2kr: 1000 | cap2udp: 0 | kr2udp: 1 | 
2026-05-03 16:49:14,823 - INFO     - img2od: 0 | od2fr: 0 | od2lpr: 964 | od2cap: 0 | fr2kr: 0 | lpr2kr: 1000 | cap2udp: 0 | kr2udp: 1 | 
2026-05-03 16:49:15,824 - INFO     - img2od: 0 | od2fr: 0 | od2lpr: 960 | od2cap: 0 | fr2kr: 0 | lpr2kr: 1000 | cap2udp: 0 | kr2udp: 1 | 
2026-05-03 16:49:16,825 - INFO     - img2od: 0 | od2fr: 0 | od2lpr: 956 | od2cap: 0 | fr2kr: 0 | lpr2kr: 1000 | cap2udp: 0 | kr2udp: 1 | 
2026-05-03 16:49:17,826 - INFO     - img2od: 0 | od2fr: 0 | od2lpr: 952 | od2cap: 0 | fr2kr: 0 | lpr2kr: 1000 | cap2udp: 0 | kr2udp: 1 | 
2026-05-03 16:49:18,827 - INFO     - img2od: 0 | od2fr: 0 | od2lpr: 948 | od2cap: 0 | fr2kr: 0 | lpr2kr: 1000 | cap2udp: 0 | kr2udp: 1 | 
2026-05-03 16:49:19,828 - INFO     - img2od: 0 | od2fr: 0 | od2lpr: 944 | od2cap: 0 | fr2kr: 0 | lpr2kr: 1000 | cap2udp: 0 | kr2udp: 2 | 
2026-05-03 16:49:20,829 - INFO     - img2od: 0 | od2fr: 0 | od2lpr: 940 | od2cap: 0 | fr2kr: 0 | lpr2kr: 1000 | cap2udp: 0 | kr2udp: 1 | 
2026-05-03 16:49:21,830 - INFO     - img2od: 0 | od2fr: 0 | od2lpr: 936 | od2cap: 0 | fr2kr: 0 | lpr2kr: 1000 | cap2udp: 0 | kr2udp: 0 | 
2026-05-03 16:49:22,831 - INFO     - img2od: 0 | od2fr: 0 | od2lpr: 932 | od2cap: 0 | fr2kr: 0 | lpr2kr: 1000 | cap2udp: 0 | kr2udp: 1 | 
2026-05-03 16:49:23,832 - INFO     - img2od: 0 | od2fr: 0 | od2lpr: 928 | od2cap: 0 | fr2kr: 0 | lpr2kr: 1000 | cap2udp: 0 | kr2udp: 1 | 
2026-05-03 16:49:24,833 - INFO     - img2od: 0 | od2fr: 0 | od2lpr: 925 | od2cap: 0 | fr2kr: 0 | lpr2kr: 999 | cap2udp: 0 | kr2udp: 1 | 
2026-05-03 16:49:25,834 - INFO     - img2od: 0 | od2fr: 0 | od2lpr: 921 | od2cap: 0 | fr2kr: 0 | lpr2kr: 1000 | cap2udp: 0 | kr2udp: 1 | 
2026-05-03 16:49:26,835 - INFO     - img2od: 0 | od2fr: 0 | od2lpr: 917 | od2cap: 0 | fr2kr: 0 | lpr2kr: 1000 | cap2udp: 0 | kr2udp: 1 | 
2026-05-03 16:49:27,836 - INFO     - img2od: 0 | od2fr: 0 | od2lpr: 913 | od2cap: 0 | fr2kr: 0 | lpr2kr: 1000 | cap2udp: 0 | kr2udp: 0 | 
2026-05-03 16:49:28,837 - INFO     - img2od: 0 | od2fr: 0 | od2lpr: 910 | od2cap: 0 | fr2kr: 0 | lpr2kr: 1000 | cap2udp: 0 | kr2udp: 1 | 
2026-05-03 16:49:29,838 - INFO     - img2od: 0 | od2fr: 0 | od2lpr: 907 | od2cap: 0 | fr2kr: 0 | lpr2kr: 1000 | cap2udp: 0 | kr2udp: 1 | 
2026-05-03 16:49:30,839 - INFO     - img2od: 0 | od2fr: 0 | od2lpr: 904 | od2cap: 0 | fr2kr: 0 | lpr2kr: 1000 | cap2udp: 0 | kr2udp: 1 | 
2026-05-03 16:49:31,840 - INFO     - img2od: 0 | od2fr: 0 | od2lpr: 900 | od2cap: 0 | fr2kr: 0 | lpr2kr: 1000 | cap2udp: 0 | kr2udp: 0 | 
2026-05-03 16:49:32,841 - INFO     - img2od: 0 | od2fr: 0 | od2lpr: 897 | od2cap: 0 | fr2kr: 0 | lpr2kr: 1000 | cap2udp: 0 | kr2udp: 1 | 
2026-05-03 16:49:33,842 - INFO     - img2od: 0 | od2fr: 0 | od2lpr: 894 | od2cap: 0 | fr2kr: 0 | lpr2kr: 1000 | cap2udp: 0 | kr2udp: 1 | 
2026-05-03 16:49:34,843 - INFO     - img2od: 0 | od2fr: 0 | od2lpr: 890 | od2cap: 0 | fr2kr: 0 | lpr2kr: 1000 | cap2udp: 0 | kr2udp: 1 | 
2026-05-03 16:49:35,844 - INFO     - img2od: 0 | od2fr: 0 | od2lpr: 887 | od2cap: 0 | fr2kr: 0 | lpr2kr: 1000 | cap2udp: 0 | kr2udp: 0 | 
2026-05-03 16:49:36,845 - INFO     - img2od: 0 | od2fr: 0 | od2lpr: 884 | od2cap: 0 | fr2kr: 0 | lpr2kr: 1000 | cap2udp: 0 | kr2udp: 1 | 
2026-05-03 16:49:37,846 - INFO     - img2od: 0 | od2fr: 0 | od2lpr: 880 | od2cap: 0 | fr2kr: 0 | lpr2kr: 1000 | cap2udp: 0 | kr2udp: 1 | 
2026-05-03 16:49:38,847 - INFO     - img2od: 0 | od2fr: 0 | od2lpr: 877 | od2cap: 0 | fr2kr: 0 | lpr2kr: 1000 | cap2udp: 0 | kr2udp: 2 | 
2026-05-03 16:49:39,848 - INFO     - img2od: 0 | od2fr: 0 | od2lpr: 874 | od2cap: 0 | fr2kr: 0 | lpr2kr: 999 | cap2udp: 0 | kr2udp: 1 | 
2026-05-03 16:49:40,849 - INFO     - img2od: 0 | od2fr: 0 | od2lpr: 870 | od2cap: 0 | fr2kr: 0 | lpr2kr: 1000 | cap2udp: 0 | kr2udp: 1 | 
2026-05-03 16:49:41,850 - INFO     - img2od: 0 | od2fr: 0 | od2lpr: 867 | od2cap: 0 | fr2kr: 0 | lpr2kr: 1000 | cap2udp: 0 | kr2udp: 1 | 
2026-05-03 16:49:42,851 - INFO     - img2od: 0 | od2fr: 0 | od2lpr: 863 | od2cap: 0 | fr2kr: 0 | lpr2kr: 1000 | cap2udp: 0 | kr2udp: 0 | 
2026-05-03 16:49:43,852 - INFO     - img2od: 0 | od2fr: 0 | od2lpr: 860 | od2cap: 0 | fr2kr: 0 | lpr2kr: 1000 | cap2udp: 0 | kr2udp: 1 | 
2026-05-03 16:49:44,853 - INFO     - img2od: 0 | od2fr: 0 | od2lpr: 856 | od2cap: 0 | fr2kr: 0 | lpr2kr: 1000 | cap2udp: 0 | kr2udp: 0 | 
2026-05-03 16:49:45,854 - INFO     - img2od: 0 | od2fr: 0 | od2lpr: 853 | od2cap: 0 | fr2kr: 0 | lpr2kr: 1000 | cap2udp: 0 | kr2udp: 1 | 
2026-05-03 16:49:46,855 - INFO     - img2od: 0 | od2fr: 0 | od2lpr: 850 | od2cap: 0 | fr2kr: 0 | lpr2kr: 1000 | cap2udp: 0 | kr2udp: 1 | 
2026-05-03 16:49:47,856 - INFO     - img2od: 0 | od2fr: 0 | od2lpr: 847 | od2cap: 0 | fr2kr: 0 | lpr2kr: 1000 | cap2udp: 0 | kr2udp: 1 | 
2026-05-03 16:49:48,857 - INFO     - img2od: 0 | od2fr: 0 | od2lpr: 843 | od2cap: 0 | fr2kr: 0 | lpr2kr: 1000 | cap2udp: 0 | kr2udp: 1 | 
2026-05-03 16:49:49,858 - INFO     - img2od: 0 | od2fr: 0 | od2lpr: 841 | od2cap: 0 | fr2kr: 0 | lpr2kr: 999 | cap2udp: 0 | kr2udp: 1 | 
2026-05-03 16:49:50,859 - INFO     - img2od: 0 | od2fr: 0 | od2lpr: 838 | od2cap: 0 | fr2kr: 0 | lpr2kr: 1000 | cap2udp: 0 | kr2udp: 1 | 
2026-05-03 16:49:51,860 - INFO     - img2od: 0 | od2fr: 0 | od2lpr: 834 | od2cap: 0 | fr2kr: 0 | lpr2kr: 1000 | cap2udp: 0 | kr2udp: 0 | 
2026-05-03 16:49:52,861 - INFO     - img2od: 0 | od2fr: 0 | od2lpr: 832 | od2cap: 0 | fr2kr: 0 | lpr2kr: 1000 | cap2udp: 0 | kr2udp: 1 | 
2026-05-03 16:49:53,862 - INFO     - img2od: 0 | od2fr: 0 | od2lpr: 829 | od2cap: 0 | fr2kr: 0 | lpr2kr: 1000 | cap2udp: 0 | kr2udp: 0 | 
2026-05-03 16:49:54,863 - INFO     - img2od: 0 | od2fr: 0 | od2lpr: 826 | od2cap: 0 | fr2kr: 0 | lpr2kr: 1000 | cap2udp: 0 | kr2udp: 1 | 
2026-05-03 16:49:55,864 - INFO     - img2od: 0 | od2fr: 0 | od2lpr: 823 | od2cap: 0 | fr2kr: 0 | lpr2kr: 1000 | cap2udp: 0 | kr2udp: 1 | 
2026-05-03 16:49:56,865 - INFO     - img2od: 0 | od2fr: 0 | od2lpr: 819 | od2cap: 0 | fr2kr: 0 | lpr2kr: 1000 | cap2udp: 0 | kr2udp: 0 | 
2026-05-03 16:49:57,866 - INFO     - img2od: 0 | od2fr: 0 | od2lpr: 816 | od2cap: 0 | fr2kr: 0 | lpr2kr: 1000 | cap2udp: 0 | kr2udp: 1 | 
2026-05-03 16:49:58,867 - INFO     - img2od: 0 | od2fr: 0 | od2lpr: 813 | od2cap: 0 | fr2kr: 0 | lpr2kr: 1000 | cap2udp: 0 | kr2udp: 1 | 
2026-05-03 16:49:59,868 - INFO     - img2od: 0 | od2fr: 0 | od2lpr: 810 | od2cap: 0 | fr2kr: 0 | lpr2kr: 1000 | cap2udp: 0 | kr2udp: 0 | 
2026-05-03 16:50:00,869 - INFO     - img2od: 0 | od2fr: 0 | od2lpr: 807 | od2cap: 0 | fr2kr: 0 | lpr2kr: 1000 | cap2udp: 0 | kr2udp: 1 | 
2026-05-03 16:50:01,870 - INFO     - img2od: 0 | od2fr: 0 | od2lpr: 804 | od2cap: 0 | fr2kr: 0 | lpr2kr: 1000 | cap2udp: 0 | kr2udp: 1 | 
2026-05-03 16:50:02,871 - INFO     - img2od: 0 | od2fr: 0 | od2lpr: 800 | od2cap: 0 | fr2kr: 0 | lpr2kr: 1000 | cap2udp: 0 | kr2udp: 1 | 
2026-05-03 16:50:03,872 - INFO     - img2od: 0 | od2fr: 0 | od2lpr: 797 | od2cap: 0 | fr2kr: 0 | lpr2kr: 1000 | cap2udp: 0 | kr2udp: 1 | 
2026-05-03 16:50:04,873 - INFO     - img2od: 0 | od2fr: 0 | od2lpr: 794 | od2cap: 0 | fr2kr: 0 | lpr2kr: 1000 | cap2udp: 0 | kr2udp: 1 | 
2026-05-03 16:50:05,874 - INFO     - img2od: 0 | od2fr: 0 | od2lpr: 790 | od2cap: 0 | fr2kr: 0 | lpr2kr: 1000 | cap2udp: 0 | kr2udp: 1 | 
2026-05-03 16:50:06,875 - INFO     - img2od: 0 | od2fr: 0 | od2lpr: 787 | od2cap: 0 | fr2kr: 0 | lpr2kr: 1000 | cap2udp: 0 | kr2udp: 1 | 
2026-05-03 16:50:07,876 - INFO     - img2od: 0 | od2fr: 0 | od2lpr: 784 | od2cap: 0 | fr2kr: 0 | lpr2kr: 1000 | cap2udp: 0 | kr2udp: 1 | 
2026-05-03 16:50:08,877 - INFO     - img2od: 0 | od2fr: 0 | od2lpr: 780 | od2cap: 0 | fr2kr: 0 | lpr2kr: 1000 | cap2udp: 0 | kr2udp: 1 | 
2026-05-03 16:50:09,878 - INFO     - img2od: 0 | od2fr: 0 | od2lpr: 777 | od2cap: 0 | fr2kr: 0 | lpr2kr: 1000 | cap2udp: 0 | kr2udp: 1 | 
2026-05-03 16:50:10,879 - INFO     - img2od: 0 | od2fr: 0 | od2lpr: 774 | od2cap: 0 | fr2kr: 0 | lpr2kr: 1000 | cap2udp: 0 | kr2udp: 1 | 
2026-05-03 16:50:11,880 - INFO     - img2od: 0 | od2fr: 0 | od2lpr: 771 | od2cap: 0 | fr2kr: 0 | lpr2kr: 1000 | cap2udp: 0 | kr2udp: 0 | 
2026-05-03 16:50:12,881 - INFO     - img2od: 0 | od2fr: 0 | od2lpr: 768 | od2cap: 0 | fr2kr: 0 | lpr2kr: 1000 | cap2udp: 0 | kr2udp: 0 | 
2026-05-03 16:50:13,882 - INFO     - img2od: 0 | od2fr: 0 | od2lpr: 765 | od2cap: 0 | fr2kr: 0 | lpr2kr: 1000 | cap2udp: 0 | kr2udp: 1 | 
2026-05-03 16:50:14,883 - INFO     - img2od: 0 | od2fr: 0 | od2lpr: 762 | od2cap: 0 | fr2kr: 0 | lpr2kr: 1000 | cap2udp: 0 | kr2udp: 0 | 
2026-05-03 16:50:15,884 - INFO     - img2od: 0 | od2fr: 0 | od2lpr: 759 | od2cap: 0 | fr2kr: 0 | lpr2kr: 1000 | cap2udp: 0 | kr2udp: 1 | 
2026-05-03 16:50:16,885 - INFO     - img2od: 0 | od2fr: 0 | od2lpr: 756 | od2cap: 0 | fr2kr: 0 | lpr2kr: 1000 | cap2udp: 0 | kr2udp: 1 | 
2026-05-03 16:50:17,886 - INFO     - img2od: 0 | od2fr: 0 | od2lpr: 753 | od2cap: 0 | fr2kr: 0 | lpr2kr: 1000 | cap2udp: 0 | kr2udp: 0 | 
2026-05-03 16:50:18,887 - INFO     - img2od: 0 | od2fr: 0 | od2lpr: 750 | od2cap: 0 | fr2kr: 0 | lpr2kr: 1000 | cap2udp: 0 | kr2udp: 0 | 
2026-05-03 16:50:19,888 - INFO     - img2od: 0 | od2fr: 0 | od2lpr: 747 | od2cap: 0 | fr2kr: 0 | lpr2kr: 1000 | cap2udp: 0 | kr2udp: 0 | 
2026-05-03 16:50:20,889 - INFO     - img2od: 0 | od2fr: 0 | od2lpr: 744 | od2cap: 0 | fr2kr: 0 | lpr2kr: 1000 | cap2udp: 0 | kr2udp: 0 | 
2026-05-03 16:50:21,890 - INFO     - img2od: 0 | od2fr: 0 | od2lpr: 741 | od2cap: 0 | fr2kr: 0 | lpr2kr: 1000 | cap2udp: 0 | kr2udp: 1 | 
2026-05-03 16:50:22,891 - INFO     - img2od: 0 | od2fr: 0 | od2lpr: 738 | od2cap: 0 | fr2kr: 0 | lpr2kr: 1000 | cap2udp: 0 | kr2udp: 1 | 
2026-05-03 16:50:23,892 - INFO     - img2od: 0 | od2fr: 0 | od2lpr: 734 | od2cap: 0 | fr2kr: 0 | lpr2kr: 1000 | cap2udp: 0 | kr2udp: 1 | 
2026-05-03 16:50:24,893 - INFO     - img2od: 0 | od2fr: 0 | od2lpr: 731 | od2cap: 0 | fr2kr: 0 | lpr2kr: 1000 | cap2udp: 0 | kr2udp: 0 | 
2026-05-03 16:50:25,894 - INFO     - img2od: 0 | od2fr: 0 | od2lpr: 729 | od2cap: 0 | fr2kr: 0 | lpr2kr: 1000 | cap2udp: 0 | kr2udp: 1 | 
2026-05-03 16:50:26,895 - INFO     - img2od: 0 | od2fr: 0 | od2lpr: 726 | od2cap: 0 | fr2kr: 0 | lpr2kr: 999 | cap2udp: 0 | kr2udp: 1 | 
2026-05-03 16:50:27,896 - INFO     - img2od: 0 | od2fr: 0 | od2lpr: 723 | od2cap: 0 | fr2kr: 0 | lpr2kr: 1000 | cap2udp: 0 | kr2udp: 1 | 
2026-05-03 16:50:28,897 - INFO     - img2od: 0 | od2fr: 0 | od2lpr: 719 | od2cap: 0 | fr2kr: 0 | lpr2kr: 1000 | cap2udp: 0 | kr2udp: 1 | 
2026-05-03 16:50:29,898 - INFO     - img2od: 0 | od2fr: 0 | od2lpr: 715 | od2cap: 0 | fr2kr: 0 | lpr2kr: 1000 | cap2udp: 0 | kr2udp: 1 | 
2026-05-03 16:50:30,899 - INFO     - img2od: 0 | od2fr: 0 | od2lpr: 712 | od2cap: 0 | fr2kr: 0 | lpr2kr: 1000 | cap2udp: 0 | kr2udp: 1 | 
2026-05-03 16:50:31,900 - INFO     - img2od: 0 | od2fr: 0 | od2lpr: 709 | od2cap: 0 | fr2kr: 0 | lpr2kr: 1000 | cap2udp: 0 | kr2udp: 1 | 
2026-05-03 16:50:32,901 - INFO     - img2od: 0 | od2fr: 0 | od2lpr: 705 | od2cap: 0 | fr2kr: 0 | lpr2kr: 1000 | cap2udp: 0 | kr2udp: 1 | 
2026-05-03 16:50:33,902 - INFO     - img2od: 0 | od2fr: 0 | od2lpr: 702 | od2cap: 0 | fr2kr: 0 | lpr2kr: 1000 | cap2udp: 0 | kr2udp: 1 | 
2026-05-03 16:50:34,903 - INFO     - img2od: 0 | od2fr: 0 | od2lpr: 699 | od2cap: 0 | fr2kr: 0 | lpr2kr: 1000 | cap2udp: 0 | kr2udp: 1 | 
2026-05-03 16:50:35,904 - INFO     - img2od: 0 | od2fr: 0 | od2lpr: 695 | od2cap: 0 | fr2kr: 0 | lpr2kr: 1000 | cap2udp: 0 | kr2udp: 1 | 
2026-05-03 16:50:36,905 - INFO     - img2od: 0 | od2fr: 0 | od2lpr: 692 | od2cap: 0 | fr2kr: 0 | lpr2kr: 1000 | cap2udp: 0 | kr2udp: 1 | 
2026-05-03 16:50:37,906 - INFO     - img2od: 0 | od2fr: 0 | od2lpr: 688 | od2cap: 0 | fr2kr: 0 | lpr2kr: 1000 | cap2udp: 0 | kr2udp: 0 | 
2026-05-03 16:50:38,907 - INFO     - img2od: 0 | od2fr: 0 | od2lpr: 685 | od2cap: 0 | fr2kr: 0 | lpr2kr: 1000 | cap2udp: 0 | kr2udp: 1 | 
2026-05-03 16:50:39,908 - INFO     - img2od: 0 | od2fr: 0 | od2lpr: 682 | od2cap: 0 | fr2kr: 0 | lpr2kr: 1000 | cap2udp: 0 | kr2udp: 1 | 
2026-05-03 16:50:40,909 - INFO     - img2od: 0 | od2fr: 0 | od2lpr: 678 | od2cap: 0 | fr2kr: 0 | lpr2kr: 1000 | cap2udp: 0 | kr2udp: 1 | 
2026-05-03 16:50:41,910 - INFO     - img2od: 0 | od2fr: 0 | od2lpr: 675 | od2cap: 0 | fr2kr: 0 | lpr2kr: 1000 | cap2udp: 0 | kr2udp: 0 | 
2026-05-03 16:50:42,911 - INFO     - img2od: 0 | od2fr: 0 | od2lpr: 672 | od2cap: 0 | fr2kr: 0 | lpr2kr: 999 | cap2udp: 0 | kr2udp: 1 | 
2026-05-03 16:50:43,912 - INFO     - img2od: 0 | od2fr: 0 | od2lpr: 669 | od2cap: 0 | fr2kr: 0 | lpr2kr: 1000 | cap2udp: 0 | kr2udp: 1 | 
2026-05-03 16:50:44,913 - INFO     - img2od: 0 | od2fr: 0 | od2lpr: 666 | od2cap: 0 | fr2kr: 0 | lpr2kr: 1000 | cap2udp: 0 | kr2udp: 1 | 
2026-05-03 16:50:45,914 - INFO     - img2od: 0 | od2fr: 0 | od2lpr: 663 | od2cap: 0 | fr2kr: 0 | lpr2kr: 1000 | cap2udp: 0 | kr2udp: 0 | 
2026-05-03 16:50:46,915 - INFO     - img2od: 0 | od2fr: 0 | od2lpr: 659 | od2cap: 0 | fr2kr: 0 | lpr2kr: 1000 | cap2udp: 0 | kr2udp: 1 | 
2026-05-03 16:50:47,916 - INFO     - img2od: 0 | od2fr: 0 | od2lpr: 655 | od2cap: 0 | fr2kr: 0 | lpr2kr: 1000 | cap2udp: 0 | kr2udp: 1 | 
2026-05-03 16:50:48,917 - INFO     - img2od: 0 | od2fr: 0 | od2lpr: 652 | od2cap: 0 | fr2kr: 0 | lpr2kr: 1000 | cap2udp: 0 | kr2udp: 0 | 
2026-05-03 16:50:49,918 - INFO     - img2od: 0 | od2fr: 0 | od2lpr: 649 | od2cap: 0 | fr2kr: 0 | lpr2kr: 1000 | cap2udp: 0 | kr2udp: 0 | 
2026-05-03 16:50:50,919 - INFO     - img2od: 0 | od2fr: 0 | od2lpr: 646 | od2cap: 0 | fr2kr: 0 | lpr2kr: 1000 | cap2udp: 0 | kr2udp: 1 | 
2026-05-03 16:50:51,920 - INFO     - img2od: 0 | od2fr: 0 | od2lpr: 643 | od2cap: 0 | fr2kr: 0 | lpr2kr: 1000 | cap2udp: 0 | kr2udp: 1 | 
2026-05-03 16:50:52,921 - INFO     - img2od: 0 | od2fr: 0 | od2lpr: 639 | od2cap: 0 | fr2kr: 0 | lpr2kr: 1000 | cap2udp: 0 | kr2udp: 0 | 
2026-05-03 16:50:53,922 - INFO     - img2od: 0 | od2fr: 0 | od2lpr: 636 | od2cap: 0 | fr2kr: 0 | lpr2kr: 1000 | cap2udp: 0 | kr2udp: 1 | 
2026-05-03 16:50:54,923 - INFO     - img2od: 0 | od2fr: 0 | od2lpr: 632 | od2cap: 0 | fr2kr: 0 | lpr2kr: 1000 | cap2udp: 0 | kr2udp: 0 | 
2026-05-03 16:50:55,924 - INFO     - img2od: 0 | od2fr: 0 | od2lpr: 629 | od2cap: 0 | fr2kr: 0 | lpr2kr: 1000 | cap2udp: 0 | kr2udp: 0 | 
2026-05-03 16:50:56,925 - INFO     - img2od: 0 | od2fr: 0 | od2lpr: 626 | od2cap: 0 | fr2kr: 0 | lpr2kr: 1000 | cap2udp: 0 | kr2udp: 1 | 
2026-05-03 16:50:57,926 - INFO     - img2od: 0 | od2fr: 0 | od2lpr: 622 | od2cap: 0 | fr2kr: 0 | lpr2kr: 1000 | cap2udp: 0 | kr2udp: 1 | 
2026-05-03 16:50:58,927 - INFO     - img2od: 0 | od2fr: 0 | od2lpr: 619 | od2cap: 0 | fr2kr: 0 | lpr2kr: 1000 | cap2udp: 0 | kr2udp: 1 | 
2026-05-03 16:50:59,928 - INFO     - img2od: 0 | od2fr: 0 | od2lpr: 617 | od2cap: 0 | fr2kr: 0 | lpr2kr: 1000 | cap2udp: 0 | kr2udp: 1 | 
2026-05-03 16:51:00,929 - INFO     - img2od: 0 | od2fr: 0 | od2lpr: 613 | od2cap: 0 | fr2kr: 0 | lpr2kr: 1000 | cap2udp: 0 | kr2udp: 1 | 
2026-05-03 16:51:01,930 - INFO     - img2od: 0 | od2fr: 0 | od2lpr: 610 | od2cap: 0 | fr2kr: 0 | lpr2kr: 1000 | cap2udp: 0 | kr2udp: 1 | 
2026-05-03 16:51:02,931 - INFO     - img2od: 0 | od2fr: 0 | od2lpr: 606 | od2cap: 0 | fr2kr: 0 | lpr2kr: 1000 | cap2udp: 0 | kr2udp: 1 | 
2026-05-03 16:51:03,932 - INFO     - img2od: 0 | od2fr: 0 | od2lpr: 603 | od2cap: 0 | fr2kr: 0 | lpr2kr: 1000 | cap2udp: 0 | kr2udp: 1 | 
2026-05-03 16:51:04,933 - INFO     - img2od: 0 | od2fr: 0 | od2lpr: 600 | od2cap: 0 | fr2kr: 0 | lpr2kr: 1000 | cap2udp: 0 | kr2udp: 1 | 
2026-05-03 16:51:05,934 - INFO     - img2od: 0 | od2fr: 0 | od2lpr: 597 | od2cap: 0 | fr2kr: 0 | lpr2kr: 1000 | cap2udp: 0 | kr2udp: 1 | 
2026-05-03 16:51:06,935 - INFO     - img2od: 0 | od2fr: 0 | od2lpr: 594 | od2cap: 0 | fr2kr: 0 | lpr2kr: 1000 | cap2udp: 0 | kr2udp: 1 | 
2026-05-03 16:51:07,936 - INFO     - img2od: 0 | od2fr: 0 | od2lpr: 591 | od2cap: 0 | fr2kr: 0 | lpr2kr: 1000 | cap2udp: 0 | kr2udp: 1 | 
2026-05-03 16:51:08,937 - INFO     - img2od: 0 | od2fr: 0 | od2lpr: 589 | od2cap: 0 | fr2kr: 0 | lpr2kr: 1000 | cap2udp: 0 | kr2udp: 1 | 
2026-05-03 16:51:09,938 - INFO     - img2od: 0 | od2fr: 0 | od2lpr: 586 | od2cap: 0 | fr2kr: 0 | lpr2kr: 1000 | cap2udp: 0 | kr2udp: 1 | 
2026-05-03 16:51:10,939 - INFO     - img2od: 0 | od2fr: 0 | od2lpr: 583 | od2cap: 0 | fr2kr: 0 | lpr2kr: 1000 | cap2udp: 0 | kr2udp: 1 | 
2026-05-03 16:51:11,940 - INFO     - img2od: 0 | od2fr: 0 | od2lpr: 579 | od2cap: 0 | fr2kr: 0 | lpr2kr: 1000 | cap2udp: 0 | kr2udp: 0 | 
2026-05-03 16:51:12,941 - INFO     - img2od: 0 | od2fr: 0 | od2lpr: 576 | od2cap: 0 | fr2kr: 0 | lpr2kr: 1000 | cap2udp: 0 | kr2udp: 1 | 
2026-05-03 16:51:13,942 - INFO     - img2od: 0 | od2fr: 0 | od2lpr: 573 | od2cap: 0 | fr2kr: 0 | lpr2kr: 1000 | cap2udp: 0 | kr2udp: 1 | 
2026-05-03 16:51:14,943 - INFO     - img2od: 0 | od2fr: 0 | od2lpr: 570 | od2cap: 0 | fr2kr: 0 | lpr2kr: 1000 | cap2udp: 0 | kr2udp: 1 | 
2026-05-03 16:51:15,944 - INFO     - img2od: 0 | od2fr: 0 | od2lpr: 567 | od2cap: 0 | fr2kr: 0 | lpr2kr: 1000 | cap2udp: 0 | kr2udp: 1 | 
2026-05-03 16:51:16,945 - INFO     - img2od: 0 | od2fr: 0 | od2lpr: 565 | od2cap: 0 | fr2kr: 0 | lpr2kr: 1000 | cap2udp: 0 | kr2udp: 1 | 
2026-05-03 16:51:17,946 - INFO     - img2od: 0 | od2fr: 0 | od2lpr: 562 | od2cap: 0 | fr2kr: 0 | lpr2kr: 1000 | cap2udp: 0 | kr2udp: 1 | 
2026-05-03 16:51:18,947 - INFO     - img2od: 0 | od2fr: 0 | od2lpr: 559 | od2cap: 0 | fr2kr: 0 | lpr2kr: 1000 | cap2udp: 0 | kr2udp: 1 | 
2026-05-03 16:51:19,948 - INFO     - img2od: 0 | od2fr: 0 | od2lpr: 556 | od2cap: 0 | fr2kr: 0 | lpr2kr: 1000 | cap2udp: 0 | kr2udp: 1 | 
2026-05-03 16:51:20,949 - INFO     - img2od: 0 | od2fr: 0 | od2lpr: 554 | od2cap: 0 | fr2kr: 0 | lpr2kr: 1000 | cap2udp: 0 | kr2udp: 1 | 
2026-05-03 16:51:21,950 - INFO     - img2od: 0 | od2fr: 0 | od2lpr: 551 | od2cap: 0 | fr2kr: 0 | lpr2kr: 1000 | cap2udp: 0 | kr2udp: 1 | 
2026-05-03 16:51:22,951 - INFO     - img2od: 0 | od2fr: 0 | od2lpr: 548 | od2cap: 0 | fr2kr: 0 | lpr2kr: 1000 | cap2udp: 0 | kr2udp: 1 | 
2026-05-03 16:51:23,952 - INFO     - img2od: 0 | od2fr: 0 | od2lpr: 545 | od2cap: 0 | fr2kr: 0 | lpr2kr: 1000 | cap2udp: 0 | kr2udp: 1 | 
2026-05-03 16:51:24,953 - INFO     - img2od: 0 | od2fr: 0 | od2lpr: 542 | od2cap: 0 | fr2kr: 0 | lpr2kr: 1000 | cap2udp: 0 | kr2udp: 1 | 
2026-05-03 16:51:25,954 - INFO     - img2od: 0 | od2fr: 0 | od2lpr: 539 | od2cap: 0 | fr2kr: 0 | lpr2kr: 1000 | cap2udp: 0 | kr2udp: 1 | 
2026-05-03 16:51:26,955 - INFO     - img2od: 0 | od2fr: 0 | od2lpr: 536 | od2cap: 0 | fr2kr: 0 | lpr2kr: 1000 | cap2udp: 0 | kr2udp: 1 | 
2026-05-03 16:51:27,956 - INFO     - img2od: 0 | od2fr: 0 | od2lpr: 533 | od2cap: 0 | fr2kr: 0 | lpr2kr: 1000 | cap2udp: 0 | kr2udp: 0 | 
2026-05-03 16:51:28,957 - INFO     - img2od: 0 | od2fr: 0 | od2lpr: 530 | od2cap: 0 | fr2kr: 0 | lpr2kr: 1000 | cap2udp: 0 | kr2udp: 1 | 
2026-05-03 16:51:29,958 - INFO     - img2od: 0 | od2fr: 0 | od2lpr: 527 | od2cap: 0 | fr2kr: 0 | lpr2kr: 1000 | cap2udp: 0 | kr2udp: 0 | 
2026-05-03 16:51:30,959 - INFO     - img2od: 0 | od2fr: 0 | od2lpr: 524 | od2cap: 0 | fr2kr: 0 | lpr2kr: 1000 | cap2udp: 0 | kr2udp: 1 | 
2026-05-03 16:51:31,960 - INFO     - img2od: 0 | od2fr: 0 | od2lpr: 521 | od2cap: 0 | fr2kr: 0 | lpr2kr: 1000 | cap2udp: 0 | kr2udp: 0 | 
2026-05-03 16:51:32,961 - INFO     - img2od: 0 | od2fr: 0 | od2lpr: 518 | od2cap: 0 | fr2kr: 0 | lpr2kr: 1000 | cap2udp: 0 | kr2udp: 1 | 
2026-05-03 16:51:33,962 - INFO     - img2od: 0 | od2fr: 0 | od2lpr: 515 | od2cap: 0 | fr2kr: 0 | lpr2kr: 1000 | cap2udp: 0 | kr2udp: 1 | 
2026-05-03 16:51:34,963 - INFO     - img2od: 0 | od2fr: 0 | od2lpr: 512 | od2cap: 0 | fr2kr: 0 | lpr2kr: 1000 | cap2udp: 0 | kr2udp: 1 | 
2026-05-03 16:51:35,964 - INFO     - img2od: 0 | od2fr: 0 | od2lpr: 509 | od2cap: 0 | fr2kr: 0 | lpr2kr: 1000 | cap2udp: 0 | kr2udp: 1 | 
2026-05-03 16:51:36,965 - INFO     - img2od: 0 | od2fr: 0 | od2lpr: 506 | od2cap: 0 | fr2kr: 0 | lpr2kr: 1000 | cap2udp: 0 | kr2udp: 1 | 
2026-05-03 16:51:37,966 - INFO     - img2od: 0 | od2fr: 0 | od2lpr: 504 | od2cap: 0 | fr2kr: 0 | lpr2kr: 1000 | cap2udp: 0 | kr2udp: 1 | 
2026-05-03 16:51:38,967 - INFO     - img2od: 0 | od2fr: 0 | od2lpr: 501 | od2cap: 0 | fr2kr: 0 | lpr2kr: 1000 | cap2udp: 0 | kr2udp: 1 | 
2026-05-03 16:51:39,968 - INFO     - img2od: 0 | od2fr: 0 | od2lpr: 497 | od2cap: 0 | fr2kr: 0 | lpr2kr: 1000 | cap2udp: 0 | kr2udp: 0 | 
2026-05-03 16:51:40,969 - INFO     - img2od: 0 | od2fr: 0 | od2lpr: 493 | od2cap: 0 | fr2kr: 0 | lpr2kr: 1000 | cap2udp: 0 | kr2udp: 1 | 
2026-05-03 16:51:41,970 - INFO     - img2od: 0 | od2fr: 0 | od2lpr: 490 | od2cap: 0 | fr2kr: 0 | lpr2kr: 1000 | cap2udp: 0 | kr2udp: 0 | 
2026-05-03 16:51:42,971 - INFO     - img2od: 0 | od2fr: 0 | od2lpr: 487 | od2cap: 0 | fr2kr: 0 | lpr2kr: 1000 | cap2udp: 0 | kr2udp: 1 | 
2026-05-03 16:51:43,972 - INFO     - img2od: 0 | od2fr: 0 | od2lpr: 484 | od2cap: 0 | fr2kr: 0 | lpr2kr: 1000 | cap2udp: 0 | kr2udp: 0 | 
2026-05-03 16:51:44,973 - INFO     - img2od: 0 | od2fr: 0 | od2lpr: 481 | od2cap: 0 | fr2kr: 0 | lpr2kr: 1000 | cap2udp: 0 | kr2udp: 0 | 
2026-05-03 16:51:45,974 - INFO     - img2od: 0 | od2fr: 0 | od2lpr: 477 | od2cap: 0 | fr2kr: 0 | lpr2kr: 1000 | cap2udp: 0 | kr2udp: 1 | 
2026-05-03 16:51:46,975 - INFO     - img2od: 0 | od2fr: 0 | od2lpr: 473 | od2cap: 0 | fr2kr: 0 | lpr2kr: 1000 | cap2udp: 0 | kr2udp: 1 | 
2026-05-03 16:51:47,976 - INFO     - img2od: 0 | od2fr: 0 | od2lpr: 469 | od2cap: 0 | fr2kr: 0 | lpr2kr: 1000 | cap2udp: 0 | kr2udp: 1 | 
2026-05-03 16:51:48,977 - INFO     - img2od: 0 | od2fr: 0 | od2lpr: 466 | od2cap: 0 | fr2kr: 0 | lpr2kr: 1000 | cap2udp: 0 | kr2udp: 1 | 
2026-05-03 16:51:49,978 - INFO     - img2od: 0 | od2fr: 0 | od2lpr: 463 | od2cap: 0 | fr2kr: 0 | lpr2kr: 1000 | cap2udp: 0 | kr2udp: 0 | 
2026-05-03 16:51:50,979 - INFO     - img2od: 0 | od2fr: 0 | od2lpr: 461 | od2cap: 0 | fr2kr: 0 | lpr2kr: 1000 | cap2udp: 0 | kr2udp: 1 | 
2026-05-03 16:51:51,980 - INFO     - img2od: 0 | od2fr: 0 | od2lpr: 458 | od2cap: 0 | fr2kr: 0 | lpr2kr: 1000 | cap2udp: 0 | kr2udp: 1 | 
2026-05-03 16:51:52,981 - INFO     - img2od: 0 | od2fr: 0 | od2lpr: 455 | od2cap: 0 | fr2kr: 0 | lpr2kr: 999 | cap2udp: 0 | kr2udp: 1 | 
2026-05-03 16:51:53,982 - INFO     - img2od: 0 | od2fr: 0 | od2lpr: 451 | od2cap: 0 | fr2kr: 0 | lpr2kr: 1000 | cap2udp: 0 | kr2udp: 1 | 
2026-05-03 16:51:54,983 - INFO     - img2od: 0 | od2fr: 0 | od2lpr: 447 | od2cap: 0 | fr2kr: 0 | lpr2kr: 1000 | cap2udp: 0 | kr2udp: 1 | 
2026-05-03 16:51:55,984 - INFO     - img2od: 0 | od2fr: 0 | od2lpr: 444 | od2cap: 0 | fr2kr: 0 | lpr2kr: 1000 | cap2udp: 0 | kr2udp: 1 | 
2026-05-03 16:51:56,985 - INFO     - img2od: 0 | od2fr: 0 | od2lpr: 440 | od2cap: 0 | fr2kr: 0 | lpr2kr: 1000 | cap2udp: 0 | kr2udp: 1 | 
2026-05-03 16:51:57,986 - INFO     - img2od: 0 | od2fr: 0 | od2lpr: 437 | od2cap: 0 | fr2kr: 0 | lpr2kr: 1000 | cap2udp: 0 | kr2udp: 1 | 
2026-05-03 16:51:58,987 - INFO     - img2od: 0 | od2fr: 0 | od2lpr: 433 | od2cap: 0 | fr2kr: 0 | lpr2kr: 1000 | cap2udp: 0 | kr2udp: 1 | 
2026-05-03 16:51:59,988 - INFO     - img2od: 0 | od2fr: 0 | od2lpr: 430 | od2cap: 0 | fr2kr: 0 | lpr2kr: 1000 | cap2udp: 0 | kr2udp: 0 | 
2026-05-03 16:52:00,989 - INFO     - img2od: 0 | od2fr: 0 | od2lpr: 427 | od2cap: 0 | fr2kr: 0 | lpr2kr: 1000 | cap2udp: 0 | kr2udp: 1 | 
2026-05-03 16:52:01,990 - INFO     - img2od: 0 | od2fr: 0 | od2lpr: 425 | od2cap: 0 | fr2kr: 0 | lpr2kr: 1000 | cap2udp: 0 | kr2udp: 1 | 
2026-05-03 16:52:02,991 - INFO     - img2od: 0 | od2fr: 0 | od2lpr: 422 | od2cap: 0 | fr2kr: 0 | lpr2kr: 1000 | cap2udp: 0 | kr2udp: 0 | 
2026-05-03 16:52:03,992 - INFO     - img2od: 0 | od2fr: 0 | od2lpr: 419 | od2cap: 0 | fr2kr: 0 | lpr2kr: 1000 | cap2udp: 0 | kr2udp: 0 | 
2026-05-03 16:52:04,993 - INFO     - img2od: 0 | od2fr: 0 | od2lpr: 416 | od2cap: 0 | fr2kr: 0 | lpr2kr: 1000 | cap2udp: 0 | kr2udp: 1 | 
2026-05-03 16:52:05,994 - INFO     - img2od: 0 | od2fr: 0 | od2lpr: 413 | od2cap: 0 | fr2kr: 0 | lpr2kr: 1000 | cap2udp: 0 | kr2udp: 0 | 
2026-05-03 16:52:06,995 - INFO     - img2od: 0 | od2fr: 0 | od2lpr: 410 | od2cap: 0 | fr2kr: 0 | lpr2kr: 1000 | cap2udp: 0 | kr2udp: 1 | 
2026-05-03 16:52:07,996 - INFO     - img2od: 0 | od2fr: 0 | od2lpr: 408 | od2cap: 0 | fr2kr: 0 | lpr2kr: 1000 | cap2udp: 0 | kr2udp: 1 | 
2026-05-03 16:52:08,997 - INFO     - img2od: 0 | od2fr: 0 | od2lpr: 405 | od2cap: 0 | fr2kr: 0 | lpr2kr: 1000 | cap2udp: 0 | kr2udp: 1 | 
2026-05-03 16:52:09,998 - INFO     - img2od: 0 | od2fr: 0 | od2lpr: 402 | od2cap: 0 | fr2kr: 0 | lpr2kr: 1000 | cap2udp: 0 | kr2udp: 1 | 
2026-05-03 16:52:10,999 - INFO     - img2od: 0 | od2fr: 0 | od2lpr: 399 | od2cap: 0 | fr2kr: 0 | lpr2kr: 1000 | cap2udp: 0 | kr2udp: 1 | 
2026-05-03 16:52:12,000 - INFO     - img2od: 0 | od2fr: 0 | od2lpr: 396 | od2cap: 0 | fr2kr: 0 | lpr2kr: 1000 | cap2udp: 0 | kr2udp: 0 | 
2026-05-03 16:52:13,001 - INFO     - img2od: 0 | od2fr: 0 | od2lpr: 393 | od2cap: 0 | fr2kr: 0 | lpr2kr: 1000 | cap2udp: 0 | kr2udp: 1 | 
2026-05-03 16:52:14,002 - INFO     - img2od: 0 | od2fr: 0 | od2lpr: 390 | od2cap: 0 | fr2kr: 0 | lpr2kr: 1000 | cap2udp: 0 | kr2udp: 1 | 
2026-05-03 16:52:15,003 - INFO     - img2od: 0 | od2fr: 0 | od2lpr: 387 | od2cap: 0 | fr2kr: 0 | lpr2kr: 1000 | cap2udp: 0 | kr2udp: 1 | 
2026-05-03 16:52:16,004 - INFO     - img2od: 0 | od2fr: 0 | od2lpr: 384 | od2cap: 0 | fr2kr: 0 | lpr2kr: 1000 | cap2udp: 0 | kr2udp: 1 | 
2026-05-03 16:52:17,005 - INFO     - img2od: 0 | od2fr: 0 | od2lpr: 380 | od2cap: 0 | fr2kr: 0 | lpr2kr: 1000 | cap2udp: 0 | kr2udp: 1 | 
2026-05-03 16:52:18,006 - INFO     - img2od: 0 | od2fr: 0 | od2lpr: 376 | od2cap: 0 | fr2kr: 0 | lpr2kr: 1000 | cap2udp: 0 | kr2udp: 0 | 
2026-05-03 16:52:19,007 - INFO     - img2od: 0 | od2fr: 0 | od2lpr: 372 | od2cap: 0 | fr2kr: 0 | lpr2kr: 1000 | cap2udp: 0 | kr2udp: 1 | 
2026-05-03 16:52:20,008 - INFO     - img2od: 0 | od2fr: 0 | od2lpr: 369 | od2cap: 0 | fr2kr: 0 | lpr2kr: 1000 | cap2udp: 0 | kr2udp: 0 | 
2026-05-03 16:52:21,009 - INFO     - img2od: 0 | od2fr: 0 | od2lpr: 366 | od2cap: 0 | fr2kr: 0 | lpr2kr: 1000 | cap2udp: 0 | kr2udp: 1 | 
2026-05-03 16:52:22,010 - INFO     - img2od: 0 | od2fr: 0 | od2lpr: 364 | od2cap: 0 | fr2kr: 0 | lpr2kr: 1000 | cap2udp: 0 | kr2udp: 1 | 
2026-05-03 16:52:23,011 - INFO     - img2od: 0 | od2fr: 0 | od2lpr: 361 | od2cap: 0 | fr2kr: 0 | lpr2kr: 1000 | cap2udp: 0 | kr2udp: 1 | 
2026-05-03 16:52:24,012 - INFO     - img2od: 0 | od2fr: 0 | od2lpr: 358 | od2cap: 0 | fr2kr: 0 | lpr2kr: 1000 | cap2udp: 0 | kr2udp: 1 | 
2026-05-03 16:52:25,013 - INFO     - img2od: 0 | od2fr: 0 | od2lpr: 355 | od2cap: 0 | fr2kr: 0 | lpr2kr: 1000 | cap2udp: 0 | kr2udp: 1 | 
2026-05-03 16:52:26,014 - INFO     - img2od: 0 | od2fr: 0 | od2lpr: 351 | od2cap: 0 | fr2kr: 0 | lpr2kr: 1000 | cap2udp: 0 | kr2udp: 1 | 
2026-05-03 16:52:27,015 - INFO     - img2od: 0 | od2fr: 0 | od2lpr: 348 | od2cap: 0 | fr2kr: 0 | lpr2kr: 1000 | cap2udp: 0 | kr2udp: 0 | 
2026-05-03 16:52:28,016 - INFO     - img2od: 0 | od2fr: 0 | od2lpr: 345 | od2cap: 0 | fr2kr: 0 | lpr2kr: 1000 | cap2udp: 0 | kr2udp: 1 | 
2026-05-03 16:52:29,017 - INFO     - img2od: 0 | od2fr: 0 | od2lpr: 341 | od2cap: 0 | fr2kr: 0 | lpr2kr: 1000 | cap2udp: 0 | kr2udp: 1 | 
2026-05-03 16:52:30,018 - INFO     - img2od: 0 | od2fr: 0 | od2lpr: 338 | od2cap: 0 | fr2kr: 0 | lpr2kr: 1000 | cap2udp: 0 | kr2udp: 0 | 
2026-05-03 16:52:31,019 - INFO     - img2od: 0 | od2fr: 0 | od2lpr: 335 | od2cap: 0 | fr2kr: 0 | lpr2kr: 1000 | cap2udp: 0 | kr2udp: 1 | 
2026-05-03 16:52:32,020 - INFO     - img2od: 0 | od2fr: 0 | od2lpr: 331 | od2cap: 0 | fr2kr: 0 | lpr2kr: 1000 | cap2udp: 0 | kr2udp: 1 | 
2026-05-03 16:52:33,021 - INFO     - img2od: 0 | od2fr: 0 | od2lpr: 328 | od2cap: 0 | fr2kr: 0 | lpr2kr: 1000 | cap2udp: 0 | kr2udp: 1 | 
2026-05-03 16:52:34,022 - INFO     - img2od: 0 | od2fr: 0 | od2lpr: 325 | od2cap: 0 | fr2kr: 0 | lpr2kr: 1000 | cap2udp: 0 | kr2udp: 1 | 
2026-05-03 16:52:35,023 - INFO     - img2od: 0 | od2fr: 0 | od2lpr: 321 | od2cap: 0 | fr2kr: 0 | lpr2kr: 1000 | cap2udp: 0 | kr2udp: 1 | 
2026-05-03 16:52:36,024 - INFO     - img2od: 0 | od2fr: 0 | od2lpr: 318 | od2cap: 0 | fr2kr: 0 | lpr2kr: 1000 | cap2udp: 0 | kr2udp: 1 | 
2026-05-03 16:52:37,025 - INFO     - img2od: 0 | od2fr: 0 | od2lpr: 315 | od2cap: 0 | fr2kr: 0 | lpr2kr: 1000 | cap2udp: 0 | kr2udp: 1 | 
2026-05-03 16:52:38,026 - INFO     - img2od: 0 | od2fr: 0 | od2lpr: 311 | od2cap: 0 | fr2kr: 0 | lpr2kr: 1000 | cap2udp: 0 | kr2udp: 1 | 
2026-05-03 16:52:39,027 - INFO     - img2od: 0 | od2fr: 0 | od2lpr: 308 | od2cap: 0 | fr2kr: 0 | lpr2kr: 1000 | cap2udp: 0 | kr2udp: 1 | 
2026-05-03 16:52:40,028 - INFO     - img2od: 0 | od2fr: 0 | od2lpr: 305 | od2cap: 0 | fr2kr: 0 | lpr2kr: 1000 | cap2udp: 0 | kr2udp: 1 | 
2026-05-03 16:52:41,029 - INFO     - img2od: 0 | od2fr: 0 | od2lpr: 302 | od2cap: 0 | fr2kr: 0 | lpr2kr: 1000 | cap2udp: 0 | kr2udp: 1 | 
2026-05-03 16:52:42,030 - INFO     - img2od: 0 | od2fr: 0 | od2lpr: 299 | od2cap: 0 | fr2kr: 0 | lpr2kr: 1000 | cap2udp: 0 | kr2udp: 1 | 
2026-05-03 16:52:43,031 - INFO     - img2od: 0 | od2fr: 0 | od2lpr: 296 | od2cap: 0 | fr2kr: 0 | lpr2kr: 999 | cap2udp: 0 | kr2udp: 1 | 
2026-05-03 16:52:44,032 - INFO     - img2od: 0 | od2fr: 0 | od2lpr: 293 | od2cap: 0 | fr2kr: 0 | lpr2kr: 1000 | cap2udp: 0 | kr2udp: 1 | 
2026-05-03 16:52:45,033 - INFO     - img2od: 0 | od2fr: 0 | od2lpr: 289 | od2cap: 0 | fr2kr: 0 | lpr2kr: 1000 | cap2udp: 0 | kr2udp: 1 | 
2026-05-03 16:52:46,034 - INFO     - img2od: 0 | od2fr: 0 | od2lpr: 286 | od2cap: 0 | fr2kr: 0 | lpr2kr: 1000 | cap2udp: 0 | kr2udp: 0 | 
2026-05-03 16:52:47,035 - INFO     - img2od: 0 | od2fr: 0 | od2lpr: 283 | od2cap: 0 | fr2kr: 0 | lpr2kr: 1000 | cap2udp: 0 | kr2udp: 1 | 
2026-05-03 16:52:48,036 - INFO     - img2od: 0 | od2fr: 0 | od2lpr: 279 | od2cap: 0 | fr2kr: 0 | lpr2kr: 1000 | cap2udp: 0 | kr2udp: 0 | 
2026-05-03 16:52:49,037 - INFO     - img2od: 0 | od2fr: 0 | od2lpr: 276 | od2cap: 0 | fr2kr: 0 | lpr2kr: 1000 | cap2udp: 0 | kr2udp: 1 | 
2026-05-03 16:52:50,038 - INFO     - img2od: 0 | od2fr: 0 | od2lpr: 272 | od2cap: 0 | fr2kr: 0 | lpr2kr: 1000 | cap2udp: 0 | kr2udp: 1 | 
2026-05-03 16:52:51,039 - INFO     - img2od: 0 | od2fr: 0 | od2lpr: 269 | od2cap: 0 | fr2kr: 0 | lpr2kr: 1000 | cap2udp: 0 | kr2udp: 1 | 
2026-05-03 16:52:52,040 - INFO     - img2od: 0 | od2fr: 0 | od2lpr: 265 | od2cap: 0 | fr2kr: 0 | lpr2kr: 1000 | cap2udp: 0 | kr2udp: 1 | 
2026-05-03 16:52:53,041 - INFO     - img2od: 0 | od2fr: 0 | od2lpr: 262 | od2cap: 0 | fr2kr: 0 | lpr2kr: 1000 | cap2udp: 0 | kr2udp: 1 | 
2026-05-03 16:52:54,042 - INFO     - img2od: 0 | od2fr: 0 | od2lpr: 258 | od2cap: 0 | fr2kr: 0 | lpr2kr: 1000 | cap2udp: 0 | kr2udp: 1 | 
2026-05-03 16:52:55,043 - INFO     - img2od: 0 | od2fr: 0 | od2lpr: 255 | od2cap: 0 | fr2kr: 0 | lpr2kr: 1000 | cap2udp: 0 | kr2udp: 0 | 
2026-05-03 16:52:56,044 - INFO     - img2od: 0 | od2fr: 0 | od2lpr: 252 | od2cap: 0 | fr2kr: 0 | lpr2kr: 1000 | cap2udp: 0 | kr2udp: 0 | 
2026-05-03 16:52:57,045 - INFO     - img2od: 0 | od2fr: 0 | od2lpr: 249 | od2cap: 0 | fr2kr: 0 | lpr2kr: 1000 | cap2udp: 0 | kr2udp: 1 | 
2026-05-03 16:52:58,046 - INFO     - img2od: 0 | od2fr: 0 | od2lpr: 246 | od2cap: 0 | fr2kr: 0 | lpr2kr: 1000 | cap2udp: 0 | kr2udp: 1 | 
2026-05-03 16:52:59,047 - INFO     - img2od: 0 | od2fr: 0 | od2lpr: 243 | od2cap: 0 | fr2kr: 0 | lpr2kr: 1000 | cap2udp: 0 | kr2udp: 1 | 
2026-05-03 16:53:00,048 - INFO     - img2od: 0 | od2fr: 0 | od2lpr: 240 | od2cap: 0 | fr2kr: 0 | lpr2kr: 1000 | cap2udp: 0 | kr2udp: 1 | 
2026-05-03 16:53:01,049 - INFO     - img2od: 0 | od2fr: 0 | od2lpr: 236 | od2cap: 0 | fr2kr: 0 | lpr2kr: 1000 | cap2udp: 0 | kr2udp: 1 | 
2026-05-03 16:53:02,050 - INFO     - img2od: 0 | od2fr: 0 | od2lpr: 234 | od2cap: 0 | fr2kr: 0 | lpr2kr: 1000 | cap2udp: 0 | kr2udp: 1 | 
2026-05-03 16:53:03,051 - INFO     - img2od: 0 | od2fr: 0 | od2lpr: 231 | od2cap: 0 | fr2kr: 0 | lpr2kr: 1000 | cap2udp: 0 | kr2udp: 1 | 
2026-05-03 16:53:04,052 - INFO     - img2od: 0 | od2fr: 0 | od2lpr: 228 | od2cap: 0 | fr2kr: 0 | lpr2kr: 1000 | cap2udp: 0 | kr2udp: 1 | 
2026-05-03 16:53:05,053 - INFO     - img2od: 0 | od2fr: 0 | od2lpr: 225 | od2cap: 0 | fr2kr: 0 | lpr2kr: 1000 | cap2udp: 0 | kr2udp: 0 | 
2026-05-03 16:53:06,054 - INFO     - img2od: 0 | od2fr: 0 | od2lpr: 222 | od2cap: 0 | fr2kr: 0 | lpr2kr: 1000 | cap2udp: 0 | kr2udp: 1 | 
2026-05-03 16:53:07,055 - INFO     - img2od: 0 | od2fr: 0 | od2lpr: 219 | od2cap: 0 | fr2kr: 0 | lpr2kr: 1000 | cap2udp: 0 | kr2udp: 0 | 
2026-05-03 16:53:08,056 - INFO     - img2od: 0 | od2fr: 0 | od2lpr: 216 | od2cap: 0 | fr2kr: 0 | lpr2kr: 1000 | cap2udp: 0 | kr2udp: 1 | 
2026-05-03 16:53:09,057 - INFO     - img2od: 0 | od2fr: 0 | od2lpr: 212 | od2cap: 0 | fr2kr: 0 | lpr2kr: 1000 | cap2udp: 0 | kr2udp: 1 | 
2026-05-03 16:53:10,058 - INFO     - img2od: 0 | od2fr: 0 | od2lpr: 209 | od2cap: 0 | fr2kr: 0 | lpr2kr: 1000 | cap2udp: 0 | kr2udp: 1 | 
2026-05-03 16:53:11,059 - INFO     - img2od: 0 | od2fr: 0 | od2lpr: 206 | od2cap: 0 | fr2kr: 0 | lpr2kr: 1000 | cap2udp: 0 | kr2udp: 1 | 
2026-05-03 16:53:12,060 - INFO     - img2od: 0 | od2fr: 0 | od2lpr: 202 | od2cap: 0 | fr2kr: 0 | lpr2kr: 1000 | cap2udp: 0 | kr2udp: 0 | 
2026-05-03 16:53:13,061 - INFO     - img2od: 0 | od2fr: 0 | od2lpr: 199 | od2cap: 0 | fr2kr: 0 | lpr2kr: 1000 | cap2udp: 0 | kr2udp: 1 | 
2026-05-03 16:53:14,062 - INFO     - img2od: 0 | od2fr: 0 | od2lpr: 196 | od2cap: 0 | fr2kr: 0 | lpr2kr: 1000 | cap2udp: 0 | kr2udp: 1 | 
2026-05-03 16:53:15,063 - INFO     - img2od: 0 | od2fr: 0 | od2lpr: 192 | od2cap: 0 | fr2kr: 0 | lpr2kr: 1000 | cap2udp: 0 | kr2udp: 0 | 
2026-05-03 16:53:16,064 - INFO     - img2od: 0 | od2fr: 0 | od2lpr: 189 | od2cap: 0 | fr2kr: 0 | lpr2kr: 1000 | cap2udp: 0 | kr2udp: 0 | 
2026-05-03 16:53:17,065 - INFO     - img2od: 0 | od2fr: 0 | od2lpr: 186 | od2cap: 0 | fr2kr: 0 | lpr2kr: 1000 | cap2udp: 0 | kr2udp: 1 | 
2026-05-03 16:53:18,066 - INFO     - img2od: 0 | od2fr: 0 | od2lpr: 183 | od2cap: 0 | fr2kr: 0 | lpr2kr: 1000 | cap2udp: 0 | kr2udp: 1 | 
2026-05-03 16:53:19,067 - INFO     - img2od: 0 | od2fr: 0 | od2lpr: 180 | od2cap: 0 | fr2kr: 0 | lpr2kr: 1000 | cap2udp: 0 | kr2udp: 1 | 
2026-05-03 16:53:20,068 - INFO     - img2od: 0 | od2fr: 0 | od2lpr: 176 | od2cap: 0 | fr2kr: 0 | lpr2kr: 1000 | cap2udp: 0 | kr2udp: 1 | 
2026-05-03 16:53:21,069 - INFO     - img2od: 0 | od2fr: 0 | od2lpr: 173 | od2cap: 0 | fr2kr: 0 | lpr2kr: 1000 | cap2udp: 0 | kr2udp: 1 | 
2026-05-03 16:53:22,070 - INFO     - img2od: 0 | od2fr: 0 | od2lpr: 170 | od2cap: 0 | fr2kr: 0 | lpr2kr: 1000 | cap2udp: 0 | kr2udp: 1 | 
2026-05-03 16:53:23,071 - INFO     - img2od: 0 | od2fr: 0 | od2lpr: 167 | od2cap: 0 | fr2kr: 0 | lpr2kr: 1000 | cap2udp: 0 | kr2udp: 1 | 
2026-05-03 16:53:24,072 - INFO     - img2od: 0 | od2fr: 0 | od2lpr: 163 | od2cap: 0 | fr2kr: 0 | lpr2kr: 1000 | cap2udp: 0 | kr2udp: 1 | 
2026-05-03 16:53:25,073 - INFO     - img2od: 0 | od2fr: 0 | od2lpr: 160 | od2cap: 0 | fr2kr: 0 | lpr2kr: 1000 | cap2udp: 0 | kr2udp: 0 | 
2026-05-03 16:53:26,074 - INFO     - img2od: 0 | od2fr: 0 | od2lpr: 158 | od2cap: 0 | fr2kr: 0 | lpr2kr: 999 | cap2udp: 0 | kr2udp: 1 | 
2026-05-03 16:53:27,075 - INFO     - img2od: 0 | od2fr: 0 | od2lpr: 154 | od2cap: 0 | fr2kr: 0 | lpr2kr: 1000 | cap2udp: 0 | kr2udp: 1 | 
2026-05-03 16:53:28,076 - INFO     - img2od: 0 | od2fr: 0 | od2lpr: 151 | od2cap: 0 | fr2kr: 0 | lpr2kr: 1000 | cap2udp: 0 | kr2udp: 1 | 
2026-05-03 16:53:29,077 - INFO     - img2od: 0 | od2fr: 0 | od2lpr: 148 | od2cap: 0 | fr2kr: 0 | lpr2kr: 1000 | cap2udp: 0 | kr2udp: 0 | 
2026-05-03 16:53:30,078 - INFO     - img2od: 0 | od2fr: 0 | od2lpr: 145 | od2cap: 0 | fr2kr: 0 | lpr2kr: 1000 | cap2udp: 0 | kr2udp: 1 | 
2026-05-03 16:53:31,079 - INFO     - img2od: 0 | od2fr: 0 | od2lpr: 143 | od2cap: 0 | fr2kr: 0 | lpr2kr: 1000 | cap2udp: 0 | kr2udp: 1 | 
2026-05-03 16:53:32,080 - INFO     - img2od: 0 | od2fr: 0 | od2lpr: 140 | od2cap: 0 | fr2kr: 0 | lpr2kr: 1000 | cap2udp: 0 | kr2udp: 1 | 
2026-05-03 16:53:33,081 - INFO     - img2od: 0 | od2fr: 0 | od2lpr: 136 | od2cap: 0 | fr2kr: 0 | lpr2kr: 1000 | cap2udp: 0 | kr2udp: 0 | 
2026-05-03 16:53:34,082 - INFO     - img2od: 0 | od2fr: 0 | od2lpr: 133 | od2cap: 0 | fr2kr: 0 | lpr2kr: 1000 | cap2udp: 0 | kr2udp: 1 | 
2026-05-03 16:53:35,083 - INFO     - img2od: 0 | od2fr: 0 | od2lpr: 130 | od2cap: 0 | fr2kr: 0 | lpr2kr: 1000 | cap2udp: 0 | kr2udp: 1 | 
2026-05-03 16:53:36,084 - INFO     - img2od: 0 | od2fr: 0 | od2lpr: 127 | od2cap: 0 | fr2kr: 0 | lpr2kr: 1000 | cap2udp: 0 | kr2udp: 0 | 
2026-05-03 16:53:37,085 - INFO     - img2od: 0 | od2fr: 0 | od2lpr: 124 | od2cap: 0 | fr2kr: 0 | lpr2kr: 1000 | cap2udp: 0 | kr2udp: 1 | 
2026-05-03 16:53:38,086 - INFO     - img2od: 0 | od2fr: 0 | od2lpr: 121 | od2cap: 0 | fr2kr: 0 | lpr2kr: 1000 | cap2udp: 0 | kr2udp: 1 | 
2026-05-03 16:53:39,087 - INFO     - img2od: 0 | od2fr: 0 | od2lpr: 117 | od2cap: 0 | fr2kr: 0 | lpr2kr: 1000 | cap2udp: 0 | kr2udp: 1 | 
2026-05-03 16:53:40,088 - INFO     - img2od: 0 | od2fr: 0 | od2lpr: 114 | od2cap: 0 | fr2kr: 0 | lpr2kr: 1000 | cap2udp: 0 | kr2udp: 0 | 
2026-05-03 16:53:41,089 - INFO     - img2od: 0 | od2fr: 0 | od2lpr: 111 | od2cap: 0 | fr2kr: 0 | lpr2kr: 1000 | cap2udp: 0 | kr2udp: 1 | 
2026-05-03 16:53:42,090 - INFO     - img2od: 0 | od2fr: 0 | od2lpr: 107 | od2cap: 0 | fr2kr: 0 | lpr2kr: 1000 | cap2udp: 0 | kr2udp: 0 | 
2026-05-03 16:53:43,091 - INFO     - img2od: 0 | od2fr: 0 | od2lpr: 104 | od2cap: 0 | fr2kr: 0 | lpr2kr: 1000 | cap2udp: 0 | kr2udp: 1 | 
2026-05-03 16:53:44,092 - INFO     - img2od: 0 | od2fr: 0 | od2lpr: 100 | od2cap: 0 | fr2kr: 0 | lpr2kr: 1000 | cap2udp: 0 | kr2udp: 1 | 
2026-05-03 16:53:45,093 - INFO     - img2od: 0 | od2fr: 0 | od2lpr: 97 | od2cap: 0 | fr2kr: 0 | lpr2kr: 1000 | cap2udp: 0 | kr2udp: 0 | 
2026-05-03 16:53:46,094 - INFO     - img2od: 0 | od2fr: 0 | od2lpr: 94 | od2cap: 0 | fr2kr: 0 | lpr2kr: 1000 | cap2udp: 0 | kr2udp: 1 | 
2026-05-03 16:53:47,095 - INFO     - img2od: 0 | od2fr: 0 | od2lpr: 90 | od2cap: 0 | fr2kr: 0 | lpr2kr: 1000 | cap2udp: 0 | kr2udp: 0 | 
2026-05-03 16:53:48,096 - INFO     - img2od: 0 | od2fr: 0 | od2lpr: 87 | od2cap: 0 | fr2kr: 0 | lpr2kr: 1000 | cap2udp: 0 | kr2udp: 1 | 
2026-05-03 16:53:49,097 - INFO     - img2od: 0 | od2fr: 0 | od2lpr: 84 | od2cap: 0 | fr2kr: 0 | lpr2kr: 1000 | cap2udp: 0 | kr2udp: 1 | 
2026-05-03 16:53:50,098 - INFO     - img2od: 0 | od2fr: 0 | od2lpr: 80 | od2cap: 0 | fr2kr: 0 | lpr2kr: 1000 | cap2udp: 0 | kr2udp: 0 | 
2026-05-03 16:53:51,099 - INFO     - img2od: 0 | od2fr: 0 | od2lpr: 77 | od2cap: 0 | fr2kr: 0 | lpr2kr: 1000 | cap2udp: 0 | kr2udp: 1 | 
2026-05-03 16:53:52,100 - INFO     - img2od: 0 | od2fr: 0 | od2lpr: 73 | od2cap: 0 | fr2kr: 0 | lpr2kr: 1000 | cap2udp: 0 | kr2udp: 1 | 
2026-05-03 16:53:53,101 - INFO     - img2od: 0 | od2fr: 0 | od2lpr: 70 | od2cap: 0 | fr2kr: 0 | lpr2kr: 1000 | cap2udp: 0 | kr2udp: 1 | 
2026-05-03 16:53:54,102 - INFO     - img2od: 0 | od2fr: 0 | od2lpr: 66 | od2cap: 0 | fr2kr: 0 | lpr2kr: 1000 | cap2udp: 0 | kr2udp: 1 | 
2026-05-03 16:53:55,103 - INFO     - img2od: 0 | od2fr: 0 | od2lpr: 63 | od2cap: 0 | fr2kr: 0 | lpr2kr: 1000 | cap2udp: 0 | kr2udp: 0 | 
2026-05-03 16:53:56,104 - INFO     - img2od: 0 | od2fr: 0 | od2lpr: 60 | od2cap: 0 | fr2kr: 0 | lpr2kr: 1000 | cap2udp: 0 | kr2udp: 1 | 
2026-05-03 16:53:57,105 - INFO     - img2od: 0 | od2fr: 0 | od2lpr: 57 | od2cap: 0 | fr2kr: 0 | lpr2kr: 1000 | cap2udp: 0 | kr2udp: 1 | 
2026-05-03 16:53:58,106 - INFO     - img2od: 0 | od2fr: 0 | od2lpr: 53 | od2cap: 0 | fr2kr: 0 | lpr2kr: 1000 | cap2udp: 0 | kr2udp: 0 | 
2026-05-03 16:53:59,107 - INFO     - img2od: 0 | od2fr: 0 | od2lpr: 51 | od2cap: 0 | fr2kr: 0 | lpr2kr: 1000 | cap2udp: 0 | kr2udp: 1 | 
2026-05-03 16:54:00,108 - INFO     - img2od: 0 | od2fr: 0 | od2lpr: 48 | od2cap: 0 | fr2kr: 0 | lpr2kr: 1000 | cap2udp: 0 | kr2udp: 1 | 
2026-05-03 16:54:01,109 - INFO     - img2od: 0 | od2fr: 0 | od2lpr: 45 | od2cap: 0 | fr2kr: 0 | lpr2kr: 1000 | cap2udp: 0 | kr2udp: 1 | 
2026-05-03 16:54:02,110 - INFO     - img2od: 0 | od2fr: 0 | od2lpr: 42 | od2cap: 0 | fr2kr: 0 | lpr2kr: 1000 | cap2udp: 0 | kr2udp: 1 | 
2026-05-03 16:54:03,111 - INFO     - img2od: 0 | od2fr: 0 | od2lpr: 39 | od2cap: 0 | fr2kr: 0 | lpr2kr: 1000 | cap2udp: 0 | kr2udp: 1 | 
2026-05-03 16:54:04,112 - INFO     - img2od: 0 | od2fr: 0 | od2lpr: 36 | od2cap: 0 | fr2kr: 0 | lpr2kr: 1000 | cap2udp: 0 | kr2udp: 1 | 
2026-05-03 16:54:05,113 - INFO     - img2od: 0 | od2fr: 0 | od2lpr: 33 | od2cap: 0 | fr2kr: 0 | lpr2kr: 1000 | cap2udp: 0 | kr2udp: 1 | 
2026-05-03 16:54:06,114 - INFO     - img2od: 0 | od2fr: 0 | od2lpr: 29 | od2cap: 0 | fr2kr: 0 | lpr2kr: 1000 | cap2udp: 0 | kr2udp: 1 | 
2026-05-03 16:54:07,115 - INFO     - img2od: 0 | od2fr: 0 | od2lpr: 27 | od2cap: 0 | fr2kr: 0 | lpr2kr: 1000 | cap2udp: 0 | kr2udp: 1 | 
2026-05-03 16:54:08,116 - INFO     - img2od: 0 | od2fr: 0 | od2lpr: 23 | od2cap: 0 | fr2kr: 0 | lpr2kr: 1000 | cap2udp: 0 | kr2udp: 0 | 
2026-05-03 16:54:09,117 - INFO     - img2od: 0 | od2fr: 0 | od2lpr: 20 | od2cap: 0 | fr2kr: 0 | lpr2kr: 1000 | cap2udp: 0 | kr2udp: 0 | 
2026-05-03 16:54:10,118 - INFO     - img2od: 0 | od2fr: 0 | od2lpr: 17 | od2cap: 0 | fr2kr: 0 | lpr2kr: 1000 | cap2udp: 0 | kr2udp: 1 | 
2026-05-03 16:54:11,119 - INFO     - img2od: 0 | od2fr: 0 | od2lpr: 14 | od2cap: 0 | fr2kr: 0 | lpr2kr: 1000 | cap2udp: 0 | kr2udp: 1 | 
2026-05-03 16:54:12,120 - INFO     - img2od: 0 | od2fr: 0 | od2lpr: 11 | od2cap: 0 | fr2kr: 0 | lpr2kr: 1000 | cap2udp: 0 | kr2udp: 0 | 
2026-05-03 16:54:13,121 - INFO     - img2od: 0 | od2fr: 0 | od2lpr: 8 | od2cap: 0 | fr2kr: 0 | lpr2kr: 1000 | cap2udp: 0 | kr2udp: 1 | 
loading model on device: cuda
Initializing checkpoint: PekingU/rtdetr_r50vd, ID: 0
2026-05-03 16:54:14,122 - INFO     - img2od: 0 | od2fr: 0 | od2lpr: 5 | od2cap: 0 | fr2kr: 0 | lpr2kr: 1000 | cap2udp: 0 | kr2udp: 1 | 
2026-05-03 16:54:15,123 - INFO     - img2od: 0 | od2fr: 0 | od2lpr: 2 | od2cap: 0 | fr2kr: 0 | lpr2kr: 1000 | cap2udp: 0 | kr2udp: 1 | 
2026-05-03 16:54:15,362 - INFO     - lprStream    : Received END signal, shutting down
2026-05-03 16:54:15,782 - INFO     - lprStream    : shutdown successful
2026-05-03 16:54:16,124 - INFO     - img2od: 0 | od2fr: 0 | od2lpr: 0 | od2cap: 0 | fr2kr: 0 | lpr2kr: 999 | cap2udp: 0 | kr2udp: 0 | 
2026-05-03 16:54:17,125 - INFO     - img2od: 0 | od2fr: 0 | od2lpr: 0 | od2cap: 0 | fr2kr: 0 | lpr2kr: 996 | cap2udp: 0 | kr2udp: 0 | 
2026-05-03 16:54:18,126 - INFO     - img2od: 0 | od2fr: 0 | od2lpr: 0 | od2cap: 0 | fr2kr: 0 | lpr2kr: 993 | cap2udp: 0 | kr2udp: 1 | 
2026-05-03 16:54:19,127 - INFO     - img2od: 0 | od2fr: 0 | od2lpr: 0 | od2cap: 0 | fr2kr: 0 | lpr2kr: 990 | cap2udp: 0 | kr2udp: 1 | 
2026-05-03 16:54:20,128 - INFO     - img2od: 0 | od2fr: 0 | od2lpr: 0 | od2cap: 0 | fr2kr: 0 | lpr2kr: 987 | cap2udp: 0 | kr2udp: 1 | 
2026-05-03 16:54:21,129 - INFO     - img2od: 0 | od2fr: 0 | od2lpr: 0 | od2cap: 0 | fr2kr: 0 | lpr2kr: 984 | cap2udp: 0 | kr2udp: 1 | 
2026-05-03 16:54:22,130 - INFO     - img2od: 0 | od2fr: 0 | od2lpr: 0 | od2cap: 0 | fr2kr: 0 | lpr2kr: 981 | cap2udp: 0 | kr2udp: 1 | 
2026-05-03 16:54:23,131 - INFO     - img2od: 0 | od2fr: 0 | od2lpr: 0 | od2cap: 0 | fr2kr: 0 | lpr2kr: 977 | cap2udp: 0 | kr2udp: 1 | 
2026-05-03 16:54:24,131 - INFO     - img2od: 0 | od2fr: 0 | od2lpr: 0 | od2cap: 0 | fr2kr: 0 | lpr2kr: 974 | cap2udp: 0 | kr2udp: 0 | 
2026-05-03 16:54:25,133 - INFO     - img2od: 0 | od2fr: 0 | od2lpr: 0 | od2cap: 0 | fr2kr: 0 | lpr2kr: 971 | cap2udp: 0 | kr2udp: 0 | 
2026-05-03 16:54:26,134 - INFO     - img2od: 0 | od2fr: 0 | od2lpr: 0 | od2cap: 0 | fr2kr: 0 | lpr2kr: 968 | cap2udp: 0 | kr2udp: 0 | 
2026-05-03 16:54:27,135 - INFO     - img2od: 0 | od2fr: 0 | od2lpr: 0 | od2cap: 0 | fr2kr: 0 | lpr2kr: 965 | cap2udp: 0 | kr2udp: 0 | 
2026-05-03 16:54:28,136 - INFO     - img2od: 0 | od2fr: 0 | od2lpr: 0 | od2cap: 0 | fr2kr: 0 | lpr2kr: 962 | cap2udp: 0 | kr2udp: 1 | 
2026-05-03 16:54:29,138 - INFO     - img2od: 0 | od2fr: 0 | od2lpr: 0 | od2cap: 0 | fr2kr: 0 | lpr2kr: 959 | cap2udp: 0 | kr2udp: 1 | 
2026-05-03 16:54:30,139 - INFO     - img2od: 0 | od2fr: 0 | od2lpr: 0 | od2cap: 0 | fr2kr: 0 | lpr2kr: 956 | cap2udp: 0 | kr2udp: 1 | 
2026-05-03 16:54:31,140 - INFO     - img2od: 0 | od2fr: 0 | od2lpr: 0 | od2cap: 0 | fr2kr: 0 | lpr2kr: 953 | cap2udp: 0 | kr2udp: 1 | 
2026-05-03 16:54:32,141 - INFO     - img2od: 0 | od2fr: 0 | od2lpr: 0 | od2cap: 0 | fr2kr: 0 | lpr2kr: 950 | cap2udp: 0 | kr2udp: 1 | 
2026-05-03 16:54:33,143 - INFO     - img2od: 0 | od2fr: 0 | od2lpr: 0 | od2cap: 0 | fr2kr: 0 | lpr2kr: 946 | cap2udp: 0 | kr2udp: 1 | 
2026-05-03 16:54:34,144 - INFO     - img2od: 0 | od2fr: 0 | od2lpr: 0 | od2cap: 0 | fr2kr: 0 | lpr2kr: 943 | cap2udp: 0 | kr2udp: 0 | 
2026-05-03 16:54:35,145 - INFO     - img2od: 0 | od2fr: 0 | od2lpr: 0 | od2cap: 0 | fr2kr: 0 | lpr2kr: 940 | cap2udp: 0 | kr2udp: 0 | 
2026-05-03 16:54:36,146 - INFO     - img2od: 0 | od2fr: 0 | od2lpr: 0 | od2cap: 0 | fr2kr: 0 | lpr2kr: 937 | cap2udp: 0 | kr2udp: 0 | 
2026-05-03 16:54:37,147 - INFO     - img2od: 0 | od2fr: 0 | od2lpr: 0 | od2cap: 0 | fr2kr: 0 | lpr2kr: 934 | cap2udp: 0 | kr2udp: 0 | 
2026-05-03 16:54:38,149 - INFO     - img2od: 0 | od2fr: 0 | od2lpr: 0 | od2cap: 0 | fr2kr: 0 | lpr2kr: 931 | cap2udp: 0 | kr2udp: 0 | 
2026-05-03 16:54:39,150 - INFO     - img2od: 0 | od2fr: 0 | od2lpr: 0 | od2cap: 0 | fr2kr: 0 | lpr2kr: 928 | cap2udp: 0 | kr2udp: 1 | 
2026-05-03 16:54:40,151 - INFO     - img2od: 0 | od2fr: 0 | od2lpr: 0 | od2cap: 0 | fr2kr: 0 | lpr2kr: 925 | cap2udp: 0 | kr2udp: 1 | 
2026-05-03 16:54:41,152 - INFO     - img2od: 0 | od2fr: 0 | od2lpr: 0 | od2cap: 0 | fr2kr: 0 | lpr2kr: 922 | cap2udp: 0 | kr2udp: 1 | 
2026-05-03 16:54:42,154 - INFO     - img2od: 0 | od2fr: 0 | od2lpr: 0 | od2cap: 0 | fr2kr: 0 | lpr2kr: 919 | cap2udp: 0 | kr2udp: 1 | 
2026-05-03 16:54:43,155 - INFO     - img2od: 0 | od2fr: 0 | od2lpr: 0 | od2cap: 0 | fr2kr: 0 | lpr2kr: 916 | cap2udp: 0 | kr2udp: 1 | 
2026-05-03 16:54:44,156 - INFO     - img2od: 0 | od2fr: 0 | od2lpr: 0 | od2cap: 0 | fr2kr: 0 | lpr2kr: 912 | cap2udp: 0 | kr2udp: 0 | 
2026-05-03 16:54:45,157 - INFO     - img2od: 0 | od2fr: 0 | od2lpr: 0 | od2cap: 0 | fr2kr: 0 | lpr2kr: 909 | cap2udp: 0 | kr2udp: 0 | 
2026-05-03 16:54:46,158 - INFO     - img2od: 0 | od2fr: 0 | od2lpr: 0 | od2cap: 0 | fr2kr: 0 | lpr2kr: 906 | cap2udp: 0 | kr2udp: 0 | 
2026-05-03 16:54:47,159 - INFO     - img2od: 0 | od2fr: 0 | od2lpr: 0 | od2cap: 0 | fr2kr: 0 | lpr2kr: 903 | cap2udp: 0 | kr2udp: 0 | 
2026-05-03 16:54:48,160 - INFO     - img2od: 0 | od2fr: 0 | od2lpr: 0 | od2cap: 0 | fr2kr: 0 | lpr2kr: 900 | cap2udp: 0 | kr2udp: 0 | 
2026-05-03 16:54:49,161 - INFO     - img2od: 0 | od2fr: 0 | od2lpr: 0 | od2cap: 0 | fr2kr: 0 | lpr2kr: 897 | cap2udp: 0 | kr2udp: 1 | 
2026-05-03 16:54:50,163 - INFO     - img2od: 0 | od2fr: 0 | od2lpr: 0 | od2cap: 0 | fr2kr: 0 | lpr2kr: 894 | cap2udp: 0 | kr2udp: 1 | 
2026-05-03 16:54:51,164 - INFO     - img2od: 0 | od2fr: 0 | od2lpr: 0 | od2cap: 0 | fr2kr: 0 | lpr2kr: 891 | cap2udp: 0 | kr2udp: 1 | 
2026-05-03 16:54:52,164 - INFO     - img2od: 0 | od2fr: 0 | od2lpr: 0 | od2cap: 0 | fr2kr: 0 | lpr2kr: 888 | cap2udp: 0 | kr2udp: 1 | 
2026-05-03 16:54:53,165 - INFO     - img2od: 0 | od2fr: 0 | od2lpr: 0 | od2cap: 0 | fr2kr: 0 | lpr2kr: 885 | cap2udp: 0 | kr2udp: 1 | 
2026-05-03 16:54:54,166 - INFO     - img2od: 0 | od2fr: 0 | od2lpr: 0 | od2cap: 0 | fr2kr: 0 | lpr2kr: 881 | cap2udp: 0 | kr2udp: 1 | 
2026-05-03 16:54:55,168 - INFO     - img2od: 0 | od2fr: 0 | od2lpr: 0 | od2cap: 0 | fr2kr: 0 | lpr2kr: 878 | cap2udp: 0 | kr2udp: 0 | 
2026-05-03 16:54:56,169 - INFO     - img2od: 0 | od2fr: 0 | od2lpr: 0 | od2cap: 0 | fr2kr: 0 | lpr2kr: 875 | cap2udp: 0 | kr2udp: 0 | 
2026-05-03 16:54:57,170 - INFO     - img2od: 0 | od2fr: 0 | od2lpr: 0 | od2cap: 0 | fr2kr: 0 | lpr2kr: 872 | cap2udp: 0 | kr2udp: 0 | 
2026-05-03 16:54:58,171 - INFO     - img2od: 0 | od2fr: 0 | od2lpr: 0 | od2cap: 0 | fr2kr: 0 | lpr2kr: 869 | cap2udp: 0 | kr2udp: 0 | 
2026-05-03 16:54:59,173 - INFO     - img2od: 0 | od2fr: 0 | od2lpr: 0 | od2cap: 0 | fr2kr: 0 | lpr2kr: 866 | cap2udp: 0 | kr2udp: 0 | 
2026-05-03 16:55:00,174 - INFO     - img2od: 0 | od2fr: 0 | od2lpr: 0 | od2cap: 0 | fr2kr: 0 | lpr2kr: 863 | cap2udp: 0 | kr2udp: 1 | 
2026-05-03 16:55:01,175 - INFO     - img2od: 0 | od2fr: 0 | od2lpr: 0 | od2cap: 0 | fr2kr: 0 | lpr2kr: 860 | cap2udp: 0 | kr2udp: 1 | 
2026-05-03 16:55:02,176 - INFO     - img2od: 0 | od2fr: 0 | od2lpr: 0 | od2cap: 0 | fr2kr: 0 | lpr2kr: 857 | cap2udp: 0 | kr2udp: 1 | 
2026-05-03 16:55:03,177 - INFO     - img2od: 0 | od2fr: 0 | od2lpr: 0 | od2cap: 0 | fr2kr: 0 | lpr2kr: 854 | cap2udp: 0 | kr2udp: 1 | 
2026-05-03 16:55:04,178 - INFO     - img2od: 0 | od2fr: 0 | od2lpr: 0 | od2cap: 0 | fr2kr: 0 | lpr2kr: 851 | cap2udp: 0 | kr2udp: 1 | 
2026-05-03 16:55:05,180 - INFO     - img2od: 0 | od2fr: 0 | od2lpr: 0 | od2cap: 0 | fr2kr: 0 | lpr2kr: 847 | cap2udp: 0 | kr2udp: 0 | 
2026-05-03 16:55:06,181 - INFO     - img2od: 0 | od2fr: 0 | od2lpr: 0 | od2cap: 0 | fr2kr: 0 | lpr2kr: 844 | cap2udp: 0 | kr2udp: 0 | 
2026-05-03 16:55:07,182 - INFO     - img2od: 0 | od2fr: 0 | od2lpr: 0 | od2cap: 0 | fr2kr: 0 | lpr2kr: 841 | cap2udp: 0 | kr2udp: 0 | 
2026-05-03 16:55:08,183 - INFO     - img2od: 0 | od2fr: 0 | od2lpr: 0 | od2cap: 0 | fr2kr: 0 | lpr2kr: 838 | cap2udp: 0 | kr2udp: 0 | 
2026-05-03 16:55:09,184 - INFO     - img2od: 0 | od2fr: 0 | od2lpr: 0 | od2cap: 0 | fr2kr: 0 | lpr2kr: 835 | cap2udp: 0 | kr2udp: 0 | 
2026-05-03 16:55:10,185 - INFO     - img2od: 0 | od2fr: 0 | od2lpr: 0 | od2cap: 0 | fr2kr: 0 | lpr2kr: 832 | cap2udp: 0 | kr2udp: 1 | 
2026-05-03 16:55:11,187 - INFO     - img2od: 0 | od2fr: 0 | od2lpr: 0 | od2cap: 0 | fr2kr: 0 | lpr2kr: 829 | cap2udp: 0 | kr2udp: 1 | 
2026-05-03 16:55:12,188 - INFO     - img2od: 0 | od2fr: 0 | od2lpr: 0 | od2cap: 0 | fr2kr: 0 | lpr2kr: 826 | cap2udp: 0 | kr2udp: 1 | 
2026-05-03 16:55:13,189 - INFO     - img2od: 0 | od2fr: 0 | od2lpr: 0 | od2cap: 0 | fr2kr: 0 | lpr2kr: 823 | cap2udp: 0 | kr2udp: 1 | 
2026-05-03 16:55:14,190 - INFO     - img2od: 0 | od2fr: 0 | od2lpr: 0 | od2cap: 0 | fr2kr: 0 | lpr2kr: 820 | cap2udp: 0 | kr2udp: 1 | 
2026-05-03 16:55:15,192 - INFO     - img2od: 0 | od2fr: 0 | od2lpr: 0 | od2cap: 0 | fr2kr: 0 | lpr2kr: 817 | cap2udp: 0 | kr2udp: 1 | 
2026-05-03 16:55:16,193 - INFO     - img2od: 0 | od2fr: 0 | od2lpr: 0 | od2cap: 0 | fr2kr: 0 | lpr2kr: 813 | cap2udp: 0 | kr2udp: 0 | 
2026-05-03 16:55:17,194 - INFO     - img2od: 0 | od2fr: 0 | od2lpr: 0 | od2cap: 0 | fr2kr: 0 | lpr2kr: 810 | cap2udp: 0 | kr2udp: 0 | 
2026-05-03 16:55:18,195 - INFO     - img2od: 0 | od2fr: 0 | od2lpr: 0 | od2cap: 0 | fr2kr: 0 | lpr2kr: 807 | cap2udp: 0 | kr2udp: 0 | 
2026-05-03 16:55:19,196 - INFO     - img2od: 0 | od2fr: 0 | od2lpr: 0 | od2cap: 0 | fr2kr: 0 | lpr2kr: 804 | cap2udp: 0 | kr2udp: 0 | 
2026-05-03 16:55:20,198 - INFO     - img2od: 0 | od2fr: 0 | od2lpr: 0 | od2cap: 0 | fr2kr: 0 | lpr2kr: 801 | cap2udp: 0 | kr2udp: 0 | 
2026-05-03 16:55:21,199 - INFO     - img2od: 0 | od2fr: 0 | od2lpr: 0 | od2cap: 0 | fr2kr: 0 | lpr2kr: 798 | cap2udp: 0 | kr2udp: 1 | 
2026-05-03 16:55:22,200 - INFO     - img2od: 0 | od2fr: 0 | od2lpr: 0 | od2cap: 0 | fr2kr: 0 | lpr2kr: 795 | cap2udp: 0 | kr2udp: 1 | 
2026-05-03 16:55:23,201 - INFO     - img2od: 0 | od2fr: 0 | od2lpr: 0 | od2cap: 0 | fr2kr: 0 | lpr2kr: 792 | cap2udp: 0 | kr2udp: 1 | 
2026-05-03 16:55:24,203 - INFO     - img2od: 0 | od2fr: 0 | od2lpr: 0 | od2cap: 0 | fr2kr: 0 | lpr2kr: 789 | cap2udp: 0 | kr2udp: 1 | 
2026-05-03 16:55:25,204 - INFO     - img2od: 0 | od2fr: 0 | od2lpr: 0 | od2cap: 0 | fr2kr: 0 | lpr2kr: 786 | cap2udp: 0 | kr2udp: 1 | 
2026-05-03 16:55:26,205 - INFO     - img2od: 0 | od2fr: 0 | od2lpr: 0 | od2cap: 0 | fr2kr: 0 | lpr2kr: 782 | cap2udp: 0 | kr2udp: 1 | 
2026-05-03 16:55:27,206 - INFO     - img2od: 0 | od2fr: 0 | od2lpr: 0 | od2cap: 0 | fr2kr: 0 | lpr2kr: 779 | cap2udp: 0 | kr2udp: 0 | 
2026-05-03 16:55:28,208 - INFO     - img2od: 0 | od2fr: 0 | od2lpr: 0 | od2cap: 0 | fr2kr: 0 | lpr2kr: 776 | cap2udp: 0 | kr2udp: 0 | 
2026-05-03 16:55:29,209 - INFO     - img2od: 0 | od2fr: 0 | od2lpr: 0 | od2cap: 0 | fr2kr: 0 | lpr2kr: 773 | cap2udp: 0 | kr2udp: 0 | 
2026-05-03 16:55:30,210 - INFO     - img2od: 0 | od2fr: 0 | od2lpr: 0 | od2cap: 0 | fr2kr: 0 | lpr2kr: 770 | cap2udp: 0 | kr2udp: 0 | 
2026-05-03 16:55:31,211 - INFO     - img2od: 0 | od2fr: 0 | od2lpr: 0 | od2cap: 0 | fr2kr: 0 | lpr2kr: 767 | cap2udp: 0 | kr2udp: 0 | 
2026-05-03 16:55:32,213 - INFO     - img2od: 0 | od2fr: 0 | od2lpr: 0 | od2cap: 0 | fr2kr: 0 | lpr2kr: 764 | cap2udp: 0 | kr2udp: 1 | 
2026-05-03 16:55:33,214 - INFO     - img2od: 0 | od2fr: 0 | od2lpr: 0 | od2cap: 0 | fr2kr: 0 | lpr2kr: 761 | cap2udp: 0 | kr2udp: 1 | 
2026-05-03 16:55:34,215 - INFO     - img2od: 0 | od2fr: 0 | od2lpr: 0 | od2cap: 0 | fr2kr: 0 | lpr2kr: 758 | cap2udp: 0 | kr2udp: 1 | 
2026-05-03 16:55:35,216 - INFO     - img2od: 0 | od2fr: 0 | od2lpr: 0 | od2cap: 0 | fr2kr: 0 | lpr2kr: 755 | cap2udp: 0 | kr2udp: 1 | 
2026-05-03 16:55:36,217 - INFO     - img2od: 0 | od2fr: 0 | od2lpr: 0 | od2cap: 0 | fr2kr: 0 | lpr2kr: 752 | cap2udp: 0 | kr2udp: 1 | 
2026-05-03 16:55:37,218 - INFO     - img2od: 0 | od2fr: 0 | od2lpr: 0 | od2cap: 0 | fr2kr: 0 | lpr2kr: 748 | cap2udp: 0 | kr2udp: 1 | 
2026-05-03 16:55:38,219 - INFO     - img2od: 0 | od2fr: 0 | od2lpr: 0 | od2cap: 0 | fr2kr: 0 | lpr2kr: 745 | cap2udp: 0 | kr2udp: 0 | 
2026-05-03 16:55:39,221 - INFO     - img2od: 0 | od2fr: 0 | od2lpr: 0 | od2cap: 0 | fr2kr: 0 | lpr2kr: 742 | cap2udp: 0 | kr2udp: 0 | 
2026-05-03 16:55:40,222 - INFO     - img2od: 0 | od2fr: 0 | od2lpr: 0 | od2cap: 0 | fr2kr: 0 | lpr2kr: 739 | cap2udp: 0 | kr2udp: 0 | 
2026-05-03 16:55:41,223 - INFO     - img2od: 0 | od2fr: 0 | od2lpr: 0 | od2cap: 0 | fr2kr: 0 | lpr2kr: 736 | cap2udp: 0 | kr2udp: 0 | 
2026-05-03 16:55:42,224 - INFO     - img2od: 0 | od2fr: 0 | od2lpr: 0 | od2cap: 0 | fr2kr: 0 | lpr2kr: 733 | cap2udp: 0 | kr2udp: 1 | 
2026-05-03 16:55:43,225 - INFO     - img2od: 0 | od2fr: 0 | od2lpr: 0 | od2cap: 0 | fr2kr: 0 | lpr2kr: 730 | cap2udp: 0 | kr2udp: 1 | 
2026-05-03 16:55:44,227 - INFO     - img2od: 0 | od2fr: 0 | od2lpr: 0 | od2cap: 0 | fr2kr: 0 | lpr2kr: 727 | cap2udp: 0 | kr2udp: 1 | 
2026-05-03 16:55:45,228 - INFO     - img2od: 0 | od2fr: 0 | od2lpr: 0 | od2cap: 0 | fr2kr: 0 | lpr2kr: 724 | cap2udp: 0 | kr2udp: 1 | 
2026-05-03 16:55:46,229 - INFO     - img2od: 0 | od2fr: 0 | od2lpr: 0 | od2cap: 0 | fr2kr: 0 | lpr2kr: 721 | cap2udp: 0 | kr2udp: 1 | 
2026-05-03 16:55:47,230 - INFO     - img2od: 0 | od2fr: 0 | od2lpr: 0 | od2cap: 0 | fr2kr: 0 | lpr2kr: 717 | cap2udp: 0 | kr2udp: 1 | 
2026-05-03 16:55:48,232 - INFO     - img2od: 0 | od2fr: 0 | od2lpr: 0 | od2cap: 0 | fr2kr: 0 | lpr2kr: 714 | cap2udp: 0 | kr2udp: 1 | 
2026-05-03 16:55:49,233 - INFO     - img2od: 0 | od2fr: 0 | od2lpr: 0 | od2cap: 0 | fr2kr: 0 | lpr2kr: 711 | cap2udp: 0 | kr2udp: 0 | 
2026-05-03 16:55:50,234 - INFO     - img2od: 0 | od2fr: 0 | od2lpr: 0 | od2cap: 0 | fr2kr: 0 | lpr2kr: 708 | cap2udp: 0 | kr2udp: 0 | 
2026-05-03 16:55:51,235 - INFO     - img2od: 0 | od2fr: 0 | od2lpr: 0 | od2cap: 0 | fr2kr: 0 | lpr2kr: 705 | cap2udp: 0 | kr2udp: 0 | 
2026-05-03 16:55:52,236 - INFO     - img2od: 0 | od2fr: 0 | od2lpr: 0 | od2cap: 0 | fr2kr: 0 | lpr2kr: 702 | cap2udp: 0 | kr2udp: 0 | 
2026-05-03 16:55:53,238 - INFO     - img2od: 0 | od2fr: 0 | od2lpr: 0 | od2cap: 0 | fr2kr: 0 | lpr2kr: 699 | cap2udp: 0 | kr2udp: 1 | 
2026-05-03 16:55:54,239 - INFO     - img2od: 0 | od2fr: 0 | od2lpr: 0 | od2cap: 0 | fr2kr: 0 | lpr2kr: 696 | cap2udp: 0 | kr2udp: 1 | 
2026-05-03 16:55:55,240 - INFO     - img2od: 0 | od2fr: 0 | od2lpr: 0 | od2cap: 0 | fr2kr: 0 | lpr2kr: 693 | cap2udp: 0 | kr2udp: 1 | 
2026-05-03 16:55:56,241 - INFO     - img2od: 0 | od2fr: 0 | od2lpr: 0 | od2cap: 0 | fr2kr: 0 | lpr2kr: 690 | cap2udp: 0 | kr2udp: 1 | 
2026-05-03 16:55:57,243 - INFO     - img2od: 0 | od2fr: 0 | od2lpr: 0 | od2cap: 0 | fr2kr: 0 | lpr2kr: 687 | cap2udp: 0 | kr2udp: 1 | 
2026-05-03 16:55:58,244 - INFO     - img2od: 0 | od2fr: 0 | od2lpr: 0 | od2cap: 0 | fr2kr: 0 | lpr2kr: 683 | cap2udp: 0 | kr2udp: 1 | 
2026-05-03 16:55:59,245 - INFO     - img2od: 0 | od2fr: 0 | od2lpr: 0 | od2cap: 0 | fr2kr: 0 | lpr2kr: 680 | cap2udp: 0 | kr2udp: 1 | 
2026-05-03 16:56:00,246 - INFO     - img2od: 0 | od2fr: 0 | od2lpr: 0 | od2cap: 0 | fr2kr: 0 | lpr2kr: 677 | cap2udp: 0 | kr2udp: 1 | 
2026-05-03 16:56:01,247 - INFO     - img2od: 0 | od2fr: 0 | od2lpr: 0 | od2cap: 0 | fr2kr: 0 | lpr2kr: 674 | cap2udp: 0 | kr2udp: 0 | 
2026-05-03 16:56:02,248 - INFO     - img2od: 0 | od2fr: 0 | od2lpr: 0 | od2cap: 0 | fr2kr: 0 | lpr2kr: 671 | cap2udp: 0 | kr2udp: 0 | 
2026-05-03 16:56:03,249 - INFO     - img2od: 0 | od2fr: 0 | od2lpr: 0 | od2cap: 0 | fr2kr: 0 | lpr2kr: 668 | cap2udp: 0 | kr2udp: 1 | 
2026-05-03 16:56:04,250 - INFO     - img2od: 0 | od2fr: 0 | od2lpr: 0 | od2cap: 0 | fr2kr: 0 | lpr2kr: 665 | cap2udp: 0 | kr2udp: 1 | 
2026-05-03 16:56:05,252 - INFO     - img2od: 0 | od2fr: 0 | od2lpr: 0 | od2cap: 0 | fr2kr: 0 | lpr2kr: 662 | cap2udp: 0 | kr2udp: 1 | 
2026-05-03 16:56:06,253 - INFO     - img2od: 0 | od2fr: 0 | od2lpr: 0 | od2cap: 0 | fr2kr: 0 | lpr2kr: 659 | cap2udp: 0 | kr2udp: 1 | 
2026-05-03 16:56:07,254 - INFO     - img2od: 0 | od2fr: 0 | od2lpr: 0 | od2cap: 0 | fr2kr: 0 | lpr2kr: 656 | cap2udp: 0 | kr2udp: 1 | 
2026-05-03 16:56:08,255 - INFO     - img2od: 0 | od2fr: 0 | od2lpr: 0 | od2cap: 0 | fr2kr: 0 | lpr2kr: 653 | cap2udp: 0 | kr2udp: 1 | 
2026-05-03 16:56:09,257 - INFO     - img2od: 0 | od2fr: 0 | od2lpr: 0 | od2cap: 0 | fr2kr: 0 | lpr2kr: 649 | cap2udp: 0 | kr2udp: 1 | 
2026-05-03 16:56:10,258 - INFO     - img2od: 0 | od2fr: 0 | od2lpr: 0 | od2cap: 0 | fr2kr: 0 | lpr2kr: 646 | cap2udp: 0 | kr2udp: 1 | 
2026-05-03 16:56:11,259 - INFO     - img2od: 0 | od2fr: 0 | od2lpr: 0 | od2cap: 0 | fr2kr: 0 | lpr2kr: 643 | cap2udp: 0 | kr2udp: 1 | 
2026-05-03 16:56:12,260 - INFO     - img2od: 0 | od2fr: 0 | od2lpr: 0 | od2cap: 0 | fr2kr: 0 | lpr2kr: 640 | cap2udp: 0 | kr2udp: 0 | 
2026-05-03 16:56:13,261 - INFO     - img2od: 0 | od2fr: 0 | od2lpr: 0 | od2cap: 0 | fr2kr: 0 | lpr2kr: 637 | cap2udp: 0 | kr2udp: 0 | 
2026-05-03 16:56:14,262 - INFO     - img2od: 0 | od2fr: 0 | od2lpr: 0 | od2cap: 0 | fr2kr: 0 | lpr2kr: 634 | cap2udp: 0 | kr2udp: 1 | 
2026-05-03 16:56:15,263 - INFO     - img2od: 0 | od2fr: 0 | od2lpr: 0 | od2cap: 0 | fr2kr: 0 | lpr2kr: 631 | cap2udp: 0 | kr2udp: 1 | 
2026-05-03 16:56:16,264 - INFO     - img2od: 0 | od2fr: 0 | od2lpr: 0 | od2cap: 0 | fr2kr: 0 | lpr2kr: 628 | cap2udp: 0 | kr2udp: 1 | 
2026-05-03 16:56:17,266 - INFO     - img2od: 0 | od2fr: 0 | od2lpr: 0 | od2cap: 0 | fr2kr: 0 | lpr2kr: 625 | cap2udp: 0 | kr2udp: 1 | 
2026-05-03 16:56:18,267 - INFO     - img2od: 0 | od2fr: 0 | od2lpr: 0 | od2cap: 0 | fr2kr: 0 | lpr2kr: 622 | cap2udp: 0 | kr2udp: 1 | 
2026-05-03 16:56:19,268 - INFO     - img2od: 0 | od2fr: 0 | od2lpr: 0 | od2cap: 0 | fr2kr: 0 | lpr2kr: 618 | cap2udp: 0 | kr2udp: 1 | 
2026-05-03 16:56:20,269 - INFO     - img2od: 0 | od2fr: 0 | od2lpr: 0 | od2cap: 0 | fr2kr: 0 | lpr2kr: 615 | cap2udp: 0 | kr2udp: 1 | 
2026-05-03 16:56:21,271 - INFO     - img2od: 0 | od2fr: 0 | od2lpr: 0 | od2cap: 0 | fr2kr: 0 | lpr2kr: 612 | cap2udp: 0 | kr2udp: 1 | 
2026-05-03 16:56:22,272 - INFO     - img2od: 0 | od2fr: 0 | od2lpr: 0 | od2cap: 0 | fr2kr: 0 | lpr2kr: 609 | cap2udp: 0 | kr2udp: 1 | 
2026-05-03 16:56:23,273 - INFO     - img2od: 0 | od2fr: 0 | od2lpr: 0 | od2cap: 0 | fr2kr: 0 | lpr2kr: 606 | cap2udp: 0 | kr2udp: 0 | 
2026-05-03 16:56:24,274 - INFO     - img2od: 0 | od2fr: 0 | od2lpr: 0 | od2cap: 0 | fr2kr: 0 | lpr2kr: 603 | cap2udp: 0 | kr2udp: 0 | 
2026-05-03 16:56:25,276 - INFO     - img2od: 0 | od2fr: 0 | od2lpr: 0 | od2cap: 0 | fr2kr: 0 | lpr2kr: 600 | cap2udp: 0 | kr2udp: 1 | 
2026-05-03 16:56:26,277 - INFO     - img2od: 0 | od2fr: 0 | od2lpr: 0 | od2cap: 0 | fr2kr: 0 | lpr2kr: 597 | cap2udp: 0 | kr2udp: 1 | 
2026-05-03 16:56:27,278 - INFO     - img2od: 0 | od2fr: 0 | od2lpr: 0 | od2cap: 0 | fr2kr: 0 | lpr2kr: 594 | cap2udp: 0 | kr2udp: 1 | 
2026-05-03 16:56:28,279 - INFO     - img2od: 0 | od2fr: 0 | od2lpr: 0 | od2cap: 0 | fr2kr: 0 | lpr2kr: 591 | cap2udp: 0 | kr2udp: 1 | 
2026-05-03 16:56:29,280 - INFO     - img2od: 0 | od2fr: 0 | od2lpr: 0 | od2cap: 0 | fr2kr: 0 | lpr2kr: 588 | cap2udp: 0 | kr2udp: 1 | 
2026-05-03 16:56:30,282 - INFO     - img2od: 0 | od2fr: 0 | od2lpr: 0 | od2cap: 0 | fr2kr: 0 | lpr2kr: 584 | cap2udp: 0 | kr2udp: 1 | 
2026-05-03 16:56:31,283 - INFO     - img2od: 0 | od2fr: 0 | od2lpr: 0 | od2cap: 0 | fr2kr: 0 | lpr2kr: 581 | cap2udp: 0 | kr2udp: 1 | 
2026-05-03 16:56:32,284 - INFO     - img2od: 0 | od2fr: 0 | od2lpr: 0 | od2cap: 0 | fr2kr: 0 | lpr2kr: 578 | cap2udp: 0 | kr2udp: 1 | 
2026-05-03 16:56:33,285 - INFO     - img2od: 0 | od2fr: 0 | od2lpr: 0 | od2cap: 0 | fr2kr: 0 | lpr2kr: 575 | cap2udp: 0 | kr2udp: 1 | 
2026-05-03 16:56:34,286 - INFO     - img2od: 0 | od2fr: 0 | od2lpr: 0 | od2cap: 0 | fr2kr: 0 | lpr2kr: 572 | cap2udp: 0 | kr2udp: 0 | 
2026-05-03 16:56:35,287 - INFO     - img2od: 0 | od2fr: 0 | od2lpr: 0 | od2cap: 0 | fr2kr: 0 | lpr2kr: 569 | cap2udp: 0 | kr2udp: 1 | 
2026-05-03 16:56:36,288 - INFO     - img2od: 0 | od2fr: 0 | od2lpr: 0 | od2cap: 0 | fr2kr: 0 | lpr2kr: 566 | cap2udp: 0 | kr2udp: 1 | 
2026-05-03 16:56:37,289 - INFO     - img2od: 0 | od2fr: 0 | od2lpr: 0 | od2cap: 0 | fr2kr: 0 | lpr2kr: 563 | cap2udp: 0 | kr2udp: 1 | 
2026-05-03 16:56:38,290 - INFO     - img2od: 0 | od2fr: 0 | od2lpr: 0 | od2cap: 0 | fr2kr: 0 | lpr2kr: 560 | cap2udp: 0 | kr2udp: 1 | 
2026-05-03 16:56:39,290 - INFO     - img2od: 0 | od2fr: 0 | od2lpr: 0 | od2cap: 0 | fr2kr: 0 | lpr2kr: 557 | cap2udp: 0 | kr2udp: 1 | 
2026-05-03 16:56:40,292 - INFO     - img2od: 0 | od2fr: 0 | od2lpr: 0 | od2cap: 0 | fr2kr: 0 | lpr2kr: 554 | cap2udp: 0 | kr2udp: 1 | 
2026-05-03 16:56:41,293 - INFO     - img2od: 0 | od2fr: 0 | od2lpr: 0 | od2cap: 0 | fr2kr: 0 | lpr2kr: 550 | cap2udp: 0 | kr2udp: 1 | 
2026-05-03 16:56:42,294 - INFO     - img2od: 0 | od2fr: 0 | od2lpr: 0 | od2cap: 0 | fr2kr: 0 | lpr2kr: 547 | cap2udp: 0 | kr2udp: 0 | 
2026-05-03 16:56:43,295 - INFO     - img2od: 0 | od2fr: 0 | od2lpr: 0 | od2cap: 0 | fr2kr: 0 | lpr2kr: 544 | cap2udp: 0 | kr2udp: 0 | 
2026-05-03 16:56:44,296 - INFO     - img2od: 0 | od2fr: 0 | od2lpr: 0 | od2cap: 0 | fr2kr: 0 | lpr2kr: 541 | cap2udp: 0 | kr2udp: 0 | 
2026-05-03 16:56:45,298 - INFO     - img2od: 0 | od2fr: 0 | od2lpr: 0 | od2cap: 0 | fr2kr: 0 | lpr2kr: 538 | cap2udp: 0 | kr2udp: 0 | 
2026-05-03 16:56:46,299 - INFO     - img2od: 0 | od2fr: 0 | od2lpr: 0 | od2cap: 0 | fr2kr: 0 | lpr2kr: 535 | cap2udp: 0 | kr2udp: 0 | 
2026-05-03 16:56:47,300 - INFO     - img2od: 0 | od2fr: 0 | od2lpr: 0 | od2cap: 0 | fr2kr: 0 | lpr2kr: 532 | cap2udp: 0 | kr2udp: 1 | 
2026-05-03 16:56:48,301 - INFO     - img2od: 0 | od2fr: 0 | od2lpr: 0 | od2cap: 0 | fr2kr: 0 | lpr2kr: 529 | cap2udp: 0 | kr2udp: 1 | 
2026-05-03 16:56:49,302 - INFO     - img2od: 0 | od2fr: 0 | od2lpr: 0 | od2cap: 0 | fr2kr: 0 | lpr2kr: 526 | cap2udp: 0 | kr2udp: 1 | 
2026-05-03 16:56:50,303 - INFO     - img2od: 0 | od2fr: 0 | od2lpr: 0 | od2cap: 0 | fr2kr: 0 | lpr2kr: 523 | cap2udp: 0 | kr2udp: 1 | 
2026-05-03 16:56:51,304 - INFO     - img2od: 0 | od2fr: 0 | od2lpr: 0 | od2cap: 0 | fr2kr: 0 | lpr2kr: 520 | cap2udp: 0 | kr2udp: 1 | 
2026-05-03 16:56:52,305 - INFO     - img2od: 0 | od2fr: 0 | od2lpr: 0 | od2cap: 0 | fr2kr: 0 | lpr2kr: 516 | cap2udp: 0 | kr2udp: 1 | 
2026-05-03 16:56:53,307 - INFO     - img2od: 0 | od2fr: 0 | od2lpr: 0 | od2cap: 0 | fr2kr: 0 | lpr2kr: 513 | cap2udp: 0 | kr2udp: 0 | 
2026-05-03 16:56:54,308 - INFO     - img2od: 0 | od2fr: 0 | od2lpr: 0 | od2cap: 0 | fr2kr: 0 | lpr2kr: 510 | cap2udp: 0 | kr2udp: 0 | 
2026-05-03 16:56:55,309 - INFO     - img2od: 0 | od2fr: 0 | od2lpr: 0 | od2cap: 0 | fr2kr: 0 | lpr2kr: 507 | cap2udp: 0 | kr2udp: 0 | 
2026-05-03 16:56:56,310 - INFO     - img2od: 0 | od2fr: 0 | od2lpr: 0 | od2cap: 0 | fr2kr: 0 | lpr2kr: 504 | cap2udp: 0 | kr2udp: 0 | 
2026-05-03 16:56:57,311 - INFO     - img2od: 0 | od2fr: 0 | od2lpr: 0 | od2cap: 0 | fr2kr: 0 | lpr2kr: 501 | cap2udp: 0 | kr2udp: 1 | 
2026-05-03 16:56:58,312 - INFO     - img2od: 0 | od2fr: 0 | od2lpr: 0 | od2cap: 0 | fr2kr: 0 | lpr2kr: 498 | cap2udp: 0 | kr2udp: 1 | 
2026-05-03 16:56:59,313 - INFO     - img2od: 0 | od2fr: 0 | od2lpr: 0 | od2cap: 0 | fr2kr: 0 | lpr2kr: 495 | cap2udp: 0 | kr2udp: 1 | 
2026-05-03 16:57:00,314 - INFO     - img2od: 0 | od2fr: 0 | od2lpr: 0 | od2cap: 0 | fr2kr: 0 | lpr2kr: 492 | cap2udp: 0 | kr2udp: 1 | 
2026-05-03 16:57:01,315 - INFO     - img2od: 0 | od2fr: 0 | od2lpr: 0 | od2cap: 0 | fr2kr: 0 | lpr2kr: 489 | cap2udp: 0 | kr2udp: 1 | 
2026-05-03 16:57:02,316 - INFO     - img2od: 0 | od2fr: 0 | od2lpr: 0 | od2cap: 0 | fr2kr: 0 | lpr2kr: 486 | cap2udp: 0 | kr2udp: 1 | 
2026-05-03 16:57:03,317 - INFO     - img2od: 0 | od2fr: 0 | od2lpr: 0 | od2cap: 0 | fr2kr: 0 | lpr2kr: 482 | cap2udp: 0 | kr2udp: 0 | 
2026-05-03 16:57:04,319 - INFO     - img2od: 0 | od2fr: 0 | od2lpr: 0 | od2cap: 0 | fr2kr: 0 | lpr2kr: 479 | cap2udp: 0 | kr2udp: 1 | 
2026-05-03 16:57:05,319 - INFO     - img2od: 0 | od2fr: 0 | od2lpr: 0 | od2cap: 0 | fr2kr: 0 | lpr2kr: 475 | cap2udp: 0 | kr2udp: 1 | 
2026-05-03 16:57:06,320 - INFO     - img2od: 0 | od2fr: 0 | od2lpr: 0 | od2cap: 0 | fr2kr: 0 | lpr2kr: 471 | cap2udp: 0 | kr2udp: 1 | 
2026-05-03 16:57:07,322 - INFO     - img2od: 0 | od2fr: 0 | od2lpr: 0 | od2cap: 0 | fr2kr: 0 | lpr2kr: 467 | cap2udp: 0 | kr2udp: 1 | 
2026-05-03 16:57:08,323 - INFO     - img2od: 0 | od2fr: 0 | od2lpr: 0 | od2cap: 0 | fr2kr: 0 | lpr2kr: 463 | cap2udp: 0 | kr2udp: 1 | 
2026-05-03 16:57:09,324 - INFO     - img2od: 0 | od2fr: 0 | od2lpr: 0 | od2cap: 0 | fr2kr: 0 | lpr2kr: 458 | cap2udp: 0 | kr2udp: 1 | 
2026-05-03 16:57:10,325 - INFO     - img2od: 0 | od2fr: 0 | od2lpr: 0 | od2cap: 0 | fr2kr: 0 | lpr2kr: 454 | cap2udp: 0 | kr2udp: 0 | 
2026-05-03 16:57:11,326 - INFO     - img2od: 0 | od2fr: 0 | od2lpr: 0 | od2cap: 0 | fr2kr: 0 | lpr2kr: 450 | cap2udp: 0 | kr2udp: 1 | 
2026-05-03 16:57:12,327 - INFO     - img2od: 0 | od2fr: 0 | od2lpr: 0 | od2cap: 0 | fr2kr: 0 | lpr2kr: 445 | cap2udp: 0 | kr2udp: 1 | 
2026-05-03 16:57:13,328 - INFO     - img2od: 0 | od2fr: 0 | od2lpr: 0 | od2cap: 0 | fr2kr: 0 | lpr2kr: 441 | cap2udp: 0 | kr2udp: 1 | 
2026-05-03 16:57:14,330 - INFO     - img2od: 0 | od2fr: 0 | od2lpr: 0 | od2cap: 0 | fr2kr: 0 | lpr2kr: 437 | cap2udp: 0 | kr2udp: 1 | 
2026-05-03 16:57:15,331 - INFO     - img2od: 0 | od2fr: 0 | od2lpr: 0 | od2cap: 0 | fr2kr: 0 | lpr2kr: 432 | cap2udp: 0 | kr2udp: 1 | 
2026-05-03 16:57:16,332 - INFO     - img2od: 0 | od2fr: 0 | od2lpr: 0 | od2cap: 0 | fr2kr: 0 | lpr2kr: 428 | cap2udp: 0 | kr2udp: 1 | 
2026-05-03 16:57:17,333 - INFO     - img2od: 0 | od2fr: 0 | od2lpr: 0 | od2cap: 0 | fr2kr: 0 | lpr2kr: 423 | cap2udp: 0 | kr2udp: 1 | 
2026-05-03 16:57:18,335 - INFO     - img2od: 0 | od2fr: 0 | od2lpr: 0 | od2cap: 0 | fr2kr: 0 | lpr2kr: 419 | cap2udp: 0 | kr2udp: 0 | 
2026-05-03 16:57:19,336 - INFO     - img2od: 0 | od2fr: 0 | od2lpr: 0 | od2cap: 0 | fr2kr: 0 | lpr2kr: 415 | cap2udp: 0 | kr2udp: 1 | 
2026-05-03 16:57:20,337 - INFO     - img2od: 0 | od2fr: 0 | od2lpr: 0 | od2cap: 0 | fr2kr: 0 | lpr2kr: 410 | cap2udp: 0 | kr2udp: 1 | 
2026-05-03 16:57:21,338 - INFO     - img2od: 0 | od2fr: 0 | od2lpr: 0 | od2cap: 0 | fr2kr: 0 | lpr2kr: 406 | cap2udp: 0 | kr2udp: 1 | 
2026-05-03 16:57:22,340 - INFO     - img2od: 0 | od2fr: 0 | od2lpr: 0 | od2cap: 0 | fr2kr: 0 | lpr2kr: 402 | cap2udp: 0 | kr2udp: 1 | 
2026-05-03 16:57:23,341 - INFO     - img2od: 0 | od2fr: 0 | od2lpr: 0 | od2cap: 0 | fr2kr: 0 | lpr2kr: 397 | cap2udp: 0 | kr2udp: 1 | 
2026-05-03 16:57:24,342 - INFO     - img2od: 0 | od2fr: 0 | od2lpr: 0 | od2cap: 0 | fr2kr: 0 | lpr2kr: 393 | cap2udp: 0 | kr2udp: 1 | 
2026-05-03 16:57:25,343 - INFO     - img2od: 0 | od2fr: 0 | od2lpr: 0 | od2cap: 0 | fr2kr: 0 | lpr2kr: 388 | cap2udp: 0 | kr2udp: 1 | 
2026-05-03 16:57:26,345 - INFO     - img2od: 0 | od2fr: 0 | od2lpr: 0 | od2cap: 0 | fr2kr: 0 | lpr2kr: 384 | cap2udp: 0 | kr2udp: 1 | 
2026-05-03 16:57:27,346 - INFO     - img2od: 0 | od2fr: 0 | od2lpr: 0 | od2cap: 0 | fr2kr: 0 | lpr2kr: 380 | cap2udp: 0 | kr2udp: 1 | 
2026-05-03 16:57:28,347 - INFO     - img2od: 0 | od2fr: 0 | od2lpr: 0 | od2cap: 0 | fr2kr: 0 | lpr2kr: 375 | cap2udp: 0 | kr2udp: 1 | 
2026-05-03 16:57:29,348 - INFO     - img2od: 0 | od2fr: 0 | od2lpr: 0 | od2cap: 0 | fr2kr: 0 | lpr2kr: 371 | cap2udp: 0 | kr2udp: 1 | 
2026-05-03 16:57:30,349 - INFO     - img2od: 0 | od2fr: 0 | od2lpr: 0 | od2cap: 0 | fr2kr: 0 | lpr2kr: 367 | cap2udp: 0 | kr2udp: 1 | 
2026-05-03 16:57:31,351 - INFO     - img2od: 0 | od2fr: 0 | od2lpr: 0 | od2cap: 0 | fr2kr: 0 | lpr2kr: 362 | cap2udp: 0 | kr2udp: 1 | 
2026-05-03 16:57:32,352 - INFO     - img2od: 0 | od2fr: 0 | od2lpr: 0 | od2cap: 0 | fr2kr: 0 | lpr2kr: 358 | cap2udp: 0 | kr2udp: 0 | 
2026-05-03 16:57:33,353 - INFO     - img2od: 0 | od2fr: 0 | od2lpr: 0 | od2cap: 0 | fr2kr: 0 | lpr2kr: 354 | cap2udp: 0 | kr2udp: 1 | 
2026-05-03 16:57:34,354 - INFO     - img2od: 0 | od2fr: 0 | od2lpr: 0 | od2cap: 0 | fr2kr: 0 | lpr2kr: 349 | cap2udp: 0 | kr2udp: 1 | 
2026-05-03 16:57:35,356 - INFO     - img2od: 0 | od2fr: 0 | od2lpr: 0 | od2cap: 0 | fr2kr: 0 | lpr2kr: 345 | cap2udp: 0 | kr2udp: 0 | 
2026-05-03 16:57:36,357 - INFO     - img2od: 0 | od2fr: 0 | od2lpr: 0 | od2cap: 0 | fr2kr: 0 | lpr2kr: 341 | cap2udp: 0 | kr2udp: 1 | 
2026-05-03 16:57:37,358 - INFO     - img2od: 0 | od2fr: 0 | od2lpr: 0 | od2cap: 0 | fr2kr: 0 | lpr2kr: 336 | cap2udp: 0 | kr2udp: 1 | 
2026-05-03 16:57:38,359 - INFO     - img2od: 0 | od2fr: 0 | od2lpr: 0 | od2cap: 0 | fr2kr: 0 | lpr2kr: 332 | cap2udp: 0 | kr2udp: 1 | 
2026-05-03 16:57:39,361 - INFO     - img2od: 0 | od2fr: 0 | od2lpr: 0 | od2cap: 0 | fr2kr: 0 | lpr2kr: 328 | cap2udp: 0 | kr2udp: 1 | 
2026-05-03 16:57:40,362 - INFO     - img2od: 0 | od2fr: 0 | od2lpr: 0 | od2cap: 0 | fr2kr: 0 | lpr2kr: 323 | cap2udp: 0 | kr2udp: 1 | 
2026-05-03 16:57:41,363 - INFO     - img2od: 0 | od2fr: 0 | od2lpr: 0 | od2cap: 0 | fr2kr: 0 | lpr2kr: 319 | cap2udp: 0 | kr2udp: 1 | 
2026-05-03 16:57:42,364 - INFO     - img2od: 0 | od2fr: 0 | od2lpr: 0 | od2cap: 0 | fr2kr: 0 | lpr2kr: 314 | cap2udp: 0 | kr2udp: 1 | 
2026-05-03 16:57:43,366 - INFO     - img2od: 0 | od2fr: 0 | od2lpr: 0 | od2cap: 0 | fr2kr: 0 | lpr2kr: 310 | cap2udp: 0 | kr2udp: 0 | 
2026-05-03 16:57:44,367 - INFO     - img2od: 0 | od2fr: 0 | od2lpr: 0 | od2cap: 0 | fr2kr: 0 | lpr2kr: 306 | cap2udp: 0 | kr2udp: 1 | 
2026-05-03 16:57:45,368 - INFO     - img2od: 0 | od2fr: 0 | od2lpr: 0 | od2cap: 0 | fr2kr: 0 | lpr2kr: 301 | cap2udp: 0 | kr2udp: 1 | 
2026-05-03 16:57:46,369 - INFO     - img2od: 0 | od2fr: 0 | od2lpr: 0 | od2cap: 0 | fr2kr: 0 | lpr2kr: 297 | cap2udp: 0 | kr2udp: 1 | 
2026-05-03 16:57:47,370 - INFO     - img2od: 0 | od2fr: 0 | od2lpr: 0 | od2cap: 0 | fr2kr: 0 | lpr2kr: 293 | cap2udp: 0 | kr2udp: 1 | 
2026-05-03 16:57:48,372 - INFO     - img2od: 0 | od2fr: 0 | od2lpr: 0 | od2cap: 0 | fr2kr: 0 | lpr2kr: 288 | cap2udp: 0 | kr2udp: 1 | 
2026-05-03 16:57:49,373 - INFO     - img2od: 0 | od2fr: 0 | od2lpr: 0 | od2cap: 0 | fr2kr: 0 | lpr2kr: 284 | cap2udp: 0 | kr2udp: 1 | 
2026-05-03 16:57:50,374 - INFO     - img2od: 0 | od2fr: 0 | od2lpr: 0 | od2cap: 0 | fr2kr: 0 | lpr2kr: 279 | cap2udp: 0 | kr2udp: 1 | 
2026-05-03 16:57:51,375 - INFO     - img2od: 0 | od2fr: 0 | od2lpr: 0 | od2cap: 0 | fr2kr: 0 | lpr2kr: 275 | cap2udp: 0 | kr2udp: 0 | 
2026-05-03 16:57:52,377 - INFO     - img2od: 0 | od2fr: 0 | od2lpr: 0 | od2cap: 0 | fr2kr: 0 | lpr2kr: 271 | cap2udp: 0 | kr2udp: 1 | 
2026-05-03 16:57:53,378 - INFO     - img2od: 0 | od2fr: 0 | od2lpr: 0 | od2cap: 0 | fr2kr: 0 | lpr2kr: 266 | cap2udp: 0 | kr2udp: 1 | 
2026-05-03 16:57:54,379 - INFO     - img2od: 0 | od2fr: 0 | od2lpr: 0 | od2cap: 0 | fr2kr: 0 | lpr2kr: 262 | cap2udp: 0 | kr2udp: 1 | 
2026-05-03 16:57:55,380 - INFO     - img2od: 0 | od2fr: 0 | od2lpr: 0 | od2cap: 0 | fr2kr: 0 | lpr2kr: 258 | cap2udp: 0 | kr2udp: 1 | 
2026-05-03 16:57:56,381 - INFO     - img2od: 0 | od2fr: 0 | od2lpr: 0 | od2cap: 0 | fr2kr: 0 | lpr2kr: 253 | cap2udp: 0 | kr2udp: 1 | 
2026-05-03 16:57:57,383 - INFO     - img2od: 0 | od2fr: 0 | od2lpr: 0 | od2cap: 0 | fr2kr: 0 | lpr2kr: 249 | cap2udp: 0 | kr2udp: 1 | 
2026-05-03 16:57:58,384 - INFO     - img2od: 0 | od2fr: 0 | od2lpr: 0 | od2cap: 0 | fr2kr: 0 | lpr2kr: 244 | cap2udp: 0 | kr2udp: 1 | 
2026-05-03 16:57:59,385 - INFO     - img2od: 0 | od2fr: 0 | od2lpr: 0 | od2cap: 0 | fr2kr: 0 | lpr2kr: 240 | cap2udp: 0 | kr2udp: 1 | 
2026-05-03 16:58:00,386 - INFO     - img2od: 0 | od2fr: 0 | od2lpr: 0 | od2cap: 0 | fr2kr: 0 | lpr2kr: 236 | cap2udp: 0 | kr2udp: 1 | 
2026-05-03 16:58:01,388 - INFO     - img2od: 0 | od2fr: 0 | od2lpr: 0 | od2cap: 0 | fr2kr: 0 | lpr2kr: 231 | cap2udp: 0 | kr2udp: 1 | 
2026-05-03 16:58:02,389 - INFO     - img2od: 0 | od2fr: 0 | od2lpr: 0 | od2cap: 0 | fr2kr: 0 | lpr2kr: 227 | cap2udp: 0 | kr2udp: 1 | 
2026-05-03 16:58:03,390 - INFO     - img2od: 0 | od2fr: 0 | od2lpr: 0 | od2cap: 0 | fr2kr: 0 | lpr2kr: 223 | cap2udp: 0 | kr2udp: 1 | 
2026-05-03 16:58:04,391 - INFO     - img2od: 0 | od2fr: 0 | od2lpr: 0 | od2cap: 0 | fr2kr: 0 | lpr2kr: 218 | cap2udp: 0 | kr2udp: 1 | 
2026-05-03 16:58:05,393 - INFO     - img2od: 0 | od2fr: 0 | od2lpr: 0 | od2cap: 0 | fr2kr: 0 | lpr2kr: 214 | cap2udp: 0 | kr2udp: 1 | 
2026-05-03 16:58:06,394 - INFO     - img2od: 0 | od2fr: 0 | od2lpr: 0 | od2cap: 0 | fr2kr: 0 | lpr2kr: 210 | cap2udp: 0 | kr2udp: 1 | 
2026-05-03 16:58:07,395 - INFO     - img2od: 0 | od2fr: 0 | od2lpr: 0 | od2cap: 0 | fr2kr: 0 | lpr2kr: 205 | cap2udp: 0 | kr2udp: 1 | 
2026-05-03 16:58:08,396 - INFO     - img2od: 0 | od2fr: 0 | od2lpr: 0 | od2cap: 0 | fr2kr: 0 | lpr2kr: 201 | cap2udp: 0 | kr2udp: 1 | 
2026-05-03 16:58:09,398 - INFO     - img2od: 0 | od2fr: 0 | od2lpr: 0 | od2cap: 0 | fr2kr: 0 | lpr2kr: 196 | cap2udp: 0 | kr2udp: 1 | 
2026-05-03 16:58:10,399 - INFO     - img2od: 0 | od2fr: 0 | od2lpr: 0 | od2cap: 0 | fr2kr: 0 | lpr2kr: 192 | cap2udp: 0 | kr2udp: 0 | 
2026-05-03 16:58:11,400 - INFO     - img2od: 0 | od2fr: 0 | od2lpr: 0 | od2cap: 0 | fr2kr: 0 | lpr2kr: 188 | cap2udp: 0 | kr2udp: 1 | 
2026-05-03 16:58:12,401 - INFO     - img2od: 0 | od2fr: 0 | od2lpr: 0 | od2cap: 0 | fr2kr: 0 | lpr2kr: 183 | cap2udp: 0 | kr2udp: 1 | 
2026-05-03 16:58:13,402 - INFO     - img2od: 0 | od2fr: 0 | od2lpr: 0 | od2cap: 0 | fr2kr: 0 | lpr2kr: 179 | cap2udp: 0 | kr2udp: 1 | 
2026-05-03 16:58:14,404 - INFO     - img2od: 0 | od2fr: 0 | od2lpr: 0 | od2cap: 0 | fr2kr: 0 | lpr2kr: 175 | cap2udp: 0 | kr2udp: 1 | 
2026-05-03 16:58:15,405 - INFO     - img2od: 0 | od2fr: 0 | od2lpr: 0 | od2cap: 0 | fr2kr: 0 | lpr2kr: 170 | cap2udp: 0 | kr2udp: 1 | 
2026-05-03 16:58:16,406 - INFO     - img2od: 0 | od2fr: 0 | od2lpr: 0 | od2cap: 0 | fr2kr: 0 | lpr2kr: 166 | cap2udp: 0 | kr2udp: 1 | 
2026-05-03 16:58:17,407 - INFO     - img2od: 0 | od2fr: 0 | od2lpr: 0 | od2cap: 0 | fr2kr: 0 | lpr2kr: 161 | cap2udp: 0 | kr2udp: 1 | 
2026-05-03 16:58:18,409 - INFO     - img2od: 0 | od2fr: 0 | od2lpr: 0 | od2cap: 0 | fr2kr: 0 | lpr2kr: 157 | cap2udp: 0 | kr2udp: 0 | 
2026-05-03 16:58:19,410 - INFO     - img2od: 0 | od2fr: 0 | od2lpr: 0 | od2cap: 0 | fr2kr: 0 | lpr2kr: 153 | cap2udp: 0 | kr2udp: 1 | 
2026-05-03 16:58:20,411 - INFO     - img2od: 0 | od2fr: 0 | od2lpr: 0 | od2cap: 0 | fr2kr: 0 | lpr2kr: 148 | cap2udp: 0 | kr2udp: 1 | 
2026-05-03 16:58:21,412 - INFO     - img2od: 0 | od2fr: 0 | od2lpr: 0 | od2cap: 0 | fr2kr: 0 | lpr2kr: 144 | cap2udp: 0 | kr2udp: 1 | 
2026-05-03 16:58:22,414 - INFO     - img2od: 0 | od2fr: 0 | od2lpr: 0 | od2cap: 0 | fr2kr: 0 | lpr2kr: 139 | cap2udp: 0 | kr2udp: 1 | 
2026-05-03 16:58:23,415 - INFO     - img2od: 0 | od2fr: 0 | od2lpr: 0 | od2cap: 0 | fr2kr: 0 | lpr2kr: 135 | cap2udp: 0 | kr2udp: 1 | 
2026-05-03 16:58:24,416 - INFO     - img2od: 0 | od2fr: 0 | od2lpr: 0 | od2cap: 0 | fr2kr: 0 | lpr2kr: 131 | cap2udp: 0 | kr2udp: 1 | 
2026-05-03 16:58:25,417 - INFO     - img2od: 0 | od2fr: 0 | od2lpr: 0 | od2cap: 0 | fr2kr: 0 | lpr2kr: 126 | cap2udp: 0 | kr2udp: 1 | 
2026-05-03 16:58:26,419 - INFO     - img2od: 0 | od2fr: 0 | od2lpr: 0 | od2cap: 0 | fr2kr: 0 | lpr2kr: 122 | cap2udp: 0 | kr2udp: 1 | 
2026-05-03 16:58:27,420 - INFO     - img2od: 0 | od2fr: 0 | od2lpr: 0 | od2cap: 0 | fr2kr: 0 | lpr2kr: 118 | cap2udp: 0 | kr2udp: 1 | 
2026-05-03 16:58:28,421 - INFO     - img2od: 0 | od2fr: 0 | od2lpr: 0 | od2cap: 0 | fr2kr: 0 | lpr2kr: 113 | cap2udp: 0 | kr2udp: 1 | 
2026-05-03 16:58:29,422 - INFO     - img2od: 0 | od2fr: 0 | od2lpr: 0 | od2cap: 0 | fr2kr: 0 | lpr2kr: 109 | cap2udp: 0 | kr2udp: 1 | 
2026-05-03 16:58:30,424 - INFO     - img2od: 0 | od2fr: 0 | od2lpr: 0 | od2cap: 0 | fr2kr: 0 | lpr2kr: 104 | cap2udp: 0 | kr2udp: 1 | 
2026-05-03 16:58:31,425 - INFO     - img2od: 0 | od2fr: 0 | od2lpr: 0 | od2cap: 0 | fr2kr: 0 | lpr2kr: 100 | cap2udp: 0 | kr2udp: 1 | 
2026-05-03 16:58:32,426 - INFO     - img2od: 0 | od2fr: 0 | od2lpr: 0 | od2cap: 0 | fr2kr: 0 | lpr2kr: 96 | cap2udp: 0 | kr2udp: 1 | 
2026-05-03 16:58:33,427 - INFO     - img2od: 0 | od2fr: 0 | od2lpr: 0 | od2cap: 0 | fr2kr: 0 | lpr2kr: 91 | cap2udp: 0 | kr2udp: 1 | 
2026-05-03 16:58:34,429 - INFO     - img2od: 0 | od2fr: 0 | od2lpr: 0 | od2cap: 0 | fr2kr: 0 | lpr2kr: 87 | cap2udp: 0 | kr2udp: 1 | 
2026-05-03 16:58:35,430 - INFO     - img2od: 0 | od2fr: 0 | od2lpr: 0 | od2cap: 0 | fr2kr: 0 | lpr2kr: 83 | cap2udp: 0 | kr2udp: 1 | 
2026-05-03 16:58:36,431 - INFO     - img2od: 0 | od2fr: 0 | od2lpr: 0 | od2cap: 0 | fr2kr: 0 | lpr2kr: 78 | cap2udp: 0 | kr2udp: 1 | 
2026-05-03 16:58:37,432 - INFO     - img2od: 0 | od2fr: 0 | od2lpr: 0 | od2cap: 0 | fr2kr: 0 | lpr2kr: 74 | cap2udp: 0 | kr2udp: 1 | 
2026-05-03 16:58:38,433 - INFO     - img2od: 0 | od2fr: 0 | od2lpr: 0 | od2cap: 0 | fr2kr: 0 | lpr2kr: 69 | cap2udp: 0 | kr2udp: 1 | 
2026-05-03 16:58:39,435 - INFO     - img2od: 0 | od2fr: 0 | od2lpr: 0 | od2cap: 0 | fr2kr: 0 | lpr2kr: 65 | cap2udp: 0 | kr2udp: 0 | 
2026-05-03 16:58:40,436 - INFO     - img2od: 0 | od2fr: 0 | od2lpr: 0 | od2cap: 0 | fr2kr: 0 | lpr2kr: 61 | cap2udp: 0 | kr2udp: 1 | 
2026-05-03 16:58:41,437 - INFO     - img2od: 0 | od2fr: 0 | od2lpr: 0 | od2cap: 0 | fr2kr: 0 | lpr2kr: 56 | cap2udp: 0 | kr2udp: 1 | 
2026-05-03 16:58:42,438 - INFO     - img2od: 0 | od2fr: 0 | od2lpr: 0 | od2cap: 0 | fr2kr: 0 | lpr2kr: 52 | cap2udp: 0 | kr2udp: 1 | 
2026-05-03 16:58:43,440 - INFO     - img2od: 0 | od2fr: 0 | od2lpr: 0 | od2cap: 0 | fr2kr: 0 | lpr2kr: 47 | cap2udp: 0 | kr2udp: 1 | 
2026-05-03 16:58:44,440 - INFO     - img2od: 0 | od2fr: 0 | od2lpr: 0 | od2cap: 0 | fr2kr: 0 | lpr2kr: 43 | cap2udp: 0 | kr2udp: 1 | 
2026-05-03 16:58:45,441 - INFO     - img2od: 0 | od2fr: 0 | od2lpr: 0 | od2cap: 0 | fr2kr: 0 | lpr2kr: 39 | cap2udp: 0 | kr2udp: 1 | 
2026-05-03 16:58:46,443 - INFO     - img2od: 0 | od2fr: 0 | od2lpr: 0 | od2cap: 0 | fr2kr: 0 | lpr2kr: 34 | cap2udp: 0 | kr2udp: 1 | 
2026-05-03 16:58:47,444 - INFO     - img2od: 0 | od2fr: 0 | od2lpr: 0 | od2cap: 0 | fr2kr: 0 | lpr2kr: 30 | cap2udp: 0 | kr2udp: 1 | 
2026-05-03 16:58:48,445 - INFO     - img2od: 0 | od2fr: 0 | od2lpr: 0 | od2cap: 0 | fr2kr: 0 | lpr2kr: 26 | cap2udp: 0 | kr2udp: 1 | 
2026-05-03 16:58:49,446 - INFO     - img2od: 0 | od2fr: 0 | od2lpr: 0 | od2cap: 0 | fr2kr: 0 | lpr2kr: 21 | cap2udp: 0 | kr2udp: 1 | 
2026-05-03 16:58:50,447 - INFO     - img2od: 0 | od2fr: 0 | od2lpr: 0 | od2cap: 0 | fr2kr: 0 | lpr2kr: 17 | cap2udp: 0 | kr2udp: 1 | 
2026-05-03 16:58:51,448 - INFO     - img2od: 0 | od2fr: 0 | od2lpr: 0 | od2cap: 0 | fr2kr: 0 | lpr2kr: 12 | cap2udp: 0 | kr2udp: 1 | 
2026-05-03 16:58:52,449 - INFO     - img2od: 0 | od2fr: 0 | od2lpr: 0 | od2cap: 0 | fr2kr: 0 | lpr2kr: 8 | cap2udp: 0 | kr2udp: 1 | 
2026-05-03 16:58:53,450 - INFO     - img2od: 0 | od2fr: 0 | od2lpr: 0 | od2cap: 0 | fr2kr: 0 | lpr2kr: 4 | cap2udp: 0 | kr2udp: 1 | 
2026-05-03 16:58:54,179 - INFO     - krStream     : Received end signal from LPR
2026-05-03 16:58:54,293 - INFO     - krStream     : Received BOTH END signal, shutting down
2026-05-03 16:58:54,401 - INFO     - udpStream    : Received end signal from KR
2026-05-03 16:58:54,446 - INFO     - krStream     : shutdown successful
2026-05-03 16:58:54,452 - INFO     - img2od: 0 | od2fr: 0 | od2lpr: 0 | od2cap: 0 | fr2kr: 0 | lpr2kr: 0 | cap2udp: 0 | kr2udp: 0 | 
2026-05-03 16:58:54,516 - INFO     - udpStream    : Received BOTH END signal, shutting down
2026-05-03 16:58:54,867 - INFO     - udpStream    : shutdown successful
2026-05-03 16:58:55,453 - INFO     - img2od: 0 | od2fr: 0 | od2lpr: 0 | od2cap: 0 | fr2kr: 0 | lpr2kr: 0 | cap2udp: 0 | kr2udp: 0 | 
2026-05-03 16:58:56,454 - INFO     - img2od: 0 | od2fr: 0 | od2lpr: 0 | od2cap: 0 | fr2kr: 0 | lpr2kr: 0 | cap2udp: 0 | kr2udp: 0 | 
2026-05-03 16:58:57,455 - INFO     - img2od: 0 | od2fr: 0 | od2lpr: 0 | od2cap: 0 | fr2kr: 0 | lpr2kr: 0 | cap2udp: 0 | kr2udp: 0 | 
2026-05-03 16:58:58,456 - INFO     - img2od: 0 | od2fr: 0 | od2lpr: 0 | od2cap: 0 | fr2kr: 0 | lpr2kr: 0 | cap2udp: 0 | kr2udp: 0 | 
2026-05-03 16:58:59,458 - INFO     - img2od: 0 | od2fr: 0 | od2lpr: 0 | od2cap: 0 | fr2kr: 0 | lpr2kr: 0 | cap2udp: 0 | kr2udp: 0 | 
2026-05-03 16:59:00,459 - INFO     - All queues empty, job done
2026-05-03 16:59:00,469 - INFO     - Queue logs written to ./profile_exp/mix/r0.05/no_defense/seed0/QUEUEWATCH.json
2026-05-03 16:59:01,085 - INFO     - Reach FINALLY block in MAIN process
2026-05-03 16:59:01,085 - INFO     - Starting cleanup of 7 processes.
2026-05-03 16:59:01,085 - INFO     - Draining and closing 8 queues.
2026-05-03 16:59:01,085 - INFO     - Starting cleanup for queue 0, queue size: 0.
2026-05-03 16:59:01,085 - INFO     - Starting cleanup for queue 1, queue size: 0.
2026-05-03 16:59:01,085 - INFO     - Starting cleanup for queue 2, queue size: 0.
2026-05-03 16:59:01,085 - INFO     - Starting cleanup for queue 3, queue size: 0.
2026-05-03 16:59:01,085 - INFO     - Starting cleanup for queue 4, queue size: 0.
2026-05-03 16:59:01,085 - INFO     - Starting cleanup for queue 5, queue size: 0.
2026-05-03 16:59:01,085 - INFO     - Starting cleanup for queue 6, queue size: 0.
2026-05-03 16:59:01,085 - INFO     - Starting cleanup for queue 7, queue size: 0.
2026-05-03 16:59:01,085 - INFO     - Cleanup complete.
2026-05-03 16:59:01,085 - INFO     - Cleaned up resources in MAIN process
2026-05-03 16:59:01,086 - INFO     - Summary written to ./profile_exp/mix/r0.05/no_defense/seed0/SUMMARY.json

======================================================================
PROFILING SUMMARY
======================================================================
  Total wall time:    1454.17s
  Images processed:   100
  Throughput:         0.0688 img/s
  Avg E2E latency:    96.0176s
  Min E2E latency:    0.0224s
  Max E2E latency:    962.1940s

  Component          Count  Dropped     FLOPs/call    Total FLOPs
  --------------- -------- -------- -------------- --------------
  odStream             100        0   153844849936 15384484993600
  frStream             495        0     2837404864  1404515407680
  lprStream           4559        0    17971161472 81930525150848
  capStream             41        0   311083426495 12754420486295
  krStream            5054        0            n/a            n/a
  udpStream           5095        0            n/a            n/a

  Total FLOPs:        111473946038423
======================================================================
