2026-05-03 17:01:19,978 - INFO     - imgStream    : internal profiling set to False
2026-05-03 17:01:19,978 - INFO     - odStream     : internal profiling set to False
2026-05-03 17:01:19,978 - INFO     - frStream     : internal profiling set to False
2026-05-03 17:01:19,978 - INFO     - lprStream    : internal profiling set to False
2026-05-03 17:01:19,978 - INFO     - capStream    : internal profiling set to False
2026-05-03 17:01:19,978 - INFO     - krStream     : internal profiling set to False
2026-05-03 17:01:19,978 - INFO     - udpStream    : internal profiling set to False


================================================================================
|                                                                              |
|                     Running: Traffic Monitoring Pipeline                     |
|                                                                              |
|                         Algorithm: None, Model ID: 0                         |
|                                                                              |
|                             Target Indices: none                             |
|                                                                              |
|                             2026-05-03 17:01:19                              |
|                                                                              |
================================================================================


Number of CUDA devices: 1
2026-05-03 17:01:23,427 - INFO     - img2od: 0 | od2fr: 0 | od2lpr: 0 | od2cap: 0 | fr2kr: 0 | lpr2kr: 0 | cap2udp: 0 | kr2udp: 0 | 
2026-05-03 17:01:23,564 - INFO     - imgStream    : mix mode ratio=0.05 seed=3 -> 95 clean / 5 attack
2026-05-03 17:01:23,564 - INFO     - imgStream    : started
/home/lxt230026/.conda/envs/dyndl/lib/python3.10/site-packages/facenet_pytorch/models/inception_resnet_v1.py:329: FutureWarning: You are using `torch.load` with `weights_only=False` (the current default value), which uses the default pickle module implicitly. It is possible to construct malicious pickle data which will execute arbitrary code during unpickling (See https://github.com/pytorch/pytorch/blob/main/SECURITY.md#untrusted-models for more details). In a future release, the default value for `weights_only` will be flipped to `True`. This limits the functions that could be executed during unpickling. Arbitrary objects will no longer be allowed to be loaded via this mode unless they are explicitly allowlisted by the user via `torch.serialization.add_safe_globals`. We recommend you start setting `weights_only=True` for any use case where you don't have full control of the loaded file. Please open an issue on GitHub for any issues related to this experimental feature.
  state_dict = torch.load(cached_file)
2026-05-03 17:01:24,274 - INFO     - krStream     : face embeddings loaded, found 1000 embeddings
2026-05-03 17:01:24,274 - INFO     - krStream     : started
2026-05-03 17:01:24,428 - INFO     - img2od: 5 | od2fr: 0 | od2lpr: 0 | od2cap: 0 | fr2kr: 0 | lpr2kr: 0 | cap2udp: 0 | kr2udp: 0 | 
2026-05-03 17:01:24,665 - INFO     - odStream     : OD model loaded, model_id = 0
2026-05-03 17:01:24,665 - INFO     - odStream     : started
2026-05-03 17:01:25,239 - INFO     - udpStream    : LM model loaded, model_id = gpt2
2026-05-03 17:01:25,239 - INFO     - udpStream    : started
2026-05-03 17:01:25,429 - INFO     - img2od: 9 | od2fr: 0 | od2lpr: 0 | od2cap: 0 | fr2kr: 0 | lpr2kr: 0 | cap2udp: 0 | kr2udp: 0 | 
2026-05-03 17:01:25,444 - INFO     - frStream     : FR model loaded, model_id = vggface2
2026-05-03 17:01:25,444 - INFO     - frStream     : started
/home/lxt230026/EfficiencyAttack/traffic/cmpnt/c4_lpr.py:145: FutureWarning: You are using `torch.load` with `weights_only=False` (the current default value), which uses the default pickle module implicitly. It is possible to construct malicious pickle data which will execute arbitrary code during unpickling (See https://github.com/pytorch/pytorch/blob/main/SECURITY.md#untrusted-models for more details). In a future release, the default value for `weights_only` will be flipped to `True`. This limits the functions that could be executed during unpickling. Arbitrary objects will no longer be allowed to be loaded via this mode unless they are explicitly allowlisted by the user via `torch.serialization.add_safe_globals`. We recommend you start setting `weights_only=True` for any use case where you don't have full control of the loaded file. Please open an issue on GitHub for any issues related to this experimental feature.
  self.checkpoint = torch.load(self.model_id, map_location='cpu')
2026-05-03 17:01:25,672 - INFO     - capStream    : CAP model loaded, model_id = microsoft/git-base
2026-05-03 17:01:25,672 - INFO     - capStream    : started
2026-05-03 17:01:26,430 - INFO     - img2od: 14 | od2fr: 0 | od2lpr: 0 | od2cap: 0 | fr2kr: 0 | lpr2kr: 0 | cap2udp: 0 | kr2udp: 0 | 
2026-05-03 17:01:27,431 - INFO     - img2od: 17 | od2fr: 3 | od2lpr: 946 | od2cap: 0 | fr2kr: 0 | lpr2kr: 0 | cap2udp: 0 | kr2udp: 0 | 
2026-05-03 17:01:27,553 - INFO     - Using custom providers: ['CPUExecutionProvider']
2026-05-03 17:01:27,554 - INFO     - Skipping download of 'argentinian-plates-cnn-model' model, already exists at /home/lxt230026/.cache/fast-plate-ocr/argentinian-plates-cnn-model
2026-05-03 17:01:27,567 - INFO     - lprStream    : LPR model loaded, model_id = model_v2.pth
2026-05-03 17:01:27,567 - INFO     - lprStream    : started
2026-05-03 17:01:28,432 - INFO     - img2od: 18 | od2fr: 12 | od2lpr: 943 | od2cap: 3 | fr2kr: 2 | lpr2kr: 2 | cap2udp: 1 | kr2udp: 0 | 
2026-05-03 17:01:29,433 - INFO     - img2od: 19 | od2fr: 23 | od2lpr: 925 | od2cap: 0 | fr2kr: 4 | lpr2kr: 18 | cap2udp: 0 | kr2udp: 1 | 
2026-05-03 17:01:30,434 - INFO     - img2od: 19 | od2fr: 19 | od2lpr: 914 | od2cap: 0 | fr2kr: 7 | lpr2kr: 30 | cap2udp: 0 | kr2udp: 1 | 
2026-05-03 17:01:31,435 - INFO     - img2od: 20 | od2fr: 20 | od2lpr: 891 | od2cap: 0 | fr2kr: 10 | lpr2kr: 51 | cap2udp: 1 | kr2udp: 1 | 
2026-05-03 17:01:32,436 - INFO     - img2od: 22 | od2fr: 18 | od2lpr: 866 | od2cap: 0 | fr2kr: 12 | lpr2kr: 75 | cap2udp: 0 | kr2udp: 1 | 
2026-05-03 17:01:33,437 - INFO     - img2od: 23 | od2fr: 14 | od2lpr: 839 | od2cap: 0 | fr2kr: 15 | lpr2kr: 100 | cap2udp: 0 | kr2udp: 1 | 
2026-05-03 17:01:34,438 - INFO     - img2od: 23 | od2fr: 18 | od2lpr: 795 | od2cap: 0 | fr2kr: 18 | lpr2kr: 143 | cap2udp: 0 | kr2udp: 1 | 
2026-05-03 17:01:35,439 - INFO     - img2od: 24 | od2fr: 17 | od2lpr: 762 | od2cap: 0 | fr2kr: 20 | lpr2kr: 174 | cap2udp: 1 | kr2udp: 1 | 
2026-05-03 17:01:36,440 - INFO     - img2od: 24 | od2fr: 14 | od2lpr: 732 | od2cap: 0 | fr2kr: 23 | lpr2kr: 202 | cap2udp: 0 | kr2udp: 0 | 
2026-05-03 17:01:37,441 - INFO     - img2od: 25 | od2fr: 83 | od2lpr: 695 | od2cap: 0 | fr2kr: 25 | lpr2kr: 237 | cap2udp: 0 | kr2udp: 1 | 
2026-05-03 17:01:38,442 - INFO     - img2od: 25 | od2fr: 140 | od2lpr: 670 | od2cap: 0 | fr2kr: 28 | lpr2kr: 262 | cap2udp: 1 | kr2udp: 1 | 
2026-05-03 17:01:39,443 - INFO     - img2od: 25 | od2fr: 153 | od2lpr: 632 | od2cap: 1 | fr2kr: 30 | lpr2kr: 298 | cap2udp: 0 | kr2udp: 1 | 
2026-05-03 17:01:40,444 - INFO     - img2od: 26 | od2fr: 179 | od2lpr: 610 | od2cap: 0 | fr2kr: 32 | lpr2kr: 323 | cap2udp: 0 | kr2udp: 0 | 
2026-05-03 17:01:41,445 - INFO     - img2od: 28 | od2fr: 174 | od2lpr: 1000 | od2cap: 0 | fr2kr: 36 | lpr2kr: 365 | cap2udp: 0 | kr2udp: 1 | 
2026-05-03 17:01:42,446 - INFO     - img2od: 33 | od2fr: 169 | od2lpr: 1000 | od2cap: 0 | fr2kr: 38 | lpr2kr: 428 | cap2udp: 0 | kr2udp: 1 | 
2026-05-03 17:01:43,447 - INFO     - img2od: 37 | od2fr: 165 | od2lpr: 1000 | od2cap: 0 | fr2kr: 41 | lpr2kr: 494 | cap2udp: 0 | kr2udp: 1 | 
2026-05-03 17:01:44,448 - INFO     - img2od: 42 | od2fr: 160 | od2lpr: 998 | od2cap: 0 | fr2kr: 44 | lpr2kr: 546 | cap2udp: 0 | kr2udp: 1 | 
2026-05-03 17:01:45,449 - INFO     - img2od: 46 | od2fr: 155 | od2lpr: 1000 | od2cap: 0 | fr2kr: 47 | lpr2kr: 597 | cap2udp: 0 | kr2udp: 0 | 
2026-05-03 17:01:46,450 - INFO     - img2od: 50 | od2fr: 149 | od2lpr: 1000 | od2cap: 0 | fr2kr: 51 | lpr2kr: 643 | cap2udp: 0 | kr2udp: 1 | 
2026-05-03 17:01:46,821 - INFO     - imgStream    : completed, sending END signal
2026-05-03 17:01:46,821 - INFO     - imgStream    : shutdown
2026-05-03 17:01:46,980 - INFO     - imgStream    : shutdown successful
2026-05-03 17:01:47,451 - INFO     - img2od: 52 | od2fr: 145 | od2lpr: 999 | od2cap: 0 | fr2kr: 53 | lpr2kr: 695 | cap2udp: 0 | kr2udp: 0 | 
2026-05-03 17:01:48,452 - INFO     - img2od: 52 | od2fr: 140 | od2lpr: 1000 | od2cap: 0 | fr2kr: 57 | lpr2kr: 743 | cap2udp: 0 | kr2udp: 1 | 
2026-05-03 17:01:49,453 - INFO     - img2od: 52 | od2fr: 135 | od2lpr: 989 | od2cap: 0 | fr2kr: 60 | lpr2kr: 796 | cap2udp: 0 | kr2udp: 0 | 
2026-05-03 17:01:50,454 - INFO     - img2od: 48 | od2fr: 177 | od2lpr: 963 | od2cap: 0 | fr2kr: 62 | lpr2kr: 819 | cap2udp: 0 | kr2udp: 1 | 
2026-05-03 17:01:51,455 - INFO     - img2od: 44 | od2fr: 212 | od2lpr: 938 | od2cap: 0 | fr2kr: 64 | lpr2kr: 842 | cap2udp: 0 | kr2udp: 0 | 
2026-05-03 17:01:52,456 - INFO     - img2od: 41 | od2fr: 214 | od2lpr: 917 | od2cap: 0 | fr2kr: 66 | lpr2kr: 862 | cap2udp: 0 | kr2udp: 2 | 
2026-05-03 17:01:53,457 - INFO     - img2od: 37 | od2fr: 212 | od2lpr: 899 | od2cap: 0 | fr2kr: 69 | lpr2kr: 891 | cap2udp: 0 | kr2udp: 1 | 
2026-05-03 17:01:54,458 - INFO     - img2od: 32 | od2fr: 228 | od2lpr: 885 | od2cap: 0 | fr2kr: 71 | lpr2kr: 903 | cap2udp: 0 | kr2udp: 1 | 
2026-05-03 17:01:55,459 - INFO     - img2od: 31 | od2fr: 226 | od2lpr: 1000 | od2cap: 0 | fr2kr: 74 | lpr2kr: 938 | cap2udp: 0 | kr2udp: 0 | 
2026-05-03 17:01:56,460 - INFO     - img2od: 31 | od2fr: 221 | od2lpr: 1000 | od2cap: 0 | fr2kr: 77 | lpr2kr: 999 | cap2udp: 0 | kr2udp: 0 | 
2026-05-03 17:01:57,461 - INFO     - img2od: 31 | od2fr: 216 | od2lpr: 1000 | od2cap: 0 | fr2kr: 80 | lpr2kr: 1000 | cap2udp: 0 | kr2udp: 0 | 
2026-05-03 17:01:58,462 - INFO     - img2od: 31 | od2fr: 210 | od2lpr: 1000 | od2cap: 0 | fr2kr: 85 | lpr2kr: 1000 | cap2udp: 0 | kr2udp: 1 | 
2026-05-03 17:01:59,463 - INFO     - img2od: 31 | od2fr: 205 | od2lpr: 1000 | od2cap: 0 | fr2kr: 88 | lpr2kr: 1000 | cap2udp: 0 | kr2udp: 1 | 
2026-05-03 17:02:00,464 - INFO     - img2od: 31 | od2fr: 200 | od2lpr: 1000 | od2cap: 0 | fr2kr: 91 | lpr2kr: 1000 | cap2udp: 0 | kr2udp: 1 | 
2026-05-03 17:02:01,465 - INFO     - img2od: 31 | od2fr: 194 | od2lpr: 1000 | od2cap: 0 | fr2kr: 95 | lpr2kr: 1000 | cap2udp: 0 | kr2udp: 1 | 
2026-05-03 17:02:02,466 - INFO     - img2od: 31 | od2fr: 189 | od2lpr: 1000 | od2cap: 0 | fr2kr: 98 | lpr2kr: 1000 | cap2udp: 0 | kr2udp: 1 | 
2026-05-03 17:02:03,467 - INFO     - img2od: 31 | od2fr: 183 | od2lpr: 1000 | od2cap: 0 | fr2kr: 102 | lpr2kr: 1000 | cap2udp: 0 | kr2udp: 1 | 
2026-05-03 17:02:04,468 - INFO     - img2od: 31 | od2fr: 177 | od2lpr: 1000 | od2cap: 0 | fr2kr: 106 | lpr2kr: 1000 | cap2udp: 0 | kr2udp: 1 | 
2026-05-03 17:02:05,469 - INFO     - img2od: 31 | od2fr: 171 | od2lpr: 1000 | od2cap: 0 | fr2kr: 109 | lpr2kr: 1000 | cap2udp: 0 | kr2udp: 0 | 
2026-05-03 17:02:06,470 - INFO     - img2od: 31 | od2fr: 165 | od2lpr: 1000 | od2cap: 0 | fr2kr: 113 | lpr2kr: 1000 | cap2udp: 0 | kr2udp: 0 | 
2026-05-03 17:02:07,471 - INFO     - img2od: 31 | od2fr: 159 | od2lpr: 1000 | od2cap: 0 | fr2kr: 117 | lpr2kr: 1000 | cap2udp: 0 | kr2udp: 1 | 
2026-05-03 17:02:08,472 - INFO     - img2od: 31 | od2fr: 153 | od2lpr: 1000 | od2cap: 0 | fr2kr: 121 | lpr2kr: 1000 | cap2udp: 0 | kr2udp: 0 | 
2026-05-03 17:02:09,473 - INFO     - img2od: 31 | od2fr: 148 | od2lpr: 999 | od2cap: 0 | fr2kr: 124 | lpr2kr: 1000 | cap2udp: 0 | kr2udp: 1 | 
2026-05-03 17:02:10,474 - INFO     - img2od: 31 | od2fr: 142 | od2lpr: 1000 | od2cap: 0 | fr2kr: 128 | lpr2kr: 999 | cap2udp: 0 | kr2udp: 1 | 
2026-05-03 17:02:11,475 - INFO     - img2od: 31 | od2fr: 137 | od2lpr: 1000 | od2cap: 0 | fr2kr: 131 | lpr2kr: 1000 | cap2udp: 0 | kr2udp: 1 | 
2026-05-03 17:02:12,476 - INFO     - img2od: 31 | od2fr: 132 | od2lpr: 1000 | od2cap: 0 | fr2kr: 134 | lpr2kr: 1000 | cap2udp: 0 | kr2udp: 0 | 
2026-05-03 17:02:13,477 - INFO     - img2od: 31 | od2fr: 126 | od2lpr: 1000 | od2cap: 0 | fr2kr: 138 | lpr2kr: 1000 | cap2udp: 0 | kr2udp: 0 | 
2026-05-03 17:02:14,478 - INFO     - img2od: 31 | od2fr: 121 | od2lpr: 1000 | od2cap: 0 | fr2kr: 141 | lpr2kr: 1000 | cap2udp: 0 | kr2udp: 1 | 
2026-05-03 17:02:15,479 - INFO     - img2od: 31 | od2fr: 115 | od2lpr: 1000 | od2cap: 0 | fr2kr: 145 | lpr2kr: 1000 | cap2udp: 0 | kr2udp: 1 | 
2026-05-03 17:02:16,480 - INFO     - img2od: 31 | od2fr: 109 | od2lpr: 1000 | od2cap: 0 | fr2kr: 148 | lpr2kr: 1000 | cap2udp: 0 | kr2udp: 1 | 
2026-05-03 17:02:17,481 - INFO     - img2od: 31 | od2fr: 104 | od2lpr: 1000 | od2cap: 0 | fr2kr: 151 | lpr2kr: 1000 | cap2udp: 0 | kr2udp: 1 | 
2026-05-03 17:02:18,482 - INFO     - img2od: 31 | od2fr: 99 | od2lpr: 1000 | od2cap: 0 | fr2kr: 154 | lpr2kr: 1000 | cap2udp: 0 | kr2udp: 1 | 
2026-05-03 17:02:19,483 - INFO     - img2od: 31 | od2fr: 93 | od2lpr: 1000 | od2cap: 0 | fr2kr: 158 | lpr2kr: 1000 | cap2udp: 0 | kr2udp: 1 | 
2026-05-03 17:02:20,484 - INFO     - img2od: 31 | od2fr: 87 | od2lpr: 1000 | od2cap: 0 | fr2kr: 162 | lpr2kr: 1000 | cap2udp: 0 | kr2udp: 0 | 
2026-05-03 17:02:21,485 - INFO     - img2od: 31 | od2fr: 81 | od2lpr: 1000 | od2cap: 0 | fr2kr: 166 | lpr2kr: 1000 | cap2udp: 0 | kr2udp: 0 | 
2026-05-03 17:02:22,486 - INFO     - img2od: 31 | od2fr: 76 | od2lpr: 1000 | od2cap: 0 | fr2kr: 169 | lpr2kr: 1000 | cap2udp: 0 | kr2udp: 1 | 
2026-05-03 17:02:23,487 - INFO     - img2od: 31 | od2fr: 70 | od2lpr: 1000 | od2cap: 0 | fr2kr: 173 | lpr2kr: 1000 | cap2udp: 0 | kr2udp: 0 | 
2026-05-03 17:02:24,488 - INFO     - img2od: 31 | od2fr: 64 | od2lpr: 1000 | od2cap: 0 | fr2kr: 177 | lpr2kr: 1000 | cap2udp: 0 | kr2udp: 1 | 
2026-05-03 17:02:25,489 - INFO     - img2od: 31 | od2fr: 58 | od2lpr: 1000 | od2cap: 0 | fr2kr: 180 | lpr2kr: 1000 | cap2udp: 0 | kr2udp: 1 | 
2026-05-03 17:02:26,490 - INFO     - img2od: 31 | od2fr: 53 | od2lpr: 1000 | od2cap: 0 | fr2kr: 183 | lpr2kr: 1000 | cap2udp: 0 | kr2udp: 0 | 
2026-05-03 17:02:27,491 - INFO     - img2od: 31 | od2fr: 47 | od2lpr: 1000 | od2cap: 0 | fr2kr: 187 | lpr2kr: 999 | cap2udp: 0 | kr2udp: 1 | 
2026-05-03 17:02:28,492 - INFO     - img2od: 31 | od2fr: 42 | od2lpr: 1000 | od2cap: 0 | fr2kr: 190 | lpr2kr: 1000 | cap2udp: 0 | kr2udp: 1 | 
2026-05-03 17:02:29,493 - INFO     - img2od: 31 | od2fr: 36 | od2lpr: 1000 | od2cap: 0 | fr2kr: 194 | lpr2kr: 1000 | cap2udp: 0 | kr2udp: 1 | 
2026-05-03 17:02:30,494 - INFO     - img2od: 31 | od2fr: 29 | od2lpr: 1000 | od2cap: 0 | fr2kr: 198 | lpr2kr: 1000 | cap2udp: 0 | kr2udp: 1 | 
2026-05-03 17:02:31,495 - INFO     - img2od: 31 | od2fr: 24 | od2lpr: 1000 | od2cap: 0 | fr2kr: 202 | lpr2kr: 1000 | cap2udp: 0 | kr2udp: 1 | 
2026-05-03 17:02:32,496 - INFO     - img2od: 31 | od2fr: 18 | od2lpr: 1000 | od2cap: 0 | fr2kr: 206 | lpr2kr: 1000 | cap2udp: 0 | kr2udp: 1 | 
2026-05-03 17:02:33,497 - INFO     - img2od: 31 | od2fr: 13 | od2lpr: 1000 | od2cap: 0 | fr2kr: 209 | lpr2kr: 1000 | cap2udp: 0 | kr2udp: 1 | 
2026-05-03 17:02:34,498 - INFO     - img2od: 31 | od2fr: 8 | od2lpr: 1000 | od2cap: 0 | fr2kr: 211 | lpr2kr: 1000 | cap2udp: 0 | kr2udp: 0 | 
2026-05-03 17:02:35,499 - INFO     - img2od: 31 | od2fr: 3 | od2lpr: 1000 | od2cap: 0 | fr2kr: 214 | lpr2kr: 1000 | cap2udp: 0 | kr2udp: 0 | 
2026-05-03 17:02:36,500 - INFO     - img2od: 31 | od2fr: 0 | od2lpr: 1000 | od2cap: 0 | fr2kr: 215 | lpr2kr: 1000 | cap2udp: 0 | kr2udp: 1 | 
2026-05-03 17:02:37,501 - INFO     - img2od: 31 | od2fr: 0 | od2lpr: 1000 | od2cap: 0 | fr2kr: 213 | lpr2kr: 1000 | cap2udp: 0 | kr2udp: 1 | 
2026-05-03 17:02:38,502 - INFO     - img2od: 31 | od2fr: 0 | od2lpr: 1000 | od2cap: 0 | fr2kr: 211 | lpr2kr: 1000 | cap2udp: 0 | kr2udp: 0 | 
2026-05-03 17:02:39,503 - INFO     - img2od: 31 | od2fr: 0 | od2lpr: 1000 | od2cap: 0 | fr2kr: 209 | lpr2kr: 1000 | cap2udp: 0 | kr2udp: 0 | 
2026-05-03 17:02:40,504 - INFO     - img2od: 31 | od2fr: 0 | od2lpr: 1000 | od2cap: 0 | fr2kr: 207 | lpr2kr: 1000 | cap2udp: 0 | kr2udp: 0 | 
2026-05-03 17:02:41,505 - INFO     - img2od: 31 | od2fr: 0 | od2lpr: 1000 | od2cap: 0 | fr2kr: 205 | lpr2kr: 1000 | cap2udp: 0 | kr2udp: 1 | 
2026-05-03 17:02:42,506 - INFO     - img2od: 31 | od2fr: 0 | od2lpr: 1000 | od2cap: 0 | fr2kr: 203 | lpr2kr: 1000 | cap2udp: 0 | kr2udp: 1 | 
2026-05-03 17:02:43,507 - INFO     - img2od: 31 | od2fr: 0 | od2lpr: 1000 | od2cap: 0 | fr2kr: 201 | lpr2kr: 1000 | cap2udp: 0 | kr2udp: 1 | 
2026-05-03 17:02:44,508 - INFO     - img2od: 31 | od2fr: 0 | od2lpr: 1000 | od2cap: 0 | fr2kr: 198 | lpr2kr: 1000 | cap2udp: 0 | kr2udp: 0 | 
2026-05-03 17:02:45,509 - INFO     - img2od: 31 | od2fr: 0 | od2lpr: 1000 | od2cap: 0 | fr2kr: 196 | lpr2kr: 1000 | cap2udp: 0 | kr2udp: 1 | 
2026-05-03 17:02:46,510 - INFO     - img2od: 31 | od2fr: 0 | od2lpr: 1000 | od2cap: 0 | fr2kr: 194 | lpr2kr: 1000 | cap2udp: 0 | kr2udp: 0 | 
2026-05-03 17:02:47,511 - INFO     - img2od: 31 | od2fr: 0 | od2lpr: 1000 | od2cap: 0 | fr2kr: 192 | lpr2kr: 1000 | cap2udp: 0 | kr2udp: 1 | 
2026-05-03 17:02:48,512 - INFO     - img2od: 31 | od2fr: 0 | od2lpr: 1000 | od2cap: 0 | fr2kr: 190 | lpr2kr: 1000 | cap2udp: 0 | kr2udp: 1 | 
2026-05-03 17:02:49,513 - INFO     - img2od: 31 | od2fr: 0 | od2lpr: 1000 | od2cap: 0 | fr2kr: 188 | lpr2kr: 1000 | cap2udp: 0 | kr2udp: 1 | 
2026-05-03 17:02:50,514 - INFO     - img2od: 31 | od2fr: 0 | od2lpr: 1000 | od2cap: 0 | fr2kr: 186 | lpr2kr: 1000 | cap2udp: 0 | kr2udp: 0 | 
2026-05-03 17:02:51,515 - INFO     - img2od: 31 | od2fr: 0 | od2lpr: 1000 | od2cap: 0 | fr2kr: 184 | lpr2kr: 1000 | cap2udp: 0 | kr2udp: 1 | 
2026-05-03 17:02:52,516 - INFO     - img2od: 31 | od2fr: 0 | od2lpr: 1000 | od2cap: 0 | fr2kr: 181 | lpr2kr: 1000 | cap2udp: 0 | kr2udp: 1 | 
2026-05-03 17:02:53,517 - INFO     - img2od: 31 | od2fr: 0 | od2lpr: 1000 | od2cap: 0 | fr2kr: 179 | lpr2kr: 1000 | cap2udp: 0 | kr2udp: 0 | 
2026-05-03 17:02:54,518 - INFO     - img2od: 31 | od2fr: 0 | od2lpr: 1000 | od2cap: 0 | fr2kr: 177 | lpr2kr: 1000 | cap2udp: 0 | kr2udp: 1 | 
2026-05-03 17:02:55,519 - INFO     - img2od: 31 | od2fr: 0 | od2lpr: 1000 | od2cap: 0 | fr2kr: 175 | lpr2kr: 1000 | cap2udp: 0 | kr2udp: 1 | 
2026-05-03 17:02:56,520 - INFO     - img2od: 31 | od2fr: 0 | od2lpr: 1000 | od2cap: 0 | fr2kr: 173 | lpr2kr: 1000 | cap2udp: 0 | kr2udp: 1 | 
2026-05-03 17:02:57,521 - INFO     - img2od: 31 | od2fr: 0 | od2lpr: 1000 | od2cap: 0 | fr2kr: 171 | lpr2kr: 1000 | cap2udp: 0 | kr2udp: 1 | 
2026-05-03 17:02:58,522 - INFO     - img2od: 31 | od2fr: 0 | od2lpr: 1000 | od2cap: 0 | fr2kr: 169 | lpr2kr: 1000 | cap2udp: 0 | kr2udp: 1 | 
2026-05-03 17:02:59,523 - INFO     - img2od: 31 | od2fr: 0 | od2lpr: 1000 | od2cap: 0 | fr2kr: 167 | lpr2kr: 1000 | cap2udp: 0 | kr2udp: 1 | 
2026-05-03 17:03:00,524 - INFO     - img2od: 31 | od2fr: 0 | od2lpr: 1000 | od2cap: 0 | fr2kr: 164 | lpr2kr: 1000 | cap2udp: 0 | kr2udp: 1 | 
2026-05-03 17:03:01,527 - INFO     - img2od: 31 | od2fr: 0 | od2lpr: 1000 | od2cap: 0 | fr2kr: 162 | lpr2kr: 1000 | cap2udp: 0 | kr2udp: 1 | 
2026-05-03 17:03:02,528 - INFO     - img2od: 31 | od2fr: 0 | od2lpr: 1000 | od2cap: 0 | fr2kr: 160 | lpr2kr: 1000 | cap2udp: 0 | kr2udp: 1 | 
2026-05-03 17:03:03,529 - INFO     - img2od: 31 | od2fr: 0 | od2lpr: 1000 | od2cap: 0 | fr2kr: 158 | lpr2kr: 1000 | cap2udp: 0 | kr2udp: 0 | 
2026-05-03 17:03:04,530 - INFO     - img2od: 31 | od2fr: 0 | od2lpr: 1000 | od2cap: 0 | fr2kr: 156 | lpr2kr: 1000 | cap2udp: 0 | kr2udp: 1 | 
2026-05-03 17:03:05,531 - INFO     - img2od: 31 | od2fr: 0 | od2lpr: 1000 | od2cap: 0 | fr2kr: 153 | lpr2kr: 1000 | cap2udp: 0 | kr2udp: 1 | 
2026-05-03 17:03:06,532 - INFO     - img2od: 31 | od2fr: 0 | od2lpr: 1000 | od2cap: 0 | fr2kr: 151 | lpr2kr: 1000 | cap2udp: 0 | kr2udp: 0 | 
2026-05-03 17:03:07,533 - INFO     - img2od: 31 | od2fr: 0 | od2lpr: 1000 | od2cap: 0 | fr2kr: 149 | lpr2kr: 1000 | cap2udp: 0 | kr2udp: 1 | 
2026-05-03 17:03:08,534 - INFO     - img2od: 31 | od2fr: 0 | od2lpr: 1000 | od2cap: 0 | fr2kr: 147 | lpr2kr: 1000 | cap2udp: 0 | kr2udp: 0 | 
2026-05-03 17:03:09,535 - INFO     - img2od: 31 | od2fr: 0 | od2lpr: 1000 | od2cap: 0 | fr2kr: 145 | lpr2kr: 1000 | cap2udp: 0 | kr2udp: 0 | 
2026-05-03 17:03:10,536 - INFO     - img2od: 31 | od2fr: 0 | od2lpr: 1000 | od2cap: 0 | fr2kr: 143 | lpr2kr: 1000 | cap2udp: 0 | kr2udp: 1 | 
2026-05-03 17:03:11,537 - INFO     - img2od: 31 | od2fr: 0 | od2lpr: 1000 | od2cap: 0 | fr2kr: 141 | lpr2kr: 1000 | cap2udp: 0 | kr2udp: 1 | 
2026-05-03 17:03:12,538 - INFO     - img2od: 31 | od2fr: 0 | od2lpr: 1000 | od2cap: 0 | fr2kr: 138 | lpr2kr: 1000 | cap2udp: 0 | kr2udp: 1 | 
2026-05-03 17:03:13,539 - INFO     - img2od: 31 | od2fr: 0 | od2lpr: 1000 | od2cap: 0 | fr2kr: 136 | lpr2kr: 1000 | cap2udp: 0 | kr2udp: 0 | 
2026-05-03 17:03:14,540 - INFO     - img2od: 31 | od2fr: 0 | od2lpr: 1000 | od2cap: 0 | fr2kr: 134 | lpr2kr: 1000 | cap2udp: 0 | kr2udp: 0 | 
2026-05-03 17:03:15,541 - INFO     - img2od: 31 | od2fr: 0 | od2lpr: 1000 | od2cap: 0 | fr2kr: 132 | lpr2kr: 1000 | cap2udp: 0 | kr2udp: 1 | 
2026-05-03 17:03:16,542 - INFO     - img2od: 31 | od2fr: 0 | od2lpr: 1000 | od2cap: 0 | fr2kr: 130 | lpr2kr: 1000 | cap2udp: 0 | kr2udp: 1 | 
2026-05-03 17:03:17,543 - INFO     - img2od: 31 | od2fr: 0 | od2lpr: 1000 | od2cap: 0 | fr2kr: 128 | lpr2kr: 1000 | cap2udp: 0 | kr2udp: 0 | 
2026-05-03 17:03:18,544 - INFO     - img2od: 31 | od2fr: 0 | od2lpr: 1000 | od2cap: 0 | fr2kr: 126 | lpr2kr: 1000 | cap2udp: 0 | kr2udp: 1 | 
2026-05-03 17:03:19,545 - INFO     - img2od: 31 | od2fr: 0 | od2lpr: 1000 | od2cap: 0 | fr2kr: 124 | lpr2kr: 1000 | cap2udp: 0 | kr2udp: 1 | 
2026-05-03 17:03:20,546 - INFO     - img2od: 31 | od2fr: 0 | od2lpr: 1000 | od2cap: 0 | fr2kr: 121 | lpr2kr: 1000 | cap2udp: 0 | kr2udp: 0 | 
2026-05-03 17:03:21,547 - INFO     - img2od: 31 | od2fr: 0 | od2lpr: 1000 | od2cap: 0 | fr2kr: 119 | lpr2kr: 1000 | cap2udp: 0 | kr2udp: 1 | 
2026-05-03 17:03:22,548 - INFO     - img2od: 31 | od2fr: 0 | od2lpr: 1000 | od2cap: 0 | fr2kr: 117 | lpr2kr: 1000 | cap2udp: 0 | kr2udp: 0 | 
2026-05-03 17:03:23,549 - INFO     - img2od: 31 | od2fr: 0 | od2lpr: 1000 | od2cap: 0 | fr2kr: 115 | lpr2kr: 1000 | cap2udp: 0 | kr2udp: 0 | 
2026-05-03 17:03:24,550 - INFO     - img2od: 31 | od2fr: 0 | od2lpr: 1000 | od2cap: 0 | fr2kr: 113 | lpr2kr: 1000 | cap2udp: 0 | kr2udp: 1 | 
2026-05-03 17:03:25,551 - INFO     - img2od: 31 | od2fr: 0 | od2lpr: 1000 | od2cap: 0 | fr2kr: 111 | lpr2kr: 1000 | cap2udp: 0 | kr2udp: 0 | 
2026-05-03 17:03:26,552 - INFO     - img2od: 31 | od2fr: 0 | od2lpr: 1000 | od2cap: 0 | fr2kr: 109 | lpr2kr: 1000 | cap2udp: 0 | kr2udp: 1 | 
2026-05-03 17:03:27,553 - INFO     - img2od: 31 | od2fr: 0 | od2lpr: 1000 | od2cap: 0 | fr2kr: 107 | lpr2kr: 1000 | cap2udp: 0 | kr2udp: 1 | 
2026-05-03 17:03:28,554 - INFO     - img2od: 31 | od2fr: 0 | od2lpr: 1000 | od2cap: 0 | fr2kr: 105 | lpr2kr: 1000 | cap2udp: 0 | kr2udp: 1 | 
2026-05-03 17:03:29,555 - INFO     - img2od: 31 | od2fr: 0 | od2lpr: 1000 | od2cap: 0 | fr2kr: 103 | lpr2kr: 1000 | cap2udp: 0 | kr2udp: 0 | 
2026-05-03 17:03:30,556 - INFO     - img2od: 31 | od2fr: 0 | od2lpr: 1000 | od2cap: 0 | fr2kr: 101 | lpr2kr: 1000 | cap2udp: 0 | kr2udp: 0 | 
2026-05-03 17:03:31,557 - INFO     - img2od: 31 | od2fr: 0 | od2lpr: 1000 | od2cap: 0 | fr2kr: 99 | lpr2kr: 1000 | cap2udp: 0 | kr2udp: 1 | 
2026-05-03 17:03:32,558 - INFO     - img2od: 31 | od2fr: 0 | od2lpr: 1000 | od2cap: 0 | fr2kr: 97 | lpr2kr: 1000 | cap2udp: 0 | kr2udp: 1 | 
2026-05-03 17:03:33,559 - INFO     - img2od: 31 | od2fr: 0 | od2lpr: 1000 | od2cap: 0 | fr2kr: 95 | lpr2kr: 1000 | cap2udp: 0 | kr2udp: 1 | 
2026-05-03 17:03:34,560 - INFO     - img2od: 31 | od2fr: 0 | od2lpr: 1000 | od2cap: 0 | fr2kr: 92 | lpr2kr: 1000 | cap2udp: 0 | kr2udp: 1 | 
2026-05-03 17:03:35,561 - INFO     - img2od: 31 | od2fr: 0 | od2lpr: 1000 | od2cap: 0 | fr2kr: 90 | lpr2kr: 1000 | cap2udp: 0 | kr2udp: 1 | 
2026-05-03 17:03:36,562 - INFO     - img2od: 31 | od2fr: 0 | od2lpr: 1000 | od2cap: 0 | fr2kr: 88 | lpr2kr: 1000 | cap2udp: 0 | kr2udp: 0 | 
2026-05-03 17:03:37,563 - INFO     - img2od: 31 | od2fr: 0 | od2lpr: 1000 | od2cap: 0 | fr2kr: 86 | lpr2kr: 1000 | cap2udp: 0 | kr2udp: 0 | 
2026-05-03 17:03:38,564 - INFO     - img2od: 31 | od2fr: 0 | od2lpr: 1000 | od2cap: 0 | fr2kr: 84 | lpr2kr: 1000 | cap2udp: 0 | kr2udp: 1 | 
2026-05-03 17:03:39,565 - INFO     - img2od: 31 | od2fr: 0 | od2lpr: 1000 | od2cap: 0 | fr2kr: 82 | lpr2kr: 1000 | cap2udp: 0 | kr2udp: 1 | 
2026-05-03 17:03:40,566 - INFO     - img2od: 31 | od2fr: 0 | od2lpr: 1000 | od2cap: 0 | fr2kr: 79 | lpr2kr: 1000 | cap2udp: 0 | kr2udp: 0 | 
2026-05-03 17:03:41,567 - INFO     - img2od: 31 | od2fr: 0 | od2lpr: 1000 | od2cap: 0 | fr2kr: 77 | lpr2kr: 1000 | cap2udp: 0 | kr2udp: 0 | 
2026-05-03 17:03:42,568 - INFO     - img2od: 31 | od2fr: 0 | od2lpr: 1000 | od2cap: 0 | fr2kr: 75 | lpr2kr: 1000 | cap2udp: 0 | kr2udp: 0 | 
2026-05-03 17:03:43,569 - INFO     - img2od: 31 | od2fr: 0 | od2lpr: 1000 | od2cap: 0 | fr2kr: 73 | lpr2kr: 1000 | cap2udp: 0 | kr2udp: 1 | 
2026-05-03 17:03:44,570 - INFO     - img2od: 31 | od2fr: 0 | od2lpr: 1000 | od2cap: 0 | fr2kr: 70 | lpr2kr: 1000 | cap2udp: 0 | kr2udp: 1 | 
2026-05-03 17:03:45,571 - INFO     - img2od: 31 | od2fr: 0 | od2lpr: 1000 | od2cap: 0 | fr2kr: 68 | lpr2kr: 1000 | cap2udp: 0 | kr2udp: 1 | 
2026-05-03 17:03:46,572 - INFO     - img2od: 31 | od2fr: 0 | od2lpr: 1000 | od2cap: 0 | fr2kr: 66 | lpr2kr: 1000 | cap2udp: 0 | kr2udp: 0 | 
2026-05-03 17:03:47,573 - INFO     - img2od: 31 | od2fr: 0 | od2lpr: 1000 | od2cap: 0 | fr2kr: 64 | lpr2kr: 1000 | cap2udp: 0 | kr2udp: 1 | 
2026-05-03 17:03:48,574 - INFO     - img2od: 31 | od2fr: 0 | od2lpr: 1000 | od2cap: 0 | fr2kr: 62 | lpr2kr: 1000 | cap2udp: 0 | kr2udp: 0 | 
2026-05-03 17:03:49,575 - INFO     - img2od: 31 | od2fr: 0 | od2lpr: 1000 | od2cap: 0 | fr2kr: 60 | lpr2kr: 1000 | cap2udp: 0 | kr2udp: 1 | 
2026-05-03 17:03:50,576 - INFO     - img2od: 31 | od2fr: 0 | od2lpr: 1000 | od2cap: 0 | fr2kr: 58 | lpr2kr: 1000 | cap2udp: 0 | kr2udp: 0 | 
2026-05-03 17:03:51,577 - INFO     - img2od: 31 | od2fr: 0 | od2lpr: 1000 | od2cap: 0 | fr2kr: 56 | lpr2kr: 1000 | cap2udp: 0 | kr2udp: 0 | 
2026-05-03 17:03:52,578 - INFO     - img2od: 31 | od2fr: 0 | od2lpr: 1000 | od2cap: 0 | fr2kr: 54 | lpr2kr: 1000 | cap2udp: 0 | kr2udp: 1 | 
2026-05-03 17:03:53,579 - INFO     - img2od: 31 | od2fr: 0 | od2lpr: 1000 | od2cap: 0 | fr2kr: 51 | lpr2kr: 1000 | cap2udp: 0 | kr2udp: 1 | 
2026-05-03 17:03:54,580 - INFO     - img2od: 31 | od2fr: 0 | od2lpr: 1000 | od2cap: 0 | fr2kr: 49 | lpr2kr: 1000 | cap2udp: 0 | kr2udp: 0 | 
2026-05-03 17:03:55,581 - INFO     - img2od: 31 | od2fr: 0 | od2lpr: 1000 | od2cap: 0 | fr2kr: 47 | lpr2kr: 1000 | cap2udp: 0 | kr2udp: 1 | 
2026-05-03 17:03:56,582 - INFO     - img2od: 31 | od2fr: 0 | od2lpr: 1000 | od2cap: 0 | fr2kr: 45 | lpr2kr: 1000 | cap2udp: 0 | kr2udp: 0 | 
2026-05-03 17:03:57,583 - INFO     - img2od: 31 | od2fr: 0 | od2lpr: 1000 | od2cap: 0 | fr2kr: 43 | lpr2kr: 1000 | cap2udp: 0 | kr2udp: 1 | 
2026-05-03 17:03:58,584 - INFO     - img2od: 31 | od2fr: 0 | od2lpr: 1000 | od2cap: 0 | fr2kr: 41 | lpr2kr: 1000 | cap2udp: 0 | kr2udp: 1 | 
2026-05-03 17:03:59,585 - INFO     - img2od: 31 | od2fr: 0 | od2lpr: 1000 | od2cap: 0 | fr2kr: 39 | lpr2kr: 1000 | cap2udp: 0 | kr2udp: 1 | 
2026-05-03 17:04:00,586 - INFO     - img2od: 31 | od2fr: 0 | od2lpr: 1000 | od2cap: 0 | fr2kr: 36 | lpr2kr: 1000 | cap2udp: 0 | kr2udp: 0 | 
2026-05-03 17:04:01,587 - INFO     - img2od: 31 | od2fr: 0 | od2lpr: 1000 | od2cap: 0 | fr2kr: 34 | lpr2kr: 1000 | cap2udp: 0 | kr2udp: 0 | 
2026-05-03 17:04:02,588 - INFO     - img2od: 31 | od2fr: 0 | od2lpr: 1000 | od2cap: 0 | fr2kr: 32 | lpr2kr: 1000 | cap2udp: 0 | kr2udp: 1 | 
2026-05-03 17:04:03,589 - INFO     - img2od: 31 | od2fr: 0 | od2lpr: 1000 | od2cap: 0 | fr2kr: 30 | lpr2kr: 1000 | cap2udp: 0 | kr2udp: 0 | 
2026-05-03 17:04:04,590 - INFO     - img2od: 31 | od2fr: 0 | od2lpr: 1000 | od2cap: 0 | fr2kr: 28 | lpr2kr: 1000 | cap2udp: 0 | kr2udp: 1 | 
2026-05-03 17:04:05,591 - INFO     - img2od: 31 | od2fr: 0 | od2lpr: 1000 | od2cap: 0 | fr2kr: 26 | lpr2kr: 1000 | cap2udp: 0 | kr2udp: 1 | 
2026-05-03 17:04:06,592 - INFO     - img2od: 31 | od2fr: 0 | od2lpr: 1000 | od2cap: 0 | fr2kr: 23 | lpr2kr: 999 | cap2udp: 0 | kr2udp: 1 | 
2026-05-03 17:04:07,593 - INFO     - img2od: 31 | od2fr: 0 | od2lpr: 1000 | od2cap: 0 | fr2kr: 21 | lpr2kr: 1000 | cap2udp: 0 | kr2udp: 0 | 
2026-05-03 17:04:08,594 - INFO     - img2od: 31 | od2fr: 0 | od2lpr: 1000 | od2cap: 0 | fr2kr: 19 | lpr2kr: 1000 | cap2udp: 0 | kr2udp: 1 | 
2026-05-03 17:04:09,595 - INFO     - img2od: 31 | od2fr: 0 | od2lpr: 1000 | od2cap: 0 | fr2kr: 17 | lpr2kr: 1000 | cap2udp: 0 | kr2udp: 1 | 
2026-05-03 17:04:10,596 - INFO     - img2od: 31 | od2fr: 0 | od2lpr: 1000 | od2cap: 0 | fr2kr: 14 | lpr2kr: 1000 | cap2udp: 0 | kr2udp: 0 | 
2026-05-03 17:04:11,597 - INFO     - img2od: 31 | od2fr: 0 | od2lpr: 1000 | od2cap: 0 | fr2kr: 12 | lpr2kr: 1000 | cap2udp: 0 | kr2udp: 1 | 
2026-05-03 17:04:12,598 - INFO     - img2od: 31 | od2fr: 0 | od2lpr: 1000 | od2cap: 0 | fr2kr: 10 | lpr2kr: 1000 | cap2udp: 0 | kr2udp: 1 | 
2026-05-03 17:04:13,599 - INFO     - img2od: 31 | od2fr: 0 | od2lpr: 1000 | od2cap: 0 | fr2kr: 7 | lpr2kr: 1000 | cap2udp: 0 | kr2udp: 1 | 
2026-05-03 17:04:14,600 - INFO     - img2od: 31 | od2fr: 0 | od2lpr: 1000 | od2cap: 0 | fr2kr: 5 | lpr2kr: 1000 | cap2udp: 0 | kr2udp: 1 | 
2026-05-03 17:04:15,601 - INFO     - img2od: 31 | od2fr: 0 | od2lpr: 1000 | od2cap: 0 | fr2kr: 3 | lpr2kr: 1000 | cap2udp: 0 | kr2udp: 0 | 
2026-05-03 17:04:16,602 - INFO     - img2od: 31 | od2fr: 0 | od2lpr: 1000 | od2cap: 0 | fr2kr: 1 | lpr2kr: 1000 | cap2udp: 0 | kr2udp: 1 | 
2026-05-03 17:04:17,603 - INFO     - img2od: 31 | od2fr: 0 | od2lpr: 1000 | od2cap: 0 | fr2kr: 0 | lpr2kr: 1000 | cap2udp: 0 | kr2udp: 0 | 
2026-05-03 17:04:18,604 - INFO     - img2od: 31 | od2fr: 0 | od2lpr: 1000 | od2cap: 0 | fr2kr: 0 | lpr2kr: 1000 | cap2udp: 0 | kr2udp: 0 | 
2026-05-03 17:04:19,605 - INFO     - img2od: 31 | od2fr: 0 | od2lpr: 1000 | od2cap: 0 | fr2kr: 0 | lpr2kr: 1000 | cap2udp: 0 | kr2udp: 1 | 
2026-05-03 17:04:20,606 - INFO     - img2od: 31 | od2fr: 0 | od2lpr: 1000 | od2cap: 0 | fr2kr: 0 | lpr2kr: 1000 | cap2udp: 0 | kr2udp: 1 | 
2026-05-03 17:04:21,607 - INFO     - img2od: 31 | od2fr: 0 | od2lpr: 1000 | od2cap: 0 | fr2kr: 0 | lpr2kr: 1000 | cap2udp: 0 | kr2udp: 1 | 
2026-05-03 17:04:22,608 - INFO     - img2od: 31 | od2fr: 0 | od2lpr: 1000 | od2cap: 0 | fr2kr: 0 | lpr2kr: 1000 | cap2udp: 0 | kr2udp: 1 | 
2026-05-03 17:04:23,609 - INFO     - img2od: 31 | od2fr: 0 | od2lpr: 1000 | od2cap: 0 | fr2kr: 0 | lpr2kr: 1000 | cap2udp: 0 | kr2udp: 1 | 
2026-05-03 17:04:24,610 - INFO     - img2od: 31 | od2fr: 0 | od2lpr: 1000 | od2cap: 0 | fr2kr: 0 | lpr2kr: 1000 | cap2udp: 0 | kr2udp: 1 | 
2026-05-03 17:04:25,611 - INFO     - img2od: 31 | od2fr: 0 | od2lpr: 1000 | od2cap: 0 | fr2kr: 0 | lpr2kr: 1000 | cap2udp: 0 | kr2udp: 1 | 
2026-05-03 17:04:26,612 - INFO     - img2od: 31 | od2fr: 0 | od2lpr: 1000 | od2cap: 0 | fr2kr: 0 | lpr2kr: 1000 | cap2udp: 0 | kr2udp: 0 | 
2026-05-03 17:04:27,613 - INFO     - img2od: 31 | od2fr: 0 | od2lpr: 1000 | od2cap: 0 | fr2kr: 0 | lpr2kr: 1000 | cap2udp: 0 | kr2udp: 0 | 
2026-05-03 17:04:28,614 - INFO     - img2od: 31 | od2fr: 0 | od2lpr: 1000 | od2cap: 0 | fr2kr: 0 | lpr2kr: 1000 | cap2udp: 0 | kr2udp: 0 | 
2026-05-03 17:04:29,615 - INFO     - img2od: 31 | od2fr: 0 | od2lpr: 1000 | od2cap: 0 | fr2kr: 0 | lpr2kr: 1000 | cap2udp: 0 | kr2udp: 1 | 
2026-05-03 17:04:30,616 - INFO     - img2od: 31 | od2fr: 0 | od2lpr: 1000 | od2cap: 0 | fr2kr: 0 | lpr2kr: 1000 | cap2udp: 0 | kr2udp: 1 | 
2026-05-03 17:04:31,617 - INFO     - img2od: 31 | od2fr: 0 | od2lpr: 1000 | od2cap: 0 | fr2kr: 0 | lpr2kr: 1000 | cap2udp: 0 | kr2udp: 1 | 
2026-05-03 17:04:32,618 - INFO     - img2od: 31 | od2fr: 0 | od2lpr: 1000 | od2cap: 0 | fr2kr: 0 | lpr2kr: 1000 | cap2udp: 0 | kr2udp: 0 | 
2026-05-03 17:04:33,619 - INFO     - img2od: 31 | od2fr: 0 | od2lpr: 1000 | od2cap: 0 | fr2kr: 0 | lpr2kr: 1000 | cap2udp: 0 | kr2udp: 0 | 
2026-05-03 17:04:34,620 - INFO     - img2od: 31 | od2fr: 0 | od2lpr: 1000 | od2cap: 0 | fr2kr: 0 | lpr2kr: 1000 | cap2udp: 0 | kr2udp: 1 | 
2026-05-03 17:04:35,621 - INFO     - img2od: 31 | od2fr: 0 | od2lpr: 1000 | od2cap: 0 | fr2kr: 0 | lpr2kr: 1000 | cap2udp: 0 | kr2udp: 1 | 
2026-05-03 17:04:36,622 - INFO     - img2od: 31 | od2fr: 0 | od2lpr: 1000 | od2cap: 0 | fr2kr: 0 | lpr2kr: 1000 | cap2udp: 0 | kr2udp: 1 | 
2026-05-03 17:04:37,623 - INFO     - img2od: 31 | od2fr: 0 | od2lpr: 1000 | od2cap: 0 | fr2kr: 0 | lpr2kr: 1000 | cap2udp: 0 | kr2udp: 0 | 
2026-05-03 17:04:38,624 - INFO     - img2od: 31 | od2fr: 0 | od2lpr: 1000 | od2cap: 0 | fr2kr: 0 | lpr2kr: 1000 | cap2udp: 0 | kr2udp: 1 | 
2026-05-03 17:04:39,625 - INFO     - img2od: 31 | od2fr: 0 | od2lpr: 1000 | od2cap: 0 | fr2kr: 0 | lpr2kr: 1000 | cap2udp: 0 | kr2udp: 1 | 
2026-05-03 17:04:40,626 - INFO     - img2od: 31 | od2fr: 0 | od2lpr: 1000 | od2cap: 0 | fr2kr: 0 | lpr2kr: 1000 | cap2udp: 0 | kr2udp: 0 | 
2026-05-03 17:04:41,627 - INFO     - img2od: 31 | od2fr: 0 | od2lpr: 1000 | od2cap: 0 | fr2kr: 0 | lpr2kr: 1000 | cap2udp: 0 | kr2udp: 1 | 
2026-05-03 17:04:42,628 - INFO     - img2od: 31 | od2fr: 0 | od2lpr: 1000 | od2cap: 0 | fr2kr: 0 | lpr2kr: 1000 | cap2udp: 0 | kr2udp: 0 | 
2026-05-03 17:04:43,629 - INFO     - img2od: 31 | od2fr: 0 | od2lpr: 1000 | od2cap: 0 | fr2kr: 0 | lpr2kr: 1000 | cap2udp: 0 | kr2udp: 1 | 
2026-05-03 17:04:44,630 - INFO     - img2od: 31 | od2fr: 0 | od2lpr: 1000 | od2cap: 0 | fr2kr: 0 | lpr2kr: 1000 | cap2udp: 0 | kr2udp: 1 | 
2026-05-03 17:04:45,631 - INFO     - img2od: 31 | od2fr: 0 | od2lpr: 1000 | od2cap: 0 | fr2kr: 0 | lpr2kr: 1000 | cap2udp: 0 | kr2udp: 1 | 
2026-05-03 17:04:46,632 - INFO     - img2od: 31 | od2fr: 0 | od2lpr: 1000 | od2cap: 0 | fr2kr: 0 | lpr2kr: 1000 | cap2udp: 0 | kr2udp: 1 | 
2026-05-03 17:04:47,633 - INFO     - img2od: 31 | od2fr: 0 | od2lpr: 1000 | od2cap: 0 | fr2kr: 0 | lpr2kr: 1000 | cap2udp: 0 | kr2udp: 1 | 
2026-05-03 17:04:48,634 - INFO     - img2od: 31 | od2fr: 0 | od2lpr: 1000 | od2cap: 0 | fr2kr: 0 | lpr2kr: 1000 | cap2udp: 0 | kr2udp: 1 | 
2026-05-03 17:04:49,635 - INFO     - img2od: 31 | od2fr: 0 | od2lpr: 1000 | od2cap: 0 | fr2kr: 0 | lpr2kr: 1000 | cap2udp: 0 | kr2udp: 0 | 
2026-05-03 17:04:50,636 - INFO     - img2od: 31 | od2fr: 0 | od2lpr: 1000 | od2cap: 0 | fr2kr: 0 | lpr2kr: 1000 | cap2udp: 0 | kr2udp: 1 | 
2026-05-03 17:04:51,637 - INFO     - img2od: 31 | od2fr: 0 | od2lpr: 1000 | od2cap: 0 | fr2kr: 0 | lpr2kr: 1000 | cap2udp: 0 | kr2udp: 1 | 
2026-05-03 17:04:52,638 - INFO     - img2od: 31 | od2fr: 0 | od2lpr: 1000 | od2cap: 0 | fr2kr: 0 | lpr2kr: 1000 | cap2udp: 0 | kr2udp: 1 | 
2026-05-03 17:04:53,639 - INFO     - img2od: 31 | od2fr: 0 | od2lpr: 1000 | od2cap: 0 | fr2kr: 0 | lpr2kr: 1000 | cap2udp: 0 | kr2udp: 1 | 
2026-05-03 17:04:54,640 - INFO     - img2od: 31 | od2fr: 0 | od2lpr: 1000 | od2cap: 0 | fr2kr: 0 | lpr2kr: 1000 | cap2udp: 0 | kr2udp: 1 | 
2026-05-03 17:04:55,641 - INFO     - img2od: 31 | od2fr: 0 | od2lpr: 1000 | od2cap: 0 | fr2kr: 0 | lpr2kr: 1000 | cap2udp: 0 | kr2udp: 1 | 
2026-05-03 17:04:56,642 - INFO     - img2od: 31 | od2fr: 0 | od2lpr: 1000 | od2cap: 0 | fr2kr: 0 | lpr2kr: 1000 | cap2udp: 0 | kr2udp: 1 | 
2026-05-03 17:04:57,643 - INFO     - img2od: 31 | od2fr: 0 | od2lpr: 1000 | od2cap: 0 | fr2kr: 0 | lpr2kr: 1000 | cap2udp: 0 | kr2udp: 1 | 
2026-05-03 17:04:58,644 - INFO     - img2od: 31 | od2fr: 0 | od2lpr: 1000 | od2cap: 0 | fr2kr: 0 | lpr2kr: 1000 | cap2udp: 0 | kr2udp: 1 | 
2026-05-03 17:04:59,645 - INFO     - img2od: 31 | od2fr: 0 | od2lpr: 1000 | od2cap: 0 | fr2kr: 0 | lpr2kr: 1000 | cap2udp: 0 | kr2udp: 1 | 
2026-05-03 17:05:00,646 - INFO     - img2od: 31 | od2fr: 0 | od2lpr: 1000 | od2cap: 0 | fr2kr: 0 | lpr2kr: 1000 | cap2udp: 0 | kr2udp: 1 | 
2026-05-03 17:05:01,647 - INFO     - img2od: 31 | od2fr: 0 | od2lpr: 1000 | od2cap: 0 | fr2kr: 0 | lpr2kr: 1000 | cap2udp: 0 | kr2udp: 1 | 
2026-05-03 17:05:02,648 - INFO     - img2od: 31 | od2fr: 0 | od2lpr: 1000 | od2cap: 0 | fr2kr: 0 | lpr2kr: 1000 | cap2udp: 0 | kr2udp: 0 | 
2026-05-03 17:05:03,649 - INFO     - img2od: 31 | od2fr: 0 | od2lpr: 1000 | od2cap: 0 | fr2kr: 0 | lpr2kr: 1000 | cap2udp: 0 | kr2udp: 1 | 
2026-05-03 17:05:04,650 - INFO     - img2od: 31 | od2fr: 0 | od2lpr: 1000 | od2cap: 0 | fr2kr: 0 | lpr2kr: 1000 | cap2udp: 0 | kr2udp: 1 | 
2026-05-03 17:05:05,651 - INFO     - img2od: 31 | od2fr: 0 | od2lpr: 1000 | od2cap: 0 | fr2kr: 0 | lpr2kr: 999 | cap2udp: 0 | kr2udp: 0 | 
2026-05-03 17:05:06,652 - INFO     - img2od: 31 | od2fr: 0 | od2lpr: 1000 | od2cap: 0 | fr2kr: 0 | lpr2kr: 1000 | cap2udp: 0 | kr2udp: 1 | 
2026-05-03 17:05:07,653 - INFO     - img2od: 31 | od2fr: 0 | od2lpr: 1000 | od2cap: 0 | fr2kr: 0 | lpr2kr: 1000 | cap2udp: 0 | kr2udp: 1 | 
2026-05-03 17:05:08,654 - INFO     - img2od: 31 | od2fr: 0 | od2lpr: 1000 | od2cap: 0 | fr2kr: 0 | lpr2kr: 1000 | cap2udp: 0 | kr2udp: 1 | 
2026-05-03 17:05:09,655 - INFO     - img2od: 31 | od2fr: 0 | od2lpr: 1000 | od2cap: 0 | fr2kr: 0 | lpr2kr: 1000 | cap2udp: 0 | kr2udp: 1 | 
2026-05-03 17:05:10,656 - INFO     - img2od: 31 | od2fr: 0 | od2lpr: 1000 | od2cap: 0 | fr2kr: 0 | lpr2kr: 1000 | cap2udp: 0 | kr2udp: 1 | 
2026-05-03 17:05:11,657 - INFO     - img2od: 31 | od2fr: 0 | od2lpr: 1000 | od2cap: 0 | fr2kr: 0 | lpr2kr: 1000 | cap2udp: 0 | kr2udp: 1 | 
2026-05-03 17:05:12,658 - INFO     - img2od: 31 | od2fr: 0 | od2lpr: 1000 | od2cap: 0 | fr2kr: 0 | lpr2kr: 1000 | cap2udp: 0 | kr2udp: 1 | 
2026-05-03 17:05:13,659 - INFO     - img2od: 31 | od2fr: 0 | od2lpr: 1000 | od2cap: 0 | fr2kr: 0 | lpr2kr: 1000 | cap2udp: 0 | kr2udp: 0 | 
2026-05-03 17:05:14,660 - INFO     - img2od: 31 | od2fr: 0 | od2lpr: 1000 | od2cap: 0 | fr2kr: 0 | lpr2kr: 1000 | cap2udp: 0 | kr2udp: 1 | 
2026-05-03 17:05:15,661 - INFO     - img2od: 31 | od2fr: 0 | od2lpr: 1000 | od2cap: 0 | fr2kr: 0 | lpr2kr: 1000 | cap2udp: 0 | kr2udp: 0 | 
2026-05-03 17:05:16,662 - INFO     - img2od: 31 | od2fr: 0 | od2lpr: 1000 | od2cap: 0 | fr2kr: 0 | lpr2kr: 1000 | cap2udp: 0 | kr2udp: 1 | 
2026-05-03 17:05:17,663 - INFO     - img2od: 31 | od2fr: 0 | od2lpr: 1000 | od2cap: 0 | fr2kr: 0 | lpr2kr: 1000 | cap2udp: 0 | kr2udp: 1 | 
2026-05-03 17:05:18,664 - INFO     - img2od: 31 | od2fr: 0 | od2lpr: 1000 | od2cap: 0 | fr2kr: 0 | lpr2kr: 1000 | cap2udp: 0 | kr2udp: 1 | 
2026-05-03 17:05:19,665 - INFO     - img2od: 31 | od2fr: 0 | od2lpr: 1000 | od2cap: 0 | fr2kr: 0 | lpr2kr: 1000 | cap2udp: 0 | kr2udp: 1 | 
2026-05-03 17:05:20,666 - INFO     - img2od: 31 | od2fr: 0 | od2lpr: 1000 | od2cap: 0 | fr2kr: 0 | lpr2kr: 1000 | cap2udp: 0 | kr2udp: 1 | 
2026-05-03 17:05:21,667 - INFO     - img2od: 31 | od2fr: 0 | od2lpr: 999 | od2cap: 0 | fr2kr: 0 | lpr2kr: 1000 | cap2udp: 0 | kr2udp: 1 | 
2026-05-03 17:05:22,668 - INFO     - img2od: 31 | od2fr: 0 | od2lpr: 1000 | od2cap: 0 | fr2kr: 0 | lpr2kr: 1000 | cap2udp: 0 | kr2udp: 1 | 
2026-05-03 17:05:23,669 - INFO     - img2od: 31 | od2fr: 0 | od2lpr: 1000 | od2cap: 0 | fr2kr: 0 | lpr2kr: 1000 | cap2udp: 0 | kr2udp: 1 | 
2026-05-03 17:05:24,670 - INFO     - img2od: 31 | od2fr: 0 | od2lpr: 1000 | od2cap: 0 | fr2kr: 0 | lpr2kr: 1000 | cap2udp: 0 | kr2udp: 1 | 
2026-05-03 17:05:25,671 - INFO     - img2od: 31 | od2fr: 0 | od2lpr: 1000 | od2cap: 0 | fr2kr: 0 | lpr2kr: 1000 | cap2udp: 0 | kr2udp: 1 | 
2026-05-03 17:05:26,672 - INFO     - img2od: 31 | od2fr: 0 | od2lpr: 1000 | od2cap: 0 | fr2kr: 0 | lpr2kr: 1000 | cap2udp: 0 | kr2udp: 1 | 
2026-05-03 17:05:27,673 - INFO     - img2od: 31 | od2fr: 0 | od2lpr: 1000 | od2cap: 0 | fr2kr: 0 | lpr2kr: 1000 | cap2udp: 0 | kr2udp: 1 | 
2026-05-03 17:05:28,674 - INFO     - img2od: 31 | od2fr: 0 | od2lpr: 1000 | od2cap: 0 | fr2kr: 0 | lpr2kr: 1000 | cap2udp: 0 | kr2udp: 1 | 
2026-05-03 17:05:29,675 - INFO     - img2od: 31 | od2fr: 0 | od2lpr: 1000 | od2cap: 0 | fr2kr: 0 | lpr2kr: 1000 | cap2udp: 0 | kr2udp: 1 | 
2026-05-03 17:05:30,676 - INFO     - img2od: 31 | od2fr: 0 | od2lpr: 1000 | od2cap: 0 | fr2kr: 0 | lpr2kr: 1000 | cap2udp: 0 | kr2udp: 1 | 
2026-05-03 17:05:31,677 - INFO     - img2od: 31 | od2fr: 0 | od2lpr: 1000 | od2cap: 0 | fr2kr: 0 | lpr2kr: 1000 | cap2udp: 0 | kr2udp: 0 | 
2026-05-03 17:05:32,678 - INFO     - img2od: 31 | od2fr: 0 | od2lpr: 1000 | od2cap: 0 | fr2kr: 0 | lpr2kr: 1000 | cap2udp: 0 | kr2udp: 1 | 
2026-05-03 17:05:33,679 - INFO     - img2od: 31 | od2fr: 0 | od2lpr: 1000 | od2cap: 0 | fr2kr: 0 | lpr2kr: 1000 | cap2udp: 0 | kr2udp: 1 | 
2026-05-03 17:05:34,680 - INFO     - img2od: 31 | od2fr: 0 | od2lpr: 1000 | od2cap: 0 | fr2kr: 0 | lpr2kr: 1000 | cap2udp: 0 | kr2udp: 1 | 
2026-05-03 17:05:35,681 - INFO     - img2od: 31 | od2fr: 0 | od2lpr: 1000 | od2cap: 0 | fr2kr: 0 | lpr2kr: 1000 | cap2udp: 0 | kr2udp: 1 | 
2026-05-03 17:05:36,682 - INFO     - img2od: 31 | od2fr: 0 | od2lpr: 1000 | od2cap: 0 | fr2kr: 0 | lpr2kr: 1000 | cap2udp: 0 | kr2udp: 1 | 
2026-05-03 17:05:37,683 - INFO     - img2od: 31 | od2fr: 0 | od2lpr: 1000 | od2cap: 0 | fr2kr: 0 | lpr2kr: 1000 | cap2udp: 0 | kr2udp: 0 | 
2026-05-03 17:05:38,684 - INFO     - img2od: 31 | od2fr: 0 | od2lpr: 1000 | od2cap: 0 | fr2kr: 0 | lpr2kr: 1000 | cap2udp: 0 | kr2udp: 0 | 
2026-05-03 17:05:39,685 - INFO     - img2od: 31 | od2fr: 0 | od2lpr: 1000 | od2cap: 0 | fr2kr: 0 | lpr2kr: 1000 | cap2udp: 0 | kr2udp: 1 | 
2026-05-03 17:05:40,686 - INFO     - img2od: 31 | od2fr: 0 | od2lpr: 1000 | od2cap: 0 | fr2kr: 0 | lpr2kr: 1000 | cap2udp: 0 | kr2udp: 1 | 
2026-05-03 17:05:41,687 - INFO     - img2od: 31 | od2fr: 0 | od2lpr: 1000 | od2cap: 0 | fr2kr: 0 | lpr2kr: 1000 | cap2udp: 0 | kr2udp: 1 | 
2026-05-03 17:05:42,688 - INFO     - img2od: 31 | od2fr: 0 | od2lpr: 1000 | od2cap: 0 | fr2kr: 0 | lpr2kr: 1000 | cap2udp: 0 | kr2udp: 1 | 
2026-05-03 17:05:43,689 - INFO     - img2od: 31 | od2fr: 0 | od2lpr: 1000 | od2cap: 0 | fr2kr: 0 | lpr2kr: 1000 | cap2udp: 0 | kr2udp: 1 | 
2026-05-03 17:05:44,690 - INFO     - img2od: 31 | od2fr: 0 | od2lpr: 1000 | od2cap: 0 | fr2kr: 0 | lpr2kr: 1000 | cap2udp: 0 | kr2udp: 1 | 
2026-05-03 17:05:45,691 - INFO     - img2od: 31 | od2fr: 0 | od2lpr: 1000 | od2cap: 0 | fr2kr: 0 | lpr2kr: 1000 | cap2udp: 0 | kr2udp: 1 | 
2026-05-03 17:05:46,692 - INFO     - img2od: 31 | od2fr: 0 | od2lpr: 1000 | od2cap: 0 | fr2kr: 0 | lpr2kr: 1000 | cap2udp: 0 | kr2udp: 1 | 
2026-05-03 17:05:47,693 - INFO     - img2od: 31 | od2fr: 0 | od2lpr: 1000 | od2cap: 0 | fr2kr: 0 | lpr2kr: 1000 | cap2udp: 0 | kr2udp: 1 | 
2026-05-03 17:05:48,694 - INFO     - img2od: 31 | od2fr: 0 | od2lpr: 1000 | od2cap: 0 | fr2kr: 0 | lpr2kr: 1000 | cap2udp: 0 | kr2udp: 1 | 
2026-05-03 17:05:49,695 - INFO     - img2od: 31 | od2fr: 0 | od2lpr: 1000 | od2cap: 0 | fr2kr: 0 | lpr2kr: 1000 | cap2udp: 0 | kr2udp: 0 | 
2026-05-03 17:05:50,696 - INFO     - img2od: 31 | od2fr: 0 | od2lpr: 1000 | od2cap: 0 | fr2kr: 0 | lpr2kr: 1000 | cap2udp: 0 | kr2udp: 1 | 
2026-05-03 17:05:51,697 - INFO     - img2od: 31 | od2fr: 0 | od2lpr: 1000 | od2cap: 0 | fr2kr: 0 | lpr2kr: 1000 | cap2udp: 0 | kr2udp: 1 | 
2026-05-03 17:05:52,698 - INFO     - img2od: 31 | od2fr: 0 | od2lpr: 1000 | od2cap: 0 | fr2kr: 0 | lpr2kr: 1000 | cap2udp: 0 | kr2udp: 0 | 
2026-05-03 17:05:53,699 - INFO     - img2od: 31 | od2fr: 0 | od2lpr: 1000 | od2cap: 0 | fr2kr: 0 | lpr2kr: 1000 | cap2udp: 0 | kr2udp: 0 | 
2026-05-03 17:05:54,700 - INFO     - img2od: 31 | od2fr: 0 | od2lpr: 1000 | od2cap: 0 | fr2kr: 0 | lpr2kr: 1000 | cap2udp: 0 | kr2udp: 0 | 
2026-05-03 17:05:55,701 - INFO     - img2od: 31 | od2fr: 0 | od2lpr: 1000 | od2cap: 0 | fr2kr: 0 | lpr2kr: 1000 | cap2udp: 0 | kr2udp: 1 | 
2026-05-03 17:05:56,702 - INFO     - img2od: 31 | od2fr: 0 | od2lpr: 1000 | od2cap: 0 | fr2kr: 0 | lpr2kr: 1000 | cap2udp: 0 | kr2udp: 1 | 
2026-05-03 17:05:57,703 - INFO     - img2od: 31 | od2fr: 0 | od2lpr: 1000 | od2cap: 0 | fr2kr: 0 | lpr2kr: 1000 | cap2udp: 0 | kr2udp: 1 | 
2026-05-03 17:05:58,704 - INFO     - img2od: 31 | od2fr: 0 | od2lpr: 1000 | od2cap: 0 | fr2kr: 0 | lpr2kr: 1000 | cap2udp: 0 | kr2udp: 0 | 
2026-05-03 17:05:59,705 - INFO     - img2od: 31 | od2fr: 0 | od2lpr: 1000 | od2cap: 0 | fr2kr: 0 | lpr2kr: 1000 | cap2udp: 0 | kr2udp: 0 | 
2026-05-03 17:06:00,706 - INFO     - img2od: 31 | od2fr: 0 | od2lpr: 1000 | od2cap: 0 | fr2kr: 0 | lpr2kr: 1000 | cap2udp: 0 | kr2udp: 1 | 
2026-05-03 17:06:01,707 - INFO     - img2od: 31 | od2fr: 0 | od2lpr: 1000 | od2cap: 0 | fr2kr: 0 | lpr2kr: 1000 | cap2udp: 0 | kr2udp: 1 | 
2026-05-03 17:06:02,708 - INFO     - img2od: 31 | od2fr: 0 | od2lpr: 1000 | od2cap: 0 | fr2kr: 0 | lpr2kr: 1000 | cap2udp: 0 | kr2udp: 1 | 
2026-05-03 17:06:03,709 - INFO     - img2od: 31 | od2fr: 0 | od2lpr: 1000 | od2cap: 0 | fr2kr: 0 | lpr2kr: 1000 | cap2udp: 0 | kr2udp: 1 | 
2026-05-03 17:06:04,710 - INFO     - img2od: 31 | od2fr: 0 | od2lpr: 1000 | od2cap: 0 | fr2kr: 0 | lpr2kr: 1000 | cap2udp: 0 | kr2udp: 1 | 
2026-05-03 17:06:05,711 - INFO     - img2od: 31 | od2fr: 0 | od2lpr: 1000 | od2cap: 0 | fr2kr: 0 | lpr2kr: 1000 | cap2udp: 0 | kr2udp: 1 | 
2026-05-03 17:06:06,712 - INFO     - img2od: 31 | od2fr: 0 | od2lpr: 1000 | od2cap: 0 | fr2kr: 0 | lpr2kr: 1000 | cap2udp: 0 | kr2udp: 1 | 
2026-05-03 17:06:07,713 - INFO     - img2od: 31 | od2fr: 0 | od2lpr: 1000 | od2cap: 0 | fr2kr: 0 | lpr2kr: 1000 | cap2udp: 0 | kr2udp: 0 | 
2026-05-03 17:06:08,714 - INFO     - img2od: 31 | od2fr: 0 | od2lpr: 1000 | od2cap: 0 | fr2kr: 0 | lpr2kr: 1000 | cap2udp: 0 | kr2udp: 0 | 
2026-05-03 17:06:09,715 - INFO     - img2od: 31 | od2fr: 0 | od2lpr: 1000 | od2cap: 0 | fr2kr: 0 | lpr2kr: 1000 | cap2udp: 0 | kr2udp: 1 | 
2026-05-03 17:06:10,716 - INFO     - img2od: 31 | od2fr: 0 | od2lpr: 1000 | od2cap: 0 | fr2kr: 0 | lpr2kr: 1000 | cap2udp: 0 | kr2udp: 1 | 
2026-05-03 17:06:11,717 - INFO     - img2od: 31 | od2fr: 0 | od2lpr: 1000 | od2cap: 0 | fr2kr: 0 | lpr2kr: 1000 | cap2udp: 0 | kr2udp: 1 | 
2026-05-03 17:06:12,722 - INFO     - img2od: 31 | od2fr: 0 | od2lpr: 1000 | od2cap: 0 | fr2kr: 0 | lpr2kr: 1000 | cap2udp: 0 | kr2udp: 1 | 
2026-05-03 17:06:13,723 - INFO     - img2od: 31 | od2fr: 0 | od2lpr: 1000 | od2cap: 0 | fr2kr: 0 | lpr2kr: 1000 | cap2udp: 0 | kr2udp: 1 | 
2026-05-03 17:06:14,724 - INFO     - img2od: 31 | od2fr: 0 | od2lpr: 1000 | od2cap: 0 | fr2kr: 0 | lpr2kr: 1000 | cap2udp: 0 | kr2udp: 1 | 
2026-05-03 17:06:15,725 - INFO     - img2od: 31 | od2fr: 0 | od2lpr: 1000 | od2cap: 0 | fr2kr: 0 | lpr2kr: 1000 | cap2udp: 0 | kr2udp: 1 | 
2026-05-03 17:06:16,726 - INFO     - img2od: 31 | od2fr: 0 | od2lpr: 1000 | od2cap: 0 | fr2kr: 0 | lpr2kr: 999 | cap2udp: 0 | kr2udp: 0 | 
2026-05-03 17:06:17,727 - INFO     - img2od: 31 | od2fr: 0 | od2lpr: 1000 | od2cap: 0 | fr2kr: 0 | lpr2kr: 1000 | cap2udp: 0 | kr2udp: 1 | 
2026-05-03 17:06:18,728 - INFO     - img2od: 31 | od2fr: 0 | od2lpr: 1000 | od2cap: 0 | fr2kr: 0 | lpr2kr: 1000 | cap2udp: 0 | kr2udp: 0 | 
2026-05-03 17:06:19,729 - INFO     - img2od: 31 | od2fr: 0 | od2lpr: 1000 | od2cap: 0 | fr2kr: 0 | lpr2kr: 1000 | cap2udp: 0 | kr2udp: 0 | 
2026-05-03 17:06:20,730 - INFO     - img2od: 31 | od2fr: 0 | od2lpr: 1000 | od2cap: 0 | fr2kr: 0 | lpr2kr: 1000 | cap2udp: 0 | kr2udp: 1 | 
2026-05-03 17:06:21,731 - INFO     - img2od: 31 | od2fr: 0 | od2lpr: 1000 | od2cap: 0 | fr2kr: 0 | lpr2kr: 1000 | cap2udp: 0 | kr2udp: 1 | 
2026-05-03 17:06:22,732 - INFO     - img2od: 31 | od2fr: 0 | od2lpr: 1000 | od2cap: 0 | fr2kr: 0 | lpr2kr: 1000 | cap2udp: 0 | kr2udp: 0 | 
2026-05-03 17:06:23,733 - INFO     - img2od: 31 | od2fr: 0 | od2lpr: 1000 | od2cap: 0 | fr2kr: 0 | lpr2kr: 1000 | cap2udp: 0 | kr2udp: 1 | 
2026-05-03 17:06:24,734 - INFO     - img2od: 31 | od2fr: 0 | od2lpr: 1000 | od2cap: 0 | fr2kr: 0 | lpr2kr: 1000 | cap2udp: 0 | kr2udp: 0 | 
2026-05-03 17:06:25,735 - INFO     - img2od: 31 | od2fr: 0 | od2lpr: 1000 | od2cap: 0 | fr2kr: 0 | lpr2kr: 1000 | cap2udp: 0 | kr2udp: 1 | 
2026-05-03 17:06:26,736 - INFO     - img2od: 31 | od2fr: 0 | od2lpr: 1000 | od2cap: 0 | fr2kr: 0 | lpr2kr: 1000 | cap2udp: 0 | kr2udp: 1 | 
2026-05-03 17:06:27,737 - INFO     - img2od: 31 | od2fr: 0 | od2lpr: 1000 | od2cap: 0 | fr2kr: 0 | lpr2kr: 1000 | cap2udp: 0 | kr2udp: 1 | 
2026-05-03 17:06:28,738 - INFO     - img2od: 31 | od2fr: 0 | od2lpr: 1000 | od2cap: 0 | fr2kr: 0 | lpr2kr: 1000 | cap2udp: 0 | kr2udp: 1 | 
2026-05-03 17:06:29,739 - INFO     - img2od: 31 | od2fr: 0 | od2lpr: 1000 | od2cap: 0 | fr2kr: 0 | lpr2kr: 1000 | cap2udp: 0 | kr2udp: 1 | 
2026-05-03 17:06:30,740 - INFO     - img2od: 31 | od2fr: 0 | od2lpr: 1000 | od2cap: 0 | fr2kr: 0 | lpr2kr: 1000 | cap2udp: 0 | kr2udp: 1 | 
2026-05-03 17:06:31,741 - INFO     - img2od: 31 | od2fr: 0 | od2lpr: 1000 | od2cap: 0 | fr2kr: 0 | lpr2kr: 1000 | cap2udp: 0 | kr2udp: 0 | 
2026-05-03 17:06:32,742 - INFO     - img2od: 31 | od2fr: 0 | od2lpr: 1000 | od2cap: 0 | fr2kr: 0 | lpr2kr: 1000 | cap2udp: 0 | kr2udp: 1 | 
2026-05-03 17:06:33,743 - INFO     - img2od: 31 | od2fr: 0 | od2lpr: 1000 | od2cap: 0 | fr2kr: 0 | lpr2kr: 1000 | cap2udp: 0 | kr2udp: 0 | 
2026-05-03 17:06:34,744 - INFO     - img2od: 31 | od2fr: 0 | od2lpr: 1000 | od2cap: 0 | fr2kr: 0 | lpr2kr: 1000 | cap2udp: 0 | kr2udp: 0 | 
2026-05-03 17:06:35,745 - INFO     - img2od: 30 | od2fr: 14 | od2lpr: 1000 | od2cap: 0 | fr2kr: 0 | lpr2kr: 1000 | cap2udp: 0 | kr2udp: 0 | 
2026-05-03 17:06:36,746 - INFO     - img2od: 26 | od2fr: 11 | od2lpr: 1000 | od2cap: 0 | fr2kr: 3 | lpr2kr: 1000 | cap2udp: 0 | kr2udp: 0 | 
2026-05-03 17:06:37,747 - INFO     - img2od: 26 | od2fr: 5 | od2lpr: 1000 | od2cap: 0 | fr2kr: 7 | lpr2kr: 1000 | cap2udp: 0 | kr2udp: 1 | 
2026-05-03 17:06:38,748 - INFO     - img2od: 26 | od2fr: 0 | od2lpr: 1000 | od2cap: 0 | fr2kr: 10 | lpr2kr: 1000 | cap2udp: 0 | kr2udp: 1 | 
2026-05-03 17:06:39,749 - INFO     - img2od: 26 | od2fr: 0 | od2lpr: 1000 | od2cap: 0 | fr2kr: 8 | lpr2kr: 1000 | cap2udp: 0 | kr2udp: 1 | 
2026-05-03 17:06:40,750 - INFO     - img2od: 26 | od2fr: 0 | od2lpr: 1000 | od2cap: 0 | fr2kr: 6 | lpr2kr: 1000 | cap2udp: 0 | kr2udp: 0 | 
2026-05-03 17:06:41,751 - INFO     - img2od: 26 | od2fr: 0 | od2lpr: 1000 | od2cap: 0 | fr2kr: 4 | lpr2kr: 1000 | cap2udp: 0 | kr2udp: 0 | 
2026-05-03 17:06:42,752 - INFO     - img2od: 26 | od2fr: 0 | od2lpr: 1000 | od2cap: 0 | fr2kr: 2 | lpr2kr: 1000 | cap2udp: 0 | kr2udp: 1 | 
2026-05-03 17:06:43,753 - INFO     - img2od: 26 | od2fr: 0 | od2lpr: 1000 | od2cap: 0 | fr2kr: 0 | lpr2kr: 1000 | cap2udp: 0 | kr2udp: 1 | 
2026-05-03 17:06:44,754 - INFO     - img2od: 26 | od2fr: 0 | od2lpr: 1000 | od2cap: 0 | fr2kr: 0 | lpr2kr: 1000 | cap2udp: 0 | kr2udp: 1 | 
2026-05-03 17:06:45,755 - INFO     - img2od: 26 | od2fr: 0 | od2lpr: 1000 | od2cap: 0 | fr2kr: 0 | lpr2kr: 1000 | cap2udp: 0 | kr2udp: 1 | 
2026-05-03 17:06:46,756 - INFO     - img2od: 26 | od2fr: 0 | od2lpr: 1000 | od2cap: 0 | fr2kr: 0 | lpr2kr: 1000 | cap2udp: 0 | kr2udp: 1 | 
2026-05-03 17:06:47,757 - INFO     - img2od: 26 | od2fr: 0 | od2lpr: 1000 | od2cap: 0 | fr2kr: 0 | lpr2kr: 1000 | cap2udp: 0 | kr2udp: 1 | 
2026-05-03 17:06:48,758 - INFO     - img2od: 26 | od2fr: 0 | od2lpr: 1000 | od2cap: 0 | fr2kr: 0 | lpr2kr: 1000 | cap2udp: 0 | kr2udp: 1 | 
2026-05-03 17:06:49,759 - INFO     - img2od: 26 | od2fr: 0 | od2lpr: 1000 | od2cap: 0 | fr2kr: 0 | lpr2kr: 1000 | cap2udp: 0 | kr2udp: 1 | 
2026-05-03 17:06:50,760 - INFO     - img2od: 26 | od2fr: 0 | od2lpr: 1000 | od2cap: 0 | fr2kr: 0 | lpr2kr: 1000 | cap2udp: 0 | kr2udp: 1 | 
2026-05-03 17:06:51,761 - INFO     - img2od: 26 | od2fr: 0 | od2lpr: 1000 | od2cap: 0 | fr2kr: 0 | lpr2kr: 1000 | cap2udp: 0 | kr2udp: 0 | 
2026-05-03 17:06:52,762 - INFO     - img2od: 26 | od2fr: 0 | od2lpr: 1000 | od2cap: 0 | fr2kr: 0 | lpr2kr: 1000 | cap2udp: 0 | kr2udp: 1 | 
2026-05-03 17:06:53,763 - INFO     - img2od: 26 | od2fr: 0 | od2lpr: 1000 | od2cap: 0 | fr2kr: 0 | lpr2kr: 1000 | cap2udp: 0 | kr2udp: 1 | 
2026-05-03 17:06:54,764 - INFO     - img2od: 26 | od2fr: 0 | od2lpr: 1000 | od2cap: 0 | fr2kr: 0 | lpr2kr: 1000 | cap2udp: 0 | kr2udp: 1 | 
2026-05-03 17:06:55,765 - INFO     - img2od: 26 | od2fr: 0 | od2lpr: 1000 | od2cap: 0 | fr2kr: 0 | lpr2kr: 1000 | cap2udp: 0 | kr2udp: 1 | 
2026-05-03 17:06:56,766 - INFO     - img2od: 26 | od2fr: 0 | od2lpr: 1000 | od2cap: 0 | fr2kr: 0 | lpr2kr: 1000 | cap2udp: 0 | kr2udp: 1 | 
2026-05-03 17:06:57,767 - INFO     - img2od: 26 | od2fr: 0 | od2lpr: 1000 | od2cap: 0 | fr2kr: 0 | lpr2kr: 1000 | cap2udp: 0 | kr2udp: 1 | 
2026-05-03 17:06:58,768 - INFO     - img2od: 26 | od2fr: 0 | od2lpr: 1000 | od2cap: 0 | fr2kr: 0 | lpr2kr: 1000 | cap2udp: 0 | kr2udp: 0 | 
2026-05-03 17:06:59,772 - INFO     - img2od: 26 | od2fr: 0 | od2lpr: 1000 | od2cap: 0 | fr2kr: 0 | lpr2kr: 1000 | cap2udp: 0 | kr2udp: 0 | 
2026-05-03 17:07:00,773 - INFO     - img2od: 26 | od2fr: 0 | od2lpr: 1000 | od2cap: 0 | fr2kr: 0 | lpr2kr: 1000 | cap2udp: 0 | kr2udp: 1 | 
2026-05-03 17:07:01,774 - INFO     - img2od: 26 | od2fr: 0 | od2lpr: 1000 | od2cap: 0 | fr2kr: 0 | lpr2kr: 1000 | cap2udp: 0 | kr2udp: 0 | 
2026-05-03 17:07:02,775 - INFO     - img2od: 26 | od2fr: 0 | od2lpr: 1000 | od2cap: 0 | fr2kr: 0 | lpr2kr: 1000 | cap2udp: 0 | kr2udp: 0 | 
2026-05-03 17:07:03,776 - INFO     - img2od: 26 | od2fr: 0 | od2lpr: 1000 | od2cap: 0 | fr2kr: 0 | lpr2kr: 1000 | cap2udp: 0 | kr2udp: 1 | 
2026-05-03 17:07:04,777 - INFO     - img2od: 26 | od2fr: 0 | od2lpr: 1000 | od2cap: 0 | fr2kr: 0 | lpr2kr: 1000 | cap2udp: 0 | kr2udp: 1 | 
2026-05-03 17:07:05,778 - INFO     - img2od: 26 | od2fr: 0 | od2lpr: 1000 | od2cap: 0 | fr2kr: 0 | lpr2kr: 1000 | cap2udp: 0 | kr2udp: 1 | 
2026-05-03 17:07:06,779 - INFO     - img2od: 26 | od2fr: 0 | od2lpr: 1000 | od2cap: 0 | fr2kr: 0 | lpr2kr: 1000 | cap2udp: 0 | kr2udp: 0 | 
2026-05-03 17:07:07,780 - INFO     - img2od: 26 | od2fr: 0 | od2lpr: 1000 | od2cap: 0 | fr2kr: 0 | lpr2kr: 1000 | cap2udp: 0 | kr2udp: 1 | 
2026-05-03 17:07:08,781 - INFO     - img2od: 26 | od2fr: 0 | od2lpr: 1000 | od2cap: 0 | fr2kr: 0 | lpr2kr: 1000 | cap2udp: 0 | kr2udp: 1 | 
2026-05-03 17:07:09,782 - INFO     - img2od: 26 | od2fr: 0 | od2lpr: 1000 | od2cap: 0 | fr2kr: 0 | lpr2kr: 1000 | cap2udp: 0 | kr2udp: 1 | 
2026-05-03 17:07:10,783 - INFO     - img2od: 26 | od2fr: 0 | od2lpr: 1000 | od2cap: 0 | fr2kr: 0 | lpr2kr: 1000 | cap2udp: 0 | kr2udp: 1 | 
2026-05-03 17:07:11,784 - INFO     - img2od: 26 | od2fr: 0 | od2lpr: 1000 | od2cap: 0 | fr2kr: 0 | lpr2kr: 1000 | cap2udp: 0 | kr2udp: 0 | 
2026-05-03 17:07:12,785 - INFO     - img2od: 26 | od2fr: 0 | od2lpr: 1000 | od2cap: 0 | fr2kr: 0 | lpr2kr: 1000 | cap2udp: 0 | kr2udp: 1 | 
2026-05-03 17:07:13,786 - INFO     - img2od: 26 | od2fr: 0 | od2lpr: 1000 | od2cap: 0 | fr2kr: 0 | lpr2kr: 1000 | cap2udp: 0 | kr2udp: 1 | 
2026-05-03 17:07:14,787 - INFO     - img2od: 26 | od2fr: 0 | od2lpr: 1000 | od2cap: 0 | fr2kr: 0 | lpr2kr: 1000 | cap2udp: 0 | kr2udp: 1 | 
2026-05-03 17:07:15,788 - INFO     - img2od: 26 | od2fr: 0 | od2lpr: 1000 | od2cap: 0 | fr2kr: 0 | lpr2kr: 1000 | cap2udp: 0 | kr2udp: 1 | 
2026-05-03 17:07:16,789 - INFO     - img2od: 26 | od2fr: 0 | od2lpr: 1000 | od2cap: 0 | fr2kr: 0 | lpr2kr: 1000 | cap2udp: 0 | kr2udp: 1 | 
2026-05-03 17:07:17,790 - INFO     - img2od: 26 | od2fr: 0 | od2lpr: 1000 | od2cap: 0 | fr2kr: 0 | lpr2kr: 1000 | cap2udp: 0 | kr2udp: 1 | 
2026-05-03 17:07:18,791 - INFO     - img2od: 26 | od2fr: 0 | od2lpr: 1000 | od2cap: 0 | fr2kr: 0 | lpr2kr: 1000 | cap2udp: 0 | kr2udp: 1 | 
2026-05-03 17:07:19,792 - INFO     - img2od: 26 | od2fr: 0 | od2lpr: 1000 | od2cap: 0 | fr2kr: 0 | lpr2kr: 1000 | cap2udp: 0 | kr2udp: 1 | 
2026-05-03 17:07:20,793 - INFO     - img2od: 26 | od2fr: 0 | od2lpr: 999 | od2cap: 0 | fr2kr: 0 | lpr2kr: 1000 | cap2udp: 0 | kr2udp: 1 | 
2026-05-03 17:07:21,794 - INFO     - img2od: 26 | od2fr: 0 | od2lpr: 1000 | od2cap: 0 | fr2kr: 0 | lpr2kr: 1000 | cap2udp: 0 | kr2udp: 0 | 
2026-05-03 17:07:22,795 - INFO     - img2od: 26 | od2fr: 0 | od2lpr: 1000 | od2cap: 0 | fr2kr: 0 | lpr2kr: 1000 | cap2udp: 0 | kr2udp: 0 | 
2026-05-03 17:07:23,796 - INFO     - img2od: 26 | od2fr: 0 | od2lpr: 1000 | od2cap: 0 | fr2kr: 0 | lpr2kr: 1000 | cap2udp: 0 | kr2udp: 0 | 
2026-05-03 17:07:24,797 - INFO     - img2od: 26 | od2fr: 0 | od2lpr: 1000 | od2cap: 0 | fr2kr: 0 | lpr2kr: 1000 | cap2udp: 0 | kr2udp: 1 | 
2026-05-03 17:07:25,798 - INFO     - img2od: 26 | od2fr: 0 | od2lpr: 1000 | od2cap: 0 | fr2kr: 0 | lpr2kr: 1000 | cap2udp: 0 | kr2udp: 0 | 
2026-05-03 17:07:26,799 - INFO     - img2od: 26 | od2fr: 0 | od2lpr: 1000 | od2cap: 0 | fr2kr: 0 | lpr2kr: 1000 | cap2udp: 0 | kr2udp: 1 | 
2026-05-03 17:07:27,800 - INFO     - img2od: 26 | od2fr: 0 | od2lpr: 1000 | od2cap: 0 | fr2kr: 0 | lpr2kr: 1000 | cap2udp: 0 | kr2udp: 0 | 
2026-05-03 17:07:28,801 - INFO     - img2od: 26 | od2fr: 0 | od2lpr: 1000 | od2cap: 0 | fr2kr: 0 | lpr2kr: 1000 | cap2udp: 0 | kr2udp: 1 | 
2026-05-03 17:07:29,802 - INFO     - img2od: 26 | od2fr: 0 | od2lpr: 1000 | od2cap: 0 | fr2kr: 0 | lpr2kr: 1000 | cap2udp: 0 | kr2udp: 0 | 
2026-05-03 17:07:30,803 - INFO     - img2od: 26 | od2fr: 0 | od2lpr: 1000 | od2cap: 0 | fr2kr: 0 | lpr2kr: 1000 | cap2udp: 0 | kr2udp: 1 | 
2026-05-03 17:07:31,804 - INFO     - img2od: 26 | od2fr: 0 | od2lpr: 1000 | od2cap: 0 | fr2kr: 0 | lpr2kr: 1000 | cap2udp: 0 | kr2udp: 1 | 
2026-05-03 17:07:32,805 - INFO     - img2od: 26 | od2fr: 0 | od2lpr: 1000 | od2cap: 0 | fr2kr: 0 | lpr2kr: 1000 | cap2udp: 0 | kr2udp: 0 | 
2026-05-03 17:07:33,806 - INFO     - img2od: 26 | od2fr: 0 | od2lpr: 999 | od2cap: 0 | fr2kr: 0 | lpr2kr: 1000 | cap2udp: 0 | kr2udp: 0 | 
2026-05-03 17:07:34,807 - INFO     - img2od: 26 | od2fr: 0 | od2lpr: 1000 | od2cap: 0 | fr2kr: 0 | lpr2kr: 1000 | cap2udp: 0 | kr2udp: 1 | 
2026-05-03 17:07:35,808 - INFO     - img2od: 26 | od2fr: 0 | od2lpr: 1000 | od2cap: 0 | fr2kr: 0 | lpr2kr: 1000 | cap2udp: 0 | kr2udp: 1 | 
2026-05-03 17:07:36,809 - INFO     - img2od: 26 | od2fr: 0 | od2lpr: 1000 | od2cap: 0 | fr2kr: 0 | lpr2kr: 1000 | cap2udp: 0 | kr2udp: 1 | 
2026-05-03 17:07:37,810 - INFO     - img2od: 26 | od2fr: 0 | od2lpr: 1000 | od2cap: 0 | fr2kr: 0 | lpr2kr: 1000 | cap2udp: 0 | kr2udp: 0 | 
2026-05-03 17:07:38,811 - INFO     - img2od: 26 | od2fr: 0 | od2lpr: 1000 | od2cap: 0 | fr2kr: 0 | lpr2kr: 1000 | cap2udp: 0 | kr2udp: 1 | 
2026-05-03 17:07:39,812 - INFO     - img2od: 26 | od2fr: 0 | od2lpr: 1000 | od2cap: 0 | fr2kr: 0 | lpr2kr: 1000 | cap2udp: 0 | kr2udp: 1 | 
2026-05-03 17:07:40,813 - INFO     - img2od: 26 | od2fr: 0 | od2lpr: 1000 | od2cap: 0 | fr2kr: 0 | lpr2kr: 1000 | cap2udp: 0 | kr2udp: 0 | 
2026-05-03 17:07:41,814 - INFO     - img2od: 26 | od2fr: 0 | od2lpr: 1000 | od2cap: 0 | fr2kr: 0 | lpr2kr: 1000 | cap2udp: 0 | kr2udp: 1 | 
2026-05-03 17:07:42,815 - INFO     - img2od: 26 | od2fr: 0 | od2lpr: 1000 | od2cap: 0 | fr2kr: 0 | lpr2kr: 1000 | cap2udp: 0 | kr2udp: 1 | 
2026-05-03 17:07:43,816 - INFO     - img2od: 26 | od2fr: 0 | od2lpr: 1000 | od2cap: 0 | fr2kr: 0 | lpr2kr: 1000 | cap2udp: 0 | kr2udp: 1 | 
2026-05-03 17:07:44,817 - INFO     - img2od: 26 | od2fr: 0 | od2lpr: 1000 | od2cap: 0 | fr2kr: 0 | lpr2kr: 1000 | cap2udp: 0 | kr2udp: 1 | 
2026-05-03 17:07:45,818 - INFO     - img2od: 26 | od2fr: 0 | od2lpr: 1000 | od2cap: 0 | fr2kr: 0 | lpr2kr: 1000 | cap2udp: 0 | kr2udp: 1 | 
2026-05-03 17:07:46,819 - INFO     - img2od: 26 | od2fr: 0 | od2lpr: 1000 | od2cap: 0 | fr2kr: 0 | lpr2kr: 1000 | cap2udp: 0 | kr2udp: 1 | 
2026-05-03 17:07:47,820 - INFO     - img2od: 26 | od2fr: 0 | od2lpr: 1000 | od2cap: 0 | fr2kr: 0 | lpr2kr: 1000 | cap2udp: 0 | kr2udp: 0 | 
2026-05-03 17:07:48,821 - INFO     - img2od: 26 | od2fr: 0 | od2lpr: 1000 | od2cap: 0 | fr2kr: 0 | lpr2kr: 1000 | cap2udp: 0 | kr2udp: 0 | 
2026-05-03 17:07:49,822 - INFO     - img2od: 26 | od2fr: 0 | od2lpr: 1000 | od2cap: 0 | fr2kr: 0 | lpr2kr: 1000 | cap2udp: 0 | kr2udp: 0 | 
2026-05-03 17:07:50,823 - INFO     - img2od: 26 | od2fr: 0 | od2lpr: 1000 | od2cap: 0 | fr2kr: 0 | lpr2kr: 1000 | cap2udp: 0 | kr2udp: 0 | 
2026-05-03 17:07:51,824 - INFO     - img2od: 26 | od2fr: 0 | od2lpr: 1000 | od2cap: 0 | fr2kr: 0 | lpr2kr: 1000 | cap2udp: 0 | kr2udp: 0 | 
2026-05-03 17:07:52,825 - INFO     - img2od: 26 | od2fr: 0 | od2lpr: 1000 | od2cap: 0 | fr2kr: 0 | lpr2kr: 1000 | cap2udp: 0 | kr2udp: 1 | 
2026-05-03 17:07:53,826 - INFO     - img2od: 26 | od2fr: 0 | od2lpr: 1000 | od2cap: 0 | fr2kr: 0 | lpr2kr: 1000 | cap2udp: 0 | kr2udp: 1 | 
2026-05-03 17:07:54,827 - INFO     - img2od: 26 | od2fr: 0 | od2lpr: 1000 | od2cap: 0 | fr2kr: 0 | lpr2kr: 1000 | cap2udp: 0 | kr2udp: 1 | 
2026-05-03 17:07:55,828 - INFO     - img2od: 26 | od2fr: 0 | od2lpr: 1000 | od2cap: 0 | fr2kr: 0 | lpr2kr: 999 | cap2udp: 0 | kr2udp: 1 | 
2026-05-03 17:07:56,829 - INFO     - img2od: 26 | od2fr: 0 | od2lpr: 1000 | od2cap: 0 | fr2kr: 0 | lpr2kr: 1000 | cap2udp: 0 | kr2udp: 2 | 
2026-05-03 17:07:57,830 - INFO     - img2od: 26 | od2fr: 0 | od2lpr: 1000 | od2cap: 0 | fr2kr: 0 | lpr2kr: 1000 | cap2udp: 0 | kr2udp: 1 | 
2026-05-03 17:07:58,831 - INFO     - img2od: 26 | od2fr: 0 | od2lpr: 1000 | od2cap: 0 | fr2kr: 0 | lpr2kr: 1000 | cap2udp: 0 | kr2udp: 1 | 
2026-05-03 17:07:59,832 - INFO     - img2od: 26 | od2fr: 0 | od2lpr: 1000 | od2cap: 0 | fr2kr: 0 | lpr2kr: 1000 | cap2udp: 0 | kr2udp: 1 | 
2026-05-03 17:08:00,833 - INFO     - img2od: 26 | od2fr: 0 | od2lpr: 1000 | od2cap: 0 | fr2kr: 0 | lpr2kr: 1000 | cap2udp: 0 | kr2udp: 1 | 
2026-05-03 17:08:01,834 - INFO     - img2od: 26 | od2fr: 0 | od2lpr: 1000 | od2cap: 0 | fr2kr: 0 | lpr2kr: 1000 | cap2udp: 0 | kr2udp: 1 | 
2026-05-03 17:08:02,835 - INFO     - img2od: 26 | od2fr: 0 | od2lpr: 1000 | od2cap: 0 | fr2kr: 0 | lpr2kr: 1000 | cap2udp: 0 | kr2udp: 1 | 
2026-05-03 17:08:03,836 - INFO     - img2od: 26 | od2fr: 0 | od2lpr: 1000 | od2cap: 0 | fr2kr: 0 | lpr2kr: 1000 | cap2udp: 0 | kr2udp: 0 | 
2026-05-03 17:08:04,837 - INFO     - img2od: 26 | od2fr: 0 | od2lpr: 1000 | od2cap: 0 | fr2kr: 0 | lpr2kr: 1000 | cap2udp: 0 | kr2udp: 0 | 
2026-05-03 17:08:05,838 - INFO     - img2od: 26 | od2fr: 0 | od2lpr: 1000 | od2cap: 0 | fr2kr: 0 | lpr2kr: 1000 | cap2udp: 0 | kr2udp: 0 | 
2026-05-03 17:08:06,839 - INFO     - img2od: 26 | od2fr: 0 | od2lpr: 1000 | od2cap: 0 | fr2kr: 0 | lpr2kr: 1000 | cap2udp: 0 | kr2udp: 1 | 
2026-05-03 17:08:07,840 - INFO     - img2od: 26 | od2fr: 0 | od2lpr: 1000 | od2cap: 0 | fr2kr: 0 | lpr2kr: 1000 | cap2udp: 0 | kr2udp: 1 | 
2026-05-03 17:08:08,841 - INFO     - img2od: 26 | od2fr: 0 | od2lpr: 1000 | od2cap: 0 | fr2kr: 0 | lpr2kr: 1000 | cap2udp: 0 | kr2udp: 1 | 
2026-05-03 17:08:09,842 - INFO     - img2od: 26 | od2fr: 0 | od2lpr: 1000 | od2cap: 0 | fr2kr: 0 | lpr2kr: 1000 | cap2udp: 0 | kr2udp: 0 | 
2026-05-03 17:08:10,843 - INFO     - img2od: 26 | od2fr: 0 | od2lpr: 1000 | od2cap: 0 | fr2kr: 0 | lpr2kr: 1000 | cap2udp: 0 | kr2udp: 0 | 
2026-05-03 17:08:11,844 - INFO     - img2od: 26 | od2fr: 0 | od2lpr: 1000 | od2cap: 0 | fr2kr: 0 | lpr2kr: 1000 | cap2udp: 0 | kr2udp: 1 | 
2026-05-03 17:08:12,845 - INFO     - img2od: 26 | od2fr: 0 | od2lpr: 1000 | od2cap: 0 | fr2kr: 0 | lpr2kr: 1000 | cap2udp: 0 | kr2udp: 1 | 
2026-05-03 17:08:13,846 - INFO     - img2od: 26 | od2fr: 0 | od2lpr: 1000 | od2cap: 0 | fr2kr: 0 | lpr2kr: 1000 | cap2udp: 0 | kr2udp: 1 | 
2026-05-03 17:08:14,847 - INFO     - img2od: 26 | od2fr: 0 | od2lpr: 1000 | od2cap: 0 | fr2kr: 0 | lpr2kr: 1000 | cap2udp: 0 | kr2udp: 1 | 
2026-05-03 17:08:15,848 - INFO     - img2od: 26 | od2fr: 0 | od2lpr: 1000 | od2cap: 0 | fr2kr: 0 | lpr2kr: 1000 | cap2udp: 0 | kr2udp: 1 | 
2026-05-03 17:08:16,849 - INFO     - img2od: 26 | od2fr: 0 | od2lpr: 1000 | od2cap: 0 | fr2kr: 0 | lpr2kr: 1000 | cap2udp: 0 | kr2udp: 1 | 
2026-05-03 17:08:17,850 - INFO     - img2od: 26 | od2fr: 0 | od2lpr: 1000 | od2cap: 0 | fr2kr: 0 | lpr2kr: 1000 | cap2udp: 0 | kr2udp: 1 | 
2026-05-03 17:08:18,851 - INFO     - img2od: 26 | od2fr: 0 | od2lpr: 1000 | od2cap: 0 | fr2kr: 0 | lpr2kr: 1000 | cap2udp: 0 | kr2udp: 0 | 
2026-05-03 17:08:19,852 - INFO     - img2od: 26 | od2fr: 0 | od2lpr: 1000 | od2cap: 0 | fr2kr: 0 | lpr2kr: 1000 | cap2udp: 0 | kr2udp: 1 | 
2026-05-03 17:08:20,853 - INFO     - img2od: 26 | od2fr: 0 | od2lpr: 1000 | od2cap: 0 | fr2kr: 0 | lpr2kr: 1000 | cap2udp: 0 | kr2udp: 1 | 
2026-05-03 17:08:21,854 - INFO     - img2od: 26 | od2fr: 0 | od2lpr: 1000 | od2cap: 0 | fr2kr: 0 | lpr2kr: 1000 | cap2udp: 0 | kr2udp: 1 | 
2026-05-03 17:08:22,855 - INFO     - img2od: 26 | od2fr: 0 | od2lpr: 1000 | od2cap: 0 | fr2kr: 0 | lpr2kr: 1000 | cap2udp: 0 | kr2udp: 0 | 
2026-05-03 17:08:23,856 - INFO     - img2od: 26 | od2fr: 0 | od2lpr: 1000 | od2cap: 0 | fr2kr: 0 | lpr2kr: 1000 | cap2udp: 0 | kr2udp: 1 | 
2026-05-03 17:08:24,857 - INFO     - img2od: 26 | od2fr: 0 | od2lpr: 1000 | od2cap: 0 | fr2kr: 0 | lpr2kr: 1000 | cap2udp: 0 | kr2udp: 0 | 
2026-05-03 17:08:25,858 - INFO     - img2od: 26 | od2fr: 0 | od2lpr: 1000 | od2cap: 0 | fr2kr: 0 | lpr2kr: 1000 | cap2udp: 0 | kr2udp: 0 | 
2026-05-03 17:08:26,859 - INFO     - img2od: 26 | od2fr: 0 | od2lpr: 1000 | od2cap: 0 | fr2kr: 0 | lpr2kr: 1000 | cap2udp: 0 | kr2udp: 1 | 
2026-05-03 17:08:27,860 - INFO     - img2od: 26 | od2fr: 0 | od2lpr: 1000 | od2cap: 0 | fr2kr: 0 | lpr2kr: 1000 | cap2udp: 0 | kr2udp: 1 | 
2026-05-03 17:08:28,861 - INFO     - img2od: 26 | od2fr: 0 | od2lpr: 1000 | od2cap: 0 | fr2kr: 0 | lpr2kr: 1000 | cap2udp: 0 | kr2udp: 1 | 
2026-05-03 17:08:29,862 - INFO     - img2od: 26 | od2fr: 0 | od2lpr: 1000 | od2cap: 0 | fr2kr: 0 | lpr2kr: 1000 | cap2udp: 0 | kr2udp: 1 | 
2026-05-03 17:08:30,863 - INFO     - img2od: 26 | od2fr: 0 | od2lpr: 1000 | od2cap: 0 | fr2kr: 0 | lpr2kr: 1000 | cap2udp: 0 | kr2udp: 1 | 
2026-05-03 17:08:31,864 - INFO     - img2od: 26 | od2fr: 0 | od2lpr: 1000 | od2cap: 0 | fr2kr: 0 | lpr2kr: 1000 | cap2udp: 0 | kr2udp: 1 | 
2026-05-03 17:08:32,865 - INFO     - img2od: 26 | od2fr: 0 | od2lpr: 1000 | od2cap: 0 | fr2kr: 0 | lpr2kr: 1000 | cap2udp: 0 | kr2udp: 0 | 
2026-05-03 17:08:33,866 - INFO     - img2od: 26 | od2fr: 0 | od2lpr: 1000 | od2cap: 0 | fr2kr: 0 | lpr2kr: 1000 | cap2udp: 0 | kr2udp: 1 | 
2026-05-03 17:08:34,867 - INFO     - img2od: 26 | od2fr: 0 | od2lpr: 1000 | od2cap: 0 | fr2kr: 0 | lpr2kr: 1000 | cap2udp: 0 | kr2udp: 1 | 
2026-05-03 17:08:35,868 - INFO     - img2od: 26 | od2fr: 0 | od2lpr: 1000 | od2cap: 0 | fr2kr: 0 | lpr2kr: 1000 | cap2udp: 0 | kr2udp: 1 | 
2026-05-03 17:08:36,869 - INFO     - img2od: 26 | od2fr: 0 | od2lpr: 1000 | od2cap: 0 | fr2kr: 0 | lpr2kr: 1000 | cap2udp: 0 | kr2udp: 2 | 
2026-05-03 17:08:37,870 - INFO     - img2od: 26 | od2fr: 0 | od2lpr: 1000 | od2cap: 0 | fr2kr: 0 | lpr2kr: 1000 | cap2udp: 0 | kr2udp: 0 | 
2026-05-03 17:08:38,871 - INFO     - img2od: 26 | od2fr: 0 | od2lpr: 1000 | od2cap: 0 | fr2kr: 0 | lpr2kr: 1000 | cap2udp: 0 | kr2udp: 1 | 
2026-05-03 17:08:39,872 - INFO     - img2od: 26 | od2fr: 0 | od2lpr: 1000 | od2cap: 0 | fr2kr: 0 | lpr2kr: 1000 | cap2udp: 0 | kr2udp: 1 | 
2026-05-03 17:08:40,873 - INFO     - img2od: 26 | od2fr: 0 | od2lpr: 1000 | od2cap: 0 | fr2kr: 0 | lpr2kr: 1000 | cap2udp: 0 | kr2udp: 1 | 
2026-05-03 17:08:41,874 - INFO     - img2od: 26 | od2fr: 0 | od2lpr: 1000 | od2cap: 0 | fr2kr: 0 | lpr2kr: 1000 | cap2udp: 0 | kr2udp: 1 | 
2026-05-03 17:08:42,875 - INFO     - img2od: 26 | od2fr: 0 | od2lpr: 1000 | od2cap: 0 | fr2kr: 0 | lpr2kr: 1000 | cap2udp: 0 | kr2udp: 0 | 
2026-05-03 17:08:43,876 - INFO     - img2od: 26 | od2fr: 0 | od2lpr: 1000 | od2cap: 0 | fr2kr: 0 | lpr2kr: 1000 | cap2udp: 0 | kr2udp: 1 | 
2026-05-03 17:08:44,877 - INFO     - img2od: 26 | od2fr: 0 | od2lpr: 1000 | od2cap: 0 | fr2kr: 0 | lpr2kr: 1000 | cap2udp: 0 | kr2udp: 1 | 
2026-05-03 17:08:45,878 - INFO     - img2od: 26 | od2fr: 0 | od2lpr: 1000 | od2cap: 0 | fr2kr: 0 | lpr2kr: 1000 | cap2udp: 0 | kr2udp: 1 | 
2026-05-03 17:08:46,879 - INFO     - img2od: 26 | od2fr: 0 | od2lpr: 1000 | od2cap: 0 | fr2kr: 0 | lpr2kr: 1000 | cap2udp: 0 | kr2udp: 0 | 
2026-05-03 17:08:47,880 - INFO     - img2od: 26 | od2fr: 0 | od2lpr: 1000 | od2cap: 0 | fr2kr: 0 | lpr2kr: 1000 | cap2udp: 0 | kr2udp: 1 | 
2026-05-03 17:08:48,881 - INFO     - img2od: 26 | od2fr: 0 | od2lpr: 1000 | od2cap: 0 | fr2kr: 0 | lpr2kr: 1000 | cap2udp: 0 | kr2udp: 1 | 
2026-05-03 17:08:49,882 - INFO     - img2od: 26 | od2fr: 0 | od2lpr: 1000 | od2cap: 0 | fr2kr: 0 | lpr2kr: 1000 | cap2udp: 0 | kr2udp: 1 | 
2026-05-03 17:08:50,883 - INFO     - img2od: 26 | od2fr: 0 | od2lpr: 1000 | od2cap: 0 | fr2kr: 0 | lpr2kr: 1000 | cap2udp: 0 | kr2udp: 1 | 
2026-05-03 17:08:51,884 - INFO     - img2od: 26 | od2fr: 0 | od2lpr: 1000 | od2cap: 0 | fr2kr: 0 | lpr2kr: 1000 | cap2udp: 0 | kr2udp: 1 | 
2026-05-03 17:08:52,885 - INFO     - img2od: 26 | od2fr: 0 | od2lpr: 1000 | od2cap: 0 | fr2kr: 0 | lpr2kr: 1000 | cap2udp: 0 | kr2udp: 1 | 
2026-05-03 17:08:53,886 - INFO     - img2od: 26 | od2fr: 0 | od2lpr: 1000 | od2cap: 0 | fr2kr: 0 | lpr2kr: 1000 | cap2udp: 0 | kr2udp: 1 | 
2026-05-03 17:08:54,887 - INFO     - img2od: 26 | od2fr: 0 | od2lpr: 1000 | od2cap: 0 | fr2kr: 0 | lpr2kr: 1000 | cap2udp: 0 | kr2udp: 1 | 
2026-05-03 17:08:55,888 - INFO     - img2od: 26 | od2fr: 0 | od2lpr: 1000 | od2cap: 0 | fr2kr: 0 | lpr2kr: 1000 | cap2udp: 0 | kr2udp: 1 | 
2026-05-03 17:08:56,889 - INFO     - img2od: 26 | od2fr: 0 | od2lpr: 1000 | od2cap: 0 | fr2kr: 0 | lpr2kr: 1000 | cap2udp: 0 | kr2udp: 0 | 
2026-05-03 17:08:57,890 - INFO     - img2od: 26 | od2fr: 0 | od2lpr: 1000 | od2cap: 0 | fr2kr: 0 | lpr2kr: 1000 | cap2udp: 0 | kr2udp: 1 | 
2026-05-03 17:08:58,891 - INFO     - img2od: 26 | od2fr: 0 | od2lpr: 1000 | od2cap: 0 | fr2kr: 0 | lpr2kr: 1000 | cap2udp: 0 | kr2udp: 1 | 
2026-05-03 17:08:59,892 - INFO     - img2od: 26 | od2fr: 0 | od2lpr: 1000 | od2cap: 0 | fr2kr: 0 | lpr2kr: 1000 | cap2udp: 0 | kr2udp: 1 | 
2026-05-03 17:09:00,893 - INFO     - img2od: 26 | od2fr: 0 | od2lpr: 1000 | od2cap: 0 | fr2kr: 0 | lpr2kr: 1000 | cap2udp: 0 | kr2udp: 1 | 
2026-05-03 17:09:01,894 - INFO     - img2od: 26 | od2fr: 0 | od2lpr: 1000 | od2cap: 0 | fr2kr: 0 | lpr2kr: 1000 | cap2udp: 0 | kr2udp: 1 | 
2026-05-03 17:09:02,895 - INFO     - img2od: 26 | od2fr: 0 | od2lpr: 1000 | od2cap: 0 | fr2kr: 0 | lpr2kr: 1000 | cap2udp: 0 | kr2udp: 1 | 
2026-05-03 17:09:03,896 - INFO     - img2od: 26 | od2fr: 0 | od2lpr: 1000 | od2cap: 0 | fr2kr: 0 | lpr2kr: 1000 | cap2udp: 0 | kr2udp: 1 | 
2026-05-03 17:09:04,897 - INFO     - img2od: 26 | od2fr: 0 | od2lpr: 1000 | od2cap: 0 | fr2kr: 0 | lpr2kr: 1000 | cap2udp: 0 | kr2udp: 1 | 
2026-05-03 17:09:05,898 - INFO     - img2od: 26 | od2fr: 0 | od2lpr: 1000 | od2cap: 0 | fr2kr: 0 | lpr2kr: 1000 | cap2udp: 0 | kr2udp: 1 | 
2026-05-03 17:09:06,899 - INFO     - img2od: 26 | od2fr: 0 | od2lpr: 1000 | od2cap: 0 | fr2kr: 0 | lpr2kr: 1000 | cap2udp: 0 | kr2udp: 0 | 
2026-05-03 17:09:07,900 - INFO     - img2od: 26 | od2fr: 0 | od2lpr: 1000 | od2cap: 0 | fr2kr: 0 | lpr2kr: 1000 | cap2udp: 0 | kr2udp: 1 | 
2026-05-03 17:09:08,901 - INFO     - img2od: 26 | od2fr: 0 | od2lpr: 1000 | od2cap: 0 | fr2kr: 0 | lpr2kr: 1000 | cap2udp: 0 | kr2udp: 1 | 
2026-05-03 17:09:09,902 - INFO     - img2od: 26 | od2fr: 0 | od2lpr: 1000 | od2cap: 0 | fr2kr: 0 | lpr2kr: 1000 | cap2udp: 0 | kr2udp: 0 | 
2026-05-03 17:09:10,903 - INFO     - img2od: 26 | od2fr: 0 | od2lpr: 1000 | od2cap: 0 | fr2kr: 0 | lpr2kr: 1000 | cap2udp: 0 | kr2udp: 1 | 
2026-05-03 17:09:11,904 - INFO     - img2od: 26 | od2fr: 0 | od2lpr: 1000 | od2cap: 0 | fr2kr: 0 | lpr2kr: 1000 | cap2udp: 0 | kr2udp: 1 | 
2026-05-03 17:09:12,905 - INFO     - img2od: 26 | od2fr: 0 | od2lpr: 1000 | od2cap: 0 | fr2kr: 0 | lpr2kr: 1000 | cap2udp: 0 | kr2udp: 1 | 
2026-05-03 17:09:13,906 - INFO     - img2od: 26 | od2fr: 0 | od2lpr: 1000 | od2cap: 0 | fr2kr: 0 | lpr2kr: 1000 | cap2udp: 0 | kr2udp: 1 | 
2026-05-03 17:09:14,907 - INFO     - img2od: 26 | od2fr: 0 | od2lpr: 1000 | od2cap: 0 | fr2kr: 0 | lpr2kr: 1000 | cap2udp: 0 | kr2udp: 1 | 
2026-05-03 17:09:15,908 - INFO     - img2od: 26 | od2fr: 0 | od2lpr: 1000 | od2cap: 0 | fr2kr: 0 | lpr2kr: 1000 | cap2udp: 0 | kr2udp: 1 | 
2026-05-03 17:09:16,909 - INFO     - img2od: 26 | od2fr: 0 | od2lpr: 1000 | od2cap: 0 | fr2kr: 0 | lpr2kr: 1000 | cap2udp: 0 | kr2udp: 1 | 
2026-05-03 17:09:17,910 - INFO     - img2od: 26 | od2fr: 0 | od2lpr: 1000 | od2cap: 0 | fr2kr: 0 | lpr2kr: 1000 | cap2udp: 0 | kr2udp: 1 | 
2026-05-03 17:09:18,911 - INFO     - img2od: 26 | od2fr: 0 | od2lpr: 1000 | od2cap: 0 | fr2kr: 0 | lpr2kr: 1000 | cap2udp: 0 | kr2udp: 0 | 
2026-05-03 17:09:19,912 - INFO     - img2od: 26 | od2fr: 0 | od2lpr: 1000 | od2cap: 0 | fr2kr: 0 | lpr2kr: 1000 | cap2udp: 0 | kr2udp: 0 | 
2026-05-03 17:09:20,913 - INFO     - img2od: 26 | od2fr: 0 | od2lpr: 1000 | od2cap: 0 | fr2kr: 0 | lpr2kr: 1000 | cap2udp: 0 | kr2udp: 1 | 
2026-05-03 17:09:21,914 - INFO     - img2od: 26 | od2fr: 0 | od2lpr: 1000 | od2cap: 0 | fr2kr: 0 | lpr2kr: 1000 | cap2udp: 0 | kr2udp: 1 | 
2026-05-03 17:09:22,915 - INFO     - img2od: 26 | od2fr: 0 | od2lpr: 1000 | od2cap: 0 | fr2kr: 0 | lpr2kr: 1000 | cap2udp: 0 | kr2udp: 1 | 
2026-05-03 17:09:23,916 - INFO     - img2od: 26 | od2fr: 0 | od2lpr: 1000 | od2cap: 0 | fr2kr: 0 | lpr2kr: 1000 | cap2udp: 0 | kr2udp: 1 | 
2026-05-03 17:09:24,917 - INFO     - img2od: 26 | od2fr: 0 | od2lpr: 1000 | od2cap: 0 | fr2kr: 0 | lpr2kr: 1000 | cap2udp: 0 | kr2udp: 1 | 
2026-05-03 17:09:25,918 - INFO     - img2od: 26 | od2fr: 0 | od2lpr: 1000 | od2cap: 0 | fr2kr: 0 | lpr2kr: 1000 | cap2udp: 0 | kr2udp: 1 | 
2026-05-03 17:09:26,919 - INFO     - img2od: 26 | od2fr: 0 | od2lpr: 1000 | od2cap: 0 | fr2kr: 0 | lpr2kr: 1000 | cap2udp: 0 | kr2udp: 1 | 
2026-05-03 17:09:27,920 - INFO     - img2od: 26 | od2fr: 0 | od2lpr: 1000 | od2cap: 0 | fr2kr: 0 | lpr2kr: 1000 | cap2udp: 0 | kr2udp: 0 | 
2026-05-03 17:09:28,921 - INFO     - img2od: 26 | od2fr: 0 | od2lpr: 1000 | od2cap: 0 | fr2kr: 0 | lpr2kr: 1000 | cap2udp: 0 | kr2udp: 0 | 
2026-05-03 17:09:29,922 - INFO     - img2od: 26 | od2fr: 0 | od2lpr: 1000 | od2cap: 0 | fr2kr: 0 | lpr2kr: 1000 | cap2udp: 0 | kr2udp: 1 | 
2026-05-03 17:09:30,926 - INFO     - img2od: 26 | od2fr: 0 | od2lpr: 1000 | od2cap: 0 | fr2kr: 0 | lpr2kr: 1000 | cap2udp: 0 | kr2udp: 1 | 
2026-05-03 17:09:31,927 - INFO     - img2od: 26 | od2fr: 0 | od2lpr: 1000 | od2cap: 0 | fr2kr: 0 | lpr2kr: 1000 | cap2udp: 0 | kr2udp: 1 | 
2026-05-03 17:09:32,928 - INFO     - img2od: 26 | od2fr: 0 | od2lpr: 1000 | od2cap: 0 | fr2kr: 0 | lpr2kr: 1000 | cap2udp: 0 | kr2udp: 1 | 
2026-05-03 17:09:33,929 - INFO     - img2od: 26 | od2fr: 0 | od2lpr: 1000 | od2cap: 0 | fr2kr: 0 | lpr2kr: 1000 | cap2udp: 0 | kr2udp: 1 | 
2026-05-03 17:09:34,930 - INFO     - img2od: 26 | od2fr: 0 | od2lpr: 1000 | od2cap: 0 | fr2kr: 0 | lpr2kr: 1000 | cap2udp: 0 | kr2udp: 0 | 
2026-05-03 17:09:35,931 - INFO     - img2od: 26 | od2fr: 0 | od2lpr: 1000 | od2cap: 0 | fr2kr: 0 | lpr2kr: 1000 | cap2udp: 0 | kr2udp: 1 | 
2026-05-03 17:09:36,932 - INFO     - img2od: 26 | od2fr: 0 | od2lpr: 1000 | od2cap: 0 | fr2kr: 0 | lpr2kr: 1000 | cap2udp: 0 | kr2udp: 1 | 
2026-05-03 17:09:37,933 - INFO     - img2od: 26 | od2fr: 0 | od2lpr: 1000 | od2cap: 0 | fr2kr: 0 | lpr2kr: 1000 | cap2udp: 0 | kr2udp: 0 | 
2026-05-03 17:09:38,934 - INFO     - img2od: 26 | od2fr: 0 | od2lpr: 1000 | od2cap: 0 | fr2kr: 0 | lpr2kr: 1000 | cap2udp: 0 | kr2udp: 1 | 
2026-05-03 17:09:39,935 - INFO     - img2od: 26 | od2fr: 0 | od2lpr: 1000 | od2cap: 0 | fr2kr: 0 | lpr2kr: 1000 | cap2udp: 0 | kr2udp: 1 | 
2026-05-03 17:09:40,936 - INFO     - img2od: 26 | od2fr: 0 | od2lpr: 1000 | od2cap: 0 | fr2kr: 0 | lpr2kr: 1000 | cap2udp: 0 | kr2udp: 0 | 
2026-05-03 17:09:41,937 - INFO     - img2od: 26 | od2fr: 0 | od2lpr: 1000 | od2cap: 0 | fr2kr: 0 | lpr2kr: 1000 | cap2udp: 0 | kr2udp: 1 | 
2026-05-03 17:09:42,938 - INFO     - img2od: 26 | od2fr: 0 | od2lpr: 1000 | od2cap: 0 | fr2kr: 0 | lpr2kr: 1000 | cap2udp: 0 | kr2udp: 1 | 
2026-05-03 17:09:43,939 - INFO     - img2od: 26 | od2fr: 0 | od2lpr: 1000 | od2cap: 0 | fr2kr: 0 | lpr2kr: 1000 | cap2udp: 0 | kr2udp: 0 | 
2026-05-03 17:09:44,940 - INFO     - img2od: 26 | od2fr: 0 | od2lpr: 1000 | od2cap: 0 | fr2kr: 0 | lpr2kr: 1000 | cap2udp: 0 | kr2udp: 1 | 
2026-05-03 17:09:45,941 - INFO     - img2od: 26 | od2fr: 0 | od2lpr: 1000 | od2cap: 0 | fr2kr: 0 | lpr2kr: 1000 | cap2udp: 0 | kr2udp: 0 | 
2026-05-03 17:09:46,942 - INFO     - img2od: 26 | od2fr: 0 | od2lpr: 1000 | od2cap: 0 | fr2kr: 0 | lpr2kr: 1000 | cap2udp: 0 | kr2udp: 1 | 
2026-05-03 17:09:47,943 - INFO     - img2od: 26 | od2fr: 0 | od2lpr: 1000 | od2cap: 0 | fr2kr: 0 | lpr2kr: 1000 | cap2udp: 0 | kr2udp: 1 | 
2026-05-03 17:09:48,944 - INFO     - img2od: 26 | od2fr: 0 | od2lpr: 1000 | od2cap: 0 | fr2kr: 0 | lpr2kr: 1000 | cap2udp: 0 | kr2udp: 1 | 
2026-05-03 17:09:49,945 - INFO     - img2od: 26 | od2fr: 0 | od2lpr: 1000 | od2cap: 0 | fr2kr: 0 | lpr2kr: 1000 | cap2udp: 0 | kr2udp: 1 | 
2026-05-03 17:09:50,946 - INFO     - img2od: 26 | od2fr: 0 | od2lpr: 1000 | od2cap: 0 | fr2kr: 0 | lpr2kr: 1000 | cap2udp: 0 | kr2udp: 1 | 
2026-05-03 17:09:51,947 - INFO     - img2od: 26 | od2fr: 0 | od2lpr: 1000 | od2cap: 0 | fr2kr: 0 | lpr2kr: 1000 | cap2udp: 0 | kr2udp: 1 | 
2026-05-03 17:09:52,948 - INFO     - img2od: 26 | od2fr: 0 | od2lpr: 1000 | od2cap: 0 | fr2kr: 0 | lpr2kr: 1000 | cap2udp: 0 | kr2udp: 0 | 
2026-05-03 17:09:53,949 - INFO     - img2od: 26 | od2fr: 0 | od2lpr: 1000 | od2cap: 0 | fr2kr: 0 | lpr2kr: 1000 | cap2udp: 0 | kr2udp: 1 | 
2026-05-03 17:09:54,950 - INFO     - img2od: 26 | od2fr: 0 | od2lpr: 1000 | od2cap: 0 | fr2kr: 0 | lpr2kr: 1000 | cap2udp: 0 | kr2udp: 1 | 
2026-05-03 17:09:55,951 - INFO     - img2od: 26 | od2fr: 0 | od2lpr: 1000 | od2cap: 0 | fr2kr: 0 | lpr2kr: 1000 | cap2udp: 0 | kr2udp: 1 | 
2026-05-03 17:09:56,952 - INFO     - img2od: 26 | od2fr: 0 | od2lpr: 1000 | od2cap: 0 | fr2kr: 0 | lpr2kr: 1000 | cap2udp: 0 | kr2udp: 1 | 
2026-05-03 17:09:57,953 - INFO     - img2od: 26 | od2fr: 0 | od2lpr: 1000 | od2cap: 0 | fr2kr: 0 | lpr2kr: 1000 | cap2udp: 0 | kr2udp: 1 | 
2026-05-03 17:09:58,954 - INFO     - img2od: 26 | od2fr: 0 | od2lpr: 1000 | od2cap: 0 | fr2kr: 0 | lpr2kr: 1000 | cap2udp: 0 | kr2udp: 1 | 
2026-05-03 17:09:59,955 - INFO     - img2od: 26 | od2fr: 0 | od2lpr: 1000 | od2cap: 0 | fr2kr: 0 | lpr2kr: 1000 | cap2udp: 0 | kr2udp: 2 | 
2026-05-03 17:10:00,956 - INFO     - img2od: 26 | od2fr: 0 | od2lpr: 1000 | od2cap: 0 | fr2kr: 0 | lpr2kr: 1000 | cap2udp: 0 | kr2udp: 0 | 
2026-05-03 17:10:01,957 - INFO     - img2od: 26 | od2fr: 0 | od2lpr: 1000 | od2cap: 0 | fr2kr: 0 | lpr2kr: 1000 | cap2udp: 0 | kr2udp: 1 | 
2026-05-03 17:10:02,958 - INFO     - img2od: 26 | od2fr: 0 | od2lpr: 1000 | od2cap: 0 | fr2kr: 0 | lpr2kr: 1000 | cap2udp: 0 | kr2udp: 0 | 
2026-05-03 17:10:03,959 - INFO     - img2od: 26 | od2fr: 0 | od2lpr: 1000 | od2cap: 0 | fr2kr: 0 | lpr2kr: 1000 | cap2udp: 0 | kr2udp: 0 | 
2026-05-03 17:10:04,960 - INFO     - img2od: 26 | od2fr: 0 | od2lpr: 1000 | od2cap: 0 | fr2kr: 0 | lpr2kr: 1000 | cap2udp: 0 | kr2udp: 1 | 
2026-05-03 17:10:05,961 - INFO     - img2od: 26 | od2fr: 0 | od2lpr: 1000 | od2cap: 0 | fr2kr: 0 | lpr2kr: 1000 | cap2udp: 0 | kr2udp: 1 | 
2026-05-03 17:10:06,962 - INFO     - img2od: 26 | od2fr: 0 | od2lpr: 1000 | od2cap: 0 | fr2kr: 0 | lpr2kr: 1000 | cap2udp: 0 | kr2udp: 1 | 
2026-05-03 17:10:07,963 - INFO     - img2od: 26 | od2fr: 0 | od2lpr: 1000 | od2cap: 0 | fr2kr: 0 | lpr2kr: 1000 | cap2udp: 0 | kr2udp: 1 | 
2026-05-03 17:10:08,964 - INFO     - img2od: 26 | od2fr: 0 | od2lpr: 1000 | od2cap: 0 | fr2kr: 0 | lpr2kr: 1000 | cap2udp: 0 | kr2udp: 1 | 
2026-05-03 17:10:09,965 - INFO     - img2od: 26 | od2fr: 0 | od2lpr: 1000 | od2cap: 0 | fr2kr: 0 | lpr2kr: 1000 | cap2udp: 0 | kr2udp: 0 | 
2026-05-03 17:10:10,966 - INFO     - img2od: 26 | od2fr: 0 | od2lpr: 1000 | od2cap: 0 | fr2kr: 0 | lpr2kr: 1000 | cap2udp: 0 | kr2udp: 1 | 
2026-05-03 17:10:11,967 - INFO     - img2od: 26 | od2fr: 0 | od2lpr: 1000 | od2cap: 0 | fr2kr: 0 | lpr2kr: 1000 | cap2udp: 0 | kr2udp: 1 | 
2026-05-03 17:10:12,968 - INFO     - img2od: 26 | od2fr: 0 | od2lpr: 1000 | od2cap: 0 | fr2kr: 0 | lpr2kr: 1000 | cap2udp: 0 | kr2udp: 1 | 
2026-05-03 17:10:13,969 - INFO     - img2od: 26 | od2fr: 0 | od2lpr: 1000 | od2cap: 0 | fr2kr: 0 | lpr2kr: 1000 | cap2udp: 0 | kr2udp: 1 | 
2026-05-03 17:10:14,970 - INFO     - img2od: 26 | od2fr: 0 | od2lpr: 1000 | od2cap: 0 | fr2kr: 0 | lpr2kr: 1000 | cap2udp: 0 | kr2udp: 1 | 
2026-05-03 17:10:15,971 - INFO     - img2od: 26 | od2fr: 0 | od2lpr: 1000 | od2cap: 0 | fr2kr: 0 | lpr2kr: 1000 | cap2udp: 0 | kr2udp: 1 | 
2026-05-03 17:10:16,972 - INFO     - img2od: 26 | od2fr: 0 | od2lpr: 1000 | od2cap: 0 | fr2kr: 0 | lpr2kr: 1000 | cap2udp: 0 | kr2udp: 1 | 
2026-05-03 17:10:17,973 - INFO     - img2od: 26 | od2fr: 0 | od2lpr: 1000 | od2cap: 0 | fr2kr: 0 | lpr2kr: 1000 | cap2udp: 0 | kr2udp: 0 | 
2026-05-03 17:10:18,974 - INFO     - img2od: 26 | od2fr: 0 | od2lpr: 1000 | od2cap: 0 | fr2kr: 0 | lpr2kr: 1000 | cap2udp: 0 | kr2udp: 0 | 
2026-05-03 17:10:19,975 - INFO     - img2od: 26 | od2fr: 0 | od2lpr: 1000 | od2cap: 0 | fr2kr: 0 | lpr2kr: 1000 | cap2udp: 0 | kr2udp: 1 | 
2026-05-03 17:10:20,976 - INFO     - img2od: 26 | od2fr: 0 | od2lpr: 1000 | od2cap: 0 | fr2kr: 0 | lpr2kr: 1000 | cap2udp: 0 | kr2udp: 1 | 
2026-05-03 17:10:21,977 - INFO     - img2od: 26 | od2fr: 0 | od2lpr: 1000 | od2cap: 0 | fr2kr: 0 | lpr2kr: 1000 | cap2udp: 0 | kr2udp: 0 | 
2026-05-03 17:10:22,978 - INFO     - img2od: 26 | od2fr: 0 | od2lpr: 1000 | od2cap: 0 | fr2kr: 0 | lpr2kr: 1000 | cap2udp: 0 | kr2udp: 0 | 
2026-05-03 17:10:23,979 - INFO     - img2od: 26 | od2fr: 0 | od2lpr: 1000 | od2cap: 0 | fr2kr: 0 | lpr2kr: 1000 | cap2udp: 0 | kr2udp: 1 | 
2026-05-03 17:10:24,980 - INFO     - img2od: 26 | od2fr: 0 | od2lpr: 1000 | od2cap: 0 | fr2kr: 0 | lpr2kr: 1000 | cap2udp: 0 | kr2udp: 1 | 
2026-05-03 17:10:25,981 - INFO     - img2od: 26 | od2fr: 0 | od2lpr: 1000 | od2cap: 0 | fr2kr: 0 | lpr2kr: 1000 | cap2udp: 0 | kr2udp: 1 | 
2026-05-03 17:10:26,982 - INFO     - img2od: 26 | od2fr: 0 | od2lpr: 1000 | od2cap: 0 | fr2kr: 0 | lpr2kr: 1000 | cap2udp: 0 | kr2udp: 1 | 
2026-05-03 17:10:27,983 - INFO     - img2od: 26 | od2fr: 0 | od2lpr: 1000 | od2cap: 0 | fr2kr: 0 | lpr2kr: 1000 | cap2udp: 0 | kr2udp: 1 | 
2026-05-03 17:10:28,984 - INFO     - img2od: 26 | od2fr: 0 | od2lpr: 1000 | od2cap: 0 | fr2kr: 0 | lpr2kr: 1000 | cap2udp: 0 | kr2udp: 1 | 
2026-05-03 17:10:29,985 - INFO     - img2od: 26 | od2fr: 0 | od2lpr: 1000 | od2cap: 0 | fr2kr: 0 | lpr2kr: 1000 | cap2udp: 0 | kr2udp: 0 | 
2026-05-03 17:10:30,986 - INFO     - img2od: 26 | od2fr: 0 | od2lpr: 1000 | od2cap: 0 | fr2kr: 0 | lpr2kr: 1000 | cap2udp: 0 | kr2udp: 1 | 
2026-05-03 17:10:31,987 - INFO     - img2od: 26 | od2fr: 0 | od2lpr: 1000 | od2cap: 0 | fr2kr: 0 | lpr2kr: 1000 | cap2udp: 0 | kr2udp: 1 | 
2026-05-03 17:10:32,988 - INFO     - img2od: 26 | od2fr: 0 | od2lpr: 1000 | od2cap: 0 | fr2kr: 0 | lpr2kr: 1000 | cap2udp: 0 | kr2udp: 1 | 
2026-05-03 17:10:33,989 - INFO     - img2od: 26 | od2fr: 0 | od2lpr: 1000 | od2cap: 0 | fr2kr: 0 | lpr2kr: 1000 | cap2udp: 0 | kr2udp: 0 | 
2026-05-03 17:10:34,990 - INFO     - img2od: 26 | od2fr: 0 | od2lpr: 1000 | od2cap: 0 | fr2kr: 0 | lpr2kr: 1000 | cap2udp: 0 | kr2udp: 0 | 
2026-05-03 17:10:35,991 - INFO     - img2od: 26 | od2fr: 0 | od2lpr: 999 | od2cap: 0 | fr2kr: 0 | lpr2kr: 1000 | cap2udp: 0 | kr2udp: 1 | 
2026-05-03 17:10:36,992 - INFO     - img2od: 26 | od2fr: 0 | od2lpr: 999 | od2cap: 0 | fr2kr: 0 | lpr2kr: 1000 | cap2udp: 0 | kr2udp: 1 | 
2026-05-03 17:10:37,993 - INFO     - img2od: 26 | od2fr: 0 | od2lpr: 1000 | od2cap: 0 | fr2kr: 0 | lpr2kr: 1000 | cap2udp: 0 | kr2udp: 0 | 
2026-05-03 17:10:38,994 - INFO     - img2od: 26 | od2fr: 0 | od2lpr: 1000 | od2cap: 0 | fr2kr: 0 | lpr2kr: 1000 | cap2udp: 0 | kr2udp: 1 | 
2026-05-03 17:10:39,995 - INFO     - img2od: 26 | od2fr: 0 | od2lpr: 999 | od2cap: 0 | fr2kr: 0 | lpr2kr: 1000 | cap2udp: 0 | kr2udp: 1 | 
2026-05-03 17:10:40,996 - INFO     - img2od: 26 | od2fr: 0 | od2lpr: 1000 | od2cap: 0 | fr2kr: 0 | lpr2kr: 1000 | cap2udp: 0 | kr2udp: 1 | 
2026-05-03 17:10:41,997 - INFO     - img2od: 26 | od2fr: 0 | od2lpr: 1000 | od2cap: 0 | fr2kr: 0 | lpr2kr: 1000 | cap2udp: 0 | kr2udp: 1 | 
2026-05-03 17:10:42,998 - INFO     - img2od: 26 | od2fr: 0 | od2lpr: 1000 | od2cap: 0 | fr2kr: 0 | lpr2kr: 1000 | cap2udp: 0 | kr2udp: 1 | 
2026-05-03 17:10:43,999 - INFO     - img2od: 26 | od2fr: 0 | od2lpr: 1000 | od2cap: 0 | fr2kr: 0 | lpr2kr: 1000 | cap2udp: 0 | kr2udp: 1 | 
2026-05-03 17:10:45,000 - INFO     - img2od: 26 | od2fr: 0 | od2lpr: 1000 | od2cap: 0 | fr2kr: 0 | lpr2kr: 1000 | cap2udp: 0 | kr2udp: 0 | 
2026-05-03 17:10:46,001 - INFO     - img2od: 26 | od2fr: 0 | od2lpr: 1000 | od2cap: 0 | fr2kr: 0 | lpr2kr: 1000 | cap2udp: 0 | kr2udp: 1 | 
2026-05-03 17:10:47,002 - INFO     - img2od: 26 | od2fr: 0 | od2lpr: 1000 | od2cap: 0 | fr2kr: 0 | lpr2kr: 1000 | cap2udp: 0 | kr2udp: 1 | 
2026-05-03 17:10:48,003 - INFO     - img2od: 26 | od2fr: 0 | od2lpr: 1000 | od2cap: 0 | fr2kr: 0 | lpr2kr: 1000 | cap2udp: 0 | kr2udp: 1 | 
2026-05-03 17:10:49,004 - INFO     - img2od: 26 | od2fr: 0 | od2lpr: 999 | od2cap: 0 | fr2kr: 0 | lpr2kr: 1000 | cap2udp: 0 | kr2udp: 1 | 
2026-05-03 17:10:50,005 - INFO     - img2od: 26 | od2fr: 0 | od2lpr: 1000 | od2cap: 0 | fr2kr: 0 | lpr2kr: 1000 | cap2udp: 0 | kr2udp: 1 | 
2026-05-03 17:10:51,006 - INFO     - img2od: 26 | od2fr: 0 | od2lpr: 1000 | od2cap: 0 | fr2kr: 0 | lpr2kr: 1000 | cap2udp: 0 | kr2udp: 1 | 
2026-05-03 17:10:52,007 - INFO     - img2od: 26 | od2fr: 0 | od2lpr: 1000 | od2cap: 0 | fr2kr: 0 | lpr2kr: 1000 | cap2udp: 0 | kr2udp: 1 | 
2026-05-03 17:10:53,008 - INFO     - img2od: 26 | od2fr: 0 | od2lpr: 1000 | od2cap: 0 | fr2kr: 0 | lpr2kr: 1000 | cap2udp: 0 | kr2udp: 1 | 
2026-05-03 17:10:54,009 - INFO     - img2od: 26 | od2fr: 0 | od2lpr: 1000 | od2cap: 0 | fr2kr: 0 | lpr2kr: 1000 | cap2udp: 0 | kr2udp: 1 | 
2026-05-03 17:10:55,010 - INFO     - img2od: 26 | od2fr: 0 | od2lpr: 1000 | od2cap: 0 | fr2kr: 0 | lpr2kr: 1000 | cap2udp: 0 | kr2udp: 1 | 
2026-05-03 17:10:56,011 - INFO     - img2od: 26 | od2fr: 0 | od2lpr: 1000 | od2cap: 0 | fr2kr: 0 | lpr2kr: 1000 | cap2udp: 0 | kr2udp: 1 | 
2026-05-03 17:10:57,012 - INFO     - img2od: 26 | od2fr: 0 | od2lpr: 1000 | od2cap: 0 | fr2kr: 0 | lpr2kr: 1000 | cap2udp: 0 | kr2udp: 1 | 
2026-05-03 17:10:58,013 - INFO     - img2od: 26 | od2fr: 0 | od2lpr: 1000 | od2cap: 0 | fr2kr: 0 | lpr2kr: 1000 | cap2udp: 0 | kr2udp: 1 | 
2026-05-03 17:10:59,014 - INFO     - img2od: 26 | od2fr: 0 | od2lpr: 1000 | od2cap: 0 | fr2kr: 0 | lpr2kr: 1000 | cap2udp: 0 | kr2udp: 0 | 
2026-05-03 17:11:00,015 - INFO     - img2od: 26 | od2fr: 0 | od2lpr: 1000 | od2cap: 0 | fr2kr: 0 | lpr2kr: 1000 | cap2udp: 0 | kr2udp: 1 | 
2026-05-03 17:11:01,016 - INFO     - img2od: 26 | od2fr: 0 | od2lpr: 1000 | od2cap: 0 | fr2kr: 0 | lpr2kr: 1000 | cap2udp: 0 | kr2udp: 1 | 
2026-05-03 17:11:02,017 - INFO     - img2od: 26 | od2fr: 0 | od2lpr: 1000 | od2cap: 0 | fr2kr: 0 | lpr2kr: 1000 | cap2udp: 0 | kr2udp: 1 | 
2026-05-03 17:11:03,018 - INFO     - img2od: 26 | od2fr: 0 | od2lpr: 1000 | od2cap: 0 | fr2kr: 0 | lpr2kr: 1000 | cap2udp: 0 | kr2udp: 0 | 
2026-05-03 17:11:04,019 - INFO     - img2od: 26 | od2fr: 0 | od2lpr: 1000 | od2cap: 0 | fr2kr: 0 | lpr2kr: 1000 | cap2udp: 0 | kr2udp: 1 | 
2026-05-03 17:11:05,020 - INFO     - img2od: 26 | od2fr: 0 | od2lpr: 1000 | od2cap: 0 | fr2kr: 0 | lpr2kr: 999 | cap2udp: 0 | kr2udp: 1 | 
2026-05-03 17:11:06,021 - INFO     - img2od: 26 | od2fr: 0 | od2lpr: 1000 | od2cap: 0 | fr2kr: 0 | lpr2kr: 1000 | cap2udp: 0 | kr2udp: 1 | 
2026-05-03 17:11:07,022 - INFO     - img2od: 26 | od2fr: 0 | od2lpr: 1000 | od2cap: 0 | fr2kr: 0 | lpr2kr: 1000 | cap2udp: 0 | kr2udp: 1 | 
2026-05-03 17:11:08,023 - INFO     - img2od: 26 | od2fr: 0 | od2lpr: 1000 | od2cap: 0 | fr2kr: 0 | lpr2kr: 1000 | cap2udp: 0 | kr2udp: 1 | 
2026-05-03 17:11:09,024 - INFO     - img2od: 26 | od2fr: 0 | od2lpr: 1000 | od2cap: 0 | fr2kr: 0 | lpr2kr: 1000 | cap2udp: 0 | kr2udp: 1 | 
2026-05-03 17:11:10,025 - INFO     - img2od: 26 | od2fr: 0 | od2lpr: 1000 | od2cap: 0 | fr2kr: 0 | lpr2kr: 1000 | cap2udp: 0 | kr2udp: 0 | 
2026-05-03 17:11:11,026 - INFO     - img2od: 26 | od2fr: 0 | od2lpr: 1000 | od2cap: 0 | fr2kr: 0 | lpr2kr: 1000 | cap2udp: 0 | kr2udp: 0 | 
2026-05-03 17:11:12,027 - INFO     - img2od: 26 | od2fr: 0 | od2lpr: 1000 | od2cap: 0 | fr2kr: 0 | lpr2kr: 1000 | cap2udp: 0 | kr2udp: 0 | 
2026-05-03 17:11:13,028 - INFO     - img2od: 26 | od2fr: 0 | od2lpr: 1000 | od2cap: 0 | fr2kr: 0 | lpr2kr: 1000 | cap2udp: 0 | kr2udp: 0 | 
2026-05-03 17:11:14,029 - INFO     - img2od: 26 | od2fr: 0 | od2lpr: 1000 | od2cap: 0 | fr2kr: 0 | lpr2kr: 1000 | cap2udp: 0 | kr2udp: 0 | 
2026-05-03 17:11:15,030 - INFO     - img2od: 26 | od2fr: 0 | od2lpr: 1000 | od2cap: 0 | fr2kr: 0 | lpr2kr: 1000 | cap2udp: 0 | kr2udp: 1 | 
2026-05-03 17:11:16,031 - INFO     - img2od: 26 | od2fr: 0 | od2lpr: 1000 | od2cap: 0 | fr2kr: 0 | lpr2kr: 1000 | cap2udp: 0 | kr2udp: 0 | 
2026-05-03 17:11:17,032 - INFO     - img2od: 26 | od2fr: 0 | od2lpr: 1000 | od2cap: 0 | fr2kr: 0 | lpr2kr: 1000 | cap2udp: 0 | kr2udp: 0 | 
2026-05-03 17:11:18,033 - INFO     - img2od: 26 | od2fr: 0 | od2lpr: 1000 | od2cap: 0 | fr2kr: 0 | lpr2kr: 1000 | cap2udp: 0 | kr2udp: 1 | 
2026-05-03 17:11:19,034 - INFO     - img2od: 26 | od2fr: 0 | od2lpr: 1000 | od2cap: 0 | fr2kr: 0 | lpr2kr: 1000 | cap2udp: 0 | kr2udp: 1 | 
2026-05-03 17:11:20,035 - INFO     - img2od: 26 | od2fr: 0 | od2lpr: 1000 | od2cap: 0 | fr2kr: 0 | lpr2kr: 1000 | cap2udp: 0 | kr2udp: 0 | 
2026-05-03 17:11:21,036 - INFO     - img2od: 26 | od2fr: 0 | od2lpr: 1000 | od2cap: 0 | fr2kr: 0 | lpr2kr: 1000 | cap2udp: 0 | kr2udp: 1 | 
2026-05-03 17:11:22,037 - INFO     - img2od: 26 | od2fr: 0 | od2lpr: 1000 | od2cap: 0 | fr2kr: 0 | lpr2kr: 1000 | cap2udp: 0 | kr2udp: 1 | 
2026-05-03 17:11:23,038 - INFO     - img2od: 26 | od2fr: 0 | od2lpr: 999 | od2cap: 0 | fr2kr: 0 | lpr2kr: 1000 | cap2udp: 0 | kr2udp: 1 | 
2026-05-03 17:11:24,039 - INFO     - img2od: 26 | od2fr: 0 | od2lpr: 1000 | od2cap: 0 | fr2kr: 0 | lpr2kr: 1000 | cap2udp: 0 | kr2udp: 1 | 
2026-05-03 17:11:25,040 - INFO     - img2od: 26 | od2fr: 0 | od2lpr: 1000 | od2cap: 0 | fr2kr: 0 | lpr2kr: 1000 | cap2udp: 0 | kr2udp: 0 | 
2026-05-03 17:11:26,041 - INFO     - img2od: 26 | od2fr: 0 | od2lpr: 1000 | od2cap: 0 | fr2kr: 0 | lpr2kr: 1000 | cap2udp: 0 | kr2udp: 0 | 
2026-05-03 17:11:27,042 - INFO     - img2od: 26 | od2fr: 0 | od2lpr: 1000 | od2cap: 0 | fr2kr: 0 | lpr2kr: 1000 | cap2udp: 0 | kr2udp: 0 | 
2026-05-03 17:11:28,043 - INFO     - img2od: 26 | od2fr: 0 | od2lpr: 1000 | od2cap: 0 | fr2kr: 0 | lpr2kr: 1000 | cap2udp: 0 | kr2udp: 1 | 
2026-05-03 17:11:29,044 - INFO     - img2od: 26 | od2fr: 0 | od2lpr: 1000 | od2cap: 0 | fr2kr: 0 | lpr2kr: 1000 | cap2udp: 0 | kr2udp: 0 | 
2026-05-03 17:11:30,045 - INFO     - img2od: 26 | od2fr: 0 | od2lpr: 1000 | od2cap: 0 | fr2kr: 0 | lpr2kr: 1000 | cap2udp: 0 | kr2udp: 1 | 
2026-05-03 17:11:31,046 - INFO     - img2od: 26 | od2fr: 0 | od2lpr: 1000 | od2cap: 0 | fr2kr: 0 | lpr2kr: 1000 | cap2udp: 0 | kr2udp: 1 | 
2026-05-03 17:11:32,047 - INFO     - img2od: 26 | od2fr: 0 | od2lpr: 1000 | od2cap: 0 | fr2kr: 0 | lpr2kr: 1000 | cap2udp: 0 | kr2udp: 1 | 
2026-05-03 17:11:33,048 - INFO     - img2od: 26 | od2fr: 0 | od2lpr: 1000 | od2cap: 0 | fr2kr: 0 | lpr2kr: 1000 | cap2udp: 0 | kr2udp: 1 | 
2026-05-03 17:11:34,049 - INFO     - img2od: 26 | od2fr: 0 | od2lpr: 1000 | od2cap: 0 | fr2kr: 0 | lpr2kr: 1000 | cap2udp: 0 | kr2udp: 1 | 
2026-05-03 17:11:35,050 - INFO     - img2od: 26 | od2fr: 0 | od2lpr: 1000 | od2cap: 0 | fr2kr: 0 | lpr2kr: 1000 | cap2udp: 0 | kr2udp: 0 | 
2026-05-03 17:11:36,051 - INFO     - img2od: 26 | od2fr: 0 | od2lpr: 1000 | od2cap: 0 | fr2kr: 0 | lpr2kr: 1000 | cap2udp: 0 | kr2udp: 0 | 
2026-05-03 17:11:37,052 - INFO     - img2od: 25 | od2fr: 0 | od2lpr: 1000 | od2cap: 0 | fr2kr: 0 | lpr2kr: 1000 | cap2udp: 0 | kr2udp: 1 | 
2026-05-03 17:11:38,053 - INFO     - img2od: 23 | od2fr: 0 | od2lpr: 1000 | od2cap: 1 | fr2kr: 1 | lpr2kr: 1000 | cap2udp: 0 | kr2udp: 0 | 
2026-05-03 17:11:39,054 - INFO     - img2od: 19 | od2fr: 3 | od2lpr: 998 | od2cap: 1 | fr2kr: 2 | lpr2kr: 1000 | cap2udp: 0 | kr2udp: 0 | 
2026-05-03 17:11:40,055 - INFO     - img2od: 16 | od2fr: 11 | od2lpr: 999 | od2cap: 0 | fr2kr: 5 | lpr2kr: 1000 | cap2udp: 0 | kr2udp: 0 | 
2026-05-03 17:11:41,056 - INFO     - img2od: 15 | od2fr: 8 | od2lpr: 1000 | od2cap: 0 | fr2kr: 8 | lpr2kr: 1000 | cap2udp: 0 | kr2udp: 0 | 
2026-05-03 17:11:42,057 - INFO     - img2od: 15 | od2fr: 3 | od2lpr: 999 | od2cap: 0 | fr2kr: 11 | lpr2kr: 1000 | cap2udp: 0 | kr2udp: 1 | 
2026-05-03 17:11:43,058 - INFO     - img2od: 13 | od2fr: 0 | od2lpr: 999 | od2cap: 0 | fr2kr: 13 | lpr2kr: 1000 | cap2udp: 0 | kr2udp: 0 | 
2026-05-03 17:11:44,059 - INFO     - img2od: 10 | od2fr: 4 | od2lpr: 1000 | od2cap: 0 | fr2kr: 16 | lpr2kr: 1000 | cap2udp: 1 | kr2udp: 0 | 
2026-05-03 17:11:45,060 - INFO     - img2od: 9 | od2fr: 21 | od2lpr: 1000 | od2cap: 0 | fr2kr: 19 | lpr2kr: 1000 | cap2udp: 0 | kr2udp: 1 | 
2026-05-03 17:11:46,061 - INFO     - img2od: 9 | od2fr: 16 | od2lpr: 1000 | od2cap: 0 | fr2kr: 22 | lpr2kr: 1000 | cap2udp: 0 | kr2udp: 1 | 
2026-05-03 17:11:47,062 - INFO     - img2od: 9 | od2fr: 10 | od2lpr: 1000 | od2cap: 0 | fr2kr: 26 | lpr2kr: 1000 | cap2udp: 0 | kr2udp: 1 | 
2026-05-03 17:11:48,063 - INFO     - img2od: 9 | od2fr: 5 | od2lpr: 1000 | od2cap: 0 | fr2kr: 28 | lpr2kr: 1000 | cap2udp: 0 | kr2udp: 0 | 
2026-05-03 17:11:49,064 - INFO     - img2od: 9 | od2fr: 0 | od2lpr: 1000 | od2cap: 0 | fr2kr: 31 | lpr2kr: 1000 | cap2udp: 0 | kr2udp: 1 | 
2026-05-03 17:11:50,065 - INFO     - img2od: 9 | od2fr: 0 | od2lpr: 1000 | od2cap: 0 | fr2kr: 29 | lpr2kr: 1000 | cap2udp: 0 | kr2udp: 0 | 
2026-05-03 17:11:51,066 - INFO     - img2od: 5 | od2fr: 0 | od2lpr: 999 | od2cap: 0 | fr2kr: 28 | lpr2kr: 1000 | cap2udp: 1 | kr2udp: 1 | 
2026-05-03 17:11:52,067 - INFO     - img2od: 3 | od2fr: 2 | od2lpr: 1000 | od2cap: 0 | fr2kr: 31 | lpr2kr: 1000 | cap2udp: 0 | kr2udp: 1 | 
2026-05-03 17:11:53,068 - INFO     - img2od: 3 | od2fr: 0 | od2lpr: 1000 | od2cap: 0 | fr2kr: 31 | lpr2kr: 1000 | cap2udp: 0 | kr2udp: 1 | 
2026-05-03 17:11:54,069 - INFO     - img2od: 3 | od2fr: 0 | od2lpr: 1000 | od2cap: 0 | fr2kr: 28 | lpr2kr: 1000 | cap2udp: 0 | kr2udp: 0 | 
2026-05-03 17:11:55,070 - INFO     - img2od: 3 | od2fr: 0 | od2lpr: 1000 | od2cap: 0 | fr2kr: 26 | lpr2kr: 1000 | cap2udp: 0 | kr2udp: 1 | 
2026-05-03 17:11:56,071 - INFO     - img2od: 3 | od2fr: 0 | od2lpr: 1000 | od2cap: 0 | fr2kr: 24 | lpr2kr: 1000 | cap2udp: 0 | kr2udp: 0 | 
2026-05-03 17:11:57,072 - INFO     - img2od: 3 | od2fr: 0 | od2lpr: 1000 | od2cap: 0 | fr2kr: 22 | lpr2kr: 1000 | cap2udp: 0 | kr2udp: 0 | 
2026-05-03 17:11:58,073 - INFO     - img2od: 3 | od2fr: 0 | od2lpr: 1000 | od2cap: 0 | fr2kr: 20 | lpr2kr: 1000 | cap2udp: 0 | kr2udp: 1 | 
2026-05-03 17:11:59,074 - INFO     - img2od: 3 | od2fr: 0 | od2lpr: 1000 | od2cap: 0 | fr2kr: 18 | lpr2kr: 1000 | cap2udp: 0 | kr2udp: 1 | 
2026-05-03 17:12:00,075 - INFO     - img2od: 3 | od2fr: 0 | od2lpr: 1000 | od2cap: 0 | fr2kr: 15 | lpr2kr: 1000 | cap2udp: 0 | kr2udp: 1 | 
2026-05-03 17:12:01,076 - INFO     - img2od: 3 | od2fr: 0 | od2lpr: 1000 | od2cap: 0 | fr2kr: 13 | lpr2kr: 1000 | cap2udp: 0 | kr2udp: 1 | 
2026-05-03 17:12:02,077 - INFO     - img2od: 3 | od2fr: 0 | od2lpr: 1000 | od2cap: 0 | fr2kr: 12 | lpr2kr: 1000 | cap2udp: 0 | kr2udp: 1 | 
2026-05-03 17:12:03,078 - INFO     - img2od: 3 | od2fr: 0 | od2lpr: 1000 | od2cap: 0 | fr2kr: 9 | lpr2kr: 1000 | cap2udp: 0 | kr2udp: 1 | 
2026-05-03 17:12:04,079 - INFO     - img2od: 3 | od2fr: 0 | od2lpr: 1000 | od2cap: 0 | fr2kr: 7 | lpr2kr: 1000 | cap2udp: 0 | kr2udp: 0 | 
2026-05-03 17:12:05,080 - INFO     - img2od: 3 | od2fr: 0 | od2lpr: 1000 | od2cap: 0 | fr2kr: 5 | lpr2kr: 1000 | cap2udp: 0 | kr2udp: 1 | 
2026-05-03 17:12:06,081 - INFO     - img2od: 3 | od2fr: 0 | od2lpr: 1000 | od2cap: 0 | fr2kr: 3 | lpr2kr: 1000 | cap2udp: 0 | kr2udp: 1 | 
2026-05-03 17:12:07,082 - INFO     - img2od: 3 | od2fr: 0 | od2lpr: 1000 | od2cap: 0 | fr2kr: 1 | lpr2kr: 1000 | cap2udp: 0 | kr2udp: 1 | 
2026-05-03 17:12:08,083 - INFO     - img2od: 3 | od2fr: 0 | od2lpr: 1000 | od2cap: 0 | fr2kr: 0 | lpr2kr: 1000 | cap2udp: 0 | kr2udp: 1 | 
2026-05-03 17:12:09,084 - INFO     - img2od: 3 | od2fr: 0 | od2lpr: 1000 | od2cap: 0 | fr2kr: 0 | lpr2kr: 1000 | cap2udp: 0 | kr2udp: 1 | 
2026-05-03 17:12:10,085 - INFO     - img2od: 3 | od2fr: 0 | od2lpr: 1000 | od2cap: 0 | fr2kr: 0 | lpr2kr: 1000 | cap2udp: 0 | kr2udp: 0 | 
2026-05-03 17:12:11,086 - INFO     - img2od: 3 | od2fr: 0 | od2lpr: 1000 | od2cap: 0 | fr2kr: 0 | lpr2kr: 1000 | cap2udp: 0 | kr2udp: 1 | 
2026-05-03 17:12:12,087 - INFO     - img2od: 3 | od2fr: 0 | od2lpr: 1000 | od2cap: 0 | fr2kr: 0 | lpr2kr: 1000 | cap2udp: 0 | kr2udp: 1 | 
2026-05-03 17:12:13,088 - INFO     - img2od: 3 | od2fr: 0 | od2lpr: 1000 | od2cap: 0 | fr2kr: 0 | lpr2kr: 1000 | cap2udp: 0 | kr2udp: 2 | 
2026-05-03 17:12:14,089 - INFO     - img2od: 3 | od2fr: 0 | od2lpr: 1000 | od2cap: 0 | fr2kr: 0 | lpr2kr: 1000 | cap2udp: 0 | kr2udp: 1 | 
2026-05-03 17:12:15,090 - INFO     - img2od: 3 | od2fr: 0 | od2lpr: 1000 | od2cap: 0 | fr2kr: 0 | lpr2kr: 1000 | cap2udp: 0 | kr2udp: 1 | 
2026-05-03 17:12:16,091 - INFO     - img2od: 3 | od2fr: 0 | od2lpr: 1000 | od2cap: 0 | fr2kr: 0 | lpr2kr: 1000 | cap2udp: 0 | kr2udp: 0 | 
2026-05-03 17:12:17,092 - INFO     - img2od: 3 | od2fr: 0 | od2lpr: 1000 | od2cap: 0 | fr2kr: 0 | lpr2kr: 1000 | cap2udp: 0 | kr2udp: 1 | 
2026-05-03 17:12:18,093 - INFO     - img2od: 3 | od2fr: 0 | od2lpr: 1000 | od2cap: 0 | fr2kr: 0 | lpr2kr: 1000 | cap2udp: 0 | kr2udp: 1 | 
2026-05-03 17:12:19,094 - INFO     - img2od: 3 | od2fr: 0 | od2lpr: 1000 | od2cap: 0 | fr2kr: 0 | lpr2kr: 1000 | cap2udp: 0 | kr2udp: 1 | 
2026-05-03 17:12:20,095 - INFO     - img2od: 3 | od2fr: 0 | od2lpr: 1000 | od2cap: 0 | fr2kr: 0 | lpr2kr: 1000 | cap2udp: 0 | kr2udp: 1 | 
2026-05-03 17:12:21,096 - INFO     - img2od: 3 | od2fr: 0 | od2lpr: 999 | od2cap: 0 | fr2kr: 0 | lpr2kr: 1000 | cap2udp: 0 | kr2udp: 1 | 
2026-05-03 17:12:22,097 - INFO     - img2od: 3 | od2fr: 0 | od2lpr: 1000 | od2cap: 0 | fr2kr: 0 | lpr2kr: 1000 | cap2udp: 0 | kr2udp: 1 | 
2026-05-03 17:12:23,098 - INFO     - img2od: 3 | od2fr: 0 | od2lpr: 1000 | od2cap: 0 | fr2kr: 0 | lpr2kr: 1000 | cap2udp: 0 | kr2udp: 1 | 
2026-05-03 17:12:24,099 - INFO     - img2od: 3 | od2fr: 0 | od2lpr: 1000 | od2cap: 0 | fr2kr: 0 | lpr2kr: 1000 | cap2udp: 0 | kr2udp: 1 | 
2026-05-03 17:12:25,100 - INFO     - img2od: 3 | od2fr: 0 | od2lpr: 1000 | od2cap: 0 | fr2kr: 0 | lpr2kr: 1000 | cap2udp: 0 | kr2udp: 1 | 
2026-05-03 17:12:26,101 - INFO     - img2od: 3 | od2fr: 0 | od2lpr: 1000 | od2cap: 0 | fr2kr: 0 | lpr2kr: 1000 | cap2udp: 0 | kr2udp: 1 | 
2026-05-03 17:12:27,102 - INFO     - img2od: 3 | od2fr: 0 | od2lpr: 1000 | od2cap: 0 | fr2kr: 0 | lpr2kr: 1000 | cap2udp: 0 | kr2udp: 1 | 
2026-05-03 17:12:28,103 - INFO     - img2od: 3 | od2fr: 0 | od2lpr: 1000 | od2cap: 0 | fr2kr: 0 | lpr2kr: 1000 | cap2udp: 0 | kr2udp: 1 | 
2026-05-03 17:12:29,104 - INFO     - img2od: 3 | od2fr: 0 | od2lpr: 1000 | od2cap: 0 | fr2kr: 0 | lpr2kr: 1000 | cap2udp: 0 | kr2udp: 0 | 
2026-05-03 17:12:30,105 - INFO     - img2od: 3 | od2fr: 0 | od2lpr: 1000 | od2cap: 0 | fr2kr: 0 | lpr2kr: 1000 | cap2udp: 0 | kr2udp: 1 | 
2026-05-03 17:12:31,106 - INFO     - img2od: 3 | od2fr: 0 | od2lpr: 1000 | od2cap: 0 | fr2kr: 0 | lpr2kr: 1000 | cap2udp: 0 | kr2udp: 0 | 
2026-05-03 17:12:32,107 - INFO     - img2od: 3 | od2fr: 0 | od2lpr: 1000 | od2cap: 0 | fr2kr: 0 | lpr2kr: 1000 | cap2udp: 0 | kr2udp: 0 | 
2026-05-03 17:12:33,108 - INFO     - img2od: 3 | od2fr: 0 | od2lpr: 1000 | od2cap: 0 | fr2kr: 0 | lpr2kr: 1000 | cap2udp: 0 | kr2udp: 1 | 
2026-05-03 17:12:34,109 - INFO     - img2od: 3 | od2fr: 0 | od2lpr: 1000 | od2cap: 0 | fr2kr: 0 | lpr2kr: 1000 | cap2udp: 0 | kr2udp: 1 | 
2026-05-03 17:12:35,110 - INFO     - img2od: 3 | od2fr: 0 | od2lpr: 1000 | od2cap: 0 | fr2kr: 0 | lpr2kr: 1000 | cap2udp: 0 | kr2udp: 1 | 
2026-05-03 17:12:36,111 - INFO     - img2od: 3 | od2fr: 0 | od2lpr: 1000 | od2cap: 0 | fr2kr: 0 | lpr2kr: 1000 | cap2udp: 0 | kr2udp: 1 | 
2026-05-03 17:12:37,112 - INFO     - img2od: 3 | od2fr: 0 | od2lpr: 1000 | od2cap: 0 | fr2kr: 0 | lpr2kr: 1000 | cap2udp: 0 | kr2udp: 1 | 
2026-05-03 17:12:38,113 - INFO     - img2od: 3 | od2fr: 0 | od2lpr: 1000 | od2cap: 0 | fr2kr: 0 | lpr2kr: 1000 | cap2udp: 0 | kr2udp: 1 | 
2026-05-03 17:12:39,114 - INFO     - img2od: 3 | od2fr: 0 | od2lpr: 1000 | od2cap: 0 | fr2kr: 0 | lpr2kr: 1000 | cap2udp: 0 | kr2udp: 0 | 
2026-05-03 17:12:40,115 - INFO     - img2od: 3 | od2fr: 0 | od2lpr: 1000 | od2cap: 0 | fr2kr: 0 | lpr2kr: 1000 | cap2udp: 0 | kr2udp: 1 | 
2026-05-03 17:12:41,116 - INFO     - img2od: 3 | od2fr: 0 | od2lpr: 1000 | od2cap: 0 | fr2kr: 0 | lpr2kr: 1000 | cap2udp: 0 | kr2udp: 1 | 
2026-05-03 17:12:42,117 - INFO     - img2od: 3 | od2fr: 0 | od2lpr: 1000 | od2cap: 0 | fr2kr: 0 | lpr2kr: 1000 | cap2udp: 0 | kr2udp: 1 | 
2026-05-03 17:12:43,118 - INFO     - img2od: 3 | od2fr: 0 | od2lpr: 1000 | od2cap: 0 | fr2kr: 0 | lpr2kr: 1000 | cap2udp: 0 | kr2udp: 1 | 
2026-05-03 17:12:44,119 - INFO     - img2od: 3 | od2fr: 0 | od2lpr: 1000 | od2cap: 0 | fr2kr: 0 | lpr2kr: 1000 | cap2udp: 0 | kr2udp: 0 | 
2026-05-03 17:12:45,120 - INFO     - img2od: 3 | od2fr: 0 | od2lpr: 1000 | od2cap: 0 | fr2kr: 0 | lpr2kr: 1000 | cap2udp: 0 | kr2udp: 1 | 
2026-05-03 17:12:46,121 - INFO     - img2od: 3 | od2fr: 0 | od2lpr: 1000 | od2cap: 0 | fr2kr: 0 | lpr2kr: 1000 | cap2udp: 0 | kr2udp: 0 | 
2026-05-03 17:12:47,122 - INFO     - img2od: 3 | od2fr: 0 | od2lpr: 1000 | od2cap: 0 | fr2kr: 0 | lpr2kr: 1000 | cap2udp: 0 | kr2udp: 0 | 
2026-05-03 17:12:48,123 - INFO     - img2od: 3 | od2fr: 0 | od2lpr: 1000 | od2cap: 0 | fr2kr: 0 | lpr2kr: 1000 | cap2udp: 0 | kr2udp: 1 | 
2026-05-03 17:12:49,124 - INFO     - img2od: 3 | od2fr: 0 | od2lpr: 1000 | od2cap: 0 | fr2kr: 0 | lpr2kr: 1000 | cap2udp: 0 | kr2udp: 1 | 
2026-05-03 17:12:50,125 - INFO     - img2od: 3 | od2fr: 0 | od2lpr: 1000 | od2cap: 0 | fr2kr: 0 | lpr2kr: 1000 | cap2udp: 0 | kr2udp: 1 | 
2026-05-03 17:12:51,126 - INFO     - img2od: 3 | od2fr: 0 | od2lpr: 1000 | od2cap: 0 | fr2kr: 0 | lpr2kr: 1000 | cap2udp: 0 | kr2udp: 1 | 
2026-05-03 17:12:52,127 - INFO     - img2od: 3 | od2fr: 0 | od2lpr: 1000 | od2cap: 0 | fr2kr: 0 | lpr2kr: 1000 | cap2udp: 0 | kr2udp: 1 | 
2026-05-03 17:12:53,128 - INFO     - img2od: 3 | od2fr: 0 | od2lpr: 1000 | od2cap: 0 | fr2kr: 0 | lpr2kr: 1000 | cap2udp: 0 | kr2udp: 1 | 
2026-05-03 17:12:54,129 - INFO     - img2od: 3 | od2fr: 0 | od2lpr: 1000 | od2cap: 0 | fr2kr: 0 | lpr2kr: 1000 | cap2udp: 0 | kr2udp: 1 | 
2026-05-03 17:12:55,130 - INFO     - img2od: 3 | od2fr: 0 | od2lpr: 1000 | od2cap: 0 | fr2kr: 0 | lpr2kr: 1000 | cap2udp: 0 | kr2udp: 0 | 
2026-05-03 17:12:56,131 - INFO     - img2od: 3 | od2fr: 0 | od2lpr: 1000 | od2cap: 0 | fr2kr: 0 | lpr2kr: 1000 | cap2udp: 0 | kr2udp: 0 | 
2026-05-03 17:12:57,132 - INFO     - img2od: 3 | od2fr: 0 | od2lpr: 1000 | od2cap: 0 | fr2kr: 0 | lpr2kr: 1000 | cap2udp: 0 | kr2udp: 1 | 
2026-05-03 17:12:58,133 - INFO     - img2od: 3 | od2fr: 0 | od2lpr: 1000 | od2cap: 0 | fr2kr: 0 | lpr2kr: 1000 | cap2udp: 0 | kr2udp: 1 | 
2026-05-03 17:12:59,134 - INFO     - img2od: 3 | od2fr: 0 | od2lpr: 1000 | od2cap: 0 | fr2kr: 0 | lpr2kr: 1000 | cap2udp: 0 | kr2udp: 1 | 
2026-05-03 17:13:00,135 - INFO     - img2od: 3 | od2fr: 0 | od2lpr: 1000 | od2cap: 0 | fr2kr: 0 | lpr2kr: 1000 | cap2udp: 0 | kr2udp: 1 | 
2026-05-03 17:13:01,136 - INFO     - img2od: 3 | od2fr: 0 | od2lpr: 1000 | od2cap: 0 | fr2kr: 0 | lpr2kr: 1000 | cap2udp: 0 | kr2udp: 1 | 
2026-05-03 17:13:02,137 - INFO     - img2od: 3 | od2fr: 0 | od2lpr: 1000 | od2cap: 0 | fr2kr: 0 | lpr2kr: 1000 | cap2udp: 0 | kr2udp: 0 | 
2026-05-03 17:13:03,138 - INFO     - img2od: 3 | od2fr: 0 | od2lpr: 1000 | od2cap: 0 | fr2kr: 0 | lpr2kr: 1000 | cap2udp: 0 | kr2udp: 1 | 
2026-05-03 17:13:04,139 - INFO     - img2od: 3 | od2fr: 0 | od2lpr: 1000 | od2cap: 0 | fr2kr: 0 | lpr2kr: 1000 | cap2udp: 0 | kr2udp: 1 | 
2026-05-03 17:13:05,140 - INFO     - img2od: 3 | od2fr: 0 | od2lpr: 1000 | od2cap: 0 | fr2kr: 0 | lpr2kr: 1000 | cap2udp: 0 | kr2udp: 1 | 
2026-05-03 17:13:06,141 - INFO     - img2od: 3 | od2fr: 0 | od2lpr: 1000 | od2cap: 0 | fr2kr: 0 | lpr2kr: 1000 | cap2udp: 0 | kr2udp: 1 | 
2026-05-03 17:13:07,142 - INFO     - img2od: 3 | od2fr: 0 | od2lpr: 1000 | od2cap: 0 | fr2kr: 0 | lpr2kr: 1000 | cap2udp: 0 | kr2udp: 1 | 
2026-05-03 17:13:08,143 - INFO     - img2od: 3 | od2fr: 0 | od2lpr: 1000 | od2cap: 0 | fr2kr: 0 | lpr2kr: 1000 | cap2udp: 0 | kr2udp: 1 | 
2026-05-03 17:13:09,144 - INFO     - img2od: 3 | od2fr: 0 | od2lpr: 1000 | od2cap: 0 | fr2kr: 0 | lpr2kr: 1000 | cap2udp: 0 | kr2udp: 1 | 
2026-05-03 17:13:10,145 - INFO     - img2od: 3 | od2fr: 0 | od2lpr: 1000 | od2cap: 0 | fr2kr: 0 | lpr2kr: 1000 | cap2udp: 0 | kr2udp: 1 | 
2026-05-03 17:13:11,146 - INFO     - img2od: 3 | od2fr: 0 | od2lpr: 1000 | od2cap: 0 | fr2kr: 0 | lpr2kr: 1000 | cap2udp: 0 | kr2udp: 1 | 
2026-05-03 17:13:12,147 - INFO     - img2od: 3 | od2fr: 0 | od2lpr: 1000 | od2cap: 0 | fr2kr: 0 | lpr2kr: 1000 | cap2udp: 0 | kr2udp: 1 | 
2026-05-03 17:13:13,148 - INFO     - img2od: 3 | od2fr: 0 | od2lpr: 1000 | od2cap: 0 | fr2kr: 0 | lpr2kr: 1000 | cap2udp: 0 | kr2udp: 1 | 
2026-05-03 17:13:14,149 - INFO     - img2od: 3 | od2fr: 0 | od2lpr: 1000 | od2cap: 0 | fr2kr: 0 | lpr2kr: 1000 | cap2udp: 0 | kr2udp: 0 | 
2026-05-03 17:13:15,150 - INFO     - img2od: 3 | od2fr: 0 | od2lpr: 1000 | od2cap: 0 | fr2kr: 0 | lpr2kr: 1000 | cap2udp: 0 | kr2udp: 1 | 
2026-05-03 17:13:16,151 - INFO     - img2od: 3 | od2fr: 0 | od2lpr: 1000 | od2cap: 0 | fr2kr: 0 | lpr2kr: 1000 | cap2udp: 0 | kr2udp: 0 | 
2026-05-03 17:13:17,152 - INFO     - img2od: 3 | od2fr: 0 | od2lpr: 1000 | od2cap: 0 | fr2kr: 0 | lpr2kr: 1000 | cap2udp: 0 | kr2udp: 1 | 
2026-05-03 17:13:18,153 - INFO     - img2od: 3 | od2fr: 0 | od2lpr: 1000 | od2cap: 0 | fr2kr: 0 | lpr2kr: 1000 | cap2udp: 0 | kr2udp: 0 | 
2026-05-03 17:13:19,154 - INFO     - img2od: 3 | od2fr: 0 | od2lpr: 1000 | od2cap: 0 | fr2kr: 0 | lpr2kr: 1000 | cap2udp: 0 | kr2udp: 1 | 
2026-05-03 17:13:20,155 - INFO     - img2od: 3 | od2fr: 0 | od2lpr: 1000 | od2cap: 0 | fr2kr: 0 | lpr2kr: 1000 | cap2udp: 0 | kr2udp: 0 | 
2026-05-03 17:13:21,156 - INFO     - img2od: 3 | od2fr: 0 | od2lpr: 1000 | od2cap: 0 | fr2kr: 0 | lpr2kr: 1000 | cap2udp: 0 | kr2udp: 1 | 
2026-05-03 17:13:22,157 - INFO     - img2od: 3 | od2fr: 0 | od2lpr: 1000 | od2cap: 0 | fr2kr: 0 | lpr2kr: 1000 | cap2udp: 0 | kr2udp: 0 | 
2026-05-03 17:13:23,158 - INFO     - img2od: 3 | od2fr: 0 | od2lpr: 1000 | od2cap: 0 | fr2kr: 0 | lpr2kr: 1000 | cap2udp: 0 | kr2udp: 1 | 
2026-05-03 17:13:24,159 - INFO     - img2od: 3 | od2fr: 0 | od2lpr: 1000 | od2cap: 0 | fr2kr: 0 | lpr2kr: 1000 | cap2udp: 0 | kr2udp: 1 | 
2026-05-03 17:13:25,160 - INFO     - img2od: 3 | od2fr: 0 | od2lpr: 1000 | od2cap: 0 | fr2kr: 0 | lpr2kr: 1000 | cap2udp: 0 | kr2udp: 1 | 
2026-05-03 17:13:26,161 - INFO     - img2od: 3 | od2fr: 0 | od2lpr: 1000 | od2cap: 0 | fr2kr: 0 | lpr2kr: 1000 | cap2udp: 0 | kr2udp: 1 | 
2026-05-03 17:13:27,162 - INFO     - img2od: 3 | od2fr: 0 | od2lpr: 1000 | od2cap: 0 | fr2kr: 0 | lpr2kr: 1000 | cap2udp: 0 | kr2udp: 1 | 
2026-05-03 17:13:28,163 - INFO     - img2od: 3 | od2fr: 0 | od2lpr: 1000 | od2cap: 0 | fr2kr: 0 | lpr2kr: 1000 | cap2udp: 0 | kr2udp: 0 | 
2026-05-03 17:13:29,164 - INFO     - img2od: 3 | od2fr: 0 | od2lpr: 1000 | od2cap: 0 | fr2kr: 0 | lpr2kr: 1000 | cap2udp: 0 | kr2udp: 1 | 
2026-05-03 17:13:30,165 - INFO     - img2od: 3 | od2fr: 0 | od2lpr: 1000 | od2cap: 0 | fr2kr: 0 | lpr2kr: 1000 | cap2udp: 0 | kr2udp: 0 | 
2026-05-03 17:13:31,166 - INFO     - img2od: 3 | od2fr: 0 | od2lpr: 1000 | od2cap: 0 | fr2kr: 0 | lpr2kr: 1000 | cap2udp: 0 | kr2udp: 1 | 
2026-05-03 17:13:32,167 - INFO     - img2od: 3 | od2fr: 0 | od2lpr: 1000 | od2cap: 0 | fr2kr: 0 | lpr2kr: 1000 | cap2udp: 0 | kr2udp: 1 | 
2026-05-03 17:13:33,168 - INFO     - img2od: 3 | od2fr: 0 | od2lpr: 1000 | od2cap: 0 | fr2kr: 0 | lpr2kr: 1000 | cap2udp: 0 | kr2udp: 0 | 
2026-05-03 17:13:34,169 - INFO     - img2od: 3 | od2fr: 0 | od2lpr: 1000 | od2cap: 0 | fr2kr: 0 | lpr2kr: 1000 | cap2udp: 0 | kr2udp: 1 | 
2026-05-03 17:13:35,170 - INFO     - img2od: 3 | od2fr: 0 | od2lpr: 1000 | od2cap: 0 | fr2kr: 0 | lpr2kr: 1000 | cap2udp: 0 | kr2udp: 1 | 
2026-05-03 17:13:36,171 - INFO     - img2od: 3 | od2fr: 0 | od2lpr: 1000 | od2cap: 0 | fr2kr: 0 | lpr2kr: 1000 | cap2udp: 0 | kr2udp: 1 | 
2026-05-03 17:13:37,172 - INFO     - img2od: 3 | od2fr: 0 | od2lpr: 1000 | od2cap: 0 | fr2kr: 0 | lpr2kr: 1000 | cap2udp: 0 | kr2udp: 1 | 
2026-05-03 17:13:38,173 - INFO     - img2od: 3 | od2fr: 0 | od2lpr: 1000 | od2cap: 0 | fr2kr: 0 | lpr2kr: 1000 | cap2udp: 0 | kr2udp: 1 | 
2026-05-03 17:13:39,174 - INFO     - img2od: 3 | od2fr: 0 | od2lpr: 1000 | od2cap: 0 | fr2kr: 0 | lpr2kr: 1000 | cap2udp: 0 | kr2udp: 1 | 
2026-05-03 17:13:40,175 - INFO     - img2od: 3 | od2fr: 0 | od2lpr: 1000 | od2cap: 0 | fr2kr: 0 | lpr2kr: 1000 | cap2udp: 0 | kr2udp: 1 | 
2026-05-03 17:13:41,176 - INFO     - img2od: 3 | od2fr: 0 | od2lpr: 1000 | od2cap: 0 | fr2kr: 0 | lpr2kr: 1000 | cap2udp: 0 | kr2udp: 1 | 
2026-05-03 17:13:42,177 - INFO     - img2od: 3 | od2fr: 0 | od2lpr: 1000 | od2cap: 0 | fr2kr: 0 | lpr2kr: 1000 | cap2udp: 0 | kr2udp: 1 | 
2026-05-03 17:13:43,178 - INFO     - img2od: 3 | od2fr: 0 | od2lpr: 1000 | od2cap: 0 | fr2kr: 0 | lpr2kr: 1000 | cap2udp: 0 | kr2udp: 1 | 
2026-05-03 17:13:44,179 - INFO     - img2od: 3 | od2fr: 0 | od2lpr: 1000 | od2cap: 0 | fr2kr: 0 | lpr2kr: 1000 | cap2udp: 0 | kr2udp: 1 | 
2026-05-03 17:13:45,180 - INFO     - img2od: 3 | od2fr: 0 | od2lpr: 1000 | od2cap: 0 | fr2kr: 0 | lpr2kr: 1000 | cap2udp: 0 | kr2udp: 1 | 
2026-05-03 17:13:46,181 - INFO     - img2od: 3 | od2fr: 0 | od2lpr: 1000 | od2cap: 0 | fr2kr: 0 | lpr2kr: 1000 | cap2udp: 0 | kr2udp: 1 | 
2026-05-03 17:13:47,182 - INFO     - img2od: 3 | od2fr: 0 | od2lpr: 1000 | od2cap: 0 | fr2kr: 0 | lpr2kr: 1000 | cap2udp: 0 | kr2udp: 1 | 
2026-05-03 17:13:48,183 - INFO     - img2od: 3 | od2fr: 0 | od2lpr: 1000 | od2cap: 0 | fr2kr: 0 | lpr2kr: 1000 | cap2udp: 0 | kr2udp: 1 | 
2026-05-03 17:13:49,184 - INFO     - img2od: 3 | od2fr: 0 | od2lpr: 1000 | od2cap: 0 | fr2kr: 0 | lpr2kr: 1000 | cap2udp: 0 | kr2udp: 0 | 
2026-05-03 17:13:50,185 - INFO     - img2od: 3 | od2fr: 0 | od2lpr: 1000 | od2cap: 0 | fr2kr: 0 | lpr2kr: 1000 | cap2udp: 0 | kr2udp: 0 | 
2026-05-03 17:13:51,186 - INFO     - img2od: 3 | od2fr: 0 | od2lpr: 1000 | od2cap: 0 | fr2kr: 0 | lpr2kr: 1000 | cap2udp: 0 | kr2udp: 0 | 
2026-05-03 17:13:52,187 - INFO     - img2od: 3 | od2fr: 0 | od2lpr: 1000 | od2cap: 0 | fr2kr: 0 | lpr2kr: 1000 | cap2udp: 0 | kr2udp: 0 | 
2026-05-03 17:13:53,188 - INFO     - img2od: 3 | od2fr: 0 | od2lpr: 1000 | od2cap: 0 | fr2kr: 0 | lpr2kr: 1000 | cap2udp: 0 | kr2udp: 1 | 
2026-05-03 17:13:54,189 - INFO     - img2od: 3 | od2fr: 0 | od2lpr: 1000 | od2cap: 0 | fr2kr: 0 | lpr2kr: 1000 | cap2udp: 0 | kr2udp: 1 | 
2026-05-03 17:13:55,190 - INFO     - img2od: 3 | od2fr: 0 | od2lpr: 1000 | od2cap: 0 | fr2kr: 0 | lpr2kr: 1000 | cap2udp: 0 | kr2udp: 0 | 
2026-05-03 17:13:56,191 - INFO     - img2od: 3 | od2fr: 0 | od2lpr: 1000 | od2cap: 0 | fr2kr: 0 | lpr2kr: 1000 | cap2udp: 0 | kr2udp: 1 | 
2026-05-03 17:13:57,192 - INFO     - img2od: 3 | od2fr: 0 | od2lpr: 1000 | od2cap: 0 | fr2kr: 0 | lpr2kr: 1000 | cap2udp: 0 | kr2udp: 1 | 
2026-05-03 17:13:58,193 - INFO     - img2od: 3 | od2fr: 0 | od2lpr: 1000 | od2cap: 0 | fr2kr: 0 | lpr2kr: 1000 | cap2udp: 0 | kr2udp: 1 | 
2026-05-03 17:13:59,194 - INFO     - img2od: 3 | od2fr: 0 | od2lpr: 1000 | od2cap: 0 | fr2kr: 0 | lpr2kr: 1000 | cap2udp: 0 | kr2udp: 1 | 
2026-05-03 17:14:00,195 - INFO     - img2od: 3 | od2fr: 0 | od2lpr: 1000 | od2cap: 0 | fr2kr: 0 | lpr2kr: 1000 | cap2udp: 0 | kr2udp: 1 | 
2026-05-03 17:14:01,196 - INFO     - img2od: 3 | od2fr: 0 | od2lpr: 1000 | od2cap: 0 | fr2kr: 0 | lpr2kr: 1000 | cap2udp: 0 | kr2udp: 1 | 
2026-05-03 17:14:02,197 - INFO     - img2od: 3 | od2fr: 0 | od2lpr: 1000 | od2cap: 0 | fr2kr: 0 | lpr2kr: 1000 | cap2udp: 0 | kr2udp: 1 | 
2026-05-03 17:14:03,198 - INFO     - img2od: 3 | od2fr: 0 | od2lpr: 1000 | od2cap: 0 | fr2kr: 0 | lpr2kr: 1000 | cap2udp: 0 | kr2udp: 0 | 
2026-05-03 17:14:04,199 - INFO     - img2od: 3 | od2fr: 0 | od2lpr: 1000 | od2cap: 0 | fr2kr: 0 | lpr2kr: 1000 | cap2udp: 0 | kr2udp: 1 | 
2026-05-03 17:14:05,200 - INFO     - img2od: 3 | od2fr: 0 | od2lpr: 1000 | od2cap: 0 | fr2kr: 0 | lpr2kr: 1000 | cap2udp: 0 | kr2udp: 1 | 
2026-05-03 17:14:06,201 - INFO     - img2od: 3 | od2fr: 0 | od2lpr: 1000 | od2cap: 0 | fr2kr: 0 | lpr2kr: 1000 | cap2udp: 0 | kr2udp: 1 | 
2026-05-03 17:14:07,202 - INFO     - img2od: 3 | od2fr: 0 | od2lpr: 999 | od2cap: 0 | fr2kr: 0 | lpr2kr: 1000 | cap2udp: 0 | kr2udp: 1 | 
2026-05-03 17:14:08,203 - INFO     - img2od: 3 | od2fr: 0 | od2lpr: 1000 | od2cap: 0 | fr2kr: 0 | lpr2kr: 1000 | cap2udp: 0 | kr2udp: 0 | 
2026-05-03 17:14:09,204 - INFO     - img2od: 3 | od2fr: 0 | od2lpr: 1000 | od2cap: 0 | fr2kr: 0 | lpr2kr: 1000 | cap2udp: 0 | kr2udp: 0 | 
2026-05-03 17:14:10,205 - INFO     - img2od: 3 | od2fr: 0 | od2lpr: 1000 | od2cap: 0 | fr2kr: 0 | lpr2kr: 1000 | cap2udp: 0 | kr2udp: 1 | 
2026-05-03 17:14:11,206 - INFO     - img2od: 3 | od2fr: 0 | od2lpr: 1000 | od2cap: 0 | fr2kr: 0 | lpr2kr: 1000 | cap2udp: 0 | kr2udp: 0 | 
2026-05-03 17:14:12,207 - INFO     - img2od: 3 | od2fr: 0 | od2lpr: 1000 | od2cap: 0 | fr2kr: 0 | lpr2kr: 1000 | cap2udp: 0 | kr2udp: 0 | 
2026-05-03 17:14:13,208 - INFO     - img2od: 3 | od2fr: 0 | od2lpr: 1000 | od2cap: 0 | fr2kr: 0 | lpr2kr: 1000 | cap2udp: 0 | kr2udp: 0 | 
2026-05-03 17:14:14,209 - INFO     - img2od: 3 | od2fr: 0 | od2lpr: 1000 | od2cap: 0 | fr2kr: 0 | lpr2kr: 1000 | cap2udp: 0 | kr2udp: 1 | 
2026-05-03 17:14:15,210 - INFO     - img2od: 3 | od2fr: 0 | od2lpr: 1000 | od2cap: 0 | fr2kr: 0 | lpr2kr: 1000 | cap2udp: 0 | kr2udp: 1 | 
2026-05-03 17:14:16,211 - INFO     - img2od: 3 | od2fr: 0 | od2lpr: 1000 | od2cap: 0 | fr2kr: 0 | lpr2kr: 1000 | cap2udp: 0 | kr2udp: 1 | 
2026-05-03 17:14:17,212 - INFO     - img2od: 3 | od2fr: 0 | od2lpr: 1000 | od2cap: 0 | fr2kr: 0 | lpr2kr: 1000 | cap2udp: 0 | kr2udp: 1 | 
2026-05-03 17:14:18,213 - INFO     - img2od: 3 | od2fr: 0 | od2lpr: 1000 | od2cap: 0 | fr2kr: 0 | lpr2kr: 1000 | cap2udp: 0 | kr2udp: 1 | 
2026-05-03 17:14:19,214 - INFO     - img2od: 3 | od2fr: 0 | od2lpr: 999 | od2cap: 0 | fr2kr: 0 | lpr2kr: 1000 | cap2udp: 0 | kr2udp: 1 | 
2026-05-03 17:14:20,215 - INFO     - img2od: 3 | od2fr: 0 | od2lpr: 1000 | od2cap: 0 | fr2kr: 0 | lpr2kr: 1000 | cap2udp: 0 | kr2udp: 1 | 
2026-05-03 17:14:21,216 - INFO     - img2od: 3 | od2fr: 0 | od2lpr: 1000 | od2cap: 0 | fr2kr: 0 | lpr2kr: 1000 | cap2udp: 0 | kr2udp: 1 | 
2026-05-03 17:14:22,217 - INFO     - img2od: 3 | od2fr: 0 | od2lpr: 1000 | od2cap: 0 | fr2kr: 0 | lpr2kr: 1000 | cap2udp: 0 | kr2udp: 1 | 
2026-05-03 17:14:23,218 - INFO     - img2od: 3 | od2fr: 0 | od2lpr: 1000 | od2cap: 0 | fr2kr: 0 | lpr2kr: 1000 | cap2udp: 0 | kr2udp: 1 | 
2026-05-03 17:14:24,219 - INFO     - img2od: 3 | od2fr: 0 | od2lpr: 1000 | od2cap: 0 | fr2kr: 0 | lpr2kr: 1000 | cap2udp: 0 | kr2udp: 1 | 
2026-05-03 17:14:25,220 - INFO     - img2od: 3 | od2fr: 0 | od2lpr: 1000 | od2cap: 0 | fr2kr: 0 | lpr2kr: 1000 | cap2udp: 0 | kr2udp: 1 | 
2026-05-03 17:14:26,221 - INFO     - img2od: 3 | od2fr: 0 | od2lpr: 1000 | od2cap: 0 | fr2kr: 0 | lpr2kr: 1000 | cap2udp: 0 | kr2udp: 1 | 
2026-05-03 17:14:27,222 - INFO     - img2od: 3 | od2fr: 0 | od2lpr: 1000 | od2cap: 0 | fr2kr: 0 | lpr2kr: 1000 | cap2udp: 0 | kr2udp: 1 | 
2026-05-03 17:14:28,223 - INFO     - img2od: 3 | od2fr: 0 | od2lpr: 1000 | od2cap: 0 | fr2kr: 0 | lpr2kr: 1000 | cap2udp: 0 | kr2udp: 1 | 
2026-05-03 17:14:29,224 - INFO     - img2od: 3 | od2fr: 0 | od2lpr: 1000 | od2cap: 0 | fr2kr: 0 | lpr2kr: 1000 | cap2udp: 0 | kr2udp: 1 | 
2026-05-03 17:14:30,225 - INFO     - img2od: 3 | od2fr: 0 | od2lpr: 1000 | od2cap: 0 | fr2kr: 0 | lpr2kr: 1000 | cap2udp: 0 | kr2udp: 1 | 
2026-05-03 17:14:31,226 - INFO     - img2od: 3 | od2fr: 0 | od2lpr: 1000 | od2cap: 0 | fr2kr: 0 | lpr2kr: 1000 | cap2udp: 0 | kr2udp: 0 | 
2026-05-03 17:14:32,227 - INFO     - img2od: 3 | od2fr: 0 | od2lpr: 1000 | od2cap: 0 | fr2kr: 0 | lpr2kr: 1000 | cap2udp: 0 | kr2udp: 1 | 
2026-05-03 17:14:33,228 - INFO     - img2od: 3 | od2fr: 0 | od2lpr: 1000 | od2cap: 0 | fr2kr: 0 | lpr2kr: 1000 | cap2udp: 0 | kr2udp: 1 | 
2026-05-03 17:14:34,229 - INFO     - img2od: 3 | od2fr: 0 | od2lpr: 1000 | od2cap: 0 | fr2kr: 0 | lpr2kr: 1000 | cap2udp: 0 | kr2udp: 0 | 
2026-05-03 17:14:35,230 - INFO     - img2od: 3 | od2fr: 0 | od2lpr: 1000 | od2cap: 0 | fr2kr: 0 | lpr2kr: 1000 | cap2udp: 0 | kr2udp: 1 | 
2026-05-03 17:14:36,231 - INFO     - img2od: 3 | od2fr: 0 | od2lpr: 1000 | od2cap: 0 | fr2kr: 0 | lpr2kr: 1000 | cap2udp: 0 | kr2udp: 1 | 
2026-05-03 17:14:37,232 - INFO     - img2od: 3 | od2fr: 0 | od2lpr: 1000 | od2cap: 0 | fr2kr: 0 | lpr2kr: 1000 | cap2udp: 0 | kr2udp: 2 | 
2026-05-03 17:14:38,233 - INFO     - img2od: 3 | od2fr: 0 | od2lpr: 1000 | od2cap: 0 | fr2kr: 0 | lpr2kr: 1000 | cap2udp: 0 | kr2udp: 2 | 
2026-05-03 17:14:39,234 - INFO     - img2od: 3 | od2fr: 0 | od2lpr: 1000 | od2cap: 0 | fr2kr: 0 | lpr2kr: 1000 | cap2udp: 0 | kr2udp: 0 | 
2026-05-03 17:14:40,235 - INFO     - img2od: 3 | od2fr: 0 | od2lpr: 1000 | od2cap: 0 | fr2kr: 0 | lpr2kr: 1000 | cap2udp: 0 | kr2udp: 1 | 
2026-05-03 17:14:41,236 - INFO     - img2od: 3 | od2fr: 0 | od2lpr: 1000 | od2cap: 0 | fr2kr: 0 | lpr2kr: 1000 | cap2udp: 0 | kr2udp: 0 | 
2026-05-03 17:14:42,237 - INFO     - img2od: 3 | od2fr: 0 | od2lpr: 1000 | od2cap: 0 | fr2kr: 0 | lpr2kr: 1000 | cap2udp: 0 | kr2udp: 1 | 
2026-05-03 17:14:43,238 - INFO     - img2od: 3 | od2fr: 0 | od2lpr: 1000 | od2cap: 0 | fr2kr: 0 | lpr2kr: 1000 | cap2udp: 0 | kr2udp: 0 | 
2026-05-03 17:14:44,239 - INFO     - img2od: 3 | od2fr: 0 | od2lpr: 1000 | od2cap: 0 | fr2kr: 0 | lpr2kr: 1000 | cap2udp: 0 | kr2udp: 1 | 
2026-05-03 17:14:45,240 - INFO     - img2od: 3 | od2fr: 0 | od2lpr: 1000 | od2cap: 0 | fr2kr: 0 | lpr2kr: 1000 | cap2udp: 0 | kr2udp: 1 | 
2026-05-03 17:14:46,241 - INFO     - img2od: 3 | od2fr: 0 | od2lpr: 1000 | od2cap: 0 | fr2kr: 0 | lpr2kr: 1000 | cap2udp: 0 | kr2udp: 1 | 
2026-05-03 17:14:47,242 - INFO     - img2od: 3 | od2fr: 0 | od2lpr: 1000 | od2cap: 0 | fr2kr: 0 | lpr2kr: 999 | cap2udp: 0 | kr2udp: 1 | 
2026-05-03 17:14:48,243 - INFO     - img2od: 3 | od2fr: 0 | od2lpr: 1000 | od2cap: 0 | fr2kr: 0 | lpr2kr: 1000 | cap2udp: 0 | kr2udp: 0 | 
2026-05-03 17:14:49,244 - INFO     - img2od: 3 | od2fr: 0 | od2lpr: 1000 | od2cap: 0 | fr2kr: 0 | lpr2kr: 1000 | cap2udp: 0 | kr2udp: 1 | 
2026-05-03 17:14:50,245 - INFO     - img2od: 3 | od2fr: 0 | od2lpr: 1000 | od2cap: 0 | fr2kr: 0 | lpr2kr: 1000 | cap2udp: 0 | kr2udp: 1 | 
2026-05-03 17:14:51,246 - INFO     - img2od: 3 | od2fr: 0 | od2lpr: 1000 | od2cap: 0 | fr2kr: 0 | lpr2kr: 1000 | cap2udp: 0 | kr2udp: 1 | 
2026-05-03 17:14:52,247 - INFO     - img2od: 3 | od2fr: 0 | od2lpr: 1000 | od2cap: 0 | fr2kr: 0 | lpr2kr: 1000 | cap2udp: 0 | kr2udp: 0 | 
2026-05-03 17:14:53,248 - INFO     - img2od: 3 | od2fr: 0 | od2lpr: 1000 | od2cap: 0 | fr2kr: 0 | lpr2kr: 1000 | cap2udp: 0 | kr2udp: 1 | 
2026-05-03 17:14:54,249 - INFO     - img2od: 3 | od2fr: 0 | od2lpr: 1000 | od2cap: 0 | fr2kr: 0 | lpr2kr: 999 | cap2udp: 0 | kr2udp: 1 | 
2026-05-03 17:14:55,250 - INFO     - img2od: 3 | od2fr: 0 | od2lpr: 1000 | od2cap: 0 | fr2kr: 0 | lpr2kr: 1000 | cap2udp: 0 | kr2udp: 1 | 
2026-05-03 17:14:56,251 - INFO     - img2od: 3 | od2fr: 0 | od2lpr: 1000 | od2cap: 0 | fr2kr: 0 | lpr2kr: 1000 | cap2udp: 0 | kr2udp: 1 | 
2026-05-03 17:14:57,252 - INFO     - img2od: 3 | od2fr: 0 | od2lpr: 1000 | od2cap: 0 | fr2kr: 0 | lpr2kr: 1000 | cap2udp: 0 | kr2udp: 1 | 
2026-05-03 17:14:58,253 - INFO     - img2od: 3 | od2fr: 0 | od2lpr: 1000 | od2cap: 0 | fr2kr: 0 | lpr2kr: 1000 | cap2udp: 0 | kr2udp: 1 | 
2026-05-03 17:14:59,254 - INFO     - img2od: 3 | od2fr: 0 | od2lpr: 1000 | od2cap: 0 | fr2kr: 0 | lpr2kr: 1000 | cap2udp: 0 | kr2udp: 0 | 
2026-05-03 17:15:00,255 - INFO     - img2od: 3 | od2fr: 0 | od2lpr: 1000 | od2cap: 0 | fr2kr: 0 | lpr2kr: 1000 | cap2udp: 0 | kr2udp: 1 | 
2026-05-03 17:15:01,256 - INFO     - img2od: 3 | od2fr: 0 | od2lpr: 1000 | od2cap: 0 | fr2kr: 0 | lpr2kr: 1000 | cap2udp: 0 | kr2udp: 1 | 
2026-05-03 17:15:02,257 - INFO     - img2od: 3 | od2fr: 0 | od2lpr: 1000 | od2cap: 0 | fr2kr: 0 | lpr2kr: 1000 | cap2udp: 0 | kr2udp: 1 | 
2026-05-03 17:15:03,258 - INFO     - img2od: 3 | od2fr: 0 | od2lpr: 1000 | od2cap: 0 | fr2kr: 0 | lpr2kr: 1000 | cap2udp: 0 | kr2udp: 1 | 
2026-05-03 17:15:04,259 - INFO     - img2od: 3 | od2fr: 0 | od2lpr: 1000 | od2cap: 0 | fr2kr: 0 | lpr2kr: 1000 | cap2udp: 0 | kr2udp: 1 | 
2026-05-03 17:15:05,260 - INFO     - img2od: 3 | od2fr: 0 | od2lpr: 1000 | od2cap: 0 | fr2kr: 0 | lpr2kr: 1000 | cap2udp: 0 | kr2udp: 1 | 
2026-05-03 17:15:06,261 - INFO     - img2od: 3 | od2fr: 0 | od2lpr: 1000 | od2cap: 0 | fr2kr: 0 | lpr2kr: 1000 | cap2udp: 0 | kr2udp: 1 | 
2026-05-03 17:15:07,262 - INFO     - img2od: 3 | od2fr: 0 | od2lpr: 1000 | od2cap: 0 | fr2kr: 0 | lpr2kr: 1000 | cap2udp: 0 | kr2udp: 1 | 
2026-05-03 17:15:08,263 - INFO     - img2od: 3 | od2fr: 0 | od2lpr: 1000 | od2cap: 0 | fr2kr: 0 | lpr2kr: 1000 | cap2udp: 0 | kr2udp: 1 | 
2026-05-03 17:15:09,264 - INFO     - img2od: 3 | od2fr: 0 | od2lpr: 1000 | od2cap: 0 | fr2kr: 0 | lpr2kr: 1000 | cap2udp: 0 | kr2udp: 0 | 
2026-05-03 17:15:10,265 - INFO     - img2od: 3 | od2fr: 0 | od2lpr: 1000 | od2cap: 0 | fr2kr: 0 | lpr2kr: 1000 | cap2udp: 0 | kr2udp: 1 | 
2026-05-03 17:15:11,266 - INFO     - img2od: 3 | od2fr: 0 | od2lpr: 1000 | od2cap: 0 | fr2kr: 0 | lpr2kr: 1000 | cap2udp: 0 | kr2udp: 1 | 
2026-05-03 17:15:12,267 - INFO     - img2od: 3 | od2fr: 0 | od2lpr: 1000 | od2cap: 0 | fr2kr: 0 | lpr2kr: 1000 | cap2udp: 0 | kr2udp: 0 | 
2026-05-03 17:15:13,268 - INFO     - img2od: 3 | od2fr: 0 | od2lpr: 1000 | od2cap: 0 | fr2kr: 0 | lpr2kr: 1000 | cap2udp: 0 | kr2udp: 1 | 
2026-05-03 17:15:14,269 - INFO     - img2od: 3 | od2fr: 0 | od2lpr: 1000 | od2cap: 0 | fr2kr: 0 | lpr2kr: 1000 | cap2udp: 0 | kr2udp: 0 | 
2026-05-03 17:15:15,270 - INFO     - img2od: 3 | od2fr: 0 | od2lpr: 1000 | od2cap: 0 | fr2kr: 0 | lpr2kr: 1000 | cap2udp: 0 | kr2udp: 0 | 
2026-05-03 17:15:16,271 - INFO     - img2od: 3 | od2fr: 0 | od2lpr: 1000 | od2cap: 0 | fr2kr: 0 | lpr2kr: 1000 | cap2udp: 0 | kr2udp: 1 | 
2026-05-03 17:15:17,272 - INFO     - img2od: 3 | od2fr: 0 | od2lpr: 1000 | od2cap: 0 | fr2kr: 0 | lpr2kr: 1000 | cap2udp: 0 | kr2udp: 1 | 
2026-05-03 17:15:18,273 - INFO     - img2od: 3 | od2fr: 0 | od2lpr: 1000 | od2cap: 0 | fr2kr: 0 | lpr2kr: 1000 | cap2udp: 0 | kr2udp: 1 | 
2026-05-03 17:15:19,274 - INFO     - img2od: 3 | od2fr: 0 | od2lpr: 1000 | od2cap: 0 | fr2kr: 0 | lpr2kr: 1000 | cap2udp: 0 | kr2udp: 0 | 
2026-05-03 17:15:20,278 - INFO     - img2od: 3 | od2fr: 0 | od2lpr: 1000 | od2cap: 0 | fr2kr: 0 | lpr2kr: 1000 | cap2udp: 0 | kr2udp: 1 | 
2026-05-03 17:15:21,279 - INFO     - img2od: 3 | od2fr: 0 | od2lpr: 1000 | od2cap: 0 | fr2kr: 0 | lpr2kr: 1000 | cap2udp: 0 | kr2udp: 1 | 
2026-05-03 17:15:22,280 - INFO     - img2od: 3 | od2fr: 0 | od2lpr: 1000 | od2cap: 0 | fr2kr: 0 | lpr2kr: 1000 | cap2udp: 0 | kr2udp: 1 | 
2026-05-03 17:15:23,281 - INFO     - img2od: 3 | od2fr: 0 | od2lpr: 1000 | od2cap: 0 | fr2kr: 0 | lpr2kr: 1000 | cap2udp: 0 | kr2udp: 1 | 
2026-05-03 17:15:24,282 - INFO     - img2od: 3 | od2fr: 0 | od2lpr: 1000 | od2cap: 0 | fr2kr: 0 | lpr2kr: 1000 | cap2udp: 0 | kr2udp: 0 | 
2026-05-03 17:15:25,283 - INFO     - img2od: 3 | od2fr: 0 | od2lpr: 1000 | od2cap: 0 | fr2kr: 0 | lpr2kr: 1000 | cap2udp: 0 | kr2udp: 0 | 
2026-05-03 17:15:26,284 - INFO     - img2od: 3 | od2fr: 0 | od2lpr: 1000 | od2cap: 0 | fr2kr: 0 | lpr2kr: 1000 | cap2udp: 0 | kr2udp: 1 | 
2026-05-03 17:15:27,285 - INFO     - img2od: 3 | od2fr: 0 | od2lpr: 1000 | od2cap: 0 | fr2kr: 0 | lpr2kr: 1000 | cap2udp: 0 | kr2udp: 0 | 
2026-05-03 17:15:28,286 - INFO     - img2od: 3 | od2fr: 0 | od2lpr: 1000 | od2cap: 0 | fr2kr: 0 | lpr2kr: 1000 | cap2udp: 0 | kr2udp: 0 | 
2026-05-03 17:15:29,287 - INFO     - img2od: 3 | od2fr: 0 | od2lpr: 1000 | od2cap: 0 | fr2kr: 0 | lpr2kr: 1000 | cap2udp: 0 | kr2udp: 1 | 
2026-05-03 17:15:30,288 - INFO     - img2od: 3 | od2fr: 0 | od2lpr: 1000 | od2cap: 0 | fr2kr: 0 | lpr2kr: 1000 | cap2udp: 0 | kr2udp: 1 | 
2026-05-03 17:15:31,289 - INFO     - img2od: 3 | od2fr: 0 | od2lpr: 1000 | od2cap: 0 | fr2kr: 0 | lpr2kr: 1000 | cap2udp: 0 | kr2udp: 1 | 
2026-05-03 17:15:32,290 - INFO     - img2od: 3 | od2fr: 0 | od2lpr: 1000 | od2cap: 0 | fr2kr: 0 | lpr2kr: 1000 | cap2udp: 0 | kr2udp: 1 | 
2026-05-03 17:15:33,291 - INFO     - img2od: 3 | od2fr: 0 | od2lpr: 1000 | od2cap: 0 | fr2kr: 0 | lpr2kr: 1000 | cap2udp: 0 | kr2udp: 1 | 
2026-05-03 17:15:34,292 - INFO     - img2od: 3 | od2fr: 0 | od2lpr: 1000 | od2cap: 0 | fr2kr: 0 | lpr2kr: 1000 | cap2udp: 0 | kr2udp: 0 | 
2026-05-03 17:15:35,293 - INFO     - img2od: 3 | od2fr: 0 | od2lpr: 1000 | od2cap: 0 | fr2kr: 0 | lpr2kr: 1000 | cap2udp: 0 | kr2udp: 1 | 
2026-05-03 17:15:36,294 - INFO     - img2od: 3 | od2fr: 0 | od2lpr: 1000 | od2cap: 0 | fr2kr: 0 | lpr2kr: 1000 | cap2udp: 0 | kr2udp: 1 | 
2026-05-03 17:15:37,295 - INFO     - img2od: 3 | od2fr: 0 | od2lpr: 1000 | od2cap: 0 | fr2kr: 0 | lpr2kr: 1000 | cap2udp: 0 | kr2udp: 1 | 
2026-05-03 17:15:38,296 - INFO     - img2od: 3 | od2fr: 0 | od2lpr: 1000 | od2cap: 0 | fr2kr: 0 | lpr2kr: 1000 | cap2udp: 0 | kr2udp: 0 | 
2026-05-03 17:15:39,297 - INFO     - img2od: 3 | od2fr: 0 | od2lpr: 1000 | od2cap: 0 | fr2kr: 0 | lpr2kr: 1000 | cap2udp: 0 | kr2udp: 1 | 
2026-05-03 17:15:40,298 - INFO     - img2od: 3 | od2fr: 0 | od2lpr: 1000 | od2cap: 0 | fr2kr: 0 | lpr2kr: 1000 | cap2udp: 0 | kr2udp: 0 | 
2026-05-03 17:15:41,299 - INFO     - img2od: 3 | od2fr: 0 | od2lpr: 1000 | od2cap: 0 | fr2kr: 0 | lpr2kr: 1000 | cap2udp: 0 | kr2udp: 1 | 
2026-05-03 17:15:42,300 - INFO     - img2od: 3 | od2fr: 0 | od2lpr: 1000 | od2cap: 0 | fr2kr: 0 | lpr2kr: 1000 | cap2udp: 0 | kr2udp: 0 | 
2026-05-03 17:15:43,301 - INFO     - img2od: 3 | od2fr: 0 | od2lpr: 1000 | od2cap: 0 | fr2kr: 0 | lpr2kr: 1000 | cap2udp: 0 | kr2udp: 1 | 
2026-05-03 17:15:44,302 - INFO     - img2od: 3 | od2fr: 0 | od2lpr: 1000 | od2cap: 0 | fr2kr: 0 | lpr2kr: 1000 | cap2udp: 0 | kr2udp: 1 | 
2026-05-03 17:15:45,303 - INFO     - img2od: 3 | od2fr: 0 | od2lpr: 1000 | od2cap: 0 | fr2kr: 0 | lpr2kr: 1000 | cap2udp: 0 | kr2udp: 1 | 
2026-05-03 17:15:46,304 - INFO     - img2od: 3 | od2fr: 0 | od2lpr: 1000 | od2cap: 0 | fr2kr: 0 | lpr2kr: 1000 | cap2udp: 0 | kr2udp: 1 | 
2026-05-03 17:15:47,305 - INFO     - img2od: 3 | od2fr: 0 | od2lpr: 1000 | od2cap: 0 | fr2kr: 0 | lpr2kr: 1000 | cap2udp: 0 | kr2udp: 1 | 
2026-05-03 17:15:48,306 - INFO     - img2od: 3 | od2fr: 0 | od2lpr: 1000 | od2cap: 0 | fr2kr: 0 | lpr2kr: 1000 | cap2udp: 0 | kr2udp: 1 | 
2026-05-03 17:15:49,307 - INFO     - img2od: 3 | od2fr: 0 | od2lpr: 999 | od2cap: 0 | fr2kr: 0 | lpr2kr: 1000 | cap2udp: 0 | kr2udp: 1 | 
2026-05-03 17:15:50,308 - INFO     - img2od: 3 | od2fr: 0 | od2lpr: 1000 | od2cap: 0 | fr2kr: 0 | lpr2kr: 1000 | cap2udp: 0 | kr2udp: 1 | 
2026-05-03 17:15:51,309 - INFO     - img2od: 3 | od2fr: 0 | od2lpr: 1000 | od2cap: 0 | fr2kr: 0 | lpr2kr: 1000 | cap2udp: 0 | kr2udp: 0 | 
2026-05-03 17:15:52,310 - INFO     - img2od: 3 | od2fr: 0 | od2lpr: 1000 | od2cap: 0 | fr2kr: 0 | lpr2kr: 1000 | cap2udp: 0 | kr2udp: 0 | 
2026-05-03 17:15:53,311 - INFO     - img2od: 3 | od2fr: 0 | od2lpr: 1000 | od2cap: 0 | fr2kr: 0 | lpr2kr: 1000 | cap2udp: 0 | kr2udp: 1 | 
2026-05-03 17:15:54,312 - INFO     - img2od: 3 | od2fr: 0 | od2lpr: 1000 | od2cap: 0 | fr2kr: 0 | lpr2kr: 1000 | cap2udp: 0 | kr2udp: 0 | 
2026-05-03 17:15:55,313 - INFO     - img2od: 3 | od2fr: 0 | od2lpr: 1000 | od2cap: 0 | fr2kr: 0 | lpr2kr: 1000 | cap2udp: 0 | kr2udp: 1 | 
2026-05-03 17:15:56,314 - INFO     - img2od: 3 | od2fr: 0 | od2lpr: 1000 | od2cap: 0 | fr2kr: 0 | lpr2kr: 1000 | cap2udp: 0 | kr2udp: 1 | 
2026-05-03 17:15:57,315 - INFO     - img2od: 3 | od2fr: 0 | od2lpr: 1000 | od2cap: 0 | fr2kr: 0 | lpr2kr: 1000 | cap2udp: 0 | kr2udp: 1 | 
2026-05-03 17:15:58,316 - INFO     - img2od: 3 | od2fr: 0 | od2lpr: 1000 | od2cap: 0 | fr2kr: 0 | lpr2kr: 1000 | cap2udp: 0 | kr2udp: 0 | 
2026-05-03 17:15:59,317 - INFO     - img2od: 3 | od2fr: 0 | od2lpr: 1000 | od2cap: 0 | fr2kr: 0 | lpr2kr: 1000 | cap2udp: 0 | kr2udp: 0 | 
2026-05-03 17:16:00,318 - INFO     - img2od: 3 | od2fr: 0 | od2lpr: 1000 | od2cap: 0 | fr2kr: 0 | lpr2kr: 1000 | cap2udp: 0 | kr2udp: 1 | 
2026-05-03 17:16:01,319 - INFO     - img2od: 3 | od2fr: 0 | od2lpr: 1000 | od2cap: 0 | fr2kr: 0 | lpr2kr: 1000 | cap2udp: 0 | kr2udp: 0 | 
2026-05-03 17:16:02,320 - INFO     - img2od: 3 | od2fr: 0 | od2lpr: 1000 | od2cap: 0 | fr2kr: 0 | lpr2kr: 1000 | cap2udp: 0 | kr2udp: 1 | 
2026-05-03 17:16:03,321 - INFO     - img2od: 3 | od2fr: 0 | od2lpr: 1000 | od2cap: 0 | fr2kr: 0 | lpr2kr: 1000 | cap2udp: 0 | kr2udp: 1 | 
2026-05-03 17:16:04,322 - INFO     - img2od: 3 | od2fr: 0 | od2lpr: 1000 | od2cap: 0 | fr2kr: 0 | lpr2kr: 1000 | cap2udp: 0 | kr2udp: 1 | 
2026-05-03 17:16:05,323 - INFO     - img2od: 3 | od2fr: 0 | od2lpr: 1000 | od2cap: 0 | fr2kr: 0 | lpr2kr: 1000 | cap2udp: 0 | kr2udp: 1 | 
2026-05-03 17:16:06,324 - INFO     - img2od: 3 | od2fr: 0 | od2lpr: 1000 | od2cap: 0 | fr2kr: 0 | lpr2kr: 1000 | cap2udp: 0 | kr2udp: 1 | 
2026-05-03 17:16:07,325 - INFO     - img2od: 3 | od2fr: 0 | od2lpr: 1000 | od2cap: 0 | fr2kr: 0 | lpr2kr: 1000 | cap2udp: 0 | kr2udp: 1 | 
2026-05-03 17:16:08,326 - INFO     - img2od: 3 | od2fr: 0 | od2lpr: 1000 | od2cap: 0 | fr2kr: 0 | lpr2kr: 1000 | cap2udp: 0 | kr2udp: 1 | 
2026-05-03 17:16:09,327 - INFO     - img2od: 3 | od2fr: 0 | od2lpr: 1000 | od2cap: 0 | fr2kr: 0 | lpr2kr: 1000 | cap2udp: 0 | kr2udp: 1 | 
2026-05-03 17:16:10,328 - INFO     - img2od: 3 | od2fr: 0 | od2lpr: 1000 | od2cap: 0 | fr2kr: 0 | lpr2kr: 1000 | cap2udp: 0 | kr2udp: 0 | 
2026-05-03 17:16:11,329 - INFO     - img2od: 3 | od2fr: 0 | od2lpr: 1000 | od2cap: 0 | fr2kr: 0 | lpr2kr: 1000 | cap2udp: 0 | kr2udp: 1 | 
2026-05-03 17:16:12,330 - INFO     - img2od: 3 | od2fr: 0 | od2lpr: 999 | od2cap: 0 | fr2kr: 0 | lpr2kr: 1000 | cap2udp: 0 | kr2udp: 1 | 
2026-05-03 17:16:13,331 - INFO     - img2od: 3 | od2fr: 0 | od2lpr: 1000 | od2cap: 0 | fr2kr: 0 | lpr2kr: 1000 | cap2udp: 0 | kr2udp: 1 | 
2026-05-03 17:16:14,332 - INFO     - img2od: 3 | od2fr: 0 | od2lpr: 1000 | od2cap: 0 | fr2kr: 0 | lpr2kr: 1000 | cap2udp: 0 | kr2udp: 1 | 
2026-05-03 17:16:15,333 - INFO     - img2od: 3 | od2fr: 0 | od2lpr: 1000 | od2cap: 0 | fr2kr: 0 | lpr2kr: 1000 | cap2udp: 0 | kr2udp: 1 | 
2026-05-03 17:16:16,334 - INFO     - img2od: 3 | od2fr: 0 | od2lpr: 1000 | od2cap: 0 | fr2kr: 0 | lpr2kr: 1000 | cap2udp: 0 | kr2udp: 1 | 
2026-05-03 17:16:17,335 - INFO     - img2od: 3 | od2fr: 0 | od2lpr: 1000 | od2cap: 0 | fr2kr: 0 | lpr2kr: 1000 | cap2udp: 0 | kr2udp: 1 | 
2026-05-03 17:16:18,336 - INFO     - img2od: 3 | od2fr: 0 | od2lpr: 1000 | od2cap: 0 | fr2kr: 0 | lpr2kr: 1000 | cap2udp: 0 | kr2udp: 0 | 
2026-05-03 17:16:19,337 - INFO     - img2od: 3 | od2fr: 0 | od2lpr: 1000 | od2cap: 0 | fr2kr: 0 | lpr2kr: 1000 | cap2udp: 0 | kr2udp: 1 | 
2026-05-03 17:16:20,338 - INFO     - img2od: 3 | od2fr: 0 | od2lpr: 1000 | od2cap: 0 | fr2kr: 0 | lpr2kr: 1000 | cap2udp: 0 | kr2udp: 1 | 
2026-05-03 17:16:21,339 - INFO     - img2od: 3 | od2fr: 0 | od2lpr: 1000 | od2cap: 0 | fr2kr: 0 | lpr2kr: 1000 | cap2udp: 0 | kr2udp: 1 | 
2026-05-03 17:16:22,340 - INFO     - img2od: 3 | od2fr: 0 | od2lpr: 1000 | od2cap: 0 | fr2kr: 0 | lpr2kr: 1000 | cap2udp: 0 | kr2udp: 1 | 
2026-05-03 17:16:23,341 - INFO     - img2od: 3 | od2fr: 0 | od2lpr: 1000 | od2cap: 0 | fr2kr: 0 | lpr2kr: 1000 | cap2udp: 0 | kr2udp: 1 | 
2026-05-03 17:16:24,342 - INFO     - img2od: 3 | od2fr: 0 | od2lpr: 1000 | od2cap: 0 | fr2kr: 0 | lpr2kr: 1000 | cap2udp: 0 | kr2udp: 1 | 
2026-05-03 17:16:25,343 - INFO     - img2od: 3 | od2fr: 0 | od2lpr: 1000 | od2cap: 0 | fr2kr: 0 | lpr2kr: 1000 | cap2udp: 0 | kr2udp: 1 | 
2026-05-03 17:16:26,344 - INFO     - img2od: 3 | od2fr: 0 | od2lpr: 1000 | od2cap: 0 | fr2kr: 0 | lpr2kr: 1000 | cap2udp: 0 | kr2udp: 0 | 
2026-05-03 17:16:27,345 - INFO     - img2od: 3 | od2fr: 0 | od2lpr: 1000 | od2cap: 0 | fr2kr: 0 | lpr2kr: 1000 | cap2udp: 0 | kr2udp: 1 | 
2026-05-03 17:16:28,346 - INFO     - img2od: 3 | od2fr: 0 | od2lpr: 1000 | od2cap: 0 | fr2kr: 0 | lpr2kr: 1000 | cap2udp: 0 | kr2udp: 1 | 
2026-05-03 17:16:29,347 - INFO     - img2od: 3 | od2fr: 0 | od2lpr: 1000 | od2cap: 0 | fr2kr: 0 | lpr2kr: 1000 | cap2udp: 0 | kr2udp: 1 | 
2026-05-03 17:16:30,348 - INFO     - img2od: 3 | od2fr: 0 | od2lpr: 1000 | od2cap: 0 | fr2kr: 0 | lpr2kr: 1000 | cap2udp: 0 | kr2udp: 1 | 
2026-05-03 17:16:31,349 - INFO     - img2od: 3 | od2fr: 0 | od2lpr: 1000 | od2cap: 0 | fr2kr: 0 | lpr2kr: 1000 | cap2udp: 0 | kr2udp: 2 | 
2026-05-03 17:16:32,350 - INFO     - img2od: 3 | od2fr: 0 | od2lpr: 1000 | od2cap: 0 | fr2kr: 0 | lpr2kr: 1000 | cap2udp: 0 | kr2udp: 0 | 
2026-05-03 17:16:33,351 - INFO     - img2od: 3 | od2fr: 0 | od2lpr: 1000 | od2cap: 0 | fr2kr: 0 | lpr2kr: 1000 | cap2udp: 0 | kr2udp: 1 | 
2026-05-03 17:16:34,352 - INFO     - img2od: 3 | od2fr: 0 | od2lpr: 1000 | od2cap: 0 | fr2kr: 0 | lpr2kr: 999 | cap2udp: 0 | kr2udp: 1 | 
2026-05-03 17:16:35,353 - INFO     - img2od: 3 | od2fr: 0 | od2lpr: 1000 | od2cap: 0 | fr2kr: 0 | lpr2kr: 1000 | cap2udp: 0 | kr2udp: 1 | 
2026-05-03 17:16:36,354 - INFO     - img2od: 3 | od2fr: 0 | od2lpr: 1000 | od2cap: 0 | fr2kr: 0 | lpr2kr: 1000 | cap2udp: 0 | kr2udp: 1 | 
2026-05-03 17:16:37,355 - INFO     - img2od: 3 | od2fr: 0 | od2lpr: 1000 | od2cap: 0 | fr2kr: 0 | lpr2kr: 1000 | cap2udp: 0 | kr2udp: 0 | 
2026-05-03 17:16:38,356 - INFO     - img2od: 3 | od2fr: 0 | od2lpr: 1000 | od2cap: 0 | fr2kr: 0 | lpr2kr: 1000 | cap2udp: 0 | kr2udp: 1 | 
2026-05-03 17:16:39,357 - INFO     - img2od: 3 | od2fr: 0 | od2lpr: 999 | od2cap: 0 | fr2kr: 0 | lpr2kr: 1000 | cap2udp: 0 | kr2udp: 1 | 
2026-05-03 17:16:40,358 - INFO     - img2od: 3 | od2fr: 0 | od2lpr: 1000 | od2cap: 0 | fr2kr: 0 | lpr2kr: 1000 | cap2udp: 0 | kr2udp: 1 | 
2026-05-03 17:16:41,359 - INFO     - img2od: 3 | od2fr: 0 | od2lpr: 1000 | od2cap: 0 | fr2kr: 0 | lpr2kr: 1000 | cap2udp: 0 | kr2udp: 1 | 
2026-05-03 17:16:42,360 - INFO     - img2od: 3 | od2fr: 0 | od2lpr: 1000 | od2cap: 0 | fr2kr: 0 | lpr2kr: 1000 | cap2udp: 0 | kr2udp: 1 | 
2026-05-03 17:16:43,361 - INFO     - img2od: 3 | od2fr: 0 | od2lpr: 1000 | od2cap: 0 | fr2kr: 0 | lpr2kr: 1000 | cap2udp: 0 | kr2udp: 1 | 
2026-05-03 17:16:44,362 - INFO     - img2od: 3 | od2fr: 0 | od2lpr: 1000 | od2cap: 0 | fr2kr: 0 | lpr2kr: 999 | cap2udp: 0 | kr2udp: 1 | 
2026-05-03 17:16:45,363 - INFO     - img2od: 3 | od2fr: 0 | od2lpr: 1000 | od2cap: 0 | fr2kr: 0 | lpr2kr: 1000 | cap2udp: 0 | kr2udp: 1 | 
2026-05-03 17:16:46,364 - INFO     - img2od: 3 | od2fr: 0 | od2lpr: 1000 | od2cap: 0 | fr2kr: 0 | lpr2kr: 1000 | cap2udp: 0 | kr2udp: 1 | 
2026-05-03 17:16:47,365 - INFO     - img2od: 3 | od2fr: 0 | od2lpr: 1000 | od2cap: 0 | fr2kr: 0 | lpr2kr: 1000 | cap2udp: 0 | kr2udp: 1 | 
2026-05-03 17:16:48,366 - INFO     - img2od: 3 | od2fr: 0 | od2lpr: 1000 | od2cap: 0 | fr2kr: 0 | lpr2kr: 1000 | cap2udp: 0 | kr2udp: 0 | 
2026-05-03 17:16:49,367 - INFO     - img2od: 3 | od2fr: 0 | od2lpr: 1000 | od2cap: 0 | fr2kr: 0 | lpr2kr: 1000 | cap2udp: 0 | kr2udp: 0 | 
2026-05-03 17:16:50,368 - INFO     - img2od: 3 | od2fr: 0 | od2lpr: 999 | od2cap: 0 | fr2kr: 0 | lpr2kr: 1000 | cap2udp: 0 | kr2udp: 1 | 
2026-05-03 17:16:51,369 - INFO     - img2od: 3 | od2fr: 0 | od2lpr: 1000 | od2cap: 0 | fr2kr: 0 | lpr2kr: 1000 | cap2udp: 0 | kr2udp: 1 | 
2026-05-03 17:16:52,370 - INFO     - img2od: 3 | od2fr: 0 | od2lpr: 1000 | od2cap: 0 | fr2kr: 0 | lpr2kr: 1000 | cap2udp: 0 | kr2udp: 0 | 
2026-05-03 17:16:52,878 - INFO     - odStream     : Received END signal, shutting down
2026-05-03 17:16:52,977 - INFO     - capStream    : Received END signal, shutting down
2026-05-03 17:16:52,995 - INFO     - udpStream    : Received end signal from CAP
2026-05-03 17:16:53,072 - INFO     - frStream     : Received END signal, shutting down
2026-05-03 17:16:53,179 - INFO     - odStream     : shutdown successful
2026-05-03 17:16:53,371 - INFO     - img2od: 0 | od2fr: 0 | od2lpr: 999 | od2cap: 0 | fr2kr: 2 | lpr2kr: 1000 | cap2udp: 0 | kr2udp: 1 | 
2026-05-03 17:16:53,383 - INFO     - frStream     : shutdown successful
2026-05-03 17:16:53,546 - INFO     - capStream    : shutdown successful
2026-05-03 17:16:53,914 - INFO     - krStream     : Received end signal from FR
2026-05-03 17:16:54,372 - INFO     - img2od: 0 | od2fr: 0 | od2lpr: 996 | od2cap: 0 | fr2kr: 0 | lpr2kr: 1000 | cap2udp: 0 | kr2udp: 1 | 
2026-05-03 17:16:55,373 - INFO     - img2od: 0 | od2fr: 0 | od2lpr: 993 | od2cap: 0 | fr2kr: 0 | lpr2kr: 1000 | cap2udp: 0 | kr2udp: 1 | 
2026-05-03 17:16:56,374 - INFO     - img2od: 0 | od2fr: 0 | od2lpr: 989 | od2cap: 0 | fr2kr: 0 | lpr2kr: 1000 | cap2udp: 0 | kr2udp: 0 | 
2026-05-03 17:16:57,375 - INFO     - img2od: 0 | od2fr: 0 | od2lpr: 986 | od2cap: 0 | fr2kr: 0 | lpr2kr: 1000 | cap2udp: 0 | kr2udp: 1 | 
2026-05-03 17:16:58,376 - INFO     - img2od: 0 | od2fr: 0 | od2lpr: 983 | od2cap: 0 | fr2kr: 0 | lpr2kr: 1000 | cap2udp: 0 | kr2udp: 1 | 
2026-05-03 17:16:59,377 - INFO     - img2od: 0 | od2fr: 0 | od2lpr: 980 | od2cap: 0 | fr2kr: 0 | lpr2kr: 1000 | cap2udp: 0 | kr2udp: 1 | 
2026-05-03 17:17:00,378 - INFO     - img2od: 0 | od2fr: 0 | od2lpr: 976 | od2cap: 0 | fr2kr: 0 | lpr2kr: 1000 | cap2udp: 0 | kr2udp: 1 | 
2026-05-03 17:17:01,379 - INFO     - img2od: 0 | od2fr: 0 | od2lpr: 973 | od2cap: 0 | fr2kr: 0 | lpr2kr: 1000 | cap2udp: 0 | kr2udp: 1 | 
2026-05-03 17:17:02,380 - INFO     - img2od: 0 | od2fr: 0 | od2lpr: 970 | od2cap: 0 | fr2kr: 0 | lpr2kr: 1000 | cap2udp: 0 | kr2udp: 2 | 
2026-05-03 17:17:03,381 - INFO     - img2od: 0 | od2fr: 0 | od2lpr: 966 | od2cap: 0 | fr2kr: 0 | lpr2kr: 1000 | cap2udp: 0 | kr2udp: 1 | 
2026-05-03 17:17:04,382 - INFO     - img2od: 0 | od2fr: 0 | od2lpr: 963 | od2cap: 0 | fr2kr: 0 | lpr2kr: 1000 | cap2udp: 0 | kr2udp: 0 | 
2026-05-03 17:17:05,383 - INFO     - img2od: 0 | od2fr: 0 | od2lpr: 960 | od2cap: 0 | fr2kr: 0 | lpr2kr: 1000 | cap2udp: 0 | kr2udp: 1 | 
2026-05-03 17:17:06,384 - INFO     - img2od: 0 | od2fr: 0 | od2lpr: 956 | od2cap: 0 | fr2kr: 0 | lpr2kr: 1000 | cap2udp: 0 | kr2udp: 0 | 
2026-05-03 17:17:07,385 - INFO     - img2od: 0 | od2fr: 0 | od2lpr: 953 | od2cap: 0 | fr2kr: 0 | lpr2kr: 1000 | cap2udp: 0 | kr2udp: 1 | 
2026-05-03 17:17:08,386 - INFO     - img2od: 0 | od2fr: 0 | od2lpr: 949 | od2cap: 0 | fr2kr: 0 | lpr2kr: 1000 | cap2udp: 0 | kr2udp: 1 | 
2026-05-03 17:17:09,387 - INFO     - img2od: 0 | od2fr: 0 | od2lpr: 946 | od2cap: 0 | fr2kr: 0 | lpr2kr: 1000 | cap2udp: 0 | kr2udp: 0 | 
2026-05-03 17:17:10,388 - INFO     - img2od: 0 | od2fr: 0 | od2lpr: 943 | od2cap: 0 | fr2kr: 0 | lpr2kr: 1000 | cap2udp: 0 | kr2udp: 0 | 
2026-05-03 17:17:11,389 - INFO     - img2od: 0 | od2fr: 0 | od2lpr: 940 | od2cap: 0 | fr2kr: 0 | lpr2kr: 1000 | cap2udp: 0 | kr2udp: 1 | 
2026-05-03 17:17:12,390 - INFO     - img2od: 0 | od2fr: 0 | od2lpr: 936 | od2cap: 0 | fr2kr: 0 | lpr2kr: 1000 | cap2udp: 0 | kr2udp: 0 | 
2026-05-03 17:17:13,391 - INFO     - img2od: 0 | od2fr: 0 | od2lpr: 933 | od2cap: 0 | fr2kr: 0 | lpr2kr: 1000 | cap2udp: 0 | kr2udp: 0 | 
2026-05-03 17:17:14,392 - INFO     - img2od: 0 | od2fr: 0 | od2lpr: 930 | od2cap: 0 | fr2kr: 0 | lpr2kr: 1000 | cap2udp: 0 | kr2udp: 1 | 
2026-05-03 17:17:15,393 - INFO     - img2od: 0 | od2fr: 0 | od2lpr: 927 | od2cap: 0 | fr2kr: 0 | lpr2kr: 1000 | cap2udp: 0 | kr2udp: 1 | 
2026-05-03 17:17:16,394 - INFO     - img2od: 0 | od2fr: 0 | od2lpr: 924 | od2cap: 0 | fr2kr: 0 | lpr2kr: 1000 | cap2udp: 0 | kr2udp: 1 | 
2026-05-03 17:17:17,395 - INFO     - img2od: 0 | od2fr: 0 | od2lpr: 921 | od2cap: 0 | fr2kr: 0 | lpr2kr: 1000 | cap2udp: 0 | kr2udp: 0 | 
2026-05-03 17:17:18,396 - INFO     - img2od: 0 | od2fr: 0 | od2lpr: 918 | od2cap: 0 | fr2kr: 0 | lpr2kr: 1000 | cap2udp: 0 | kr2udp: 1 | 
2026-05-03 17:17:19,397 - INFO     - img2od: 0 | od2fr: 0 | od2lpr: 915 | od2cap: 0 | fr2kr: 0 | lpr2kr: 1000 | cap2udp: 0 | kr2udp: 1 | 
2026-05-03 17:17:20,398 - INFO     - img2od: 0 | od2fr: 0 | od2lpr: 911 | od2cap: 0 | fr2kr: 0 | lpr2kr: 1000 | cap2udp: 0 | kr2udp: 0 | 
2026-05-03 17:17:21,399 - INFO     - img2od: 0 | od2fr: 0 | od2lpr: 908 | od2cap: 0 | fr2kr: 0 | lpr2kr: 1000 | cap2udp: 0 | kr2udp: 1 | 
2026-05-03 17:17:22,400 - INFO     - img2od: 0 | od2fr: 0 | od2lpr: 904 | od2cap: 0 | fr2kr: 0 | lpr2kr: 1000 | cap2udp: 0 | kr2udp: 0 | 
2026-05-03 17:17:23,401 - INFO     - img2od: 0 | od2fr: 0 | od2lpr: 901 | od2cap: 0 | fr2kr: 0 | lpr2kr: 1000 | cap2udp: 0 | kr2udp: 1 | 
2026-05-03 17:17:24,402 - INFO     - img2od: 0 | od2fr: 0 | od2lpr: 898 | od2cap: 0 | fr2kr: 0 | lpr2kr: 1000 | cap2udp: 0 | kr2udp: 1 | 
2026-05-03 17:17:25,403 - INFO     - img2od: 0 | od2fr: 0 | od2lpr: 894 | od2cap: 0 | fr2kr: 0 | lpr2kr: 1000 | cap2udp: 0 | kr2udp: 0 | 
2026-05-03 17:17:26,404 - INFO     - img2od: 0 | od2fr: 0 | od2lpr: 891 | od2cap: 0 | fr2kr: 0 | lpr2kr: 1000 | cap2udp: 0 | kr2udp: 1 | 
2026-05-03 17:17:27,405 - INFO     - img2od: 0 | od2fr: 0 | od2lpr: 888 | od2cap: 0 | fr2kr: 0 | lpr2kr: 1000 | cap2udp: 0 | kr2udp: 1 | 
2026-05-03 17:17:28,406 - INFO     - img2od: 0 | od2fr: 0 | od2lpr: 884 | od2cap: 0 | fr2kr: 0 | lpr2kr: 1000 | cap2udp: 0 | kr2udp: 1 | 
2026-05-03 17:17:29,407 - INFO     - img2od: 0 | od2fr: 0 | od2lpr: 881 | od2cap: 0 | fr2kr: 0 | lpr2kr: 1000 | cap2udp: 0 | kr2udp: 0 | 
2026-05-03 17:17:30,408 - INFO     - img2od: 0 | od2fr: 0 | od2lpr: 878 | od2cap: 0 | fr2kr: 0 | lpr2kr: 1000 | cap2udp: 0 | kr2udp: 1 | 
2026-05-03 17:17:31,409 - INFO     - img2od: 0 | od2fr: 0 | od2lpr: 875 | od2cap: 0 | fr2kr: 0 | lpr2kr: 1000 | cap2udp: 0 | kr2udp: 0 | 
2026-05-03 17:17:32,410 - INFO     - img2od: 0 | od2fr: 0 | od2lpr: 872 | od2cap: 0 | fr2kr: 0 | lpr2kr: 1000 | cap2udp: 0 | kr2udp: 1 | 
2026-05-03 17:17:33,411 - INFO     - img2od: 0 | od2fr: 0 | od2lpr: 869 | od2cap: 0 | fr2kr: 0 | lpr2kr: 1000 | cap2udp: 0 | kr2udp: 1 | 
2026-05-03 17:17:34,412 - INFO     - img2od: 0 | od2fr: 0 | od2lpr: 866 | od2cap: 0 | fr2kr: 0 | lpr2kr: 1000 | cap2udp: 0 | kr2udp: 1 | 
2026-05-03 17:17:35,413 - INFO     - img2od: 0 | od2fr: 0 | od2lpr: 862 | od2cap: 0 | fr2kr: 0 | lpr2kr: 1000 | cap2udp: 0 | kr2udp: 1 | 
2026-05-03 17:17:36,414 - INFO     - img2od: 0 | od2fr: 0 | od2lpr: 859 | od2cap: 0 | fr2kr: 0 | lpr2kr: 1000 | cap2udp: 0 | kr2udp: 1 | 
2026-05-03 17:17:37,415 - INFO     - img2od: 0 | od2fr: 0 | od2lpr: 856 | od2cap: 0 | fr2kr: 0 | lpr2kr: 1000 | cap2udp: 0 | kr2udp: 1 | 
2026-05-03 17:17:38,416 - INFO     - img2od: 0 | od2fr: 0 | od2lpr: 852 | od2cap: 0 | fr2kr: 0 | lpr2kr: 1000 | cap2udp: 0 | kr2udp: 0 | 
2026-05-03 17:17:39,417 - INFO     - img2od: 0 | od2fr: 0 | od2lpr: 849 | od2cap: 0 | fr2kr: 0 | lpr2kr: 1000 | cap2udp: 0 | kr2udp: 1 | 
2026-05-03 17:17:40,418 - INFO     - img2od: 0 | od2fr: 0 | od2lpr: 846 | od2cap: 0 | fr2kr: 0 | lpr2kr: 1000 | cap2udp: 0 | kr2udp: 0 | 
2026-05-03 17:17:41,419 - INFO     - img2od: 0 | od2fr: 0 | od2lpr: 843 | od2cap: 0 | fr2kr: 0 | lpr2kr: 1000 | cap2udp: 0 | kr2udp: 0 | 
2026-05-03 17:17:42,420 - INFO     - img2od: 0 | od2fr: 0 | od2lpr: 840 | od2cap: 0 | fr2kr: 0 | lpr2kr: 1000 | cap2udp: 0 | kr2udp: 1 | 
2026-05-03 17:17:43,421 - INFO     - img2od: 0 | od2fr: 0 | od2lpr: 837 | od2cap: 0 | fr2kr: 0 | lpr2kr: 1000 | cap2udp: 0 | kr2udp: 0 | 
2026-05-03 17:17:44,422 - INFO     - img2od: 0 | od2fr: 0 | od2lpr: 834 | od2cap: 0 | fr2kr: 0 | lpr2kr: 1000 | cap2udp: 0 | kr2udp: 1 | 
2026-05-03 17:17:45,423 - INFO     - img2od: 0 | od2fr: 0 | od2lpr: 830 | od2cap: 0 | fr2kr: 0 | lpr2kr: 1000 | cap2udp: 0 | kr2udp: 1 | 
2026-05-03 17:17:46,424 - INFO     - img2od: 0 | od2fr: 0 | od2lpr: 827 | od2cap: 0 | fr2kr: 0 | lpr2kr: 1000 | cap2udp: 0 | kr2udp: 0 | 
2026-05-03 17:17:47,425 - INFO     - img2od: 0 | od2fr: 0 | od2lpr: 824 | od2cap: 0 | fr2kr: 0 | lpr2kr: 1000 | cap2udp: 0 | kr2udp: 1 | 
2026-05-03 17:17:48,426 - INFO     - img2od: 0 | od2fr: 0 | od2lpr: 820 | od2cap: 0 | fr2kr: 0 | lpr2kr: 1000 | cap2udp: 0 | kr2udp: 0 | 
2026-05-03 17:17:49,427 - INFO     - img2od: 0 | od2fr: 0 | od2lpr: 817 | od2cap: 0 | fr2kr: 0 | lpr2kr: 1000 | cap2udp: 0 | kr2udp: 1 | 
2026-05-03 17:17:50,428 - INFO     - img2od: 0 | od2fr: 0 | od2lpr: 813 | od2cap: 0 | fr2kr: 0 | lpr2kr: 1000 | cap2udp: 0 | kr2udp: 0 | 
2026-05-03 17:17:51,429 - INFO     - img2od: 0 | od2fr: 0 | od2lpr: 810 | od2cap: 0 | fr2kr: 0 | lpr2kr: 1000 | cap2udp: 0 | kr2udp: 1 | 
2026-05-03 17:17:52,430 - INFO     - img2od: 0 | od2fr: 0 | od2lpr: 807 | od2cap: 0 | fr2kr: 0 | lpr2kr: 1000 | cap2udp: 0 | kr2udp: 1 | 
2026-05-03 17:17:53,431 - INFO     - img2od: 0 | od2fr: 0 | od2lpr: 804 | od2cap: 0 | fr2kr: 0 | lpr2kr: 1000 | cap2udp: 0 | kr2udp: 1 | 
2026-05-03 17:17:54,432 - INFO     - img2od: 0 | od2fr: 0 | od2lpr: 800 | od2cap: 0 | fr2kr: 0 | lpr2kr: 1000 | cap2udp: 0 | kr2udp: 1 | 
2026-05-03 17:17:55,433 - INFO     - img2od: 0 | od2fr: 0 | od2lpr: 797 | od2cap: 0 | fr2kr: 0 | lpr2kr: 1000 | cap2udp: 0 | kr2udp: 1 | 
2026-05-03 17:17:56,434 - INFO     - img2od: 0 | od2fr: 0 | od2lpr: 794 | od2cap: 0 | fr2kr: 0 | lpr2kr: 1000 | cap2udp: 0 | kr2udp: 1 | 
2026-05-03 17:17:57,435 - INFO     - img2od: 0 | od2fr: 0 | od2lpr: 790 | od2cap: 0 | fr2kr: 0 | lpr2kr: 1000 | cap2udp: 0 | kr2udp: 0 | 
2026-05-03 17:17:58,436 - INFO     - img2od: 0 | od2fr: 0 | od2lpr: 787 | od2cap: 0 | fr2kr: 0 | lpr2kr: 1000 | cap2udp: 0 | kr2udp: 1 | 
2026-05-03 17:17:59,437 - INFO     - img2od: 0 | od2fr: 0 | od2lpr: 784 | od2cap: 0 | fr2kr: 0 | lpr2kr: 1000 | cap2udp: 0 | kr2udp: 1 | 
2026-05-03 17:18:00,438 - INFO     - img2od: 0 | od2fr: 0 | od2lpr: 780 | od2cap: 0 | fr2kr: 0 | lpr2kr: 1000 | cap2udp: 0 | kr2udp: 1 | 
2026-05-03 17:18:01,439 - INFO     - img2od: 0 | od2fr: 0 | od2lpr: 777 | od2cap: 0 | fr2kr: 0 | lpr2kr: 1000 | cap2udp: 0 | kr2udp: 1 | 
2026-05-03 17:18:02,440 - INFO     - img2od: 0 | od2fr: 0 | od2lpr: 773 | od2cap: 0 | fr2kr: 0 | lpr2kr: 1000 | cap2udp: 0 | kr2udp: 1 | 
2026-05-03 17:18:03,441 - INFO     - img2od: 0 | od2fr: 0 | od2lpr: 770 | od2cap: 0 | fr2kr: 0 | lpr2kr: 1000 | cap2udp: 0 | kr2udp: 1 | 
2026-05-03 17:18:04,442 - INFO     - img2od: 0 | od2fr: 0 | od2lpr: 766 | od2cap: 0 | fr2kr: 0 | lpr2kr: 1000 | cap2udp: 0 | kr2udp: 1 | 
2026-05-03 17:18:05,443 - INFO     - img2od: 0 | od2fr: 0 | od2lpr: 763 | od2cap: 0 | fr2kr: 0 | lpr2kr: 1000 | cap2udp: 0 | kr2udp: 1 | 
2026-05-03 17:18:06,444 - INFO     - img2od: 0 | od2fr: 0 | od2lpr: 760 | od2cap: 0 | fr2kr: 0 | lpr2kr: 1000 | cap2udp: 0 | kr2udp: 1 | 
2026-05-03 17:18:07,445 - INFO     - img2od: 0 | od2fr: 0 | od2lpr: 756 | od2cap: 0 | fr2kr: 0 | lpr2kr: 1000 | cap2udp: 0 | kr2udp: 1 | 
2026-05-03 17:18:08,446 - INFO     - img2od: 0 | od2fr: 0 | od2lpr: 753 | od2cap: 0 | fr2kr: 0 | lpr2kr: 1000 | cap2udp: 0 | kr2udp: 1 | 
2026-05-03 17:18:09,447 - INFO     - img2od: 0 | od2fr: 0 | od2lpr: 749 | od2cap: 0 | fr2kr: 0 | lpr2kr: 1000 | cap2udp: 0 | kr2udp: 1 | 
2026-05-03 17:18:10,448 - INFO     - img2od: 0 | od2fr: 0 | od2lpr: 746 | od2cap: 0 | fr2kr: 0 | lpr2kr: 1000 | cap2udp: 0 | kr2udp: 1 | 
2026-05-03 17:18:11,449 - INFO     - img2od: 0 | od2fr: 0 | od2lpr: 742 | od2cap: 0 | fr2kr: 0 | lpr2kr: 1000 | cap2udp: 0 | kr2udp: 1 | 
2026-05-03 17:18:12,450 - INFO     - img2od: 0 | od2fr: 0 | od2lpr: 739 | od2cap: 0 | fr2kr: 0 | lpr2kr: 1000 | cap2udp: 0 | kr2udp: 1 | 
2026-05-03 17:18:13,451 - INFO     - img2od: 0 | od2fr: 0 | od2lpr: 735 | od2cap: 0 | fr2kr: 0 | lpr2kr: 1000 | cap2udp: 0 | kr2udp: 1 | 
2026-05-03 17:18:14,452 - INFO     - img2od: 0 | od2fr: 0 | od2lpr: 732 | od2cap: 0 | fr2kr: 0 | lpr2kr: 1000 | cap2udp: 0 | kr2udp: 1 | 
2026-05-03 17:18:15,453 - INFO     - img2od: 0 | od2fr: 0 | od2lpr: 728 | od2cap: 0 | fr2kr: 0 | lpr2kr: 1000 | cap2udp: 0 | kr2udp: 1 | 
2026-05-03 17:18:16,454 - INFO     - img2od: 0 | od2fr: 0 | od2lpr: 725 | od2cap: 0 | fr2kr: 0 | lpr2kr: 1000 | cap2udp: 0 | kr2udp: 1 | 
2026-05-03 17:18:17,455 - INFO     - img2od: 0 | od2fr: 0 | od2lpr: 722 | od2cap: 0 | fr2kr: 0 | lpr2kr: 1000 | cap2udp: 0 | kr2udp: 1 | 
2026-05-03 17:18:18,456 - INFO     - img2od: 0 | od2fr: 0 | od2lpr: 718 | od2cap: 0 | fr2kr: 0 | lpr2kr: 1000 | cap2udp: 0 | kr2udp: 1 | 
2026-05-03 17:18:19,457 - INFO     - img2od: 0 | od2fr: 0 | od2lpr: 715 | od2cap: 0 | fr2kr: 0 | lpr2kr: 1000 | cap2udp: 0 | kr2udp: 1 | 
2026-05-03 17:18:20,458 - INFO     - img2od: 0 | od2fr: 0 | od2lpr: 711 | od2cap: 0 | fr2kr: 0 | lpr2kr: 1000 | cap2udp: 0 | kr2udp: 0 | 
2026-05-03 17:18:21,459 - INFO     - img2od: 0 | od2fr: 0 | od2lpr: 708 | od2cap: 0 | fr2kr: 0 | lpr2kr: 1000 | cap2udp: 0 | kr2udp: 1 | 
2026-05-03 17:18:22,460 - INFO     - img2od: 0 | od2fr: 0 | od2lpr: 705 | od2cap: 0 | fr2kr: 0 | lpr2kr: 1000 | cap2udp: 0 | kr2udp: 1 | 
2026-05-03 17:18:23,461 - INFO     - img2od: 0 | od2fr: 0 | od2lpr: 702 | od2cap: 0 | fr2kr: 0 | lpr2kr: 1000 | cap2udp: 0 | kr2udp: 1 | 
2026-05-03 17:18:24,462 - INFO     - img2od: 0 | od2fr: 0 | od2lpr: 698 | od2cap: 0 | fr2kr: 0 | lpr2kr: 1000 | cap2udp: 0 | kr2udp: 1 | 
2026-05-03 17:18:25,463 - INFO     - img2od: 0 | od2fr: 0 | od2lpr: 695 | od2cap: 0 | fr2kr: 0 | lpr2kr: 1000 | cap2udp: 0 | kr2udp: 1 | 
2026-05-03 17:18:26,464 - INFO     - img2od: 0 | od2fr: 0 | od2lpr: 692 | od2cap: 0 | fr2kr: 0 | lpr2kr: 1000 | cap2udp: 0 | kr2udp: 1 | 
2026-05-03 17:18:27,465 - INFO     - img2od: 0 | od2fr: 0 | od2lpr: 689 | od2cap: 0 | fr2kr: 0 | lpr2kr: 1000 | cap2udp: 0 | kr2udp: 1 | 
2026-05-03 17:18:28,466 - INFO     - img2od: 0 | od2fr: 0 | od2lpr: 686 | od2cap: 0 | fr2kr: 0 | lpr2kr: 1000 | cap2udp: 0 | kr2udp: 0 | 
2026-05-03 17:18:29,467 - INFO     - img2od: 0 | od2fr: 0 | od2lpr: 683 | od2cap: 0 | fr2kr: 0 | lpr2kr: 1000 | cap2udp: 0 | kr2udp: 1 | 
2026-05-03 17:18:30,468 - INFO     - img2od: 0 | od2fr: 0 | od2lpr: 680 | od2cap: 0 | fr2kr: 0 | lpr2kr: 1000 | cap2udp: 0 | kr2udp: 1 | 
2026-05-03 17:18:31,469 - INFO     - img2od: 0 | od2fr: 0 | od2lpr: 677 | od2cap: 0 | fr2kr: 0 | lpr2kr: 1000 | cap2udp: 0 | kr2udp: 0 | 
2026-05-03 17:18:32,470 - INFO     - img2od: 0 | od2fr: 0 | od2lpr: 675 | od2cap: 0 | fr2kr: 0 | lpr2kr: 1000 | cap2udp: 0 | kr2udp: 1 | 
2026-05-03 17:18:33,471 - INFO     - img2od: 0 | od2fr: 0 | od2lpr: 672 | od2cap: 0 | fr2kr: 0 | lpr2kr: 1000 | cap2udp: 0 | kr2udp: 1 | 
2026-05-03 17:18:34,472 - INFO     - img2od: 0 | od2fr: 0 | od2lpr: 669 | od2cap: 0 | fr2kr: 0 | lpr2kr: 1000 | cap2udp: 0 | kr2udp: 1 | 
2026-05-03 17:18:35,473 - INFO     - img2od: 0 | od2fr: 0 | od2lpr: 665 | od2cap: 0 | fr2kr: 0 | lpr2kr: 1000 | cap2udp: 0 | kr2udp: 1 | 
2026-05-03 17:18:36,474 - INFO     - img2od: 0 | od2fr: 0 | od2lpr: 662 | od2cap: 0 | fr2kr: 0 | lpr2kr: 1000 | cap2udp: 0 | kr2udp: 0 | 
2026-05-03 17:18:37,475 - INFO     - img2od: 0 | od2fr: 0 | od2lpr: 659 | od2cap: 0 | fr2kr: 0 | lpr2kr: 1000 | cap2udp: 0 | kr2udp: 1 | 
2026-05-03 17:18:38,476 - INFO     - img2od: 0 | od2fr: 0 | od2lpr: 656 | od2cap: 0 | fr2kr: 0 | lpr2kr: 1000 | cap2udp: 0 | kr2udp: 1 | 
2026-05-03 17:18:39,477 - INFO     - img2od: 0 | od2fr: 0 | od2lpr: 652 | od2cap: 0 | fr2kr: 0 | lpr2kr: 1000 | cap2udp: 0 | kr2udp: 1 | 
2026-05-03 17:18:40,478 - INFO     - img2od: 0 | od2fr: 0 | od2lpr: 649 | od2cap: 0 | fr2kr: 0 | lpr2kr: 1000 | cap2udp: 0 | kr2udp: 0 | 
2026-05-03 17:18:41,479 - INFO     - img2od: 0 | od2fr: 0 | od2lpr: 646 | od2cap: 0 | fr2kr: 0 | lpr2kr: 1000 | cap2udp: 0 | kr2udp: 1 | 
2026-05-03 17:18:42,480 - INFO     - img2od: 0 | od2fr: 0 | od2lpr: 642 | od2cap: 0 | fr2kr: 0 | lpr2kr: 1000 | cap2udp: 0 | kr2udp: 1 | 
2026-05-03 17:18:43,481 - INFO     - img2od: 0 | od2fr: 0 | od2lpr: 639 | od2cap: 0 | fr2kr: 0 | lpr2kr: 1000 | cap2udp: 0 | kr2udp: 1 | 
2026-05-03 17:18:44,482 - INFO     - img2od: 0 | od2fr: 0 | od2lpr: 636 | od2cap: 0 | fr2kr: 0 | lpr2kr: 1000 | cap2udp: 0 | kr2udp: 1 | 
2026-05-03 17:18:45,483 - INFO     - img2od: 0 | od2fr: 0 | od2lpr: 632 | od2cap: 0 | fr2kr: 0 | lpr2kr: 1000 | cap2udp: 0 | kr2udp: 0 | 
2026-05-03 17:18:46,484 - INFO     - img2od: 0 | od2fr: 0 | od2lpr: 629 | od2cap: 0 | fr2kr: 0 | lpr2kr: 1000 | cap2udp: 0 | kr2udp: 1 | 
2026-05-03 17:18:47,485 - INFO     - img2od: 0 | od2fr: 0 | od2lpr: 625 | od2cap: 0 | fr2kr: 0 | lpr2kr: 1000 | cap2udp: 0 | kr2udp: 0 | 
2026-05-03 17:18:48,486 - INFO     - img2od: 0 | od2fr: 0 | od2lpr: 622 | od2cap: 0 | fr2kr: 0 | lpr2kr: 1000 | cap2udp: 0 | kr2udp: 0 | 
2026-05-03 17:18:49,487 - INFO     - img2od: 0 | od2fr: 0 | od2lpr: 619 | od2cap: 0 | fr2kr: 0 | lpr2kr: 1000 | cap2udp: 0 | kr2udp: 1 | 
2026-05-03 17:18:50,488 - INFO     - img2od: 0 | od2fr: 0 | od2lpr: 615 | od2cap: 0 | fr2kr: 0 | lpr2kr: 1000 | cap2udp: 0 | kr2udp: 0 | 
2026-05-03 17:18:51,489 - INFO     - img2od: 0 | od2fr: 0 | od2lpr: 612 | od2cap: 0 | fr2kr: 0 | lpr2kr: 1000 | cap2udp: 0 | kr2udp: 1 | 
2026-05-03 17:18:52,490 - INFO     - img2od: 0 | od2fr: 0 | od2lpr: 609 | od2cap: 0 | fr2kr: 0 | lpr2kr: 1000 | cap2udp: 0 | kr2udp: 1 | 
2026-05-03 17:18:53,491 - INFO     - img2od: 0 | od2fr: 0 | od2lpr: 605 | od2cap: 0 | fr2kr: 0 | lpr2kr: 1000 | cap2udp: 0 | kr2udp: 0 | 
2026-05-03 17:18:54,492 - INFO     - img2od: 0 | od2fr: 0 | od2lpr: 602 | od2cap: 0 | fr2kr: 0 | lpr2kr: 1000 | cap2udp: 0 | kr2udp: 1 | 
2026-05-03 17:18:55,493 - INFO     - img2od: 0 | od2fr: 0 | od2lpr: 599 | od2cap: 0 | fr2kr: 0 | lpr2kr: 1000 | cap2udp: 0 | kr2udp: 1 | 
2026-05-03 17:18:56,494 - INFO     - img2od: 0 | od2fr: 0 | od2lpr: 595 | od2cap: 0 | fr2kr: 0 | lpr2kr: 1000 | cap2udp: 0 | kr2udp: 0 | 
2026-05-03 17:18:57,495 - INFO     - img2od: 0 | od2fr: 0 | od2lpr: 592 | od2cap: 0 | fr2kr: 0 | lpr2kr: 1000 | cap2udp: 0 | kr2udp: 1 | 
2026-05-03 17:18:58,496 - INFO     - img2od: 0 | od2fr: 0 | od2lpr: 589 | od2cap: 0 | fr2kr: 0 | lpr2kr: 1000 | cap2udp: 0 | kr2udp: 1 | 
2026-05-03 17:18:59,497 - INFO     - img2od: 0 | od2fr: 0 | od2lpr: 585 | od2cap: 0 | fr2kr: 0 | lpr2kr: 1000 | cap2udp: 0 | kr2udp: 0 | 
2026-05-03 17:19:00,498 - INFO     - img2od: 0 | od2fr: 0 | od2lpr: 582 | od2cap: 0 | fr2kr: 0 | lpr2kr: 1000 | cap2udp: 0 | kr2udp: 0 | 
2026-05-03 17:19:01,499 - INFO     - img2od: 0 | od2fr: 0 | od2lpr: 579 | od2cap: 0 | fr2kr: 0 | lpr2kr: 1000 | cap2udp: 0 | kr2udp: 1 | 
2026-05-03 17:19:02,500 - INFO     - img2od: 0 | od2fr: 0 | od2lpr: 576 | od2cap: 0 | fr2kr: 0 | lpr2kr: 1000 | cap2udp: 0 | kr2udp: 0 | 
2026-05-03 17:19:03,501 - INFO     - img2od: 0 | od2fr: 0 | od2lpr: 573 | od2cap: 0 | fr2kr: 0 | lpr2kr: 1000 | cap2udp: 0 | kr2udp: 0 | 
2026-05-03 17:19:04,502 - INFO     - img2od: 0 | od2fr: 0 | od2lpr: 570 | od2cap: 0 | fr2kr: 0 | lpr2kr: 1000 | cap2udp: 0 | kr2udp: 1 | 
2026-05-03 17:19:05,503 - INFO     - img2od: 0 | od2fr: 0 | od2lpr: 567 | od2cap: 0 | fr2kr: 0 | lpr2kr: 1000 | cap2udp: 0 | kr2udp: 1 | 
2026-05-03 17:19:06,504 - INFO     - img2od: 0 | od2fr: 0 | od2lpr: 564 | od2cap: 0 | fr2kr: 0 | lpr2kr: 1000 | cap2udp: 0 | kr2udp: 1 | 
2026-05-03 17:19:07,505 - INFO     - img2od: 0 | od2fr: 0 | od2lpr: 561 | od2cap: 0 | fr2kr: 0 | lpr2kr: 1000 | cap2udp: 0 | kr2udp: 1 | 
2026-05-03 17:19:08,506 - INFO     - img2od: 0 | od2fr: 0 | od2lpr: 558 | od2cap: 0 | fr2kr: 0 | lpr2kr: 1000 | cap2udp: 0 | kr2udp: 1 | 
2026-05-03 17:19:09,507 - INFO     - img2od: 0 | od2fr: 0 | od2lpr: 555 | od2cap: 0 | fr2kr: 0 | lpr2kr: 1000 | cap2udp: 0 | kr2udp: 1 | 
2026-05-03 17:19:10,508 - INFO     - img2od: 0 | od2fr: 0 | od2lpr: 552 | od2cap: 0 | fr2kr: 0 | lpr2kr: 1000 | cap2udp: 0 | kr2udp: 1 | 
2026-05-03 17:19:11,509 - INFO     - img2od: 0 | od2fr: 0 | od2lpr: 549 | od2cap: 0 | fr2kr: 0 | lpr2kr: 1000 | cap2udp: 0 | kr2udp: 1 | 
2026-05-03 17:19:12,510 - INFO     - img2od: 0 | od2fr: 0 | od2lpr: 546 | od2cap: 0 | fr2kr: 0 | lpr2kr: 1000 | cap2udp: 0 | kr2udp: 1 | 
2026-05-03 17:19:13,511 - INFO     - img2od: 0 | od2fr: 0 | od2lpr: 542 | od2cap: 0 | fr2kr: 0 | lpr2kr: 1000 | cap2udp: 0 | kr2udp: 0 | 
2026-05-03 17:19:14,512 - INFO     - img2od: 0 | od2fr: 0 | od2lpr: 539 | od2cap: 0 | fr2kr: 0 | lpr2kr: 1000 | cap2udp: 0 | kr2udp: 0 | 
2026-05-03 17:19:15,513 - INFO     - img2od: 0 | od2fr: 0 | od2lpr: 537 | od2cap: 0 | fr2kr: 0 | lpr2kr: 1000 | cap2udp: 0 | kr2udp: 1 | 
2026-05-03 17:19:16,514 - INFO     - img2od: 0 | od2fr: 0 | od2lpr: 533 | od2cap: 0 | fr2kr: 0 | lpr2kr: 1000 | cap2udp: 0 | kr2udp: 1 | 
2026-05-03 17:19:17,515 - INFO     - img2od: 0 | od2fr: 0 | od2lpr: 530 | od2cap: 0 | fr2kr: 0 | lpr2kr: 1000 | cap2udp: 0 | kr2udp: 0 | 
2026-05-03 17:19:18,516 - INFO     - img2od: 0 | od2fr: 0 | od2lpr: 527 | od2cap: 0 | fr2kr: 0 | lpr2kr: 1000 | cap2udp: 0 | kr2udp: 1 | 
2026-05-03 17:19:19,517 - INFO     - img2od: 0 | od2fr: 0 | od2lpr: 524 | od2cap: 0 | fr2kr: 0 | lpr2kr: 1000 | cap2udp: 0 | kr2udp: 1 | 
2026-05-03 17:19:20,518 - INFO     - img2od: 0 | od2fr: 0 | od2lpr: 521 | od2cap: 0 | fr2kr: 0 | lpr2kr: 1000 | cap2udp: 0 | kr2udp: 0 | 
2026-05-03 17:19:21,519 - INFO     - img2od: 0 | od2fr: 0 | od2lpr: 518 | od2cap: 0 | fr2kr: 0 | lpr2kr: 1000 | cap2udp: 0 | kr2udp: 0 | 
2026-05-03 17:19:22,520 - INFO     - img2od: 0 | od2fr: 0 | od2lpr: 515 | od2cap: 0 | fr2kr: 0 | lpr2kr: 1000 | cap2udp: 0 | kr2udp: 1 | 
2026-05-03 17:19:23,521 - INFO     - img2od: 0 | od2fr: 0 | od2lpr: 512 | od2cap: 0 | fr2kr: 0 | lpr2kr: 1000 | cap2udp: 0 | kr2udp: 1 | 
2026-05-03 17:19:24,522 - INFO     - img2od: 0 | od2fr: 0 | od2lpr: 509 | od2cap: 0 | fr2kr: 0 | lpr2kr: 1000 | cap2udp: 0 | kr2udp: 1 | 
2026-05-03 17:19:25,523 - INFO     - img2od: 0 | od2fr: 0 | od2lpr: 506 | od2cap: 0 | fr2kr: 0 | lpr2kr: 1000 | cap2udp: 0 | kr2udp: 1 | 
2026-05-03 17:19:26,524 - INFO     - img2od: 0 | od2fr: 0 | od2lpr: 503 | od2cap: 0 | fr2kr: 0 | lpr2kr: 1000 | cap2udp: 0 | kr2udp: 1 | 
2026-05-03 17:19:27,525 - INFO     - img2od: 0 | od2fr: 0 | od2lpr: 500 | od2cap: 0 | fr2kr: 0 | lpr2kr: 1000 | cap2udp: 0 | kr2udp: 1 | 
2026-05-03 17:19:28,526 - INFO     - img2od: 0 | od2fr: 0 | od2lpr: 496 | od2cap: 0 | fr2kr: 0 | lpr2kr: 1000 | cap2udp: 0 | kr2udp: 0 | 
2026-05-03 17:19:29,527 - INFO     - img2od: 0 | od2fr: 0 | od2lpr: 493 | od2cap: 0 | fr2kr: 0 | lpr2kr: 1000 | cap2udp: 0 | kr2udp: 1 | 
2026-05-03 17:19:30,528 - INFO     - img2od: 0 | od2fr: 0 | od2lpr: 491 | od2cap: 0 | fr2kr: 0 | lpr2kr: 1000 | cap2udp: 0 | kr2udp: 1 | 
2026-05-03 17:19:31,529 - INFO     - img2od: 0 | od2fr: 0 | od2lpr: 488 | od2cap: 0 | fr2kr: 0 | lpr2kr: 1000 | cap2udp: 0 | kr2udp: 1 | 
2026-05-03 17:19:32,530 - INFO     - img2od: 0 | od2fr: 0 | od2lpr: 484 | od2cap: 0 | fr2kr: 0 | lpr2kr: 1000 | cap2udp: 0 | kr2udp: 0 | 
2026-05-03 17:19:33,531 - INFO     - img2od: 0 | od2fr: 0 | od2lpr: 481 | od2cap: 0 | fr2kr: 0 | lpr2kr: 1000 | cap2udp: 0 | kr2udp: 1 | 
2026-05-03 17:19:34,532 - INFO     - img2od: 0 | od2fr: 0 | od2lpr: 478 | od2cap: 0 | fr2kr: 0 | lpr2kr: 1000 | cap2udp: 0 | kr2udp: 1 | 
2026-05-03 17:19:35,533 - INFO     - img2od: 0 | od2fr: 0 | od2lpr: 474 | od2cap: 0 | fr2kr: 0 | lpr2kr: 1000 | cap2udp: 0 | kr2udp: 0 | 
2026-05-03 17:19:36,534 - INFO     - img2od: 0 | od2fr: 0 | od2lpr: 471 | od2cap: 0 | fr2kr: 0 | lpr2kr: 1000 | cap2udp: 0 | kr2udp: 1 | 
2026-05-03 17:19:37,535 - INFO     - img2od: 0 | od2fr: 0 | od2lpr: 467 | od2cap: 0 | fr2kr: 0 | lpr2kr: 1000 | cap2udp: 0 | kr2udp: 1 | 
2026-05-03 17:19:38,536 - INFO     - img2od: 0 | od2fr: 0 | od2lpr: 464 | od2cap: 0 | fr2kr: 0 | lpr2kr: 1000 | cap2udp: 0 | kr2udp: 1 | 
2026-05-03 17:19:39,537 - INFO     - img2od: 0 | od2fr: 0 | od2lpr: 461 | od2cap: 0 | fr2kr: 0 | lpr2kr: 1000 | cap2udp: 0 | kr2udp: 1 | 
2026-05-03 17:19:40,538 - INFO     - img2od: 0 | od2fr: 0 | od2lpr: 457 | od2cap: 0 | fr2kr: 0 | lpr2kr: 1000 | cap2udp: 0 | kr2udp: 0 | 
2026-05-03 17:19:41,539 - INFO     - img2od: 0 | od2fr: 0 | od2lpr: 453 | od2cap: 0 | fr2kr: 0 | lpr2kr: 1000 | cap2udp: 0 | kr2udp: 1 | 
2026-05-03 17:19:42,540 - INFO     - img2od: 0 | od2fr: 0 | od2lpr: 449 | od2cap: 0 | fr2kr: 0 | lpr2kr: 1000 | cap2udp: 0 | kr2udp: 1 | 
2026-05-03 17:19:43,541 - INFO     - img2od: 0 | od2fr: 0 | od2lpr: 445 | od2cap: 0 | fr2kr: 0 | lpr2kr: 1000 | cap2udp: 0 | kr2udp: 1 | 
2026-05-03 17:19:44,542 - INFO     - img2od: 0 | od2fr: 0 | od2lpr: 441 | od2cap: 0 | fr2kr: 0 | lpr2kr: 1000 | cap2udp: 0 | kr2udp: 1 | 
2026-05-03 17:19:45,543 - INFO     - img2od: 0 | od2fr: 0 | od2lpr: 438 | od2cap: 0 | fr2kr: 0 | lpr2kr: 1000 | cap2udp: 0 | kr2udp: 1 | 
2026-05-03 17:19:46,544 - INFO     - img2od: 0 | od2fr: 0 | od2lpr: 434 | od2cap: 0 | fr2kr: 0 | lpr2kr: 1000 | cap2udp: 0 | kr2udp: 1 | 
2026-05-03 17:19:47,545 - INFO     - img2od: 0 | od2fr: 0 | od2lpr: 430 | od2cap: 0 | fr2kr: 0 | lpr2kr: 1000 | cap2udp: 0 | kr2udp: 1 | 
2026-05-03 17:19:48,547 - INFO     - img2od: 0 | od2fr: 0 | od2lpr: 426 | od2cap: 0 | fr2kr: 0 | lpr2kr: 1000 | cap2udp: 0 | kr2udp: 1 | 
2026-05-03 17:19:49,548 - INFO     - img2od: 0 | od2fr: 0 | od2lpr: 422 | od2cap: 0 | fr2kr: 0 | lpr2kr: 1000 | cap2udp: 0 | kr2udp: 1 | 
2026-05-03 17:19:50,549 - INFO     - img2od: 0 | od2fr: 0 | od2lpr: 418 | od2cap: 0 | fr2kr: 0 | lpr2kr: 1000 | cap2udp: 0 | kr2udp: 1 | 
2026-05-03 17:19:51,550 - INFO     - img2od: 0 | od2fr: 0 | od2lpr: 414 | od2cap: 0 | fr2kr: 0 | lpr2kr: 1000 | cap2udp: 0 | kr2udp: 1 | 
2026-05-03 17:19:52,551 - INFO     - img2od: 0 | od2fr: 0 | od2lpr: 410 | od2cap: 0 | fr2kr: 0 | lpr2kr: 1000 | cap2udp: 0 | kr2udp: 1 | 
2026-05-03 17:19:53,553 - INFO     - img2od: 0 | od2fr: 0 | od2lpr: 406 | od2cap: 0 | fr2kr: 0 | lpr2kr: 1000 | cap2udp: 0 | kr2udp: 1 | 
2026-05-03 17:19:54,554 - INFO     - img2od: 0 | od2fr: 0 | od2lpr: 402 | od2cap: 0 | fr2kr: 0 | lpr2kr: 1000 | cap2udp: 0 | kr2udp: 1 | 
2026-05-03 17:19:55,555 - INFO     - img2od: 0 | od2fr: 0 | od2lpr: 398 | od2cap: 0 | fr2kr: 0 | lpr2kr: 1000 | cap2udp: 0 | kr2udp: 1 | 
2026-05-03 17:19:56,556 - INFO     - img2od: 0 | od2fr: 0 | od2lpr: 394 | od2cap: 0 | fr2kr: 0 | lpr2kr: 1000 | cap2udp: 0 | kr2udp: 1 | 
2026-05-03 17:19:57,557 - INFO     - img2od: 0 | od2fr: 0 | od2lpr: 390 | od2cap: 0 | fr2kr: 0 | lpr2kr: 1000 | cap2udp: 0 | kr2udp: 1 | 
2026-05-03 17:19:58,558 - INFO     - img2od: 0 | od2fr: 0 | od2lpr: 386 | od2cap: 0 | fr2kr: 0 | lpr2kr: 1000 | cap2udp: 0 | kr2udp: 1 | 
2026-05-03 17:19:59,559 - INFO     - img2od: 0 | od2fr: 0 | od2lpr: 382 | od2cap: 0 | fr2kr: 0 | lpr2kr: 1000 | cap2udp: 0 | kr2udp: 1 | 
2026-05-03 17:20:00,560 - INFO     - img2od: 0 | od2fr: 0 | od2lpr: 378 | od2cap: 0 | fr2kr: 0 | lpr2kr: 1000 | cap2udp: 0 | kr2udp: 1 | 
2026-05-03 17:20:01,561 - INFO     - img2od: 0 | od2fr: 0 | od2lpr: 374 | od2cap: 0 | fr2kr: 0 | lpr2kr: 1000 | cap2udp: 0 | kr2udp: 1 | 
2026-05-03 17:20:02,562 - INFO     - img2od: 0 | od2fr: 0 | od2lpr: 370 | od2cap: 0 | fr2kr: 0 | lpr2kr: 1000 | cap2udp: 0 | kr2udp: 1 | 
2026-05-03 17:20:03,564 - INFO     - img2od: 0 | od2fr: 0 | od2lpr: 366 | od2cap: 0 | fr2kr: 0 | lpr2kr: 1000 | cap2udp: 0 | kr2udp: 1 | 
2026-05-03 17:20:04,565 - INFO     - img2od: 0 | od2fr: 0 | od2lpr: 362 | od2cap: 0 | fr2kr: 0 | lpr2kr: 1000 | cap2udp: 0 | kr2udp: 1 | 
2026-05-03 17:20:05,566 - INFO     - img2od: 0 | od2fr: 0 | od2lpr: 358 | od2cap: 0 | fr2kr: 0 | lpr2kr: 1000 | cap2udp: 0 | kr2udp: 1 | 
2026-05-03 17:20:06,567 - INFO     - img2od: 0 | od2fr: 0 | od2lpr: 355 | od2cap: 0 | fr2kr: 0 | lpr2kr: 1000 | cap2udp: 0 | kr2udp: 1 | 
2026-05-03 17:20:07,568 - INFO     - img2od: 0 | od2fr: 0 | od2lpr: 351 | od2cap: 0 | fr2kr: 0 | lpr2kr: 1000 | cap2udp: 0 | kr2udp: 1 | 
2026-05-03 17:20:08,569 - INFO     - img2od: 0 | od2fr: 0 | od2lpr: 347 | od2cap: 0 | fr2kr: 0 | lpr2kr: 1000 | cap2udp: 0 | kr2udp: 1 | 
2026-05-03 17:20:09,570 - INFO     - img2od: 0 | od2fr: 0 | od2lpr: 343 | od2cap: 0 | fr2kr: 0 | lpr2kr: 999 | cap2udp: 0 | kr2udp: 1 | 
2026-05-03 17:20:10,571 - INFO     - img2od: 0 | od2fr: 0 | od2lpr: 339 | od2cap: 0 | fr2kr: 0 | lpr2kr: 1000 | cap2udp: 0 | kr2udp: 1 | 
2026-05-03 17:20:11,572 - INFO     - img2od: 0 | od2fr: 0 | od2lpr: 335 | od2cap: 0 | fr2kr: 0 | lpr2kr: 1000 | cap2udp: 0 | kr2udp: 1 | 
2026-05-03 17:20:12,573 - INFO     - img2od: 0 | od2fr: 0 | od2lpr: 331 | od2cap: 0 | fr2kr: 0 | lpr2kr: 1000 | cap2udp: 0 | kr2udp: 1 | 
2026-05-03 17:20:13,574 - INFO     - img2od: 0 | od2fr: 0 | od2lpr: 327 | od2cap: 0 | fr2kr: 0 | lpr2kr: 1000 | cap2udp: 0 | kr2udp: 1 | 
2026-05-03 17:20:14,575 - INFO     - img2od: 0 | od2fr: 0 | od2lpr: 323 | od2cap: 0 | fr2kr: 0 | lpr2kr: 1000 | cap2udp: 0 | kr2udp: 1 | 
2026-05-03 17:20:15,576 - INFO     - img2od: 0 | od2fr: 0 | od2lpr: 319 | od2cap: 0 | fr2kr: 0 | lpr2kr: 1000 | cap2udp: 0 | kr2udp: 1 | 
2026-05-03 17:20:16,577 - INFO     - img2od: 0 | od2fr: 0 | od2lpr: 315 | od2cap: 0 | fr2kr: 0 | lpr2kr: 1000 | cap2udp: 0 | kr2udp: 1 | 
2026-05-03 17:20:17,578 - INFO     - img2od: 0 | od2fr: 0 | od2lpr: 311 | od2cap: 0 | fr2kr: 0 | lpr2kr: 1000 | cap2udp: 0 | kr2udp: 1 | 
2026-05-03 17:20:18,579 - INFO     - img2od: 0 | od2fr: 0 | od2lpr: 307 | od2cap: 0 | fr2kr: 0 | lpr2kr: 1000 | cap2udp: 0 | kr2udp: 1 | 
2026-05-03 17:20:19,581 - INFO     - img2od: 0 | od2fr: 0 | od2lpr: 303 | od2cap: 0 | fr2kr: 0 | lpr2kr: 1000 | cap2udp: 0 | kr2udp: 1 | 
2026-05-03 17:20:20,581 - INFO     - img2od: 0 | od2fr: 0 | od2lpr: 299 | od2cap: 0 | fr2kr: 0 | lpr2kr: 1000 | cap2udp: 0 | kr2udp: 1 | 
2026-05-03 17:20:21,583 - INFO     - img2od: 0 | od2fr: 0 | od2lpr: 295 | od2cap: 0 | fr2kr: 0 | lpr2kr: 1000 | cap2udp: 0 | kr2udp: 1 | 
2026-05-03 17:20:22,584 - INFO     - img2od: 0 | od2fr: 0 | od2lpr: 291 | od2cap: 0 | fr2kr: 0 | lpr2kr: 1000 | cap2udp: 0 | kr2udp: 1 | 
2026-05-03 17:20:23,585 - INFO     - img2od: 0 | od2fr: 0 | od2lpr: 287 | od2cap: 0 | fr2kr: 0 | lpr2kr: 1000 | cap2udp: 0 | kr2udp: 0 | 
2026-05-03 17:20:24,586 - INFO     - img2od: 0 | od2fr: 0 | od2lpr: 283 | od2cap: 0 | fr2kr: 0 | lpr2kr: 1000 | cap2udp: 0 | kr2udp: 1 | 
2026-05-03 17:20:25,587 - INFO     - img2od: 0 | od2fr: 0 | od2lpr: 279 | od2cap: 0 | fr2kr: 0 | lpr2kr: 1000 | cap2udp: 0 | kr2udp: 1 | 
2026-05-03 17:20:26,589 - INFO     - img2od: 0 | od2fr: 0 | od2lpr: 275 | od2cap: 0 | fr2kr: 0 | lpr2kr: 1000 | cap2udp: 0 | kr2udp: 0 | 
2026-05-03 17:20:27,590 - INFO     - img2od: 0 | od2fr: 0 | od2lpr: 271 | od2cap: 0 | fr2kr: 0 | lpr2kr: 1000 | cap2udp: 0 | kr2udp: 0 | 
2026-05-03 17:20:28,591 - INFO     - img2od: 0 | od2fr: 0 | od2lpr: 267 | od2cap: 0 | fr2kr: 0 | lpr2kr: 1000 | cap2udp: 0 | kr2udp: 1 | 
2026-05-03 17:20:29,592 - INFO     - img2od: 0 | od2fr: 0 | od2lpr: 264 | od2cap: 0 | fr2kr: 0 | lpr2kr: 999 | cap2udp: 0 | kr2udp: 1 | 
2026-05-03 17:20:30,593 - INFO     - img2od: 0 | od2fr: 0 | od2lpr: 260 | od2cap: 0 | fr2kr: 0 | lpr2kr: 1000 | cap2udp: 0 | kr2udp: 1 | 
2026-05-03 17:20:31,595 - INFO     - img2od: 0 | od2fr: 0 | od2lpr: 256 | od2cap: 0 | fr2kr: 0 | lpr2kr: 1000 | cap2udp: 0 | kr2udp: 1 | 
2026-05-03 17:20:32,596 - INFO     - img2od: 0 | od2fr: 0 | od2lpr: 252 | od2cap: 0 | fr2kr: 0 | lpr2kr: 1000 | cap2udp: 0 | kr2udp: 1 | 
2026-05-03 17:20:33,597 - INFO     - img2od: 0 | od2fr: 0 | od2lpr: 248 | od2cap: 0 | fr2kr: 0 | lpr2kr: 1000 | cap2udp: 0 | kr2udp: 1 | 
2026-05-03 17:20:34,598 - INFO     - img2od: 0 | od2fr: 0 | od2lpr: 244 | od2cap: 0 | fr2kr: 0 | lpr2kr: 1000 | cap2udp: 0 | kr2udp: 1 | 
2026-05-03 17:20:35,599 - INFO     - img2od: 0 | od2fr: 0 | od2lpr: 240 | od2cap: 0 | fr2kr: 0 | lpr2kr: 1000 | cap2udp: 0 | kr2udp: 1 | 
2026-05-03 17:20:36,601 - INFO     - img2od: 0 | od2fr: 0 | od2lpr: 236 | od2cap: 0 | fr2kr: 0 | lpr2kr: 1000 | cap2udp: 0 | kr2udp: 1 | 
2026-05-03 17:20:37,602 - INFO     - img2od: 0 | od2fr: 0 | od2lpr: 232 | od2cap: 0 | fr2kr: 0 | lpr2kr: 1000 | cap2udp: 0 | kr2udp: 1 | 
2026-05-03 17:20:38,603 - INFO     - img2od: 0 | od2fr: 0 | od2lpr: 228 | od2cap: 0 | fr2kr: 0 | lpr2kr: 1000 | cap2udp: 0 | kr2udp: 1 | 
2026-05-03 17:20:39,604 - INFO     - img2od: 0 | od2fr: 0 | od2lpr: 224 | od2cap: 0 | fr2kr: 0 | lpr2kr: 1000 | cap2udp: 0 | kr2udp: 0 | 
2026-05-03 17:20:40,605 - INFO     - img2od: 0 | od2fr: 0 | od2lpr: 220 | od2cap: 0 | fr2kr: 0 | lpr2kr: 1000 | cap2udp: 0 | kr2udp: 1 | 
2026-05-03 17:20:41,606 - INFO     - img2od: 0 | od2fr: 0 | od2lpr: 216 | od2cap: 0 | fr2kr: 0 | lpr2kr: 1000 | cap2udp: 0 | kr2udp: 1 | 
2026-05-03 17:20:42,608 - INFO     - img2od: 0 | od2fr: 0 | od2lpr: 212 | od2cap: 0 | fr2kr: 0 | lpr2kr: 1000 | cap2udp: 0 | kr2udp: 1 | 
2026-05-03 17:20:43,609 - INFO     - img2od: 0 | od2fr: 0 | od2lpr: 208 | od2cap: 0 | fr2kr: 0 | lpr2kr: 1000 | cap2udp: 0 | kr2udp: 1 | 
2026-05-03 17:20:44,610 - INFO     - img2od: 0 | od2fr: 0 | od2lpr: 204 | od2cap: 0 | fr2kr: 0 | lpr2kr: 1000 | cap2udp: 0 | kr2udp: 1 | 
2026-05-03 17:20:45,611 - INFO     - img2od: 0 | od2fr: 0 | od2lpr: 200 | od2cap: 0 | fr2kr: 0 | lpr2kr: 1000 | cap2udp: 0 | kr2udp: 1 | 
2026-05-03 17:20:46,612 - INFO     - img2od: 0 | od2fr: 0 | od2lpr: 196 | od2cap: 0 | fr2kr: 0 | lpr2kr: 1000 | cap2udp: 0 | kr2udp: 0 | 
2026-05-03 17:20:47,614 - INFO     - img2od: 0 | od2fr: 0 | od2lpr: 192 | od2cap: 0 | fr2kr: 0 | lpr2kr: 1000 | cap2udp: 0 | kr2udp: 0 | 
2026-05-03 17:20:48,615 - INFO     - img2od: 0 | od2fr: 0 | od2lpr: 188 | od2cap: 0 | fr2kr: 0 | lpr2kr: 1000 | cap2udp: 0 | kr2udp: 0 | 
2026-05-03 17:20:49,616 - INFO     - img2od: 0 | od2fr: 0 | od2lpr: 185 | od2cap: 0 | fr2kr: 0 | lpr2kr: 999 | cap2udp: 0 | kr2udp: 1 | 
2026-05-03 17:20:50,617 - INFO     - img2od: 0 | od2fr: 0 | od2lpr: 181 | od2cap: 0 | fr2kr: 0 | lpr2kr: 1000 | cap2udp: 0 | kr2udp: 1 | 
2026-05-03 17:20:51,618 - INFO     - img2od: 0 | od2fr: 0 | od2lpr: 177 | od2cap: 0 | fr2kr: 0 | lpr2kr: 1000 | cap2udp: 0 | kr2udp: 1 | 
2026-05-03 17:20:52,619 - INFO     - img2od: 0 | od2fr: 0 | od2lpr: 173 | od2cap: 0 | fr2kr: 0 | lpr2kr: 1000 | cap2udp: 0 | kr2udp: 1 | 
2026-05-03 17:20:53,620 - INFO     - img2od: 0 | od2fr: 0 | od2lpr: 169 | od2cap: 0 | fr2kr: 0 | lpr2kr: 1000 | cap2udp: 0 | kr2udp: 1 | 
2026-05-03 17:20:54,621 - INFO     - img2od: 0 | od2fr: 0 | od2lpr: 165 | od2cap: 0 | fr2kr: 0 | lpr2kr: 1000 | cap2udp: 0 | kr2udp: 1 | 
2026-05-03 17:20:55,622 - INFO     - img2od: 0 | od2fr: 0 | od2lpr: 161 | od2cap: 0 | fr2kr: 0 | lpr2kr: 1000 | cap2udp: 0 | kr2udp: 1 | 
2026-05-03 17:20:56,624 - INFO     - img2od: 0 | od2fr: 0 | od2lpr: 157 | od2cap: 0 | fr2kr: 0 | lpr2kr: 1000 | cap2udp: 0 | kr2udp: 1 | 
2026-05-03 17:20:57,625 - INFO     - img2od: 0 | od2fr: 0 | od2lpr: 153 | od2cap: 0 | fr2kr: 0 | lpr2kr: 1000 | cap2udp: 0 | kr2udp: 1 | 
2026-05-03 17:20:58,626 - INFO     - img2od: 0 | od2fr: 0 | od2lpr: 149 | od2cap: 0 | fr2kr: 0 | lpr2kr: 1000 | cap2udp: 0 | kr2udp: 1 | 
2026-05-03 17:20:59,627 - INFO     - img2od: 0 | od2fr: 0 | od2lpr: 145 | od2cap: 0 | fr2kr: 0 | lpr2kr: 1000 | cap2udp: 0 | kr2udp: 1 | 
2026-05-03 17:21:00,628 - INFO     - img2od: 0 | od2fr: 0 | od2lpr: 141 | od2cap: 0 | fr2kr: 0 | lpr2kr: 1000 | cap2udp: 0 | kr2udp: 0 | 
2026-05-03 17:21:01,630 - INFO     - img2od: 0 | od2fr: 0 | od2lpr: 137 | od2cap: 0 | fr2kr: 0 | lpr2kr: 1000 | cap2udp: 0 | kr2udp: 1 | 
2026-05-03 17:21:02,631 - INFO     - img2od: 0 | od2fr: 0 | od2lpr: 133 | od2cap: 0 | fr2kr: 0 | lpr2kr: 1000 | cap2udp: 0 | kr2udp: 1 | 
2026-05-03 17:21:03,632 - INFO     - img2od: 0 | od2fr: 0 | od2lpr: 129 | od2cap: 0 | fr2kr: 0 | lpr2kr: 1000 | cap2udp: 0 | kr2udp: 0 | 
2026-05-03 17:21:04,633 - INFO     - img2od: 0 | od2fr: 0 | od2lpr: 125 | od2cap: 0 | fr2kr: 0 | lpr2kr: 1000 | cap2udp: 0 | kr2udp: 0 | 
2026-05-03 17:21:05,634 - INFO     - img2od: 0 | od2fr: 0 | od2lpr: 121 | od2cap: 0 | fr2kr: 0 | lpr2kr: 1000 | cap2udp: 0 | kr2udp: 1 | 
2026-05-03 17:21:06,636 - INFO     - img2od: 0 | od2fr: 0 | od2lpr: 117 | od2cap: 0 | fr2kr: 0 | lpr2kr: 1000 | cap2udp: 0 | kr2udp: 1 | 
2026-05-03 17:21:07,637 - INFO     - img2od: 0 | od2fr: 0 | od2lpr: 113 | od2cap: 0 | fr2kr: 0 | lpr2kr: 1000 | cap2udp: 0 | kr2udp: 1 | 
2026-05-03 17:21:08,638 - INFO     - img2od: 0 | od2fr: 0 | od2lpr: 109 | od2cap: 0 | fr2kr: 0 | lpr2kr: 1000 | cap2udp: 0 | kr2udp: 0 | 
2026-05-03 17:21:09,639 - INFO     - img2od: 0 | od2fr: 0 | od2lpr: 106 | od2cap: 0 | fr2kr: 0 | lpr2kr: 1000 | cap2udp: 0 | kr2udp: 1 | 
2026-05-03 17:21:10,640 - INFO     - img2od: 0 | od2fr: 0 | od2lpr: 102 | od2cap: 0 | fr2kr: 0 | lpr2kr: 1000 | cap2udp: 0 | kr2udp: 1 | 
2026-05-03 17:21:11,642 - INFO     - img2od: 0 | od2fr: 0 | od2lpr: 98 | od2cap: 0 | fr2kr: 0 | lpr2kr: 1000 | cap2udp: 0 | kr2udp: 1 | 
2026-05-03 17:21:12,643 - INFO     - img2od: 0 | od2fr: 0 | od2lpr: 94 | od2cap: 0 | fr2kr: 0 | lpr2kr: 1000 | cap2udp: 0 | kr2udp: 1 | 
2026-05-03 17:21:13,644 - INFO     - img2od: 0 | od2fr: 0 | od2lpr: 90 | od2cap: 0 | fr2kr: 0 | lpr2kr: 1000 | cap2udp: 0 | kr2udp: 1 | 
2026-05-03 17:21:14,645 - INFO     - img2od: 0 | od2fr: 0 | od2lpr: 86 | od2cap: 0 | fr2kr: 0 | lpr2kr: 1000 | cap2udp: 0 | kr2udp: 1 | 
2026-05-03 17:21:15,646 - INFO     - img2od: 0 | od2fr: 0 | od2lpr: 82 | od2cap: 0 | fr2kr: 0 | lpr2kr: 1000 | cap2udp: 0 | kr2udp: 1 | 
2026-05-03 17:21:16,648 - INFO     - img2od: 0 | od2fr: 0 | od2lpr: 78 | od2cap: 0 | fr2kr: 0 | lpr2kr: 1000 | cap2udp: 0 | kr2udp: 1 | 
2026-05-03 17:21:17,649 - INFO     - img2od: 0 | od2fr: 0 | od2lpr: 74 | od2cap: 0 | fr2kr: 0 | lpr2kr: 1000 | cap2udp: 0 | kr2udp: 1 | 
2026-05-03 17:21:18,650 - INFO     - img2od: 0 | od2fr: 0 | od2lpr: 70 | od2cap: 0 | fr2kr: 0 | lpr2kr: 1000 | cap2udp: 0 | kr2udp: 1 | 
2026-05-03 17:21:19,651 - INFO     - img2od: 0 | od2fr: 0 | od2lpr: 66 | od2cap: 0 | fr2kr: 0 | lpr2kr: 1000 | cap2udp: 0 | kr2udp: 0 | 
2026-05-03 17:21:20,652 - INFO     - img2od: 0 | od2fr: 0 | od2lpr: 62 | od2cap: 0 | fr2kr: 0 | lpr2kr: 1000 | cap2udp: 0 | kr2udp: 1 | 
2026-05-03 17:21:21,653 - INFO     - img2od: 0 | od2fr: 0 | od2lpr: 58 | od2cap: 0 | fr2kr: 0 | lpr2kr: 1000 | cap2udp: 0 | kr2udp: 1 | 
2026-05-03 17:21:22,654 - INFO     - img2od: 0 | od2fr: 0 | od2lpr: 54 | od2cap: 0 | fr2kr: 0 | lpr2kr: 1000 | cap2udp: 0 | kr2udp: 1 | 
2026-05-03 17:21:23,655 - INFO     - img2od: 0 | od2fr: 0 | od2lpr: 50 | od2cap: 0 | fr2kr: 0 | lpr2kr: 1000 | cap2udp: 0 | kr2udp: 1 | 
2026-05-03 17:21:24,657 - INFO     - img2od: 0 | od2fr: 0 | od2lpr: 46 | od2cap: 0 | fr2kr: 0 | lpr2kr: 1000 | cap2udp: 0 | kr2udp: 1 | 
2026-05-03 17:21:25,658 - INFO     - img2od: 0 | od2fr: 0 | od2lpr: 42 | od2cap: 0 | fr2kr: 0 | lpr2kr: 1000 | cap2udp: 0 | kr2udp: 1 | 
2026-05-03 17:21:26,659 - INFO     - img2od: 0 | od2fr: 0 | od2lpr: 38 | od2cap: 0 | fr2kr: 0 | lpr2kr: 1000 | cap2udp: 0 | kr2udp: 1 | 
2026-05-03 17:21:27,660 - INFO     - img2od: 0 | od2fr: 0 | od2lpr: 34 | od2cap: 0 | fr2kr: 0 | lpr2kr: 1000 | cap2udp: 0 | kr2udp: 1 | 
2026-05-03 17:21:28,661 - INFO     - img2od: 0 | od2fr: 0 | od2lpr: 30 | od2cap: 0 | fr2kr: 0 | lpr2kr: 1000 | cap2udp: 0 | kr2udp: 1 | 
2026-05-03 17:21:29,663 - INFO     - img2od: 0 | od2fr: 0 | od2lpr: 26 | od2cap: 0 | fr2kr: 0 | lpr2kr: 1000 | cap2udp: 0 | kr2udp: 1 | 
2026-05-03 17:21:30,663 - INFO     - img2od: 0 | od2fr: 0 | od2lpr: 22 | od2cap: 0 | fr2kr: 0 | lpr2kr: 1000 | cap2udp: 0 | kr2udp: 1 | 
2026-05-03 17:21:31,664 - INFO     - img2od: 0 | od2fr: 0 | od2lpr: 18 | od2cap: 0 | fr2kr: 0 | lpr2kr: 1000 | cap2udp: 0 | kr2udp: 1 | 
2026-05-03 17:21:32,665 - INFO     - img2od: 0 | od2fr: 0 | od2lpr: 14 | od2cap: 0 | fr2kr: 0 | lpr2kr: 1000 | cap2udp: 0 | kr2udp: 1 | 
2026-05-03 17:21:33,666 - INFO     - img2od: 0 | od2fr: 0 | od2lpr: 10 | od2cap: 0 | fr2kr: 0 | lpr2kr: 1000 | cap2udp: 0 | kr2udp: 1 | 
loading model on device: cuda
Initializing checkpoint: PekingU/rtdetr_r50vd, ID: 0
2026-05-03 17:21:34,667 - INFO     - img2od: 0 | od2fr: 0 | od2lpr: 5 | od2cap: 0 | fr2kr: 0 | lpr2kr: 1000 | cap2udp: 0 | kr2udp: 1 | 
2026-05-03 17:21:35,668 - INFO     - img2od: 0 | od2fr: 0 | od2lpr: 2 | od2cap: 0 | fr2kr: 0 | lpr2kr: 1000 | cap2udp: 0 | kr2udp: 1 | 
2026-05-03 17:21:35,963 - INFO     - lprStream    : Received END signal, shutting down
2026-05-03 17:21:36,313 - INFO     - lprStream    : shutdown successful
2026-05-03 17:21:36,669 - INFO     - img2od: 0 | od2fr: 0 | od2lpr: 0 | od2cap: 0 | fr2kr: 0 | lpr2kr: 999 | cap2udp: 0 | kr2udp: 1 | 
2026-05-03 17:21:37,670 - INFO     - img2od: 0 | od2fr: 0 | od2lpr: 0 | od2cap: 0 | fr2kr: 0 | lpr2kr: 994 | cap2udp: 0 | kr2udp: 0 | 
2026-05-03 17:21:38,671 - INFO     - img2od: 0 | od2fr: 0 | od2lpr: 0 | od2cap: 0 | fr2kr: 0 | lpr2kr: 990 | cap2udp: 0 | kr2udp: 1 | 
2026-05-03 17:21:39,672 - INFO     - img2od: 0 | od2fr: 0 | od2lpr: 0 | od2cap: 0 | fr2kr: 0 | lpr2kr: 986 | cap2udp: 0 | kr2udp: 1 | 
2026-05-03 17:21:40,673 - INFO     - img2od: 0 | od2fr: 0 | od2lpr: 0 | od2cap: 0 | fr2kr: 0 | lpr2kr: 981 | cap2udp: 0 | kr2udp: 0 | 
2026-05-03 17:21:41,674 - INFO     - img2od: 0 | od2fr: 0 | od2lpr: 0 | od2cap: 0 | fr2kr: 0 | lpr2kr: 977 | cap2udp: 0 | kr2udp: 1 | 
2026-05-03 17:21:42,675 - INFO     - img2od: 0 | od2fr: 0 | od2lpr: 0 | od2cap: 0 | fr2kr: 0 | lpr2kr: 972 | cap2udp: 0 | kr2udp: 1 | 
2026-05-03 17:21:43,676 - INFO     - img2od: 0 | od2fr: 0 | od2lpr: 0 | od2cap: 0 | fr2kr: 0 | lpr2kr: 968 | cap2udp: 0 | kr2udp: 0 | 
2026-05-03 17:21:44,677 - INFO     - img2od: 0 | od2fr: 0 | od2lpr: 0 | od2cap: 0 | fr2kr: 0 | lpr2kr: 964 | cap2udp: 0 | kr2udp: 1 | 
2026-05-03 17:21:45,678 - INFO     - img2od: 0 | od2fr: 0 | od2lpr: 0 | od2cap: 0 | fr2kr: 0 | lpr2kr: 959 | cap2udp: 0 | kr2udp: 0 | 
2026-05-03 17:21:46,679 - INFO     - img2od: 0 | od2fr: 0 | od2lpr: 0 | od2cap: 0 | fr2kr: 0 | lpr2kr: 955 | cap2udp: 0 | kr2udp: 1 | 
2026-05-03 17:21:47,680 - INFO     - img2od: 0 | od2fr: 0 | od2lpr: 0 | od2cap: 0 | fr2kr: 0 | lpr2kr: 951 | cap2udp: 0 | kr2udp: 1 | 
2026-05-03 17:21:48,682 - INFO     - img2od: 0 | od2fr: 0 | od2lpr: 0 | od2cap: 0 | fr2kr: 0 | lpr2kr: 946 | cap2udp: 0 | kr2udp: 0 | 
2026-05-03 17:21:49,683 - INFO     - img2od: 0 | od2fr: 0 | od2lpr: 0 | od2cap: 0 | fr2kr: 0 | lpr2kr: 942 | cap2udp: 0 | kr2udp: 1 | 
2026-05-03 17:21:50,684 - INFO     - img2od: 0 | od2fr: 0 | od2lpr: 0 | od2cap: 0 | fr2kr: 0 | lpr2kr: 937 | cap2udp: 0 | kr2udp: 1 | 
2026-05-03 17:21:51,685 - INFO     - img2od: 0 | od2fr: 0 | od2lpr: 0 | od2cap: 0 | fr2kr: 0 | lpr2kr: 933 | cap2udp: 0 | kr2udp: 0 | 
2026-05-03 17:21:52,686 - INFO     - img2od: 0 | od2fr: 0 | od2lpr: 0 | od2cap: 0 | fr2kr: 0 | lpr2kr: 929 | cap2udp: 0 | kr2udp: 1 | 
2026-05-03 17:21:53,688 - INFO     - img2od: 0 | od2fr: 0 | od2lpr: 0 | od2cap: 0 | fr2kr: 0 | lpr2kr: 924 | cap2udp: 0 | kr2udp: 0 | 
2026-05-03 17:21:54,689 - INFO     - img2od: 0 | od2fr: 0 | od2lpr: 0 | od2cap: 0 | fr2kr: 0 | lpr2kr: 920 | cap2udp: 0 | kr2udp: 1 | 
2026-05-03 17:21:55,690 - INFO     - img2od: 0 | od2fr: 0 | od2lpr: 0 | od2cap: 0 | fr2kr: 0 | lpr2kr: 916 | cap2udp: 0 | kr2udp: 1 | 
2026-05-03 17:21:56,691 - INFO     - img2od: 0 | od2fr: 0 | od2lpr: 0 | od2cap: 0 | fr2kr: 0 | lpr2kr: 911 | cap2udp: 0 | kr2udp: 0 | 
2026-05-03 17:21:57,692 - INFO     - img2od: 0 | od2fr: 0 | od2lpr: 0 | od2cap: 0 | fr2kr: 0 | lpr2kr: 907 | cap2udp: 0 | kr2udp: 1 | 
2026-05-03 17:21:58,693 - INFO     - img2od: 0 | od2fr: 0 | od2lpr: 0 | od2cap: 0 | fr2kr: 0 | lpr2kr: 902 | cap2udp: 0 | kr2udp: 1 | 
2026-05-03 17:21:59,694 - INFO     - img2od: 0 | od2fr: 0 | od2lpr: 0 | od2cap: 0 | fr2kr: 0 | lpr2kr: 898 | cap2udp: 0 | kr2udp: 0 | 
2026-05-03 17:22:00,695 - INFO     - img2od: 0 | od2fr: 0 | od2lpr: 0 | od2cap: 0 | fr2kr: 0 | lpr2kr: 894 | cap2udp: 0 | kr2udp: 1 | 
2026-05-03 17:22:01,696 - INFO     - img2od: 0 | od2fr: 0 | od2lpr: 0 | od2cap: 0 | fr2kr: 0 | lpr2kr: 889 | cap2udp: 0 | kr2udp: 0 | 
2026-05-03 17:22:02,698 - INFO     - img2od: 0 | od2fr: 0 | od2lpr: 0 | od2cap: 0 | fr2kr: 0 | lpr2kr: 885 | cap2udp: 0 | kr2udp: 0 | 
2026-05-03 17:22:03,699 - INFO     - img2od: 0 | od2fr: 0 | od2lpr: 0 | od2cap: 0 | fr2kr: 0 | lpr2kr: 881 | cap2udp: 0 | kr2udp: 1 | 
2026-05-03 17:22:04,700 - INFO     - img2od: 0 | od2fr: 0 | od2lpr: 0 | od2cap: 0 | fr2kr: 0 | lpr2kr: 876 | cap2udp: 0 | kr2udp: 0 | 
2026-05-03 17:22:05,701 - INFO     - img2od: 0 | od2fr: 0 | od2lpr: 0 | od2cap: 0 | fr2kr: 0 | lpr2kr: 872 | cap2udp: 0 | kr2udp: 1 | 
2026-05-03 17:22:06,702 - INFO     - img2od: 0 | od2fr: 0 | od2lpr: 0 | od2cap: 0 | fr2kr: 0 | lpr2kr: 868 | cap2udp: 0 | kr2udp: 1 | 
2026-05-03 17:22:07,704 - INFO     - img2od: 0 | od2fr: 0 | od2lpr: 0 | od2cap: 0 | fr2kr: 0 | lpr2kr: 863 | cap2udp: 0 | kr2udp: 0 | 
2026-05-03 17:22:08,705 - INFO     - img2od: 0 | od2fr: 0 | od2lpr: 0 | od2cap: 0 | fr2kr: 0 | lpr2kr: 859 | cap2udp: 0 | kr2udp: 1 | 
2026-05-03 17:22:09,706 - INFO     - img2od: 0 | od2fr: 0 | od2lpr: 0 | od2cap: 0 | fr2kr: 0 | lpr2kr: 854 | cap2udp: 0 | kr2udp: 1 | 
2026-05-03 17:22:10,707 - INFO     - img2od: 0 | od2fr: 0 | od2lpr: 0 | od2cap: 0 | fr2kr: 0 | lpr2kr: 850 | cap2udp: 0 | kr2udp: 0 | 
2026-05-03 17:22:11,708 - INFO     - img2od: 0 | od2fr: 0 | od2lpr: 0 | od2cap: 0 | fr2kr: 0 | lpr2kr: 846 | cap2udp: 0 | kr2udp: 1 | 
2026-05-03 17:22:12,710 - INFO     - img2od: 0 | od2fr: 0 | od2lpr: 0 | od2cap: 0 | fr2kr: 0 | lpr2kr: 841 | cap2udp: 0 | kr2udp: 0 | 
2026-05-03 17:22:13,711 - INFO     - img2od: 0 | od2fr: 0 | od2lpr: 0 | od2cap: 0 | fr2kr: 0 | lpr2kr: 837 | cap2udp: 0 | kr2udp: 0 | 
2026-05-03 17:22:14,712 - INFO     - img2od: 0 | od2fr: 0 | od2lpr: 0 | od2cap: 0 | fr2kr: 0 | lpr2kr: 833 | cap2udp: 0 | kr2udp: 1 | 
2026-05-03 17:22:15,713 - INFO     - img2od: 0 | od2fr: 0 | od2lpr: 0 | od2cap: 0 | fr2kr: 0 | lpr2kr: 828 | cap2udp: 0 | kr2udp: 0 | 
2026-05-03 17:22:16,715 - INFO     - img2od: 0 | od2fr: 0 | od2lpr: 0 | od2cap: 0 | fr2kr: 0 | lpr2kr: 824 | cap2udp: 0 | kr2udp: 1 | 
2026-05-03 17:22:17,716 - INFO     - img2od: 0 | od2fr: 0 | od2lpr: 0 | od2cap: 0 | fr2kr: 0 | lpr2kr: 820 | cap2udp: 0 | kr2udp: 1 | 
2026-05-03 17:22:18,717 - INFO     - img2od: 0 | od2fr: 0 | od2lpr: 0 | od2cap: 0 | fr2kr: 0 | lpr2kr: 815 | cap2udp: 0 | kr2udp: 0 | 
2026-05-03 17:22:19,718 - INFO     - img2od: 0 | od2fr: 0 | od2lpr: 0 | od2cap: 0 | fr2kr: 0 | lpr2kr: 811 | cap2udp: 0 | kr2udp: 1 | 
2026-05-03 17:22:20,720 - INFO     - img2od: 0 | od2fr: 0 | od2lpr: 0 | od2cap: 0 | fr2kr: 0 | lpr2kr: 806 | cap2udp: 0 | kr2udp: 0 | 
2026-05-03 17:22:21,721 - INFO     - img2od: 0 | od2fr: 0 | od2lpr: 0 | od2cap: 0 | fr2kr: 0 | lpr2kr: 802 | cap2udp: 0 | kr2udp: 0 | 
2026-05-03 17:22:22,722 - INFO     - img2od: 0 | od2fr: 0 | od2lpr: 0 | od2cap: 0 | fr2kr: 0 | lpr2kr: 798 | cap2udp: 0 | kr2udp: 1 | 
2026-05-03 17:22:23,723 - INFO     - img2od: 0 | od2fr: 0 | od2lpr: 0 | od2cap: 0 | fr2kr: 0 | lpr2kr: 793 | cap2udp: 0 | kr2udp: 0 | 
2026-05-03 17:22:24,724 - INFO     - img2od: 0 | od2fr: 0 | od2lpr: 0 | od2cap: 0 | fr2kr: 0 | lpr2kr: 789 | cap2udp: 0 | kr2udp: 1 | 
2026-05-03 17:22:25,726 - INFO     - img2od: 0 | od2fr: 0 | od2lpr: 0 | od2cap: 0 | fr2kr: 0 | lpr2kr: 785 | cap2udp: 0 | kr2udp: 1 | 
2026-05-03 17:22:26,727 - INFO     - img2od: 0 | od2fr: 0 | od2lpr: 0 | od2cap: 0 | fr2kr: 0 | lpr2kr: 780 | cap2udp: 0 | kr2udp: 0 | 
2026-05-03 17:22:27,728 - INFO     - img2od: 0 | od2fr: 0 | od2lpr: 0 | od2cap: 0 | fr2kr: 0 | lpr2kr: 776 | cap2udp: 0 | kr2udp: 1 | 
2026-05-03 17:22:28,729 - INFO     - img2od: 0 | od2fr: 0 | od2lpr: 0 | od2cap: 0 | fr2kr: 0 | lpr2kr: 771 | cap2udp: 0 | kr2udp: 1 | 
2026-05-03 17:22:29,730 - INFO     - img2od: 0 | od2fr: 0 | od2lpr: 0 | od2cap: 0 | fr2kr: 0 | lpr2kr: 767 | cap2udp: 0 | kr2udp: 0 | 
2026-05-03 17:22:30,732 - INFO     - img2od: 0 | od2fr: 0 | od2lpr: 0 | od2cap: 0 | fr2kr: 0 | lpr2kr: 763 | cap2udp: 0 | kr2udp: 1 | 
2026-05-03 17:22:31,733 - INFO     - img2od: 0 | od2fr: 0 | od2lpr: 0 | od2cap: 0 | fr2kr: 0 | lpr2kr: 758 | cap2udp: 0 | kr2udp: 0 | 
2026-05-03 17:22:32,734 - INFO     - img2od: 0 | od2fr: 0 | od2lpr: 0 | od2cap: 0 | fr2kr: 0 | lpr2kr: 754 | cap2udp: 0 | kr2udp: 0 | 
2026-05-03 17:22:33,735 - INFO     - img2od: 0 | od2fr: 0 | od2lpr: 0 | od2cap: 0 | fr2kr: 0 | lpr2kr: 750 | cap2udp: 0 | kr2udp: 1 | 
2026-05-03 17:22:34,737 - INFO     - img2od: 0 | od2fr: 0 | od2lpr: 0 | od2cap: 0 | fr2kr: 0 | lpr2kr: 745 | cap2udp: 0 | kr2udp: 0 | 
2026-05-03 17:22:35,738 - INFO     - img2od: 0 | od2fr: 0 | od2lpr: 0 | od2cap: 0 | fr2kr: 0 | lpr2kr: 741 | cap2udp: 0 | kr2udp: 1 | 
2026-05-03 17:22:36,739 - INFO     - img2od: 0 | od2fr: 0 | od2lpr: 0 | od2cap: 0 | fr2kr: 0 | lpr2kr: 736 | cap2udp: 0 | kr2udp: 0 | 
2026-05-03 17:22:37,740 - INFO     - img2od: 0 | od2fr: 0 | od2lpr: 0 | od2cap: 0 | fr2kr: 0 | lpr2kr: 732 | cap2udp: 0 | kr2udp: 1 | 
2026-05-03 17:22:38,741 - INFO     - img2od: 0 | od2fr: 0 | od2lpr: 0 | od2cap: 0 | fr2kr: 0 | lpr2kr: 728 | cap2udp: 0 | kr2udp: 1 | 
2026-05-03 17:22:39,743 - INFO     - img2od: 0 | od2fr: 0 | od2lpr: 0 | od2cap: 0 | fr2kr: 0 | lpr2kr: 723 | cap2udp: 0 | kr2udp: 0 | 
2026-05-03 17:22:40,744 - INFO     - img2od: 0 | od2fr: 0 | od2lpr: 0 | od2cap: 0 | fr2kr: 0 | lpr2kr: 719 | cap2udp: 0 | kr2udp: 1 | 
2026-05-03 17:22:41,745 - INFO     - img2od: 0 | od2fr: 0 | od2lpr: 0 | od2cap: 0 | fr2kr: 0 | lpr2kr: 714 | cap2udp: 0 | kr2udp: 1 | 
2026-05-03 17:22:42,746 - INFO     - img2od: 0 | od2fr: 0 | od2lpr: 0 | od2cap: 0 | fr2kr: 0 | lpr2kr: 710 | cap2udp: 0 | kr2udp: 0 | 
2026-05-03 17:22:43,748 - INFO     - img2od: 0 | od2fr: 0 | od2lpr: 0 | od2cap: 0 | fr2kr: 0 | lpr2kr: 706 | cap2udp: 0 | kr2udp: 1 | 
2026-05-03 17:22:44,749 - INFO     - img2od: 0 | od2fr: 0 | od2lpr: 0 | od2cap: 0 | fr2kr: 0 | lpr2kr: 701 | cap2udp: 0 | kr2udp: 0 | 
2026-05-03 17:22:45,750 - INFO     - img2od: 0 | od2fr: 0 | od2lpr: 0 | od2cap: 0 | fr2kr: 0 | lpr2kr: 697 | cap2udp: 0 | kr2udp: 0 | 
2026-05-03 17:22:46,751 - INFO     - img2od: 0 | od2fr: 0 | od2lpr: 0 | od2cap: 0 | fr2kr: 0 | lpr2kr: 693 | cap2udp: 0 | kr2udp: 1 | 
2026-05-03 17:22:47,752 - INFO     - img2od: 0 | od2fr: 0 | od2lpr: 0 | od2cap: 0 | fr2kr: 0 | lpr2kr: 688 | cap2udp: 0 | kr2udp: 1 | 
2026-05-03 17:22:48,754 - INFO     - img2od: 0 | od2fr: 0 | od2lpr: 0 | od2cap: 0 | fr2kr: 0 | lpr2kr: 684 | cap2udp: 0 | kr2udp: 1 | 
2026-05-03 17:22:49,755 - INFO     - img2od: 0 | od2fr: 0 | od2lpr: 0 | od2cap: 0 | fr2kr: 0 | lpr2kr: 679 | cap2udp: 0 | kr2udp: 0 | 
2026-05-03 17:22:50,756 - INFO     - img2od: 0 | od2fr: 0 | od2lpr: 0 | od2cap: 0 | fr2kr: 0 | lpr2kr: 675 | cap2udp: 0 | kr2udp: 1 | 
2026-05-03 17:22:51,757 - INFO     - img2od: 0 | od2fr: 0 | od2lpr: 0 | od2cap: 0 | fr2kr: 0 | lpr2kr: 671 | cap2udp: 0 | kr2udp: 1 | 
2026-05-03 17:22:52,759 - INFO     - img2od: 0 | od2fr: 0 | od2lpr: 0 | od2cap: 0 | fr2kr: 0 | lpr2kr: 666 | cap2udp: 0 | kr2udp: 0 | 
2026-05-03 17:22:53,760 - INFO     - img2od: 0 | od2fr: 0 | od2lpr: 0 | od2cap: 0 | fr2kr: 0 | lpr2kr: 662 | cap2udp: 0 | kr2udp: 1 | 
2026-05-03 17:22:54,761 - INFO     - img2od: 0 | od2fr: 0 | od2lpr: 0 | od2cap: 0 | fr2kr: 0 | lpr2kr: 657 | cap2udp: 0 | kr2udp: 1 | 
2026-05-03 17:22:55,762 - INFO     - img2od: 0 | od2fr: 0 | od2lpr: 0 | od2cap: 0 | fr2kr: 0 | lpr2kr: 653 | cap2udp: 0 | kr2udp: 0 | 
2026-05-03 17:22:56,763 - INFO     - img2od: 0 | od2fr: 0 | od2lpr: 0 | od2cap: 0 | fr2kr: 0 | lpr2kr: 649 | cap2udp: 0 | kr2udp: 1 | 
2026-05-03 17:22:57,765 - INFO     - img2od: 0 | od2fr: 0 | od2lpr: 0 | od2cap: 0 | fr2kr: 0 | lpr2kr: 644 | cap2udp: 0 | kr2udp: 0 | 
2026-05-03 17:22:58,766 - INFO     - img2od: 0 | od2fr: 0 | od2lpr: 0 | od2cap: 0 | fr2kr: 0 | lpr2kr: 640 | cap2udp: 0 | kr2udp: 1 | 
2026-05-03 17:22:59,767 - INFO     - img2od: 0 | od2fr: 0 | od2lpr: 0 | od2cap: 0 | fr2kr: 0 | lpr2kr: 635 | cap2udp: 0 | kr2udp: 0 | 
2026-05-03 17:23:00,768 - INFO     - img2od: 0 | od2fr: 0 | od2lpr: 0 | od2cap: 0 | fr2kr: 0 | lpr2kr: 631 | cap2udp: 0 | kr2udp: 0 | 
2026-05-03 17:23:01,770 - INFO     - img2od: 0 | od2fr: 0 | od2lpr: 0 | od2cap: 0 | fr2kr: 0 | lpr2kr: 627 | cap2udp: 0 | kr2udp: 1 | 
2026-05-03 17:23:02,771 - INFO     - img2od: 0 | od2fr: 0 | od2lpr: 0 | od2cap: 0 | fr2kr: 0 | lpr2kr: 622 | cap2udp: 0 | kr2udp: 0 | 
2026-05-03 17:23:03,772 - INFO     - img2od: 0 | od2fr: 0 | od2lpr: 0 | od2cap: 0 | fr2kr: 0 | lpr2kr: 618 | cap2udp: 0 | kr2udp: 1 | 
2026-05-03 17:23:04,773 - INFO     - img2od: 0 | od2fr: 0 | od2lpr: 0 | od2cap: 0 | fr2kr: 0 | lpr2kr: 613 | cap2udp: 0 | kr2udp: 0 | 
2026-05-03 17:23:05,774 - INFO     - img2od: 0 | od2fr: 0 | od2lpr: 0 | od2cap: 0 | fr2kr: 0 | lpr2kr: 609 | cap2udp: 0 | kr2udp: 1 | 
2026-05-03 17:23:06,776 - INFO     - img2od: 0 | od2fr: 0 | od2lpr: 0 | od2cap: 0 | fr2kr: 0 | lpr2kr: 605 | cap2udp: 0 | kr2udp: 1 | 
2026-05-03 17:23:07,777 - INFO     - img2od: 0 | od2fr: 0 | od2lpr: 0 | od2cap: 0 | fr2kr: 0 | lpr2kr: 600 | cap2udp: 0 | kr2udp: 0 | 
2026-05-03 17:23:08,778 - INFO     - img2od: 0 | od2fr: 0 | od2lpr: 0 | od2cap: 0 | fr2kr: 0 | lpr2kr: 596 | cap2udp: 0 | kr2udp: 1 | 
2026-05-03 17:23:09,779 - INFO     - img2od: 0 | od2fr: 0 | od2lpr: 0 | od2cap: 0 | fr2kr: 0 | lpr2kr: 591 | cap2udp: 0 | kr2udp: 1 | 
2026-05-03 17:23:10,781 - INFO     - img2od: 0 | od2fr: 0 | od2lpr: 0 | od2cap: 0 | fr2kr: 0 | lpr2kr: 587 | cap2udp: 0 | kr2udp: 0 | 
2026-05-03 17:23:11,782 - INFO     - img2od: 0 | od2fr: 0 | od2lpr: 0 | od2cap: 0 | fr2kr: 0 | lpr2kr: 583 | cap2udp: 0 | kr2udp: 1 | 
2026-05-03 17:23:12,783 - INFO     - img2od: 0 | od2fr: 0 | od2lpr: 0 | od2cap: 0 | fr2kr: 0 | lpr2kr: 578 | cap2udp: 0 | kr2udp: 0 | 
2026-05-03 17:23:13,784 - INFO     - img2od: 0 | od2fr: 0 | od2lpr: 0 | od2cap: 0 | fr2kr: 0 | lpr2kr: 574 | cap2udp: 0 | kr2udp: 1 | 
2026-05-03 17:23:14,785 - INFO     - img2od: 0 | od2fr: 0 | od2lpr: 0 | od2cap: 0 | fr2kr: 0 | lpr2kr: 569 | cap2udp: 0 | kr2udp: 0 | 
2026-05-03 17:23:15,787 - INFO     - img2od: 0 | od2fr: 0 | od2lpr: 0 | od2cap: 0 | fr2kr: 0 | lpr2kr: 565 | cap2udp: 0 | kr2udp: 0 | 
2026-05-03 17:23:16,788 - INFO     - img2od: 0 | od2fr: 0 | od2lpr: 0 | od2cap: 0 | fr2kr: 0 | lpr2kr: 561 | cap2udp: 0 | kr2udp: 1 | 
2026-05-03 17:23:17,789 - INFO     - img2od: 0 | od2fr: 0 | od2lpr: 0 | od2cap: 0 | fr2kr: 0 | lpr2kr: 556 | cap2udp: 0 | kr2udp: 0 | 
2026-05-03 17:23:18,790 - INFO     - img2od: 0 | od2fr: 0 | od2lpr: 0 | od2cap: 0 | fr2kr: 0 | lpr2kr: 552 | cap2udp: 0 | kr2udp: 1 | 
2026-05-03 17:23:19,792 - INFO     - img2od: 0 | od2fr: 0 | od2lpr: 0 | od2cap: 0 | fr2kr: 0 | lpr2kr: 548 | cap2udp: 0 | kr2udp: 1 | 
2026-05-03 17:23:20,793 - INFO     - img2od: 0 | od2fr: 0 | od2lpr: 0 | od2cap: 0 | fr2kr: 0 | lpr2kr: 543 | cap2udp: 0 | kr2udp: 0 | 
2026-05-03 17:23:21,794 - INFO     - img2od: 0 | od2fr: 0 | od2lpr: 0 | od2cap: 0 | fr2kr: 0 | lpr2kr: 539 | cap2udp: 0 | kr2udp: 1 | 
2026-05-03 17:23:22,795 - INFO     - img2od: 0 | od2fr: 0 | od2lpr: 0 | od2cap: 0 | fr2kr: 0 | lpr2kr: 534 | cap2udp: 0 | kr2udp: 1 | 
2026-05-03 17:23:23,796 - INFO     - img2od: 0 | od2fr: 0 | od2lpr: 0 | od2cap: 0 | fr2kr: 0 | lpr2kr: 530 | cap2udp: 0 | kr2udp: 1 | 
2026-05-03 17:23:24,798 - INFO     - img2od: 0 | od2fr: 0 | od2lpr: 0 | od2cap: 0 | fr2kr: 0 | lpr2kr: 526 | cap2udp: 0 | kr2udp: 1 | 
2026-05-03 17:23:25,799 - INFO     - img2od: 0 | od2fr: 0 | od2lpr: 0 | od2cap: 0 | fr2kr: 0 | lpr2kr: 521 | cap2udp: 0 | kr2udp: 0 | 
2026-05-03 17:23:26,800 - INFO     - img2od: 0 | od2fr: 0 | od2lpr: 0 | od2cap: 0 | fr2kr: 0 | lpr2kr: 517 | cap2udp: 0 | kr2udp: 1 | 
2026-05-03 17:23:27,801 - INFO     - img2od: 0 | od2fr: 0 | od2lpr: 0 | od2cap: 0 | fr2kr: 0 | lpr2kr: 512 | cap2udp: 0 | kr2udp: 0 | 
2026-05-03 17:23:28,803 - INFO     - img2od: 0 | od2fr: 0 | od2lpr: 0 | od2cap: 0 | fr2kr: 0 | lpr2kr: 508 | cap2udp: 0 | kr2udp: 0 | 
2026-05-03 17:23:29,804 - INFO     - img2od: 0 | od2fr: 0 | od2lpr: 0 | od2cap: 0 | fr2kr: 0 | lpr2kr: 504 | cap2udp: 0 | kr2udp: 1 | 
2026-05-03 17:23:30,805 - INFO     - img2od: 0 | od2fr: 0 | od2lpr: 0 | od2cap: 0 | fr2kr: 0 | lpr2kr: 499 | cap2udp: 0 | kr2udp: 0 | 
2026-05-03 17:23:31,806 - INFO     - img2od: 0 | od2fr: 0 | od2lpr: 0 | od2cap: 0 | fr2kr: 0 | lpr2kr: 495 | cap2udp: 0 | kr2udp: 1 | 
2026-05-03 17:23:32,807 - INFO     - img2od: 0 | od2fr: 0 | od2lpr: 0 | od2cap: 0 | fr2kr: 0 | lpr2kr: 491 | cap2udp: 0 | kr2udp: 1 | 
2026-05-03 17:23:33,809 - INFO     - img2od: 0 | od2fr: 0 | od2lpr: 0 | od2cap: 0 | fr2kr: 0 | lpr2kr: 486 | cap2udp: 0 | kr2udp: 0 | 
2026-05-03 17:23:34,810 - INFO     - img2od: 0 | od2fr: 0 | od2lpr: 0 | od2cap: 0 | fr2kr: 0 | lpr2kr: 482 | cap2udp: 0 | kr2udp: 1 | 
2026-05-03 17:23:35,811 - INFO     - img2od: 0 | od2fr: 0 | od2lpr: 0 | od2cap: 0 | fr2kr: 0 | lpr2kr: 477 | cap2udp: 0 | kr2udp: 1 | 
2026-05-03 17:23:36,812 - INFO     - img2od: 0 | od2fr: 0 | od2lpr: 0 | od2cap: 0 | fr2kr: 0 | lpr2kr: 473 | cap2udp: 0 | kr2udp: 1 | 
2026-05-03 17:23:37,813 - INFO     - img2od: 0 | od2fr: 0 | od2lpr: 0 | od2cap: 0 | fr2kr: 0 | lpr2kr: 468 | cap2udp: 0 | kr2udp: 1 | 
2026-05-03 17:23:38,815 - INFO     - img2od: 0 | od2fr: 0 | od2lpr: 0 | od2cap: 0 | fr2kr: 0 | lpr2kr: 464 | cap2udp: 0 | kr2udp: 0 | 
2026-05-03 17:23:39,816 - INFO     - img2od: 0 | od2fr: 0 | od2lpr: 0 | od2cap: 0 | fr2kr: 0 | lpr2kr: 460 | cap2udp: 0 | kr2udp: 1 | 
2026-05-03 17:23:40,817 - INFO     - img2od: 0 | od2fr: 0 | od2lpr: 0 | od2cap: 0 | fr2kr: 0 | lpr2kr: 455 | cap2udp: 0 | kr2udp: 0 | 
2026-05-03 17:23:41,818 - INFO     - img2od: 0 | od2fr: 0 | od2lpr: 0 | od2cap: 0 | fr2kr: 0 | lpr2kr: 451 | cap2udp: 0 | kr2udp: 0 | 
2026-05-03 17:23:42,820 - INFO     - img2od: 0 | od2fr: 0 | od2lpr: 0 | od2cap: 0 | fr2kr: 0 | lpr2kr: 447 | cap2udp: 0 | kr2udp: 1 | 
2026-05-03 17:23:43,821 - INFO     - img2od: 0 | od2fr: 0 | od2lpr: 0 | od2cap: 0 | fr2kr: 0 | lpr2kr: 442 | cap2udp: 0 | kr2udp: 1 | 
2026-05-03 17:23:44,822 - INFO     - img2od: 0 | od2fr: 0 | od2lpr: 0 | od2cap: 0 | fr2kr: 0 | lpr2kr: 438 | cap2udp: 0 | kr2udp: 1 | 
2026-05-03 17:23:45,823 - INFO     - img2od: 0 | od2fr: 0 | od2lpr: 0 | od2cap: 0 | fr2kr: 0 | lpr2kr: 433 | cap2udp: 0 | kr2udp: 1 | 
2026-05-03 17:23:46,824 - INFO     - img2od: 0 | od2fr: 0 | od2lpr: 0 | od2cap: 0 | fr2kr: 0 | lpr2kr: 428 | cap2udp: 0 | kr2udp: 0 | 
2026-05-03 17:23:47,826 - INFO     - img2od: 0 | od2fr: 0 | od2lpr: 0 | od2cap: 0 | fr2kr: 0 | lpr2kr: 423 | cap2udp: 0 | kr2udp: 0 | 
2026-05-03 17:23:48,827 - INFO     - img2od: 0 | od2fr: 0 | od2lpr: 0 | od2cap: 0 | fr2kr: 0 | lpr2kr: 418 | cap2udp: 0 | kr2udp: 0 | 
2026-05-03 17:23:49,828 - INFO     - img2od: 0 | od2fr: 0 | od2lpr: 0 | od2cap: 0 | fr2kr: 0 | lpr2kr: 413 | cap2udp: 0 | kr2udp: 0 | 
2026-05-03 17:23:50,829 - INFO     - img2od: 0 | od2fr: 0 | od2lpr: 0 | od2cap: 0 | fr2kr: 0 | lpr2kr: 408 | cap2udp: 0 | kr2udp: 0 | 
2026-05-03 17:23:51,831 - INFO     - img2od: 0 | od2fr: 0 | od2lpr: 0 | od2cap: 0 | fr2kr: 0 | lpr2kr: 404 | cap2udp: 0 | kr2udp: 1 | 
2026-05-03 17:23:52,832 - INFO     - img2od: 0 | od2fr: 0 | od2lpr: 0 | od2cap: 0 | fr2kr: 0 | lpr2kr: 399 | cap2udp: 0 | kr2udp: 1 | 
2026-05-03 17:23:53,833 - INFO     - img2od: 0 | od2fr: 0 | od2lpr: 0 | od2cap: 0 | fr2kr: 0 | lpr2kr: 394 | cap2udp: 0 | kr2udp: 1 | 
2026-05-03 17:23:54,834 - INFO     - img2od: 0 | od2fr: 0 | od2lpr: 0 | od2cap: 0 | fr2kr: 0 | lpr2kr: 389 | cap2udp: 0 | kr2udp: 0 | 
2026-05-03 17:23:55,835 - INFO     - img2od: 0 | od2fr: 0 | od2lpr: 0 | od2cap: 0 | fr2kr: 0 | lpr2kr: 384 | cap2udp: 0 | kr2udp: 0 | 
2026-05-03 17:23:56,837 - INFO     - img2od: 0 | od2fr: 0 | od2lpr: 0 | od2cap: 0 | fr2kr: 0 | lpr2kr: 379 | cap2udp: 0 | kr2udp: 0 | 
2026-05-03 17:23:57,838 - INFO     - img2od: 0 | od2fr: 0 | od2lpr: 0 | od2cap: 0 | fr2kr: 0 | lpr2kr: 374 | cap2udp: 0 | kr2udp: 0 | 
2026-05-03 17:23:58,839 - INFO     - img2od: 0 | od2fr: 0 | od2lpr: 0 | od2cap: 0 | fr2kr: 0 | lpr2kr: 369 | cap2udp: 0 | kr2udp: 0 | 
2026-05-03 17:23:59,840 - INFO     - img2od: 0 | od2fr: 0 | od2lpr: 0 | od2cap: 0 | fr2kr: 0 | lpr2kr: 364 | cap2udp: 0 | kr2udp: 0 | 
2026-05-03 17:24:00,842 - INFO     - img2od: 0 | od2fr: 0 | od2lpr: 0 | od2cap: 0 | fr2kr: 0 | lpr2kr: 359 | cap2udp: 0 | kr2udp: 1 | 
2026-05-03 17:24:01,843 - INFO     - img2od: 0 | od2fr: 0 | od2lpr: 0 | od2cap: 0 | fr2kr: 0 | lpr2kr: 355 | cap2udp: 0 | kr2udp: 1 | 
2026-05-03 17:24:02,844 - INFO     - img2od: 0 | od2fr: 0 | od2lpr: 0 | od2cap: 0 | fr2kr: 0 | lpr2kr: 350 | cap2udp: 0 | kr2udp: 0 | 
2026-05-03 17:24:03,845 - INFO     - img2od: 0 | od2fr: 0 | od2lpr: 0 | od2cap: 0 | fr2kr: 0 | lpr2kr: 346 | cap2udp: 0 | kr2udp: 1 | 
2026-05-03 17:24:04,846 - INFO     - img2od: 0 | od2fr: 0 | od2lpr: 0 | od2cap: 0 | fr2kr: 0 | lpr2kr: 341 | cap2udp: 0 | kr2udp: 1 | 
2026-05-03 17:24:05,847 - INFO     - img2od: 0 | od2fr: 0 | od2lpr: 0 | od2cap: 0 | fr2kr: 0 | lpr2kr: 337 | cap2udp: 0 | kr2udp: 0 | 
2026-05-03 17:24:06,848 - INFO     - img2od: 0 | od2fr: 0 | od2lpr: 0 | od2cap: 0 | fr2kr: 0 | lpr2kr: 333 | cap2udp: 0 | kr2udp: 0 | 
2026-05-03 17:24:07,849 - INFO     - img2od: 0 | od2fr: 0 | od2lpr: 0 | od2cap: 0 | fr2kr: 0 | lpr2kr: 330 | cap2udp: 0 | kr2udp: 1 | 
2026-05-03 17:24:08,850 - INFO     - img2od: 0 | od2fr: 0 | od2lpr: 0 | od2cap: 0 | fr2kr: 0 | lpr2kr: 326 | cap2udp: 0 | kr2udp: 0 | 
2026-05-03 17:24:09,851 - INFO     - img2od: 0 | od2fr: 0 | od2lpr: 0 | od2cap: 0 | fr2kr: 0 | lpr2kr: 322 | cap2udp: 0 | kr2udp: 0 | 
2026-05-03 17:24:10,852 - INFO     - img2od: 0 | od2fr: 0 | od2lpr: 0 | od2cap: 0 | fr2kr: 0 | lpr2kr: 318 | cap2udp: 0 | kr2udp: 1 | 
2026-05-03 17:24:11,853 - INFO     - img2od: 0 | od2fr: 0 | od2lpr: 0 | od2cap: 0 | fr2kr: 0 | lpr2kr: 315 | cap2udp: 0 | kr2udp: 1 | 
2026-05-03 17:24:12,854 - INFO     - img2od: 0 | od2fr: 0 | od2lpr: 0 | od2cap: 0 | fr2kr: 0 | lpr2kr: 311 | cap2udp: 0 | kr2udp: 1 | 
2026-05-03 17:24:13,855 - INFO     - img2od: 0 | od2fr: 0 | od2lpr: 0 | od2cap: 0 | fr2kr: 0 | lpr2kr: 307 | cap2udp: 0 | kr2udp: 1 | 
2026-05-03 17:24:14,856 - INFO     - img2od: 0 | od2fr: 0 | od2lpr: 0 | od2cap: 0 | fr2kr: 0 | lpr2kr: 303 | cap2udp: 0 | kr2udp: 1 | 
2026-05-03 17:24:15,857 - INFO     - img2od: 0 | od2fr: 0 | od2lpr: 0 | od2cap: 0 | fr2kr: 0 | lpr2kr: 300 | cap2udp: 0 | kr2udp: 1 | 
2026-05-03 17:24:16,858 - INFO     - img2od: 0 | od2fr: 0 | od2lpr: 0 | od2cap: 0 | fr2kr: 0 | lpr2kr: 296 | cap2udp: 0 | kr2udp: 0 | 
2026-05-03 17:24:17,859 - INFO     - img2od: 0 | od2fr: 0 | od2lpr: 0 | od2cap: 0 | fr2kr: 0 | lpr2kr: 292 | cap2udp: 0 | kr2udp: 1 | 
2026-05-03 17:24:18,860 - INFO     - img2od: 0 | od2fr: 0 | od2lpr: 0 | od2cap: 0 | fr2kr: 0 | lpr2kr: 289 | cap2udp: 0 | kr2udp: 1 | 
2026-05-03 17:24:19,862 - INFO     - img2od: 0 | od2fr: 0 | od2lpr: 0 | od2cap: 0 | fr2kr: 0 | lpr2kr: 285 | cap2udp: 0 | kr2udp: 1 | 
2026-05-03 17:24:20,863 - INFO     - img2od: 0 | od2fr: 0 | od2lpr: 0 | od2cap: 0 | fr2kr: 0 | lpr2kr: 281 | cap2udp: 0 | kr2udp: 1 | 
2026-05-03 17:24:21,864 - INFO     - img2od: 0 | od2fr: 0 | od2lpr: 0 | od2cap: 0 | fr2kr: 0 | lpr2kr: 278 | cap2udp: 0 | kr2udp: 1 | 
2026-05-03 17:24:22,865 - INFO     - img2od: 0 | od2fr: 0 | od2lpr: 0 | od2cap: 0 | fr2kr: 0 | lpr2kr: 274 | cap2udp: 0 | kr2udp: 1 | 
2026-05-03 17:24:23,866 - INFO     - img2od: 0 | od2fr: 0 | od2lpr: 0 | od2cap: 0 | fr2kr: 0 | lpr2kr: 270 | cap2udp: 0 | kr2udp: 1 | 
2026-05-03 17:24:24,867 - INFO     - img2od: 0 | od2fr: 0 | od2lpr: 0 | od2cap: 0 | fr2kr: 0 | lpr2kr: 267 | cap2udp: 0 | kr2udp: 1 | 
2026-05-03 17:24:25,868 - INFO     - img2od: 0 | od2fr: 0 | od2lpr: 0 | od2cap: 0 | fr2kr: 0 | lpr2kr: 263 | cap2udp: 0 | kr2udp: 1 | 
2026-05-03 17:24:26,869 - INFO     - img2od: 0 | od2fr: 0 | od2lpr: 0 | od2cap: 0 | fr2kr: 0 | lpr2kr: 259 | cap2udp: 0 | kr2udp: 0 | 
2026-05-03 17:24:27,870 - INFO     - img2od: 0 | od2fr: 0 | od2lpr: 0 | od2cap: 0 | fr2kr: 0 | lpr2kr: 256 | cap2udp: 0 | kr2udp: 1 | 
2026-05-03 17:24:28,871 - INFO     - img2od: 0 | od2fr: 0 | od2lpr: 0 | od2cap: 0 | fr2kr: 0 | lpr2kr: 252 | cap2udp: 0 | kr2udp: 0 | 
2026-05-03 17:24:29,872 - INFO     - img2od: 0 | od2fr: 0 | od2lpr: 0 | od2cap: 0 | fr2kr: 0 | lpr2kr: 248 | cap2udp: 0 | kr2udp: 1 | 
2026-05-03 17:24:30,873 - INFO     - img2od: 0 | od2fr: 0 | od2lpr: 0 | od2cap: 0 | fr2kr: 0 | lpr2kr: 245 | cap2udp: 0 | kr2udp: 1 | 
2026-05-03 17:24:31,874 - INFO     - img2od: 0 | od2fr: 0 | od2lpr: 0 | od2cap: 0 | fr2kr: 0 | lpr2kr: 241 | cap2udp: 0 | kr2udp: 0 | 
2026-05-03 17:24:32,876 - INFO     - img2od: 0 | od2fr: 0 | od2lpr: 0 | od2cap: 0 | fr2kr: 0 | lpr2kr: 237 | cap2udp: 0 | kr2udp: 0 | 
2026-05-03 17:24:33,877 - INFO     - img2od: 0 | od2fr: 0 | od2lpr: 0 | od2cap: 0 | fr2kr: 0 | lpr2kr: 233 | cap2udp: 0 | kr2udp: 1 | 
2026-05-03 17:24:34,878 - INFO     - img2od: 0 | od2fr: 0 | od2lpr: 0 | od2cap: 0 | fr2kr: 0 | lpr2kr: 230 | cap2udp: 0 | kr2udp: 1 | 
2026-05-03 17:24:35,879 - INFO     - img2od: 0 | od2fr: 0 | od2lpr: 0 | od2cap: 0 | fr2kr: 0 | lpr2kr: 226 | cap2udp: 0 | kr2udp: 1 | 
2026-05-03 17:24:36,880 - INFO     - img2od: 0 | od2fr: 0 | od2lpr: 0 | od2cap: 0 | fr2kr: 0 | lpr2kr: 222 | cap2udp: 0 | kr2udp: 1 | 
2026-05-03 17:24:37,881 - INFO     - img2od: 0 | od2fr: 0 | od2lpr: 0 | od2cap: 0 | fr2kr: 0 | lpr2kr: 218 | cap2udp: 0 | kr2udp: 0 | 
2026-05-03 17:24:38,882 - INFO     - img2od: 0 | od2fr: 0 | od2lpr: 0 | od2cap: 0 | fr2kr: 0 | lpr2kr: 214 | cap2udp: 0 | kr2udp: 0 | 
2026-05-03 17:24:39,883 - INFO     - img2od: 0 | od2fr: 0 | od2lpr: 0 | od2cap: 0 | fr2kr: 0 | lpr2kr: 210 | cap2udp: 0 | kr2udp: 0 | 
2026-05-03 17:24:40,884 - INFO     - img2od: 0 | od2fr: 0 | od2lpr: 0 | od2cap: 0 | fr2kr: 0 | lpr2kr: 207 | cap2udp: 0 | kr2udp: 1 | 
2026-05-03 17:24:41,885 - INFO     - img2od: 0 | od2fr: 0 | od2lpr: 0 | od2cap: 0 | fr2kr: 0 | lpr2kr: 203 | cap2udp: 0 | kr2udp: 1 | 
2026-05-03 17:24:42,886 - INFO     - img2od: 0 | od2fr: 0 | od2lpr: 0 | od2cap: 0 | fr2kr: 0 | lpr2kr: 199 | cap2udp: 0 | kr2udp: 1 | 
2026-05-03 17:24:43,887 - INFO     - img2od: 0 | od2fr: 0 | od2lpr: 0 | od2cap: 0 | fr2kr: 0 | lpr2kr: 195 | cap2udp: 0 | kr2udp: 1 | 
2026-05-03 17:24:44,888 - INFO     - img2od: 0 | od2fr: 0 | od2lpr: 0 | od2cap: 0 | fr2kr: 0 | lpr2kr: 191 | cap2udp: 0 | kr2udp: 1 | 
2026-05-03 17:24:45,890 - INFO     - img2od: 0 | od2fr: 0 | od2lpr: 0 | od2cap: 0 | fr2kr: 0 | lpr2kr: 187 | cap2udp: 0 | kr2udp: 1 | 
2026-05-03 17:24:46,891 - INFO     - img2od: 0 | od2fr: 0 | od2lpr: 0 | od2cap: 0 | fr2kr: 0 | lpr2kr: 184 | cap2udp: 0 | kr2udp: 1 | 
2026-05-03 17:24:47,892 - INFO     - img2od: 0 | od2fr: 0 | od2lpr: 0 | od2cap: 0 | fr2kr: 0 | lpr2kr: 180 | cap2udp: 0 | kr2udp: 1 | 
2026-05-03 17:24:48,893 - INFO     - img2od: 0 | od2fr: 0 | od2lpr: 0 | od2cap: 0 | fr2kr: 0 | lpr2kr: 176 | cap2udp: 0 | kr2udp: 1 | 
2026-05-03 17:24:49,894 - INFO     - img2od: 0 | od2fr: 0 | od2lpr: 0 | od2cap: 0 | fr2kr: 0 | lpr2kr: 172 | cap2udp: 0 | kr2udp: 1 | 
2026-05-03 17:24:50,895 - INFO     - img2od: 0 | od2fr: 0 | od2lpr: 0 | od2cap: 0 | fr2kr: 0 | lpr2kr: 168 | cap2udp: 0 | kr2udp: 1 | 
2026-05-03 17:24:51,896 - INFO     - img2od: 0 | od2fr: 0 | od2lpr: 0 | od2cap: 0 | fr2kr: 0 | lpr2kr: 164 | cap2udp: 0 | kr2udp: 1 | 
2026-05-03 17:24:52,898 - INFO     - img2od: 0 | od2fr: 0 | od2lpr: 0 | od2cap: 0 | fr2kr: 0 | lpr2kr: 161 | cap2udp: 0 | kr2udp: 1 | 
2026-05-03 17:24:53,899 - INFO     - img2od: 0 | od2fr: 0 | od2lpr: 0 | od2cap: 0 | fr2kr: 0 | lpr2kr: 157 | cap2udp: 0 | kr2udp: 1 | 
2026-05-03 17:24:54,900 - INFO     - img2od: 0 | od2fr: 0 | od2lpr: 0 | od2cap: 0 | fr2kr: 0 | lpr2kr: 153 | cap2udp: 0 | kr2udp: 1 | 
2026-05-03 17:24:55,901 - INFO     - img2od: 0 | od2fr: 0 | od2lpr: 0 | od2cap: 0 | fr2kr: 0 | lpr2kr: 149 | cap2udp: 0 | kr2udp: 1 | 
2026-05-03 17:24:56,902 - INFO     - img2od: 0 | od2fr: 0 | od2lpr: 0 | od2cap: 0 | fr2kr: 0 | lpr2kr: 145 | cap2udp: 0 | kr2udp: 1 | 
2026-05-03 17:24:57,903 - INFO     - img2od: 0 | od2fr: 0 | od2lpr: 0 | od2cap: 0 | fr2kr: 0 | lpr2kr: 141 | cap2udp: 0 | kr2udp: 0 | 
2026-05-03 17:24:58,904 - INFO     - img2od: 0 | od2fr: 0 | od2lpr: 0 | od2cap: 0 | fr2kr: 0 | lpr2kr: 137 | cap2udp: 0 | kr2udp: 0 | 
2026-05-03 17:24:59,905 - INFO     - img2od: 0 | od2fr: 0 | od2lpr: 0 | od2cap: 0 | fr2kr: 0 | lpr2kr: 133 | cap2udp: 0 | kr2udp: 1 | 
2026-05-03 17:25:00,906 - INFO     - img2od: 0 | od2fr: 0 | od2lpr: 0 | od2cap: 0 | fr2kr: 0 | lpr2kr: 129 | cap2udp: 0 | kr2udp: 1 | 
2026-05-03 17:25:01,907 - INFO     - img2od: 0 | od2fr: 0 | od2lpr: 0 | od2cap: 0 | fr2kr: 0 | lpr2kr: 124 | cap2udp: 0 | kr2udp: 1 | 
2026-05-03 17:25:02,908 - INFO     - img2od: 0 | od2fr: 0 | od2lpr: 0 | od2cap: 0 | fr2kr: 0 | lpr2kr: 120 | cap2udp: 0 | kr2udp: 0 | 
2026-05-03 17:25:03,909 - INFO     - img2od: 0 | od2fr: 0 | od2lpr: 0 | od2cap: 0 | fr2kr: 0 | lpr2kr: 116 | cap2udp: 0 | kr2udp: 1 | 
2026-05-03 17:25:04,910 - INFO     - img2od: 0 | od2fr: 0 | od2lpr: 0 | od2cap: 0 | fr2kr: 0 | lpr2kr: 111 | cap2udp: 0 | kr2udp: 0 | 
2026-05-03 17:25:05,911 - INFO     - img2od: 0 | od2fr: 0 | od2lpr: 0 | od2cap: 0 | fr2kr: 0 | lpr2kr: 107 | cap2udp: 0 | kr2udp: 1 | 
2026-05-03 17:25:06,912 - INFO     - img2od: 0 | od2fr: 0 | od2lpr: 0 | od2cap: 0 | fr2kr: 0 | lpr2kr: 103 | cap2udp: 0 | kr2udp: 1 | 
2026-05-03 17:25:07,913 - INFO     - img2od: 0 | od2fr: 0 | od2lpr: 0 | od2cap: 0 | fr2kr: 0 | lpr2kr: 98 | cap2udp: 0 | kr2udp: 1 | 
2026-05-03 17:25:08,914 - INFO     - img2od: 0 | od2fr: 0 | od2lpr: 0 | od2cap: 0 | fr2kr: 0 | lpr2kr: 94 | cap2udp: 0 | kr2udp: 1 | 
2026-05-03 17:25:09,915 - INFO     - img2od: 0 | od2fr: 0 | od2lpr: 0 | od2cap: 0 | fr2kr: 0 | lpr2kr: 89 | cap2udp: 0 | kr2udp: 1 | 
2026-05-03 17:25:10,916 - INFO     - img2od: 0 | od2fr: 0 | od2lpr: 0 | od2cap: 0 | fr2kr: 0 | lpr2kr: 85 | cap2udp: 0 | kr2udp: 0 | 
2026-05-03 17:25:11,917 - INFO     - img2od: 0 | od2fr: 0 | od2lpr: 0 | od2cap: 0 | fr2kr: 0 | lpr2kr: 81 | cap2udp: 0 | kr2udp: 1 | 
2026-05-03 17:25:12,918 - INFO     - img2od: 0 | od2fr: 0 | od2lpr: 0 | od2cap: 0 | fr2kr: 0 | lpr2kr: 76 | cap2udp: 0 | kr2udp: 0 | 
2026-05-03 17:25:13,919 - INFO     - img2od: 0 | od2fr: 0 | od2lpr: 0 | od2cap: 0 | fr2kr: 0 | lpr2kr: 72 | cap2udp: 0 | kr2udp: 1 | 
2026-05-03 17:25:14,920 - INFO     - img2od: 0 | od2fr: 0 | od2lpr: 0 | od2cap: 0 | fr2kr: 0 | lpr2kr: 67 | cap2udp: 0 | kr2udp: 1 | 
2026-05-03 17:25:15,921 - INFO     - img2od: 0 | od2fr: 0 | od2lpr: 0 | od2cap: 0 | fr2kr: 0 | lpr2kr: 63 | cap2udp: 0 | kr2udp: 1 | 
2026-05-03 17:25:16,922 - INFO     - img2od: 0 | od2fr: 0 | od2lpr: 0 | od2cap: 0 | fr2kr: 0 | lpr2kr: 59 | cap2udp: 0 | kr2udp: 1 | 
2026-05-03 17:25:17,923 - INFO     - img2od: 0 | od2fr: 0 | od2lpr: 0 | od2cap: 0 | fr2kr: 0 | lpr2kr: 54 | cap2udp: 0 | kr2udp: 1 | 
2026-05-03 17:25:18,924 - INFO     - img2od: 0 | od2fr: 0 | od2lpr: 0 | od2cap: 0 | fr2kr: 0 | lpr2kr: 50 | cap2udp: 0 | kr2udp: 0 | 
2026-05-03 17:25:19,925 - INFO     - img2od: 0 | od2fr: 0 | od2lpr: 0 | od2cap: 0 | fr2kr: 0 | lpr2kr: 46 | cap2udp: 0 | kr2udp: 1 | 
2026-05-03 17:25:20,926 - INFO     - img2od: 0 | od2fr: 0 | od2lpr: 0 | od2cap: 0 | fr2kr: 0 | lpr2kr: 42 | cap2udp: 0 | kr2udp: 1 | 
2026-05-03 17:25:21,927 - INFO     - img2od: 0 | od2fr: 0 | od2lpr: 0 | od2cap: 0 | fr2kr: 0 | lpr2kr: 39 | cap2udp: 0 | kr2udp: 1 | 
2026-05-03 17:25:22,927 - INFO     - img2od: 0 | od2fr: 0 | od2lpr: 0 | od2cap: 0 | fr2kr: 0 | lpr2kr: 35 | cap2udp: 0 | kr2udp: 1 | 
2026-05-03 17:25:23,928 - INFO     - img2od: 0 | od2fr: 0 | od2lpr: 0 | od2cap: 0 | fr2kr: 0 | lpr2kr: 30 | cap2udp: 0 | kr2udp: 1 | 
2026-05-03 17:25:24,929 - INFO     - img2od: 0 | od2fr: 0 | od2lpr: 0 | od2cap: 0 | fr2kr: 0 | lpr2kr: 26 | cap2udp: 0 | kr2udp: 1 | 
2026-05-03 17:25:25,930 - INFO     - img2od: 0 | od2fr: 0 | od2lpr: 0 | od2cap: 0 | fr2kr: 0 | lpr2kr: 21 | cap2udp: 0 | kr2udp: 0 | 
2026-05-03 17:25:26,931 - INFO     - img2od: 0 | od2fr: 0 | od2lpr: 0 | od2cap: 0 | fr2kr: 0 | lpr2kr: 17 | cap2udp: 0 | kr2udp: 0 | 
2026-05-03 17:25:27,932 - INFO     - img2od: 0 | od2fr: 0 | od2lpr: 0 | od2cap: 0 | fr2kr: 0 | lpr2kr: 13 | cap2udp: 0 | kr2udp: 1 | 
2026-05-03 17:25:28,933 - INFO     - img2od: 0 | od2fr: 0 | od2lpr: 0 | od2cap: 0 | fr2kr: 0 | lpr2kr: 9 | cap2udp: 0 | kr2udp: 1 | 
2026-05-03 17:25:29,934 - INFO     - img2od: 0 | od2fr: 0 | od2lpr: 0 | od2cap: 0 | fr2kr: 0 | lpr2kr: 5 | cap2udp: 0 | kr2udp: 1 | 
2026-05-03 17:25:30,935 - INFO     - img2od: 0 | od2fr: 0 | od2lpr: 0 | od2cap: 0 | fr2kr: 0 | lpr2kr: 1 | cap2udp: 0 | kr2udp: 1 | 
2026-05-03 17:25:30,960 - INFO     - krStream     : Received end signal from LPR
2026-05-03 17:25:31,085 - INFO     - krStream     : Received BOTH END signal, shutting down
2026-05-03 17:25:31,214 - INFO     - udpStream    : Received end signal from KR
2026-05-03 17:25:31,238 - INFO     - krStream     : shutdown successful
2026-05-03 17:25:31,341 - INFO     - udpStream    : Received BOTH END signal, shutting down
2026-05-03 17:25:31,702 - INFO     - udpStream    : shutdown successful
2026-05-03 17:25:31,936 - INFO     - img2od: 0 | od2fr: 0 | od2lpr: 0 | od2cap: 0 | fr2kr: 0 | lpr2kr: 0 | cap2udp: 0 | kr2udp: 0 | 
2026-05-03 17:25:32,937 - INFO     - img2od: 0 | od2fr: 0 | od2lpr: 0 | od2cap: 0 | fr2kr: 0 | lpr2kr: 0 | cap2udp: 0 | kr2udp: 0 | 
2026-05-03 17:25:33,938 - INFO     - img2od: 0 | od2fr: 0 | od2lpr: 0 | od2cap: 0 | fr2kr: 0 | lpr2kr: 0 | cap2udp: 0 | kr2udp: 0 | 
2026-05-03 17:25:34,939 - INFO     - img2od: 0 | od2fr: 0 | od2lpr: 0 | od2cap: 0 | fr2kr: 0 | lpr2kr: 0 | cap2udp: 0 | kr2udp: 0 | 
2026-05-03 17:25:35,941 - INFO     - img2od: 0 | od2fr: 0 | od2lpr: 0 | od2cap: 0 | fr2kr: 0 | lpr2kr: 0 | cap2udp: 0 | kr2udp: 0 | 
2026-05-03 17:25:36,942 - INFO     - img2od: 0 | od2fr: 0 | od2lpr: 0 | od2cap: 0 | fr2kr: 0 | lpr2kr: 0 | cap2udp: 0 | kr2udp: 0 | 
2026-05-03 17:25:37,943 - INFO     - All queues empty, job done
2026-05-03 17:25:37,956 - INFO     - Queue logs written to ./profile_exp/mix/r0.05/no_defense/seed3/QUEUEWATCH.json
2026-05-03 17:25:38,608 - INFO     - Reach FINALLY block in MAIN process
2026-05-03 17:25:38,608 - INFO     - Starting cleanup of 7 processes.
2026-05-03 17:25:38,608 - INFO     - Draining and closing 8 queues.
2026-05-03 17:25:38,608 - INFO     - Starting cleanup for queue 0, queue size: 0.
2026-05-03 17:25:38,608 - INFO     - Starting cleanup for queue 1, queue size: 0.
2026-05-03 17:25:38,608 - INFO     - Starting cleanup for queue 2, queue size: 0.
2026-05-03 17:25:38,608 - INFO     - Starting cleanup for queue 3, queue size: 0.
2026-05-03 17:25:38,608 - INFO     - Starting cleanup for queue 4, queue size: 0.
2026-05-03 17:25:38,608 - INFO     - Starting cleanup for queue 5, queue size: 0.
2026-05-03 17:25:38,608 - INFO     - Starting cleanup for queue 6, queue size: 0.
2026-05-03 17:25:38,608 - INFO     - Starting cleanup for queue 7, queue size: 0.
2026-05-03 17:25:38,608 - INFO     - Cleanup complete.
2026-05-03 17:25:38,608 - INFO     - Cleaned up resources in MAIN process
2026-05-03 17:25:38,610 - INFO     - Summary written to ./profile_exp/mix/r0.05/no_defense/seed3/SUMMARY.json

======================================================================
PROFILING SUMMARY
======================================================================
  Total wall time:    1458.76s
  Images processed:   100
  Throughput:         0.0686 img/s
  Avg E2E latency:    116.2810s
  Min E2E latency:    0.0224s
  Max E2E latency:    921.3985s

  Component          Count  Dropped     FLOPs/call    Total FLOPs
  --------------- -------- -------- -------------- --------------
  odStream             100        0   153844849936 15384484993600
  frStream             435        0     2837404864  1234271115840
  lprStream           4709        0     8798288128 41431138794752
  capStream             41        0   248859413613 10203235958133
  krStream            5144        0            n/a            n/a
  udpStream           5185        0            n/a            n/a

  Total FLOPs:        68253130862325
======================================================================
