2026-05-03 18:27:47,156 - INFO     - imgStream    : internal profiling set to False
2026-05-03 18:27:47,156 - INFO     - odStream     : internal profiling set to False
2026-05-03 18:27:47,156 - INFO     - frStream     : internal profiling set to False
2026-05-03 18:27:47,156 - INFO     - lprStream    : internal profiling set to False
2026-05-03 18:27:47,156 - INFO     - capStream    : internal profiling set to False
2026-05-03 18:27:47,156 - INFO     - krStream     : internal profiling set to False
2026-05-03 18:27:47,157 - INFO     - udpStream    : internal profiling set to False


================================================================================
|                                                                              |
|                     Running: Traffic Monitoring Pipeline                     |
|                                                                              |
|                         Algorithm: None, Model ID: 0                         |
|                                                                              |
|                             Target Indices: none                             |
|                                                                              |
|                             2026-05-03 18:27:47                              |
|                                                                              |
================================================================================


Number of CUDA devices: 1
2026-05-03 18:27:50,468 - INFO     - img2od: 0 | od2fr: 0 | od2lpr: 0 | od2cap: 0 | fr2kr: 0 | lpr2kr: 0 | cap2udp: 0 | kr2udp: 0 | 
2026-05-03 18:27:50,541 - INFO     - imgStream    : input defense = gaussian
2026-05-03 18:27:50,542 - INFO     - imgStream    : mix mode ratio=0.1 seed=1 -> 90 clean / 10 attack
2026-05-03 18:27:50,542 - INFO     - imgStream    : started
/home/lxt230026/.conda/envs/dyndl/lib/python3.10/site-packages/facenet_pytorch/models/inception_resnet_v1.py:329: FutureWarning: You are using `torch.load` with `weights_only=False` (the current default value), which uses the default pickle module implicitly. It is possible to construct malicious pickle data which will execute arbitrary code during unpickling (See https://github.com/pytorch/pytorch/blob/main/SECURITY.md#untrusted-models for more details). In a future release, the default value for `weights_only` will be flipped to `True`. This limits the functions that could be executed during unpickling. Arbitrary objects will no longer be allowed to be loaded via this mode unless they are explicitly allowlisted by the user via `torch.serialization.add_safe_globals`. We recommend you start setting `weights_only=True` for any use case where you don't have full control of the loaded file. Please open an issue on GitHub for any issues related to this experimental feature.
  state_dict = torch.load(cached_file)
2026-05-03 18:27:51,212 - INFO     - krStream     : face embeddings loaded, found 1000 embeddings
2026-05-03 18:27:51,212 - INFO     - krStream     : started
2026-05-03 18:27:51,442 - INFO     - frStream     : FR model loaded, model_id = vggface2
2026-05-03 18:27:51,442 - INFO     - frStream     : started
2026-05-03 18:27:51,469 - INFO     - img2od: 4 | od2fr: 0 | od2lpr: 0 | od2cap: 0 | fr2kr: 0 | lpr2kr: 0 | cap2udp: 0 | kr2udp: 0 | 
2026-05-03 18:27:51,637 - INFO     - odStream     : OD model loaded, model_id = 0
2026-05-03 18:27:51,637 - INFO     - odStream     : started
/home/lxt230026/EfficiencyAttack/traffic/cmpnt/c4_lpr.py:145: FutureWarning: You are using `torch.load` with `weights_only=False` (the current default value), which uses the default pickle module implicitly. It is possible to construct malicious pickle data which will execute arbitrary code during unpickling (See https://github.com/pytorch/pytorch/blob/main/SECURITY.md#untrusted-models for more details). In a future release, the default value for `weights_only` will be flipped to `True`. This limits the functions that could be executed during unpickling. Arbitrary objects will no longer be allowed to be loaded via this mode unless they are explicitly allowlisted by the user via `torch.serialization.add_safe_globals`. We recommend you start setting `weights_only=True` for any use case where you don't have full control of the loaded file. Please open an issue on GitHub for any issues related to this experimental feature.
  self.checkpoint = torch.load(self.model_id, map_location='cpu')
2026-05-03 18:27:52,174 - INFO     - capStream    : CAP model loaded, model_id = microsoft/git-base
2026-05-03 18:27:52,174 - INFO     - capStream    : started
2026-05-03 18:27:52,305 - INFO     - Using custom providers: ['CPUExecutionProvider']
2026-05-03 18:27:52,305 - INFO     - Skipping download of 'argentinian-plates-cnn-model' model, already exists at /home/lxt230026/.cache/fast-plate-ocr/argentinian-plates-cnn-model
2026-05-03 18:27:52,333 - INFO     - lprStream    : LPR model loaded, model_id = model_v2.pth
2026-05-03 18:27:52,333 - INFO     - lprStream    : started
2026-05-03 18:27:52,347 - INFO     - udpStream    : LM model loaded, model_id = gpt2
2026-05-03 18:27:52,347 - INFO     - udpStream    : started
2026-05-03 18:27:52,470 - INFO     - img2od: 9 | od2fr: 0 | od2lpr: 0 | od2cap: 0 | fr2kr: 0 | lpr2kr: 0 | cap2udp: 0 | kr2udp: 0 | 
2026-05-03 18:27:53,471 - INFO     - img2od: 11 | od2fr: 2 | od2lpr: 0 | od2cap: 1 | fr2kr: 0 | lpr2kr: 0 | cap2udp: 0 | kr2udp: 0 | 
2026-05-03 18:27:54,472 - INFO     - img2od: 11 | od2fr: 71 | od2lpr: 0 | od2cap: 2 | fr2kr: 3 | lpr2kr: 0 | cap2udp: 0 | kr2udp: 1 | 
2026-05-03 18:27:55,473 - INFO     - img2od: 11 | od2fr: 119 | od2lpr: 133 | od2cap: 4 | fr2kr: 6 | lpr2kr: 7 | cap2udp: 0 | kr2udp: 1 | 
2026-05-03 18:27:56,474 - INFO     - img2od: 11 | od2fr: 132 | od2lpr: 117 | od2cap: 4 | fr2kr: 9 | lpr2kr: 27 | cap2udp: 0 | kr2udp: 1 | 
2026-05-03 18:27:57,475 - INFO     - img2od: 11 | od2fr: 158 | od2lpr: 99 | od2cap: 4 | fr2kr: 12 | lpr2kr: 55 | cap2udp: 0 | kr2udp: 1 | 
2026-05-03 18:27:58,476 - INFO     - img2od: 11 | od2fr: 155 | od2lpr: 69 | od2cap: 2 | fr2kr: 14 | lpr2kr: 83 | cap2udp: 1 | kr2udp: 1 | 
2026-05-03 18:27:59,477 - INFO     - img2od: 12 | od2fr: 159 | od2lpr: 38 | od2cap: 0 | fr2kr: 17 | lpr2kr: 112 | cap2udp: 1 | kr2udp: 1 | 
2026-05-03 18:28:00,478 - INFO     - img2od: 12 | od2fr: 157 | od2lpr: 10 | od2cap: 0 | fr2kr: 20 | lpr2kr: 139 | cap2udp: 0 | kr2udp: 0 | 
2026-05-03 18:28:01,479 - INFO     - img2od: 13 | od2fr: 181 | od2lpr: 0 | od2cap: 0 | fr2kr: 22 | lpr2kr: 147 | cap2udp: 1 | kr2udp: 0 | 
2026-05-03 18:28:02,480 - INFO     - img2od: 13 | od2fr: 219 | od2lpr: 0 | od2cap: 1 | fr2kr: 27 | lpr2kr: 144 | cap2udp: 0 | kr2udp: 1 | 
2026-05-03 18:28:03,481 - INFO     - img2od: 13 | od2fr: 268 | od2lpr: 4 | od2cap: 0 | fr2kr: 30 | lpr2kr: 153 | cap2udp: 0 | kr2udp: 0 | 
2026-05-03 18:28:04,482 - INFO     - img2od: 13 | od2fr: 287 | od2lpr: 0 | od2cap: 0 | fr2kr: 34 | lpr2kr: 156 | cap2udp: 0 | kr2udp: 1 | 
2026-05-03 18:28:05,483 - INFO     - img2od: 15 | od2fr: 293 | od2lpr: 292 | od2cap: 1 | fr2kr: 37 | lpr2kr: 176 | cap2udp: 0 | kr2udp: 1 | 
2026-05-03 18:28:06,484 - INFO     - img2od: 16 | od2fr: 299 | od2lpr: 333 | od2cap: 1 | fr2kr: 40 | lpr2kr: 190 | cap2udp: 0 | kr2udp: 1 | 
2026-05-03 18:28:07,485 - INFO     - img2od: 16 | od2fr: 298 | od2lpr: 310 | od2cap: 1 | fr2kr: 43 | lpr2kr: 212 | cap2udp: 0 | kr2udp: 1 | 
2026-05-03 18:28:08,486 - INFO     - img2od: 16 | od2fr: 299 | od2lpr: 288 | od2cap: 1 | fr2kr: 46 | lpr2kr: 232 | cap2udp: 0 | kr2udp: 1 | 
2026-05-03 18:28:09,487 - INFO     - img2od: 17 | od2fr: 310 | od2lpr: 403 | od2cap: 0 | fr2kr: 49 | lpr2kr: 259 | cap2udp: 0 | kr2udp: 0 | 
2026-05-03 18:28:10,488 - INFO     - img2od: 18 | od2fr: 323 | od2lpr: 959 | od2cap: 1 | fr2kr: 51 | lpr2kr: 296 | cap2udp: 1 | kr2udp: 1 | 
2026-05-03 18:28:11,489 - INFO     - img2od: 18 | od2fr: 322 | od2lpr: 942 | od2cap: 0 | fr2kr: 55 | lpr2kr: 311 | cap2udp: 0 | kr2udp: 1 | 
2026-05-03 18:28:12,490 - INFO     - img2od: 18 | od2fr: 319 | od2lpr: 1000 | od2cap: 0 | fr2kr: 58 | lpr2kr: 333 | cap2udp: 0 | kr2udp: 1 | 
2026-05-03 18:28:12,966 - INFO     - imgStream    : completed, sending END signal
2026-05-03 18:28:12,966 - INFO     - imgStream    : shutdown
2026-05-03 18:28:13,176 - INFO     - imgStream    : shutdown successful
2026-05-03 18:28:13,491 - INFO     - img2od: 21 | od2fr: 314 | od2lpr: 1000 | od2cap: 0 | fr2kr: 61 | lpr2kr: 388 | cap2udp: 0 | kr2udp: 1 | 
2026-05-03 18:28:14,492 - INFO     - img2od: 21 | od2fr: 309 | od2lpr: 1000 | od2cap: 0 | fr2kr: 63 | lpr2kr: 448 | cap2udp: 0 | kr2udp: 1 | 
2026-05-03 18:28:15,493 - INFO     - img2od: 21 | od2fr: 304 | od2lpr: 1000 | od2cap: 0 | fr2kr: 67 | lpr2kr: 483 | cap2udp: 0 | kr2udp: 1 | 
2026-05-03 18:28:16,494 - INFO     - img2od: 21 | od2fr: 300 | od2lpr: 1000 | od2cap: 0 | fr2kr: 69 | lpr2kr: 517 | cap2udp: 0 | kr2udp: 1 | 
2026-05-03 18:28:17,495 - INFO     - img2od: 21 | od2fr: 295 | od2lpr: 1000 | od2cap: 0 | fr2kr: 72 | lpr2kr: 572 | cap2udp: 0 | kr2udp: 1 | 
2026-05-03 18:28:18,496 - INFO     - img2od: 21 | od2fr: 290 | od2lpr: 1000 | od2cap: 0 | fr2kr: 75 | lpr2kr: 632 | cap2udp: 0 | kr2udp: 0 | 
2026-05-03 18:28:19,497 - INFO     - img2od: 21 | od2fr: 285 | od2lpr: 1000 | od2cap: 0 | fr2kr: 78 | lpr2kr: 681 | cap2udp: 0 | kr2udp: 0 | 
2026-05-03 18:28:20,498 - INFO     - img2od: 21 | od2fr: 280 | od2lpr: 1000 | od2cap: 0 | fr2kr: 81 | lpr2kr: 750 | cap2udp: 0 | kr2udp: 0 | 
2026-05-03 18:28:21,499 - INFO     - img2od: 21 | od2fr: 275 | od2lpr: 999 | od2cap: 0 | fr2kr: 84 | lpr2kr: 816 | cap2udp: 0 | kr2udp: 0 | 
2026-05-03 18:28:22,500 - INFO     - img2od: 21 | od2fr: 269 | od2lpr: 995 | od2cap: 0 | fr2kr: 87 | lpr2kr: 887 | cap2udp: 0 | kr2udp: 1 | 
2026-05-03 18:28:23,501 - INFO     - img2od: 17 | od2fr: 279 | od2lpr: 964 | od2cap: 0 | fr2kr: 90 | lpr2kr: 916 | cap2udp: 0 | kr2udp: 1 | 
2026-05-03 18:28:24,502 - INFO     - img2od: 17 | od2fr: 276 | od2lpr: 999 | od2cap: 0 | fr2kr: 92 | lpr2kr: 975 | cap2udp: 0 | kr2udp: 1 | 
2026-05-03 18:28:25,503 - INFO     - img2od: 17 | od2fr: 271 | od2lpr: 1000 | od2cap: 0 | fr2kr: 95 | lpr2kr: 1000 | cap2udp: 0 | kr2udp: 0 | 
2026-05-03 18:28:26,504 - INFO     - img2od: 17 | od2fr: 265 | od2lpr: 1000 | od2cap: 0 | fr2kr: 99 | lpr2kr: 1000 | cap2udp: 0 | kr2udp: 0 | 
2026-05-03 18:28:27,505 - INFO     - img2od: 17 | od2fr: 260 | od2lpr: 1000 | od2cap: 0 | fr2kr: 102 | lpr2kr: 1000 | cap2udp: 0 | kr2udp: 1 | 
2026-05-03 18:28:28,506 - INFO     - img2od: 17 | od2fr: 254 | od2lpr: 1000 | od2cap: 0 | fr2kr: 106 | lpr2kr: 1000 | cap2udp: 0 | kr2udp: 0 | 
2026-05-03 18:28:29,507 - INFO     - img2od: 17 | od2fr: 249 | od2lpr: 1000 | od2cap: 0 | fr2kr: 109 | lpr2kr: 1000 | cap2udp: 0 | kr2udp: 2 | 
2026-05-03 18:28:30,508 - INFO     - img2od: 17 | od2fr: 243 | od2lpr: 1000 | od2cap: 0 | fr2kr: 113 | lpr2kr: 1000 | cap2udp: 0 | kr2udp: 1 | 
2026-05-03 18:28:31,509 - INFO     - img2od: 17 | od2fr: 237 | od2lpr: 1000 | od2cap: 0 | fr2kr: 116 | lpr2kr: 1000 | cap2udp: 0 | kr2udp: 1 | 
2026-05-03 18:28:32,510 - INFO     - img2od: 17 | od2fr: 232 | od2lpr: 1000 | od2cap: 0 | fr2kr: 119 | lpr2kr: 1000 | cap2udp: 0 | kr2udp: 1 | 
2026-05-03 18:28:33,511 - INFO     - img2od: 17 | od2fr: 226 | od2lpr: 1000 | od2cap: 0 | fr2kr: 123 | lpr2kr: 1000 | cap2udp: 0 | kr2udp: 1 | 
2026-05-03 18:28:34,512 - INFO     - img2od: 17 | od2fr: 221 | od2lpr: 1000 | od2cap: 0 | fr2kr: 126 | lpr2kr: 1000 | cap2udp: 0 | kr2udp: 1 | 
2026-05-03 18:28:35,513 - INFO     - img2od: 17 | od2fr: 215 | od2lpr: 1000 | od2cap: 0 | fr2kr: 128 | lpr2kr: 1000 | cap2udp: 0 | kr2udp: 1 | 
2026-05-03 18:28:36,514 - INFO     - img2od: 17 | od2fr: 210 | od2lpr: 999 | od2cap: 0 | fr2kr: 132 | lpr2kr: 1000 | cap2udp: 0 | kr2udp: 1 | 
2026-05-03 18:28:37,515 - INFO     - img2od: 17 | od2fr: 204 | od2lpr: 1000 | od2cap: 0 | fr2kr: 136 | lpr2kr: 1000 | cap2udp: 0 | kr2udp: 2 | 
2026-05-03 18:28:38,516 - INFO     - img2od: 17 | od2fr: 199 | od2lpr: 1000 | od2cap: 0 | fr2kr: 139 | lpr2kr: 1000 | cap2udp: 0 | kr2udp: 1 | 
2026-05-03 18:28:39,517 - INFO     - img2od: 17 | od2fr: 193 | od2lpr: 1000 | od2cap: 0 | fr2kr: 143 | lpr2kr: 1000 | cap2udp: 0 | kr2udp: 1 | 
2026-05-03 18:28:40,518 - INFO     - img2od: 17 | od2fr: 188 | od2lpr: 1000 | od2cap: 0 | fr2kr: 145 | lpr2kr: 1000 | cap2udp: 0 | kr2udp: 1 | 
2026-05-03 18:28:41,519 - INFO     - img2od: 17 | od2fr: 182 | od2lpr: 1000 | od2cap: 0 | fr2kr: 149 | lpr2kr: 1000 | cap2udp: 0 | kr2udp: 1 | 
2026-05-03 18:28:42,520 - INFO     - img2od: 17 | od2fr: 176 | od2lpr: 1000 | od2cap: 0 | fr2kr: 153 | lpr2kr: 1000 | cap2udp: 0 | kr2udp: 1 | 
2026-05-03 18:28:43,521 - INFO     - img2od: 17 | od2fr: 170 | od2lpr: 1000 | od2cap: 0 | fr2kr: 157 | lpr2kr: 1000 | cap2udp: 0 | kr2udp: 1 | 
2026-05-03 18:28:44,522 - INFO     - img2od: 17 | od2fr: 165 | od2lpr: 1000 | od2cap: 0 | fr2kr: 159 | lpr2kr: 1000 | cap2udp: 0 | kr2udp: 1 | 
2026-05-03 18:28:45,523 - INFO     - img2od: 17 | od2fr: 159 | od2lpr: 1000 | od2cap: 0 | fr2kr: 163 | lpr2kr: 1000 | cap2udp: 0 | kr2udp: 0 | 
2026-05-03 18:28:46,524 - INFO     - img2od: 17 | od2fr: 153 | od2lpr: 1000 | od2cap: 0 | fr2kr: 167 | lpr2kr: 1000 | cap2udp: 0 | kr2udp: 1 | 
2026-05-03 18:28:47,525 - INFO     - img2od: 17 | od2fr: 148 | od2lpr: 1000 | od2cap: 0 | fr2kr: 170 | lpr2kr: 1000 | cap2udp: 0 | kr2udp: 0 | 
2026-05-03 18:28:48,526 - INFO     - img2od: 17 | od2fr: 143 | od2lpr: 1000 | od2cap: 0 | fr2kr: 173 | lpr2kr: 1000 | cap2udp: 0 | kr2udp: 1 | 
2026-05-03 18:28:49,527 - INFO     - img2od: 17 | od2fr: 137 | od2lpr: 1000 | od2cap: 0 | fr2kr: 177 | lpr2kr: 1000 | cap2udp: 0 | kr2udp: 1 | 
2026-05-03 18:28:50,528 - INFO     - img2od: 17 | od2fr: 132 | od2lpr: 1000 | od2cap: 0 | fr2kr: 180 | lpr2kr: 1000 | cap2udp: 0 | kr2udp: 0 | 
2026-05-03 18:28:51,529 - INFO     - img2od: 17 | od2fr: 127 | od2lpr: 1000 | od2cap: 0 | fr2kr: 183 | lpr2kr: 1000 | cap2udp: 0 | kr2udp: 1 | 
2026-05-03 18:28:52,530 - INFO     - img2od: 17 | od2fr: 121 | od2lpr: 1000 | od2cap: 0 | fr2kr: 187 | lpr2kr: 1000 | cap2udp: 0 | kr2udp: 1 | 
2026-05-03 18:28:53,531 - INFO     - img2od: 17 | od2fr: 116 | od2lpr: 1000 | od2cap: 0 | fr2kr: 190 | lpr2kr: 1000 | cap2udp: 0 | kr2udp: 1 | 
2026-05-03 18:28:54,532 - INFO     - img2od: 17 | od2fr: 111 | od2lpr: 1000 | od2cap: 0 | fr2kr: 193 | lpr2kr: 1000 | cap2udp: 0 | kr2udp: 0 | 
2026-05-03 18:28:55,533 - INFO     - img2od: 17 | od2fr: 107 | od2lpr: 1000 | od2cap: 0 | fr2kr: 195 | lpr2kr: 1000 | cap2udp: 0 | kr2udp: 1 | 
2026-05-03 18:28:56,534 - INFO     - img2od: 17 | od2fr: 101 | od2lpr: 1000 | od2cap: 0 | fr2kr: 198 | lpr2kr: 1000 | cap2udp: 0 | kr2udp: 0 | 
2026-05-03 18:28:57,535 - INFO     - img2od: 17 | od2fr: 96 | od2lpr: 1000 | od2cap: 0 | fr2kr: 201 | lpr2kr: 1000 | cap2udp: 0 | kr2udp: 0 | 
2026-05-03 18:28:58,536 - INFO     - img2od: 17 | od2fr: 90 | od2lpr: 1000 | od2cap: 0 | fr2kr: 205 | lpr2kr: 1000 | cap2udp: 0 | kr2udp: 0 | 
2026-05-03 18:28:59,537 - INFO     - img2od: 17 | od2fr: 85 | od2lpr: 1000 | od2cap: 0 | fr2kr: 208 | lpr2kr: 1000 | cap2udp: 0 | kr2udp: 0 | 
2026-05-03 18:29:00,538 - INFO     - img2od: 17 | od2fr: 81 | od2lpr: 1000 | od2cap: 0 | fr2kr: 210 | lpr2kr: 1000 | cap2udp: 0 | kr2udp: 1 | 
2026-05-03 18:29:01,539 - INFO     - img2od: 17 | od2fr: 76 | od2lpr: 1000 | od2cap: 0 | fr2kr: 213 | lpr2kr: 1000 | cap2udp: 0 | kr2udp: 1 | 
2026-05-03 18:29:02,540 - INFO     - img2od: 17 | od2fr: 71 | od2lpr: 1000 | od2cap: 0 | fr2kr: 216 | lpr2kr: 1000 | cap2udp: 0 | kr2udp: 1 | 
2026-05-03 18:29:03,541 - INFO     - img2od: 17 | od2fr: 65 | od2lpr: 1000 | od2cap: 0 | fr2kr: 219 | lpr2kr: 1000 | cap2udp: 0 | kr2udp: 1 | 
2026-05-03 18:29:04,542 - INFO     - img2od: 17 | od2fr: 60 | od2lpr: 1000 | od2cap: 0 | fr2kr: 222 | lpr2kr: 1000 | cap2udp: 0 | kr2udp: 0 | 
2026-05-03 18:29:05,543 - INFO     - img2od: 17 | od2fr: 55 | od2lpr: 1000 | od2cap: 0 | fr2kr: 225 | lpr2kr: 999 | cap2udp: 0 | kr2udp: 1 | 
2026-05-03 18:29:06,544 - INFO     - img2od: 17 | od2fr: 50 | od2lpr: 1000 | od2cap: 0 | fr2kr: 228 | lpr2kr: 1000 | cap2udp: 0 | kr2udp: 0 | 
2026-05-03 18:29:07,545 - INFO     - img2od: 17 | od2fr: 45 | od2lpr: 1000 | od2cap: 0 | fr2kr: 231 | lpr2kr: 1000 | cap2udp: 0 | kr2udp: 0 | 
2026-05-03 18:29:08,546 - INFO     - img2od: 17 | od2fr: 39 | od2lpr: 1000 | od2cap: 0 | fr2kr: 235 | lpr2kr: 1000 | cap2udp: 0 | kr2udp: 1 | 
2026-05-03 18:29:09,547 - INFO     - img2od: 17 | od2fr: 33 | od2lpr: 1000 | od2cap: 0 | fr2kr: 239 | lpr2kr: 1000 | cap2udp: 0 | kr2udp: 1 | 
2026-05-03 18:29:10,548 - INFO     - img2od: 17 | od2fr: 28 | od2lpr: 1000 | od2cap: 0 | fr2kr: 242 | lpr2kr: 1000 | cap2udp: 0 | kr2udp: 1 | 
2026-05-03 18:29:11,549 - INFO     - img2od: 17 | od2fr: 22 | od2lpr: 1000 | od2cap: 0 | fr2kr: 246 | lpr2kr: 1000 | cap2udp: 0 | kr2udp: 1 | 
2026-05-03 18:29:12,550 - INFO     - img2od: 17 | od2fr: 17 | od2lpr: 1000 | od2cap: 0 | fr2kr: 249 | lpr2kr: 1000 | cap2udp: 0 | kr2udp: 1 | 
2026-05-03 18:29:13,551 - INFO     - img2od: 17 | od2fr: 12 | od2lpr: 1000 | od2cap: 0 | fr2kr: 252 | lpr2kr: 1000 | cap2udp: 0 | kr2udp: 1 | 
2026-05-03 18:29:14,552 - INFO     - img2od: 17 | od2fr: 6 | od2lpr: 1000 | od2cap: 0 | fr2kr: 256 | lpr2kr: 1000 | cap2udp: 0 | kr2udp: 1 | 
2026-05-03 18:29:15,553 - INFO     - img2od: 17 | od2fr: 0 | od2lpr: 1000 | od2cap: 0 | fr2kr: 260 | lpr2kr: 1000 | cap2udp: 0 | kr2udp: 1 | 
2026-05-03 18:29:16,554 - INFO     - img2od: 17 | od2fr: 0 | od2lpr: 1000 | od2cap: 0 | fr2kr: 258 | lpr2kr: 1000 | cap2udp: 0 | kr2udp: 1 | 
2026-05-03 18:29:17,555 - INFO     - img2od: 17 | od2fr: 0 | od2lpr: 1000 | od2cap: 0 | fr2kr: 255 | lpr2kr: 1000 | cap2udp: 0 | kr2udp: 1 | 
2026-05-03 18:29:18,556 - INFO     - img2od: 17 | od2fr: 0 | od2lpr: 1000 | od2cap: 0 | fr2kr: 253 | lpr2kr: 1000 | cap2udp: 0 | kr2udp: 0 | 
2026-05-03 18:29:19,557 - INFO     - img2od: 17 | od2fr: 0 | od2lpr: 1000 | od2cap: 0 | fr2kr: 251 | lpr2kr: 1000 | cap2udp: 0 | kr2udp: 0 | 
2026-05-03 18:29:20,558 - INFO     - img2od: 17 | od2fr: 0 | od2lpr: 1000 | od2cap: 0 | fr2kr: 249 | lpr2kr: 1000 | cap2udp: 0 | kr2udp: 1 | 
2026-05-03 18:29:21,559 - INFO     - img2od: 17 | od2fr: 0 | od2lpr: 1000 | od2cap: 0 | fr2kr: 247 | lpr2kr: 1000 | cap2udp: 0 | kr2udp: 0 | 
2026-05-03 18:29:22,560 - INFO     - img2od: 17 | od2fr: 0 | od2lpr: 1000 | od2cap: 0 | fr2kr: 245 | lpr2kr: 1000 | cap2udp: 0 | kr2udp: 0 | 
2026-05-03 18:29:23,561 - INFO     - img2od: 17 | od2fr: 0 | od2lpr: 1000 | od2cap: 0 | fr2kr: 243 | lpr2kr: 1000 | cap2udp: 0 | kr2udp: 0 | 
2026-05-03 18:29:24,562 - INFO     - img2od: 17 | od2fr: 0 | od2lpr: 1000 | od2cap: 0 | fr2kr: 241 | lpr2kr: 1000 | cap2udp: 0 | kr2udp: 1 | 
2026-05-03 18:29:25,563 - INFO     - img2od: 17 | od2fr: 0 | od2lpr: 1000 | od2cap: 0 | fr2kr: 239 | lpr2kr: 1000 | cap2udp: 0 | kr2udp: 1 | 
2026-05-03 18:29:26,564 - INFO     - img2od: 17 | od2fr: 0 | od2lpr: 1000 | od2cap: 0 | fr2kr: 237 | lpr2kr: 1000 | cap2udp: 0 | kr2udp: 1 | 
2026-05-03 18:29:27,565 - INFO     - img2od: 17 | od2fr: 0 | od2lpr: 1000 | od2cap: 0 | fr2kr: 234 | lpr2kr: 1000 | cap2udp: 0 | kr2udp: 1 | 
2026-05-03 18:29:28,566 - INFO     - img2od: 17 | od2fr: 0 | od2lpr: 1000 | od2cap: 0 | fr2kr: 232 | lpr2kr: 1000 | cap2udp: 0 | kr2udp: 0 | 
2026-05-03 18:29:29,567 - INFO     - img2od: 17 | od2fr: 0 | od2lpr: 1000 | od2cap: 0 | fr2kr: 230 | lpr2kr: 1000 | cap2udp: 0 | kr2udp: 0 | 
2026-05-03 18:29:30,568 - INFO     - img2od: 17 | od2fr: 0 | od2lpr: 1000 | od2cap: 0 | fr2kr: 228 | lpr2kr: 1000 | cap2udp: 0 | kr2udp: 0 | 
2026-05-03 18:29:31,569 - INFO     - img2od: 17 | od2fr: 0 | od2lpr: 1000 | od2cap: 0 | fr2kr: 226 | lpr2kr: 1000 | cap2udp: 0 | kr2udp: 1 | 
2026-05-03 18:29:32,570 - INFO     - img2od: 17 | od2fr: 0 | od2lpr: 1000 | od2cap: 0 | fr2kr: 224 | lpr2kr: 1000 | cap2udp: 0 | kr2udp: 1 | 
2026-05-03 18:29:33,571 - INFO     - img2od: 17 | od2fr: 0 | od2lpr: 1000 | od2cap: 0 | fr2kr: 222 | lpr2kr: 1000 | cap2udp: 0 | kr2udp: 1 | 
2026-05-03 18:29:34,572 - INFO     - img2od: 17 | od2fr: 0 | od2lpr: 1000 | od2cap: 0 | fr2kr: 219 | lpr2kr: 1000 | cap2udp: 0 | kr2udp: 1 | 
2026-05-03 18:29:35,573 - INFO     - img2od: 17 | od2fr: 0 | od2lpr: 1000 | od2cap: 0 | fr2kr: 217 | lpr2kr: 1000 | cap2udp: 0 | kr2udp: 1 | 
2026-05-03 18:29:36,574 - INFO     - img2od: 17 | od2fr: 0 | od2lpr: 1000 | od2cap: 0 | fr2kr: 215 | lpr2kr: 1000 | cap2udp: 0 | kr2udp: 0 | 
2026-05-03 18:29:37,575 - INFO     - img2od: 17 | od2fr: 0 | od2lpr: 1000 | od2cap: 0 | fr2kr: 213 | lpr2kr: 1000 | cap2udp: 0 | kr2udp: 1 | 
2026-05-03 18:29:38,576 - INFO     - img2od: 17 | od2fr: 0 | od2lpr: 1000 | od2cap: 0 | fr2kr: 211 | lpr2kr: 1000 | cap2udp: 0 | kr2udp: 1 | 
2026-05-03 18:29:39,577 - INFO     - img2od: 17 | od2fr: 0 | od2lpr: 1000 | od2cap: 0 | fr2kr: 209 | lpr2kr: 1000 | cap2udp: 0 | kr2udp: 1 | 
2026-05-03 18:29:40,578 - INFO     - img2od: 17 | od2fr: 0 | od2lpr: 1000 | od2cap: 0 | fr2kr: 206 | lpr2kr: 1000 | cap2udp: 0 | kr2udp: 1 | 
2026-05-03 18:29:41,579 - INFO     - img2od: 17 | od2fr: 0 | od2lpr: 1000 | od2cap: 0 | fr2kr: 204 | lpr2kr: 1000 | cap2udp: 0 | kr2udp: 1 | 
2026-05-03 18:29:42,580 - INFO     - img2od: 17 | od2fr: 0 | od2lpr: 1000 | od2cap: 0 | fr2kr: 202 | lpr2kr: 1000 | cap2udp: 0 | kr2udp: 1 | 
2026-05-03 18:29:43,581 - INFO     - img2od: 17 | od2fr: 0 | od2lpr: 1000 | od2cap: 0 | fr2kr: 200 | lpr2kr: 1000 | cap2udp: 0 | kr2udp: 1 | 
2026-05-03 18:29:44,582 - INFO     - img2od: 17 | od2fr: 0 | od2lpr: 1000 | od2cap: 0 | fr2kr: 198 | lpr2kr: 1000 | cap2udp: 0 | kr2udp: 0 | 
2026-05-03 18:29:45,583 - INFO     - img2od: 17 | od2fr: 0 | od2lpr: 1000 | od2cap: 0 | fr2kr: 196 | lpr2kr: 1000 | cap2udp: 0 | kr2udp: 1 | 
2026-05-03 18:29:46,584 - INFO     - img2od: 16 | od2fr: 4 | od2lpr: 1000 | od2cap: 0 | fr2kr: 195 | lpr2kr: 1000 | cap2udp: 1 | kr2udp: 1 | 
2026-05-03 18:29:47,585 - INFO     - img2od: 12 | od2fr: 0 | od2lpr: 998 | od2cap: 0 | fr2kr: 198 | lpr2kr: 1000 | cap2udp: 0 | kr2udp: 0 | 
2026-05-03 18:29:48,586 - INFO     - img2od: 8 | od2fr: 17 | od2lpr: 1000 | od2cap: 0 | fr2kr: 202 | lpr2kr: 1000 | cap2udp: 0 | kr2udp: 1 | 
2026-05-03 18:29:49,587 - INFO     - img2od: 8 | od2fr: 12 | od2lpr: 1000 | od2cap: 0 | fr2kr: 205 | lpr2kr: 1000 | cap2udp: 0 | kr2udp: 1 | 
2026-05-03 18:29:50,588 - INFO     - img2od: 8 | od2fr: 6 | od2lpr: 1000 | od2cap: 0 | fr2kr: 208 | lpr2kr: 1000 | cap2udp: 0 | kr2udp: 1 | 
2026-05-03 18:29:51,589 - INFO     - img2od: 8 | od2fr: 1 | od2lpr: 1000 | od2cap: 0 | fr2kr: 212 | lpr2kr: 1000 | cap2udp: 0 | kr2udp: 0 | 
2026-05-03 18:29:52,590 - INFO     - img2od: 8 | od2fr: 0 | od2lpr: 1000 | od2cap: 0 | fr2kr: 211 | lpr2kr: 1000 | cap2udp: 0 | kr2udp: 1 | 
2026-05-03 18:29:53,591 - INFO     - img2od: 8 | od2fr: 0 | od2lpr: 1000 | od2cap: 0 | fr2kr: 209 | lpr2kr: 1000 | cap2udp: 0 | kr2udp: 1 | 
2026-05-03 18:29:54,592 - INFO     - img2od: 8 | od2fr: 0 | od2lpr: 1000 | od2cap: 0 | fr2kr: 206 | lpr2kr: 1000 | cap2udp: 0 | kr2udp: 0 | 
2026-05-03 18:29:55,593 - INFO     - img2od: 8 | od2fr: 0 | od2lpr: 1000 | od2cap: 0 | fr2kr: 204 | lpr2kr: 1000 | cap2udp: 0 | kr2udp: 1 | 
2026-05-03 18:29:56,594 - INFO     - img2od: 8 | od2fr: 0 | od2lpr: 1000 | od2cap: 0 | fr2kr: 202 | lpr2kr: 1000 | cap2udp: 0 | kr2udp: 1 | 
2026-05-03 18:29:57,595 - INFO     - img2od: 8 | od2fr: 0 | od2lpr: 1000 | od2cap: 0 | fr2kr: 199 | lpr2kr: 1000 | cap2udp: 0 | kr2udp: 1 | 
2026-05-03 18:29:58,596 - INFO     - img2od: 8 | od2fr: 0 | od2lpr: 1000 | od2cap: 0 | fr2kr: 197 | lpr2kr: 1000 | cap2udp: 0 | kr2udp: 0 | 
2026-05-03 18:29:59,597 - INFO     - img2od: 8 | od2fr: 0 | od2lpr: 1000 | od2cap: 0 | fr2kr: 195 | lpr2kr: 1000 | cap2udp: 0 | kr2udp: 1 | 
2026-05-03 18:30:00,608 - INFO     - img2od: 8 | od2fr: 0 | od2lpr: 1000 | od2cap: 0 | fr2kr: 193 | lpr2kr: 1000 | cap2udp: 0 | kr2udp: 1 | 
2026-05-03 18:30:01,609 - INFO     - img2od: 8 | od2fr: 0 | od2lpr: 1000 | od2cap: 0 | fr2kr: 191 | lpr2kr: 1000 | cap2udp: 0 | kr2udp: 0 | 
2026-05-03 18:30:02,609 - INFO     - img2od: 8 | od2fr: 0 | od2lpr: 1000 | od2cap: 0 | fr2kr: 189 | lpr2kr: 1000 | cap2udp: 0 | kr2udp: 1 | 
2026-05-03 18:30:03,610 - INFO     - img2od: 8 | od2fr: 0 | od2lpr: 1000 | od2cap: 0 | fr2kr: 186 | lpr2kr: 1000 | cap2udp: 0 | kr2udp: 0 | 
2026-05-03 18:30:04,611 - INFO     - img2od: 8 | od2fr: 0 | od2lpr: 1000 | od2cap: 0 | fr2kr: 184 | lpr2kr: 1000 | cap2udp: 0 | kr2udp: 1 | 
2026-05-03 18:30:05,612 - INFO     - img2od: 8 | od2fr: 0 | od2lpr: 1000 | od2cap: 0 | fr2kr: 182 | lpr2kr: 1000 | cap2udp: 0 | kr2udp: 0 | 
2026-05-03 18:30:06,613 - INFO     - img2od: 8 | od2fr: 0 | od2lpr: 1000 | od2cap: 0 | fr2kr: 180 | lpr2kr: 1000 | cap2udp: 0 | kr2udp: 0 | 
2026-05-03 18:30:07,614 - INFO     - img2od: 8 | od2fr: 0 | od2lpr: 1000 | od2cap: 0 | fr2kr: 178 | lpr2kr: 1000 | cap2udp: 0 | kr2udp: 0 | 
2026-05-03 18:30:08,615 - INFO     - img2od: 8 | od2fr: 0 | od2lpr: 1000 | od2cap: 0 | fr2kr: 176 | lpr2kr: 1000 | cap2udp: 0 | kr2udp: 1 | 
2026-05-03 18:30:09,616 - INFO     - img2od: 8 | od2fr: 0 | od2lpr: 1000 | od2cap: 0 | fr2kr: 174 | lpr2kr: 1000 | cap2udp: 0 | kr2udp: 1 | 
2026-05-03 18:30:10,617 - INFO     - img2od: 8 | od2fr: 0 | od2lpr: 1000 | od2cap: 0 | fr2kr: 171 | lpr2kr: 1000 | cap2udp: 0 | kr2udp: 0 | 
2026-05-03 18:30:11,618 - INFO     - img2od: 8 | od2fr: 0 | od2lpr: 1000 | od2cap: 0 | fr2kr: 169 | lpr2kr: 1000 | cap2udp: 0 | kr2udp: 1 | 
2026-05-03 18:30:12,619 - INFO     - img2od: 8 | od2fr: 0 | od2lpr: 1000 | od2cap: 0 | fr2kr: 167 | lpr2kr: 1000 | cap2udp: 0 | kr2udp: 1 | 
2026-05-03 18:30:13,620 - INFO     - img2od: 8 | od2fr: 0 | od2lpr: 1000 | od2cap: 0 | fr2kr: 164 | lpr2kr: 1000 | cap2udp: 0 | kr2udp: 1 | 
2026-05-03 18:30:14,621 - INFO     - img2od: 8 | od2fr: 0 | od2lpr: 1000 | od2cap: 0 | fr2kr: 163 | lpr2kr: 1000 | cap2udp: 0 | kr2udp: 1 | 
2026-05-03 18:30:15,622 - INFO     - img2od: 8 | od2fr: 0 | od2lpr: 1000 | od2cap: 0 | fr2kr: 161 | lpr2kr: 1000 | cap2udp: 0 | kr2udp: 1 | 
2026-05-03 18:30:16,623 - INFO     - img2od: 8 | od2fr: 0 | od2lpr: 1000 | od2cap: 0 | fr2kr: 159 | lpr2kr: 1000 | cap2udp: 0 | kr2udp: 1 | 
2026-05-03 18:30:17,624 - INFO     - img2od: 8 | od2fr: 0 | od2lpr: 1000 | od2cap: 0 | fr2kr: 157 | lpr2kr: 1000 | cap2udp: 0 | kr2udp: 1 | 
2026-05-03 18:30:18,625 - INFO     - img2od: 8 | od2fr: 0 | od2lpr: 1000 | od2cap: 0 | fr2kr: 154 | lpr2kr: 1000 | cap2udp: 0 | kr2udp: 0 | 
2026-05-03 18:30:19,626 - INFO     - img2od: 8 | od2fr: 0 | od2lpr: 1000 | od2cap: 0 | fr2kr: 152 | lpr2kr: 1000 | cap2udp: 0 | kr2udp: 0 | 
2026-05-03 18:30:20,627 - INFO     - img2od: 8 | od2fr: 0 | od2lpr: 1000 | od2cap: 0 | fr2kr: 150 | lpr2kr: 1000 | cap2udp: 0 | kr2udp: 1 | 
2026-05-03 18:30:21,628 - INFO     - img2od: 8 | od2fr: 0 | od2lpr: 1000 | od2cap: 0 | fr2kr: 148 | lpr2kr: 1000 | cap2udp: 0 | kr2udp: 1 | 
2026-05-03 18:30:22,629 - INFO     - img2od: 8 | od2fr: 0 | od2lpr: 1000 | od2cap: 0 | fr2kr: 146 | lpr2kr: 1000 | cap2udp: 0 | kr2udp: 1 | 
2026-05-03 18:30:23,630 - INFO     - img2od: 8 | od2fr: 0 | od2lpr: 1000 | od2cap: 0 | fr2kr: 144 | lpr2kr: 1000 | cap2udp: 0 | kr2udp: 1 | 
2026-05-03 18:30:24,631 - INFO     - img2od: 8 | od2fr: 0 | od2lpr: 1000 | od2cap: 0 | fr2kr: 141 | lpr2kr: 1000 | cap2udp: 0 | kr2udp: 1 | 
2026-05-03 18:30:25,632 - INFO     - img2od: 8 | od2fr: 0 | od2lpr: 1000 | od2cap: 0 | fr2kr: 139 | lpr2kr: 1000 | cap2udp: 0 | kr2udp: 1 | 
2026-05-03 18:30:26,633 - INFO     - img2od: 8 | od2fr: 0 | od2lpr: 1000 | od2cap: 0 | fr2kr: 137 | lpr2kr: 1000 | cap2udp: 0 | kr2udp: 1 | 
2026-05-03 18:30:27,634 - INFO     - img2od: 8 | od2fr: 0 | od2lpr: 1000 | od2cap: 0 | fr2kr: 135 | lpr2kr: 1000 | cap2udp: 0 | kr2udp: 1 | 
2026-05-03 18:30:28,635 - INFO     - img2od: 8 | od2fr: 0 | od2lpr: 1000 | od2cap: 0 | fr2kr: 132 | lpr2kr: 1000 | cap2udp: 0 | kr2udp: 0 | 
2026-05-03 18:30:29,636 - INFO     - img2od: 8 | od2fr: 0 | od2lpr: 1000 | od2cap: 0 | fr2kr: 130 | lpr2kr: 1000 | cap2udp: 0 | kr2udp: 0 | 
2026-05-03 18:30:30,637 - INFO     - img2od: 8 | od2fr: 0 | od2lpr: 1000 | od2cap: 0 | fr2kr: 128 | lpr2kr: 1000 | cap2udp: 0 | kr2udp: 1 | 
2026-05-03 18:30:31,638 - INFO     - img2od: 8 | od2fr: 0 | od2lpr: 1000 | od2cap: 0 | fr2kr: 126 | lpr2kr: 1000 | cap2udp: 0 | kr2udp: 1 | 
2026-05-03 18:30:32,639 - INFO     - img2od: 8 | od2fr: 0 | od2lpr: 1000 | od2cap: 0 | fr2kr: 124 | lpr2kr: 1000 | cap2udp: 0 | kr2udp: 1 | 
2026-05-03 18:30:33,640 - INFO     - img2od: 8 | od2fr: 0 | od2lpr: 1000 | od2cap: 0 | fr2kr: 122 | lpr2kr: 1000 | cap2udp: 0 | kr2udp: 1 | 
2026-05-03 18:30:34,641 - INFO     - img2od: 8 | od2fr: 0 | od2lpr: 1000 | od2cap: 0 | fr2kr: 119 | lpr2kr: 1000 | cap2udp: 0 | kr2udp: 1 | 
2026-05-03 18:30:35,642 - INFO     - img2od: 8 | od2fr: 0 | od2lpr: 1000 | od2cap: 0 | fr2kr: 117 | lpr2kr: 1000 | cap2udp: 0 | kr2udp: 0 | 
2026-05-03 18:30:36,643 - INFO     - img2od: 8 | od2fr: 0 | od2lpr: 1000 | od2cap: 0 | fr2kr: 115 | lpr2kr: 1000 | cap2udp: 0 | kr2udp: 1 | 
2026-05-03 18:30:37,644 - INFO     - img2od: 8 | od2fr: 0 | od2lpr: 1000 | od2cap: 0 | fr2kr: 113 | lpr2kr: 1000 | cap2udp: 0 | kr2udp: 1 | 
2026-05-03 18:30:38,645 - INFO     - img2od: 8 | od2fr: 0 | od2lpr: 1000 | od2cap: 0 | fr2kr: 111 | lpr2kr: 1000 | cap2udp: 0 | kr2udp: 1 | 
2026-05-03 18:30:39,646 - INFO     - img2od: 8 | od2fr: 0 | od2lpr: 1000 | od2cap: 0 | fr2kr: 109 | lpr2kr: 1000 | cap2udp: 0 | kr2udp: 0 | 
2026-05-03 18:30:40,647 - INFO     - img2od: 8 | od2fr: 0 | od2lpr: 1000 | od2cap: 0 | fr2kr: 107 | lpr2kr: 1000 | cap2udp: 0 | kr2udp: 1 | 
2026-05-03 18:30:41,648 - INFO     - img2od: 8 | od2fr: 0 | od2lpr: 1000 | od2cap: 0 | fr2kr: 105 | lpr2kr: 1000 | cap2udp: 0 | kr2udp: 1 | 
2026-05-03 18:30:42,649 - INFO     - img2od: 8 | od2fr: 0 | od2lpr: 1000 | od2cap: 0 | fr2kr: 103 | lpr2kr: 1000 | cap2udp: 0 | kr2udp: 1 | 
2026-05-03 18:30:43,650 - INFO     - img2od: 8 | od2fr: 0 | od2lpr: 1000 | od2cap: 0 | fr2kr: 101 | lpr2kr: 1000 | cap2udp: 0 | kr2udp: 1 | 
2026-05-03 18:30:44,651 - INFO     - img2od: 8 | od2fr: 0 | od2lpr: 1000 | od2cap: 0 | fr2kr: 98 | lpr2kr: 1000 | cap2udp: 0 | kr2udp: 1 | 
2026-05-03 18:30:45,652 - INFO     - img2od: 8 | od2fr: 0 | od2lpr: 1000 | od2cap: 0 | fr2kr: 96 | lpr2kr: 1000 | cap2udp: 0 | kr2udp: 0 | 
2026-05-03 18:30:46,653 - INFO     - img2od: 8 | od2fr: 0 | od2lpr: 1000 | od2cap: 0 | fr2kr: 94 | lpr2kr: 1000 | cap2udp: 0 | kr2udp: 1 | 
2026-05-03 18:30:47,654 - INFO     - img2od: 8 | od2fr: 0 | od2lpr: 1000 | od2cap: 0 | fr2kr: 91 | lpr2kr: 1000 | cap2udp: 0 | kr2udp: 0 | 
2026-05-03 18:30:48,655 - INFO     - img2od: 8 | od2fr: 0 | od2lpr: 1000 | od2cap: 0 | fr2kr: 89 | lpr2kr: 1000 | cap2udp: 0 | kr2udp: 0 | 
2026-05-03 18:30:49,656 - INFO     - img2od: 8 | od2fr: 0 | od2lpr: 1000 | od2cap: 0 | fr2kr: 87 | lpr2kr: 1000 | cap2udp: 0 | kr2udp: 0 | 
2026-05-03 18:30:50,657 - INFO     - img2od: 8 | od2fr: 0 | od2lpr: 1000 | od2cap: 0 | fr2kr: 85 | lpr2kr: 1000 | cap2udp: 0 | kr2udp: 1 | 
2026-05-03 18:30:51,658 - INFO     - img2od: 8 | od2fr: 0 | od2lpr: 1000 | od2cap: 0 | fr2kr: 83 | lpr2kr: 1000 | cap2udp: 0 | kr2udp: 1 | 
2026-05-03 18:30:52,659 - INFO     - img2od: 8 | od2fr: 0 | od2lpr: 1000 | od2cap: 0 | fr2kr: 80 | lpr2kr: 1000 | cap2udp: 0 | kr2udp: 0 | 
2026-05-03 18:30:53,660 - INFO     - img2od: 8 | od2fr: 0 | od2lpr: 1000 | od2cap: 0 | fr2kr: 78 | lpr2kr: 1000 | cap2udp: 0 | kr2udp: 0 | 
2026-05-03 18:30:54,661 - INFO     - img2od: 8 | od2fr: 0 | od2lpr: 1000 | od2cap: 0 | fr2kr: 76 | lpr2kr: 1000 | cap2udp: 0 | kr2udp: 1 | 
2026-05-03 18:30:55,662 - INFO     - img2od: 8 | od2fr: 0 | od2lpr: 1000 | od2cap: 0 | fr2kr: 74 | lpr2kr: 1000 | cap2udp: 0 | kr2udp: 0 | 
2026-05-03 18:30:56,663 - INFO     - img2od: 8 | od2fr: 0 | od2lpr: 1000 | od2cap: 0 | fr2kr: 72 | lpr2kr: 1000 | cap2udp: 0 | kr2udp: 1 | 
2026-05-03 18:30:57,664 - INFO     - img2od: 8 | od2fr: 0 | od2lpr: 1000 | od2cap: 0 | fr2kr: 70 | lpr2kr: 1000 | cap2udp: 0 | kr2udp: 1 | 
2026-05-03 18:30:58,665 - INFO     - img2od: 8 | od2fr: 0 | od2lpr: 1000 | od2cap: 0 | fr2kr: 68 | lpr2kr: 1000 | cap2udp: 0 | kr2udp: 1 | 
2026-05-03 18:30:59,666 - INFO     - img2od: 8 | od2fr: 0 | od2lpr: 1000 | od2cap: 0 | fr2kr: 66 | lpr2kr: 1000 | cap2udp: 0 | kr2udp: 1 | 
2026-05-03 18:31:00,667 - INFO     - img2od: 8 | od2fr: 0 | od2lpr: 1000 | od2cap: 0 | fr2kr: 63 | lpr2kr: 1000 | cap2udp: 0 | kr2udp: 0 | 
2026-05-03 18:31:01,668 - INFO     - img2od: 8 | od2fr: 0 | od2lpr: 1000 | od2cap: 0 | fr2kr: 61 | lpr2kr: 1000 | cap2udp: 0 | kr2udp: 0 | 
2026-05-03 18:31:02,669 - INFO     - img2od: 8 | od2fr: 0 | od2lpr: 1000 | od2cap: 0 | fr2kr: 59 | lpr2kr: 1000 | cap2udp: 0 | kr2udp: 1 | 
2026-05-03 18:31:03,670 - INFO     - img2od: 8 | od2fr: 0 | od2lpr: 1000 | od2cap: 0 | fr2kr: 57 | lpr2kr: 1000 | cap2udp: 0 | kr2udp: 1 | 
2026-05-03 18:31:04,671 - INFO     - img2od: 8 | od2fr: 0 | od2lpr: 1000 | od2cap: 0 | fr2kr: 55 | lpr2kr: 1000 | cap2udp: 0 | kr2udp: 1 | 
2026-05-03 18:31:05,672 - INFO     - img2od: 8 | od2fr: 0 | od2lpr: 1000 | od2cap: 0 | fr2kr: 53 | lpr2kr: 1000 | cap2udp: 0 | kr2udp: 1 | 
2026-05-03 18:31:06,673 - INFO     - img2od: 8 | od2fr: 0 | od2lpr: 1000 | od2cap: 0 | fr2kr: 51 | lpr2kr: 1000 | cap2udp: 0 | kr2udp: 1 | 
2026-05-03 18:31:07,674 - INFO     - img2od: 8 | od2fr: 0 | od2lpr: 1000 | od2cap: 0 | fr2kr: 48 | lpr2kr: 1000 | cap2udp: 0 | kr2udp: 1 | 
2026-05-03 18:31:08,675 - INFO     - img2od: 8 | od2fr: 0 | od2lpr: 1000 | od2cap: 0 | fr2kr: 46 | lpr2kr: 1000 | cap2udp: 0 | kr2udp: 0 | 
2026-05-03 18:31:09,677 - INFO     - img2od: 8 | od2fr: 0 | od2lpr: 1000 | od2cap: 0 | fr2kr: 44 | lpr2kr: 1000 | cap2udp: 0 | kr2udp: 0 | 
2026-05-03 18:31:10,678 - INFO     - img2od: 8 | od2fr: 0 | od2lpr: 1000 | od2cap: 0 | fr2kr: 42 | lpr2kr: 1000 | cap2udp: 0 | kr2udp: 0 | 
2026-05-03 18:31:11,679 - INFO     - img2od: 8 | od2fr: 0 | od2lpr: 1000 | od2cap: 0 | fr2kr: 40 | lpr2kr: 1000 | cap2udp: 0 | kr2udp: 1 | 
2026-05-03 18:31:12,680 - INFO     - img2od: 8 | od2fr: 0 | od2lpr: 1000 | od2cap: 0 | fr2kr: 38 | lpr2kr: 1000 | cap2udp: 0 | kr2udp: 1 | 
2026-05-03 18:31:13,681 - INFO     - img2od: 8 | od2fr: 0 | od2lpr: 1000 | od2cap: 0 | fr2kr: 36 | lpr2kr: 1000 | cap2udp: 0 | kr2udp: 1 | 
2026-05-03 18:31:14,682 - INFO     - img2od: 8 | od2fr: 0 | od2lpr: 1000 | od2cap: 0 | fr2kr: 33 | lpr2kr: 1000 | cap2udp: 0 | kr2udp: 1 | 
2026-05-03 18:31:15,683 - INFO     - img2od: 8 | od2fr: 0 | od2lpr: 1000 | od2cap: 0 | fr2kr: 31 | lpr2kr: 1000 | cap2udp: 0 | kr2udp: 1 | 
2026-05-03 18:31:16,684 - INFO     - img2od: 8 | od2fr: 0 | od2lpr: 1000 | od2cap: 0 | fr2kr: 29 | lpr2kr: 1000 | cap2udp: 0 | kr2udp: 1 | 
2026-05-03 18:31:17,685 - INFO     - img2od: 8 | od2fr: 0 | od2lpr: 1000 | od2cap: 0 | fr2kr: 27 | lpr2kr: 1000 | cap2udp: 0 | kr2udp: 0 | 
2026-05-03 18:31:18,686 - INFO     - img2od: 8 | od2fr: 0 | od2lpr: 1000 | od2cap: 0 | fr2kr: 25 | lpr2kr: 1000 | cap2udp: 0 | kr2udp: 1 | 
2026-05-03 18:31:19,687 - INFO     - img2od: 8 | od2fr: 0 | od2lpr: 1000 | od2cap: 0 | fr2kr: 23 | lpr2kr: 1000 | cap2udp: 0 | kr2udp: 1 | 
2026-05-03 18:31:20,688 - INFO     - img2od: 8 | od2fr: 0 | od2lpr: 1000 | od2cap: 0 | fr2kr: 20 | lpr2kr: 1000 | cap2udp: 0 | kr2udp: 1 | 
2026-05-03 18:31:21,689 - INFO     - img2od: 8 | od2fr: 0 | od2lpr: 1000 | od2cap: 0 | fr2kr: 18 | lpr2kr: 1000 | cap2udp: 0 | kr2udp: 1 | 
2026-05-03 18:31:22,690 - INFO     - img2od: 8 | od2fr: 0 | od2lpr: 1000 | od2cap: 0 | fr2kr: 16 | lpr2kr: 1000 | cap2udp: 0 | kr2udp: 0 | 
2026-05-03 18:31:23,691 - INFO     - img2od: 8 | od2fr: 0 | od2lpr: 1000 | od2cap: 0 | fr2kr: 14 | lpr2kr: 1000 | cap2udp: 0 | kr2udp: 0 | 
2026-05-03 18:31:24,692 - INFO     - img2od: 8 | od2fr: 0 | od2lpr: 1000 | od2cap: 0 | fr2kr: 12 | lpr2kr: 1000 | cap2udp: 0 | kr2udp: 1 | 
2026-05-03 18:31:25,693 - INFO     - img2od: 8 | od2fr: 0 | od2lpr: 1000 | od2cap: 0 | fr2kr: 10 | lpr2kr: 1000 | cap2udp: 0 | kr2udp: 0 | 
2026-05-03 18:31:26,694 - INFO     - img2od: 8 | od2fr: 0 | od2lpr: 1000 | od2cap: 0 | fr2kr: 8 | lpr2kr: 1000 | cap2udp: 0 | kr2udp: 0 | 
2026-05-03 18:31:27,695 - INFO     - img2od: 8 | od2fr: 0 | od2lpr: 1000 | od2cap: 0 | fr2kr: 6 | lpr2kr: 1000 | cap2udp: 0 | kr2udp: 0 | 
2026-05-03 18:31:28,696 - INFO     - img2od: 8 | od2fr: 0 | od2lpr: 1000 | od2cap: 0 | fr2kr: 4 | lpr2kr: 1000 | cap2udp: 0 | kr2udp: 1 | 
2026-05-03 18:31:29,697 - INFO     - img2od: 8 | od2fr: 0 | od2lpr: 1000 | od2cap: 0 | fr2kr: 1 | lpr2kr: 1000 | cap2udp: 0 | kr2udp: 1 | 
2026-05-03 18:31:30,698 - INFO     - img2od: 8 | od2fr: 0 | od2lpr: 1000 | od2cap: 0 | fr2kr: 0 | lpr2kr: 1000 | cap2udp: 0 | kr2udp: 1 | 
2026-05-03 18:31:31,699 - INFO     - img2od: 8 | od2fr: 0 | od2lpr: 1000 | od2cap: 0 | fr2kr: 0 | lpr2kr: 1000 | cap2udp: 0 | kr2udp: 0 | 
2026-05-03 18:31:32,700 - INFO     - img2od: 8 | od2fr: 0 | od2lpr: 1000 | od2cap: 0 | fr2kr: 0 | lpr2kr: 1000 | cap2udp: 0 | kr2udp: 0 | 
2026-05-03 18:31:33,701 - INFO     - img2od: 8 | od2fr: 0 | od2lpr: 1000 | od2cap: 0 | fr2kr: 0 | lpr2kr: 1000 | cap2udp: 0 | kr2udp: 0 | 
2026-05-03 18:31:34,702 - INFO     - img2od: 8 | od2fr: 0 | od2lpr: 1000 | od2cap: 0 | fr2kr: 0 | lpr2kr: 1000 | cap2udp: 0 | kr2udp: 1 | 
2026-05-03 18:31:35,703 - INFO     - img2od: 8 | od2fr: 0 | od2lpr: 1000 | od2cap: 0 | fr2kr: 0 | lpr2kr: 1000 | cap2udp: 0 | kr2udp: 0 | 
2026-05-03 18:31:36,704 - INFO     - img2od: 8 | od2fr: 0 | od2lpr: 1000 | od2cap: 0 | fr2kr: 0 | lpr2kr: 1000 | cap2udp: 0 | kr2udp: 1 | 
2026-05-03 18:31:37,705 - INFO     - img2od: 8 | od2fr: 0 | od2lpr: 1000 | od2cap: 0 | fr2kr: 0 | lpr2kr: 1000 | cap2udp: 0 | kr2udp: 1 | 
2026-05-03 18:31:38,706 - INFO     - img2od: 8 | od2fr: 0 | od2lpr: 1000 | od2cap: 0 | fr2kr: 0 | lpr2kr: 1000 | cap2udp: 0 | kr2udp: 1 | 
2026-05-03 18:31:39,707 - INFO     - img2od: 8 | od2fr: 0 | od2lpr: 1000 | od2cap: 0 | fr2kr: 0 | lpr2kr: 1000 | cap2udp: 0 | kr2udp: 1 | 
2026-05-03 18:31:40,708 - INFO     - img2od: 8 | od2fr: 0 | od2lpr: 1000 | od2cap: 0 | fr2kr: 0 | lpr2kr: 1000 | cap2udp: 0 | kr2udp: 1 | 
2026-05-03 18:31:41,709 - INFO     - img2od: 8 | od2fr: 0 | od2lpr: 1000 | od2cap: 0 | fr2kr: 0 | lpr2kr: 1000 | cap2udp: 0 | kr2udp: 1 | 
2026-05-03 18:31:42,710 - INFO     - img2od: 8 | od2fr: 0 | od2lpr: 1000 | od2cap: 0 | fr2kr: 0 | lpr2kr: 1000 | cap2udp: 0 | kr2udp: 1 | 
2026-05-03 18:31:43,711 - INFO     - img2od: 8 | od2fr: 0 | od2lpr: 1000 | od2cap: 0 | fr2kr: 0 | lpr2kr: 1000 | cap2udp: 0 | kr2udp: 0 | 
2026-05-03 18:31:44,712 - INFO     - img2od: 8 | od2fr: 0 | od2lpr: 1000 | od2cap: 0 | fr2kr: 0 | lpr2kr: 1000 | cap2udp: 0 | kr2udp: 0 | 
2026-05-03 18:31:45,713 - INFO     - img2od: 8 | od2fr: 0 | od2lpr: 1000 | od2cap: 0 | fr2kr: 0 | lpr2kr: 1000 | cap2udp: 0 | kr2udp: 1 | 
2026-05-03 18:31:46,714 - INFO     - img2od: 8 | od2fr: 0 | od2lpr: 1000 | od2cap: 0 | fr2kr: 0 | lpr2kr: 1000 | cap2udp: 0 | kr2udp: 1 | 
2026-05-03 18:31:47,715 - INFO     - img2od: 8 | od2fr: 0 | od2lpr: 1000 | od2cap: 0 | fr2kr: 0 | lpr2kr: 999 | cap2udp: 0 | kr2udp: 1 | 
2026-05-03 18:31:48,716 - INFO     - img2od: 8 | od2fr: 0 | od2lpr: 1000 | od2cap: 0 | fr2kr: 0 | lpr2kr: 1000 | cap2udp: 0 | kr2udp: 1 | 
2026-05-03 18:31:49,717 - INFO     - img2od: 8 | od2fr: 0 | od2lpr: 1000 | od2cap: 0 | fr2kr: 0 | lpr2kr: 1000 | cap2udp: 0 | kr2udp: 1 | 
2026-05-03 18:31:50,718 - INFO     - img2od: 8 | od2fr: 0 | od2lpr: 1000 | od2cap: 0 | fr2kr: 0 | lpr2kr: 1000 | cap2udp: 0 | kr2udp: 1 | 
2026-05-03 18:31:51,719 - INFO     - img2od: 8 | od2fr: 0 | od2lpr: 1000 | od2cap: 0 | fr2kr: 0 | lpr2kr: 1000 | cap2udp: 0 | kr2udp: 1 | 
2026-05-03 18:31:52,720 - INFO     - img2od: 8 | od2fr: 0 | od2lpr: 1000 | od2cap: 0 | fr2kr: 0 | lpr2kr: 1000 | cap2udp: 0 | kr2udp: 0 | 
2026-05-03 18:31:53,721 - INFO     - img2od: 8 | od2fr: 0 | od2lpr: 1000 | od2cap: 0 | fr2kr: 0 | lpr2kr: 1000 | cap2udp: 0 | kr2udp: 1 | 
2026-05-03 18:31:54,722 - INFO     - img2od: 8 | od2fr: 0 | od2lpr: 1000 | od2cap: 0 | fr2kr: 0 | lpr2kr: 1000 | cap2udp: 0 | kr2udp: 0 | 
2026-05-03 18:31:55,723 - INFO     - img2od: 8 | od2fr: 0 | od2lpr: 1000 | od2cap: 0 | fr2kr: 0 | lpr2kr: 1000 | cap2udp: 0 | kr2udp: 1 | 
2026-05-03 18:31:56,724 - INFO     - img2od: 8 | od2fr: 0 | od2lpr: 1000 | od2cap: 0 | fr2kr: 0 | lpr2kr: 999 | cap2udp: 0 | kr2udp: 1 | 
2026-05-03 18:31:57,725 - INFO     - img2od: 8 | od2fr: 0 | od2lpr: 1000 | od2cap: 0 | fr2kr: 0 | lpr2kr: 1000 | cap2udp: 0 | kr2udp: 1 | 
2026-05-03 18:31:58,726 - INFO     - img2od: 8 | od2fr: 0 | od2lpr: 1000 | od2cap: 0 | fr2kr: 0 | lpr2kr: 1000 | cap2udp: 0 | kr2udp: 1 | 
2026-05-03 18:31:59,727 - INFO     - img2od: 8 | od2fr: 0 | od2lpr: 1000 | od2cap: 0 | fr2kr: 0 | lpr2kr: 1000 | cap2udp: 0 | kr2udp: 1 | 
2026-05-03 18:32:00,728 - INFO     - img2od: 8 | od2fr: 0 | od2lpr: 1000 | od2cap: 0 | fr2kr: 0 | lpr2kr: 1000 | cap2udp: 0 | kr2udp: 0 | 
2026-05-03 18:32:01,729 - INFO     - img2od: 8 | od2fr: 0 | od2lpr: 1000 | od2cap: 0 | fr2kr: 0 | lpr2kr: 1000 | cap2udp: 0 | kr2udp: 0 | 
2026-05-03 18:32:02,730 - INFO     - img2od: 8 | od2fr: 0 | od2lpr: 1000 | od2cap: 0 | fr2kr: 0 | lpr2kr: 1000 | cap2udp: 0 | kr2udp: 1 | 
2026-05-03 18:32:03,731 - INFO     - img2od: 8 | od2fr: 0 | od2lpr: 1000 | od2cap: 0 | fr2kr: 0 | lpr2kr: 1000 | cap2udp: 0 | kr2udp: 1 | 
2026-05-03 18:32:04,732 - INFO     - img2od: 8 | od2fr: 0 | od2lpr: 1000 | od2cap: 0 | fr2kr: 0 | lpr2kr: 1000 | cap2udp: 0 | kr2udp: 1 | 
2026-05-03 18:32:05,733 - INFO     - img2od: 8 | od2fr: 0 | od2lpr: 1000 | od2cap: 0 | fr2kr: 0 | lpr2kr: 1000 | cap2udp: 0 | kr2udp: 1 | 
2026-05-03 18:32:06,734 - INFO     - img2od: 8 | od2fr: 0 | od2lpr: 1000 | od2cap: 0 | fr2kr: 0 | lpr2kr: 1000 | cap2udp: 0 | kr2udp: 1 | 
2026-05-03 18:32:07,735 - INFO     - img2od: 8 | od2fr: 0 | od2lpr: 1000 | od2cap: 0 | fr2kr: 0 | lpr2kr: 1000 | cap2udp: 0 | kr2udp: 1 | 
2026-05-03 18:32:08,736 - INFO     - img2od: 8 | od2fr: 0 | od2lpr: 1000 | od2cap: 0 | fr2kr: 0 | lpr2kr: 1000 | cap2udp: 0 | kr2udp: 1 | 
2026-05-03 18:32:09,737 - INFO     - img2od: 8 | od2fr: 0 | od2lpr: 1000 | od2cap: 0 | fr2kr: 0 | lpr2kr: 1000 | cap2udp: 0 | kr2udp: 0 | 
2026-05-03 18:32:10,738 - INFO     - img2od: 8 | od2fr: 0 | od2lpr: 1000 | od2cap: 0 | fr2kr: 0 | lpr2kr: 1000 | cap2udp: 0 | kr2udp: 1 | 
2026-05-03 18:32:11,739 - INFO     - img2od: 8 | od2fr: 0 | od2lpr: 1000 | od2cap: 0 | fr2kr: 0 | lpr2kr: 1000 | cap2udp: 0 | kr2udp: 1 | 
2026-05-03 18:32:12,740 - INFO     - img2od: 8 | od2fr: 0 | od2lpr: 1000 | od2cap: 0 | fr2kr: 0 | lpr2kr: 1000 | cap2udp: 0 | kr2udp: 1 | 
2026-05-03 18:32:13,741 - INFO     - img2od: 8 | od2fr: 0 | od2lpr: 1000 | od2cap: 0 | fr2kr: 0 | lpr2kr: 1000 | cap2udp: 0 | kr2udp: 0 | 
2026-05-03 18:32:14,742 - INFO     - img2od: 8 | od2fr: 0 | od2lpr: 1000 | od2cap: 0 | fr2kr: 0 | lpr2kr: 1000 | cap2udp: 0 | kr2udp: 0 | 
2026-05-03 18:32:15,743 - INFO     - img2od: 8 | od2fr: 0 | od2lpr: 1000 | od2cap: 0 | fr2kr: 0 | lpr2kr: 1000 | cap2udp: 0 | kr2udp: 0 | 
2026-05-03 18:32:16,744 - INFO     - img2od: 8 | od2fr: 0 | od2lpr: 1000 | od2cap: 0 | fr2kr: 0 | lpr2kr: 1000 | cap2udp: 0 | kr2udp: 1 | 
2026-05-03 18:32:17,745 - INFO     - img2od: 8 | od2fr: 0 | od2lpr: 1000 | od2cap: 0 | fr2kr: 0 | lpr2kr: 1000 | cap2udp: 0 | kr2udp: 1 | 
2026-05-03 18:32:18,746 - INFO     - img2od: 8 | od2fr: 0 | od2lpr: 1000 | od2cap: 0 | fr2kr: 0 | lpr2kr: 1000 | cap2udp: 0 | kr2udp: 1 | 
2026-05-03 18:32:19,747 - INFO     - img2od: 8 | od2fr: 0 | od2lpr: 1000 | od2cap: 0 | fr2kr: 0 | lpr2kr: 1000 | cap2udp: 0 | kr2udp: 1 | 
2026-05-03 18:32:20,748 - INFO     - img2od: 8 | od2fr: 0 | od2lpr: 1000 | od2cap: 0 | fr2kr: 0 | lpr2kr: 1000 | cap2udp: 0 | kr2udp: 1 | 
2026-05-03 18:32:21,749 - INFO     - img2od: 8 | od2fr: 0 | od2lpr: 1000 | od2cap: 0 | fr2kr: 0 | lpr2kr: 1000 | cap2udp: 0 | kr2udp: 1 | 
2026-05-03 18:32:22,750 - INFO     - img2od: 7 | od2fr: 0 | od2lpr: 1000 | od2cap: 0 | fr2kr: 0 | lpr2kr: 1000 | cap2udp: 0 | kr2udp: 1 | 
2026-05-03 18:32:23,751 - INFO     - img2od: 7 | od2fr: 0 | od2lpr: 1000 | od2cap: 0 | fr2kr: 0 | lpr2kr: 1000 | cap2udp: 0 | kr2udp: 2 | 
2026-05-03 18:32:24,752 - INFO     - img2od: 6 | od2fr: 0 | od2lpr: 1000 | od2cap: 0 | fr2kr: 0 | lpr2kr: 1000 | cap2udp: 1 | kr2udp: 1 | 
2026-05-03 18:32:25,753 - INFO     - img2od: 5 | od2fr: 0 | od2lpr: 1000 | od2cap: 0 | fr2kr: 2 | lpr2kr: 1000 | cap2udp: 0 | kr2udp: 1 | 
2026-05-03 18:32:26,754 - INFO     - img2od: 3 | od2fr: 0 | od2lpr: 999 | od2cap: 0 | fr2kr: 0 | lpr2kr: 1000 | cap2udp: 0 | kr2udp: 1 | 
2026-05-03 18:32:27,519 - INFO     - odStream     : Received END signal, shutting down
2026-05-03 18:32:27,523 - INFO     - capStream    : Received END signal, shutting down
2026-05-03 18:32:27,560 - INFO     - udpStream    : Received end signal from CAP
2026-05-03 18:32:27,683 - INFO     - frStream     : Received END signal, shutting down
2026-05-03 18:32:27,755 - INFO     - img2od: 0 | od2fr: 0 | od2lpr: 998 | od2cap: 0 | fr2kr: 2 | lpr2kr: 1000 | cap2udp: 0 | kr2udp: 0 | 
2026-05-03 18:32:27,856 - INFO     - odStream     : shutdown successful
2026-05-03 18:32:27,998 - INFO     - frStream     : shutdown successful
2026-05-03 18:32:28,124 - INFO     - capStream    : shutdown successful
2026-05-03 18:32:28,581 - INFO     - krStream     : Received end signal from FR
2026-05-03 18:32:28,756 - INFO     - img2od: 0 | od2fr: 0 | od2lpr: 996 | od2cap: 0 | fr2kr: 0 | lpr2kr: 1000 | cap2udp: 0 | kr2udp: 0 | 
2026-05-03 18:32:29,757 - INFO     - img2od: 0 | od2fr: 0 | od2lpr: 993 | od2cap: 0 | fr2kr: 0 | lpr2kr: 1000 | cap2udp: 0 | kr2udp: 1 | 
2026-05-03 18:32:30,758 - INFO     - img2od: 0 | od2fr: 0 | od2lpr: 989 | od2cap: 0 | fr2kr: 0 | lpr2kr: 1000 | cap2udp: 0 | kr2udp: 1 | 
2026-05-03 18:32:31,759 - INFO     - img2od: 0 | od2fr: 0 | od2lpr: 985 | od2cap: 0 | fr2kr: 0 | lpr2kr: 1000 | cap2udp: 0 | kr2udp: 0 | 
2026-05-03 18:32:32,760 - INFO     - img2od: 0 | od2fr: 0 | od2lpr: 981 | od2cap: 0 | fr2kr: 0 | lpr2kr: 1000 | cap2udp: 0 | kr2udp: 0 | 
2026-05-03 18:32:33,761 - INFO     - img2od: 0 | od2fr: 0 | od2lpr: 977 | od2cap: 0 | fr2kr: 0 | lpr2kr: 1000 | cap2udp: 0 | kr2udp: 1 | 
2026-05-03 18:32:34,762 - INFO     - img2od: 0 | od2fr: 0 | od2lpr: 973 | od2cap: 0 | fr2kr: 0 | lpr2kr: 1000 | cap2udp: 0 | kr2udp: 1 | 
2026-05-03 18:32:35,763 - INFO     - img2od: 0 | od2fr: 0 | od2lpr: 969 | od2cap: 0 | fr2kr: 0 | lpr2kr: 1000 | cap2udp: 0 | kr2udp: 1 | 
2026-05-03 18:32:36,764 - INFO     - img2od: 0 | od2fr: 0 | od2lpr: 965 | od2cap: 0 | fr2kr: 0 | lpr2kr: 1000 | cap2udp: 0 | kr2udp: 1 | 
2026-05-03 18:32:37,766 - INFO     - img2od: 0 | od2fr: 0 | od2lpr: 961 | od2cap: 0 | fr2kr: 0 | lpr2kr: 1000 | cap2udp: 0 | kr2udp: 1 | 
2026-05-03 18:32:38,767 - INFO     - img2od: 0 | od2fr: 0 | od2lpr: 957 | od2cap: 0 | fr2kr: 0 | lpr2kr: 1000 | cap2udp: 0 | kr2udp: 1 | 
2026-05-03 18:32:39,768 - INFO     - img2od: 0 | od2fr: 0 | od2lpr: 953 | od2cap: 0 | fr2kr: 0 | lpr2kr: 1000 | cap2udp: 0 | kr2udp: 1 | 
2026-05-03 18:32:40,769 - INFO     - img2od: 0 | od2fr: 0 | od2lpr: 949 | od2cap: 0 | fr2kr: 0 | lpr2kr: 1000 | cap2udp: 0 | kr2udp: 1 | 
2026-05-03 18:32:41,771 - INFO     - img2od: 0 | od2fr: 0 | od2lpr: 944 | od2cap: 0 | fr2kr: 0 | lpr2kr: 1000 | cap2udp: 0 | kr2udp: 1 | 
2026-05-03 18:32:42,772 - INFO     - img2od: 0 | od2fr: 0 | od2lpr: 941 | od2cap: 0 | fr2kr: 0 | lpr2kr: 1000 | cap2udp: 0 | kr2udp: 1 | 
2026-05-03 18:32:43,773 - INFO     - img2od: 0 | od2fr: 0 | od2lpr: 937 | od2cap: 0 | fr2kr: 0 | lpr2kr: 999 | cap2udp: 0 | kr2udp: 1 | 
2026-05-03 18:32:44,774 - INFO     - img2od: 0 | od2fr: 0 | od2lpr: 933 | od2cap: 0 | fr2kr: 0 | lpr2kr: 999 | cap2udp: 0 | kr2udp: 1 | 
2026-05-03 18:32:45,775 - INFO     - img2od: 0 | od2fr: 0 | od2lpr: 928 | od2cap: 0 | fr2kr: 0 | lpr2kr: 1000 | cap2udp: 0 | kr2udp: 1 | 
2026-05-03 18:32:46,776 - INFO     - img2od: 0 | od2fr: 0 | od2lpr: 925 | od2cap: 0 | fr2kr: 0 | lpr2kr: 1000 | cap2udp: 0 | kr2udp: 1 | 
2026-05-03 18:32:47,777 - INFO     - img2od: 0 | od2fr: 0 | od2lpr: 920 | od2cap: 0 | fr2kr: 0 | lpr2kr: 1000 | cap2udp: 0 | kr2udp: 1 | 
2026-05-03 18:32:48,778 - INFO     - img2od: 0 | od2fr: 0 | od2lpr: 916 | od2cap: 0 | fr2kr: 0 | lpr2kr: 1000 | cap2udp: 0 | kr2udp: 0 | 
2026-05-03 18:32:49,779 - INFO     - img2od: 0 | od2fr: 0 | od2lpr: 912 | od2cap: 0 | fr2kr: 0 | lpr2kr: 1000 | cap2udp: 0 | kr2udp: 1 | 
2026-05-03 18:32:50,780 - INFO     - img2od: 0 | od2fr: 0 | od2lpr: 908 | od2cap: 0 | fr2kr: 0 | lpr2kr: 1000 | cap2udp: 0 | kr2udp: 1 | 
2026-05-03 18:32:51,781 - INFO     - img2od: 0 | od2fr: 0 | od2lpr: 904 | od2cap: 0 | fr2kr: 0 | lpr2kr: 1000 | cap2udp: 0 | kr2udp: 1 | 
2026-05-03 18:32:52,782 - INFO     - img2od: 0 | od2fr: 0 | od2lpr: 900 | od2cap: 0 | fr2kr: 0 | lpr2kr: 1000 | cap2udp: 0 | kr2udp: 1 | 
2026-05-03 18:32:53,784 - INFO     - img2od: 0 | od2fr: 0 | od2lpr: 896 | od2cap: 0 | fr2kr: 0 | lpr2kr: 1000 | cap2udp: 0 | kr2udp: 1 | 
2026-05-03 18:32:54,785 - INFO     - img2od: 0 | od2fr: 0 | od2lpr: 892 | od2cap: 0 | fr2kr: 0 | lpr2kr: 1000 | cap2udp: 0 | kr2udp: 0 | 
2026-05-03 18:32:55,786 - INFO     - img2od: 0 | od2fr: 0 | od2lpr: 888 | od2cap: 0 | fr2kr: 0 | lpr2kr: 1000 | cap2udp: 0 | kr2udp: 1 | 
2026-05-03 18:32:56,787 - INFO     - img2od: 0 | od2fr: 0 | od2lpr: 884 | od2cap: 0 | fr2kr: 0 | lpr2kr: 1000 | cap2udp: 0 | kr2udp: 0 | 
2026-05-03 18:32:57,789 - INFO     - img2od: 0 | od2fr: 0 | od2lpr: 880 | od2cap: 0 | fr2kr: 0 | lpr2kr: 1000 | cap2udp: 0 | kr2udp: 1 | 
2026-05-03 18:32:58,790 - INFO     - img2od: 0 | od2fr: 0 | od2lpr: 876 | od2cap: 0 | fr2kr: 0 | lpr2kr: 1000 | cap2udp: 0 | kr2udp: 2 | 
2026-05-03 18:32:59,791 - INFO     - img2od: 0 | od2fr: 0 | od2lpr: 872 | od2cap: 0 | fr2kr: 0 | lpr2kr: 1000 | cap2udp: 0 | kr2udp: 1 | 
2026-05-03 18:33:00,792 - INFO     - img2od: 0 | od2fr: 0 | od2lpr: 868 | od2cap: 0 | fr2kr: 0 | lpr2kr: 1000 | cap2udp: 0 | kr2udp: 1 | 
2026-05-03 18:33:01,794 - INFO     - img2od: 0 | od2fr: 0 | od2lpr: 864 | od2cap: 0 | fr2kr: 0 | lpr2kr: 1000 | cap2udp: 0 | kr2udp: 1 | 
2026-05-03 18:33:02,795 - INFO     - img2od: 0 | od2fr: 0 | od2lpr: 860 | od2cap: 0 | fr2kr: 0 | lpr2kr: 1000 | cap2udp: 0 | kr2udp: 1 | 
2026-05-03 18:33:03,796 - INFO     - img2od: 0 | od2fr: 0 | od2lpr: 855 | od2cap: 0 | fr2kr: 0 | lpr2kr: 1000 | cap2udp: 0 | kr2udp: 1 | 
2026-05-03 18:33:04,797 - INFO     - img2od: 0 | od2fr: 0 | od2lpr: 851 | od2cap: 0 | fr2kr: 0 | lpr2kr: 1000 | cap2udp: 0 | kr2udp: 1 | 
2026-05-03 18:33:05,798 - INFO     - img2od: 0 | od2fr: 0 | od2lpr: 847 | od2cap: 0 | fr2kr: 0 | lpr2kr: 1000 | cap2udp: 0 | kr2udp: 1 | 
2026-05-03 18:33:06,799 - INFO     - img2od: 0 | od2fr: 0 | od2lpr: 843 | od2cap: 0 | fr2kr: 0 | lpr2kr: 1000 | cap2udp: 0 | kr2udp: 0 | 
2026-05-03 18:33:07,800 - INFO     - img2od: 0 | od2fr: 0 | od2lpr: 839 | od2cap: 0 | fr2kr: 0 | lpr2kr: 1000 | cap2udp: 0 | kr2udp: 1 | 
2026-05-03 18:33:08,802 - INFO     - img2od: 0 | od2fr: 0 | od2lpr: 835 | od2cap: 0 | fr2kr: 0 | lpr2kr: 1000 | cap2udp: 0 | kr2udp: 0 | 
2026-05-03 18:33:09,803 - INFO     - img2od: 0 | od2fr: 0 | od2lpr: 831 | od2cap: 0 | fr2kr: 0 | lpr2kr: 1000 | cap2udp: 0 | kr2udp: 0 | 
2026-05-03 18:33:10,804 - INFO     - img2od: 0 | od2fr: 0 | od2lpr: 827 | od2cap: 0 | fr2kr: 0 | lpr2kr: 1000 | cap2udp: 0 | kr2udp: 2 | 
2026-05-03 18:33:11,805 - INFO     - img2od: 0 | od2fr: 0 | od2lpr: 823 | od2cap: 0 | fr2kr: 0 | lpr2kr: 1000 | cap2udp: 0 | kr2udp: 1 | 
2026-05-03 18:33:12,806 - INFO     - img2od: 0 | od2fr: 0 | od2lpr: 819 | od2cap: 0 | fr2kr: 0 | lpr2kr: 1000 | cap2udp: 0 | kr2udp: 1 | 
2026-05-03 18:33:13,807 - INFO     - img2od: 0 | od2fr: 0 | od2lpr: 815 | od2cap: 0 | fr2kr: 0 | lpr2kr: 1000 | cap2udp: 0 | kr2udp: 1 | 
2026-05-03 18:33:14,808 - INFO     - img2od: 0 | od2fr: 0 | od2lpr: 811 | od2cap: 0 | fr2kr: 0 | lpr2kr: 1000 | cap2udp: 0 | kr2udp: 1 | 
2026-05-03 18:33:15,809 - INFO     - img2od: 0 | od2fr: 0 | od2lpr: 807 | od2cap: 0 | fr2kr: 0 | lpr2kr: 1000 | cap2udp: 0 | kr2udp: 1 | 
2026-05-03 18:33:16,811 - INFO     - img2od: 0 | od2fr: 0 | od2lpr: 803 | od2cap: 0 | fr2kr: 0 | lpr2kr: 1000 | cap2udp: 0 | kr2udp: 1 | 
2026-05-03 18:33:17,812 - INFO     - img2od: 0 | od2fr: 0 | od2lpr: 798 | od2cap: 0 | fr2kr: 0 | lpr2kr: 1000 | cap2udp: 0 | kr2udp: 1 | 
2026-05-03 18:33:18,813 - INFO     - img2od: 0 | od2fr: 0 | od2lpr: 794 | od2cap: 0 | fr2kr: 0 | lpr2kr: 1000 | cap2udp: 0 | kr2udp: 0 | 
2026-05-03 18:33:19,814 - INFO     - img2od: 0 | od2fr: 0 | od2lpr: 790 | od2cap: 0 | fr2kr: 0 | lpr2kr: 1000 | cap2udp: 0 | kr2udp: 1 | 
2026-05-03 18:33:20,816 - INFO     - img2od: 0 | od2fr: 0 | od2lpr: 786 | od2cap: 0 | fr2kr: 0 | lpr2kr: 1000 | cap2udp: 0 | kr2udp: 1 | 
2026-05-03 18:33:21,817 - INFO     - img2od: 0 | od2fr: 0 | od2lpr: 782 | od2cap: 0 | fr2kr: 0 | lpr2kr: 1000 | cap2udp: 0 | kr2udp: 0 | 
2026-05-03 18:33:22,818 - INFO     - img2od: 0 | od2fr: 0 | od2lpr: 778 | od2cap: 0 | fr2kr: 0 | lpr2kr: 1000 | cap2udp: 0 | kr2udp: 0 | 
2026-05-03 18:33:23,819 - INFO     - img2od: 0 | od2fr: 0 | od2lpr: 774 | od2cap: 0 | fr2kr: 0 | lpr2kr: 1000 | cap2udp: 0 | kr2udp: 1 | 
2026-05-03 18:33:24,821 - INFO     - img2od: 0 | od2fr: 0 | od2lpr: 770 | od2cap: 0 | fr2kr: 0 | lpr2kr: 1000 | cap2udp: 0 | kr2udp: 1 | 
2026-05-03 18:33:25,822 - INFO     - img2od: 0 | od2fr: 0 | od2lpr: 766 | od2cap: 0 | fr2kr: 0 | lpr2kr: 1000 | cap2udp: 0 | kr2udp: 1 | 
2026-05-03 18:33:26,823 - INFO     - img2od: 0 | od2fr: 0 | od2lpr: 762 | od2cap: 0 | fr2kr: 0 | lpr2kr: 1000 | cap2udp: 0 | kr2udp: 1 | 
2026-05-03 18:33:27,824 - INFO     - img2od: 0 | od2fr: 0 | od2lpr: 758 | od2cap: 0 | fr2kr: 0 | lpr2kr: 1000 | cap2udp: 0 | kr2udp: 1 | 
2026-05-03 18:33:28,825 - INFO     - img2od: 0 | od2fr: 0 | od2lpr: 754 | od2cap: 0 | fr2kr: 0 | lpr2kr: 1000 | cap2udp: 0 | kr2udp: 1 | 
2026-05-03 18:33:29,826 - INFO     - img2od: 0 | od2fr: 0 | od2lpr: 750 | od2cap: 0 | fr2kr: 0 | lpr2kr: 1000 | cap2udp: 0 | kr2udp: 1 | 
2026-05-03 18:33:30,828 - INFO     - img2od: 0 | od2fr: 0 | od2lpr: 745 | od2cap: 0 | fr2kr: 0 | lpr2kr: 1000 | cap2udp: 0 | kr2udp: 1 | 
2026-05-03 18:33:31,829 - INFO     - img2od: 0 | od2fr: 0 | od2lpr: 741 | od2cap: 0 | fr2kr: 0 | lpr2kr: 1000 | cap2udp: 0 | kr2udp: 1 | 
2026-05-03 18:33:32,830 - INFO     - img2od: 0 | od2fr: 0 | od2lpr: 737 | od2cap: 0 | fr2kr: 0 | lpr2kr: 1000 | cap2udp: 0 | kr2udp: 1 | 
2026-05-03 18:33:33,831 - INFO     - img2od: 0 | od2fr: 0 | od2lpr: 733 | od2cap: 0 | fr2kr: 0 | lpr2kr: 1000 | cap2udp: 0 | kr2udp: 0 | 
2026-05-03 18:33:34,833 - INFO     - img2od: 0 | od2fr: 0 | od2lpr: 729 | od2cap: 0 | fr2kr: 0 | lpr2kr: 1000 | cap2udp: 0 | kr2udp: 1 | 
2026-05-03 18:33:35,834 - INFO     - img2od: 0 | od2fr: 0 | od2lpr: 725 | od2cap: 0 | fr2kr: 0 | lpr2kr: 1000 | cap2udp: 0 | kr2udp: 0 | 
2026-05-03 18:33:36,835 - INFO     - img2od: 0 | od2fr: 0 | od2lpr: 721 | od2cap: 0 | fr2kr: 0 | lpr2kr: 1000 | cap2udp: 0 | kr2udp: 1 | 
2026-05-03 18:33:37,836 - INFO     - img2od: 0 | od2fr: 0 | od2lpr: 717 | od2cap: 0 | fr2kr: 0 | lpr2kr: 1000 | cap2udp: 0 | kr2udp: 1 | 
2026-05-03 18:33:38,838 - INFO     - img2od: 0 | od2fr: 0 | od2lpr: 713 | od2cap: 0 | fr2kr: 0 | lpr2kr: 1000 | cap2udp: 0 | kr2udp: 1 | 
2026-05-03 18:33:39,839 - INFO     - img2od: 0 | od2fr: 0 | od2lpr: 709 | od2cap: 0 | fr2kr: 0 | lpr2kr: 1000 | cap2udp: 0 | kr2udp: 1 | 
2026-05-03 18:33:40,840 - INFO     - img2od: 0 | od2fr: 0 | od2lpr: 705 | od2cap: 0 | fr2kr: 0 | lpr2kr: 1000 | cap2udp: 0 | kr2udp: 1 | 
2026-05-03 18:33:41,841 - INFO     - img2od: 0 | od2fr: 0 | od2lpr: 701 | od2cap: 0 | fr2kr: 0 | lpr2kr: 1000 | cap2udp: 0 | kr2udp: 1 | 
2026-05-03 18:33:42,842 - INFO     - img2od: 0 | od2fr: 0 | od2lpr: 697 | od2cap: 0 | fr2kr: 0 | lpr2kr: 1000 | cap2udp: 0 | kr2udp: 1 | 
2026-05-03 18:33:43,843 - INFO     - img2od: 0 | od2fr: 0 | od2lpr: 692 | od2cap: 0 | fr2kr: 0 | lpr2kr: 1000 | cap2udp: 0 | kr2udp: 1 | 
2026-05-03 18:33:44,844 - INFO     - img2od: 0 | od2fr: 0 | od2lpr: 688 | od2cap: 0 | fr2kr: 0 | lpr2kr: 1000 | cap2udp: 0 | kr2udp: 1 | 
2026-05-03 18:33:45,845 - INFO     - img2od: 0 | od2fr: 0 | od2lpr: 684 | od2cap: 0 | fr2kr: 0 | lpr2kr: 1000 | cap2udp: 0 | kr2udp: 0 | 
2026-05-03 18:33:46,847 - INFO     - img2od: 0 | od2fr: 0 | od2lpr: 680 | od2cap: 0 | fr2kr: 0 | lpr2kr: 1000 | cap2udp: 0 | kr2udp: 0 | 
2026-05-03 18:33:47,848 - INFO     - img2od: 0 | od2fr: 0 | od2lpr: 676 | od2cap: 0 | fr2kr: 0 | lpr2kr: 1000 | cap2udp: 0 | kr2udp: 1 | 
2026-05-03 18:33:48,849 - INFO     - img2od: 0 | od2fr: 0 | od2lpr: 672 | od2cap: 0 | fr2kr: 0 | lpr2kr: 1000 | cap2udp: 0 | kr2udp: 0 | 
2026-05-03 18:33:49,850 - INFO     - img2od: 0 | od2fr: 0 | od2lpr: 668 | od2cap: 0 | fr2kr: 0 | lpr2kr: 1000 | cap2udp: 0 | kr2udp: 1 | 
2026-05-03 18:33:50,852 - INFO     - img2od: 0 | od2fr: 0 | od2lpr: 664 | od2cap: 0 | fr2kr: 0 | lpr2kr: 1000 | cap2udp: 0 | kr2udp: 1 | 
2026-05-03 18:33:51,853 - INFO     - img2od: 0 | od2fr: 0 | od2lpr: 660 | od2cap: 0 | fr2kr: 0 | lpr2kr: 1000 | cap2udp: 0 | kr2udp: 1 | 
2026-05-03 18:33:52,854 - INFO     - img2od: 0 | od2fr: 0 | od2lpr: 656 | od2cap: 0 | fr2kr: 0 | lpr2kr: 1000 | cap2udp: 0 | kr2udp: 1 | 
2026-05-03 18:33:53,855 - INFO     - img2od: 0 | od2fr: 0 | od2lpr: 652 | od2cap: 0 | fr2kr: 0 | lpr2kr: 1000 | cap2udp: 0 | kr2udp: 1 | 
2026-05-03 18:33:54,857 - INFO     - img2od: 0 | od2fr: 0 | od2lpr: 648 | od2cap: 0 | fr2kr: 0 | lpr2kr: 1000 | cap2udp: 0 | kr2udp: 1 | 
2026-05-03 18:33:55,858 - INFO     - img2od: 0 | od2fr: 0 | od2lpr: 644 | od2cap: 0 | fr2kr: 0 | lpr2kr: 1000 | cap2udp: 0 | kr2udp: 1 | 
2026-05-03 18:33:56,859 - INFO     - img2od: 0 | od2fr: 0 | od2lpr: 639 | od2cap: 0 | fr2kr: 0 | lpr2kr: 1000 | cap2udp: 0 | kr2udp: 1 | 
2026-05-03 18:33:57,860 - INFO     - img2od: 0 | od2fr: 0 | od2lpr: 635 | od2cap: 0 | fr2kr: 0 | lpr2kr: 1000 | cap2udp: 0 | kr2udp: 1 | 
2026-05-03 18:33:58,861 - INFO     - img2od: 0 | od2fr: 0 | od2lpr: 631 | od2cap: 0 | fr2kr: 0 | lpr2kr: 1000 | cap2udp: 0 | kr2udp: 1 | 
2026-05-03 18:33:59,863 - INFO     - img2od: 0 | od2fr: 0 | od2lpr: 627 | od2cap: 0 | fr2kr: 0 | lpr2kr: 1000 | cap2udp: 0 | kr2udp: 1 | 
2026-05-03 18:34:00,864 - INFO     - img2od: 0 | od2fr: 0 | od2lpr: 623 | od2cap: 0 | fr2kr: 0 | lpr2kr: 1000 | cap2udp: 0 | kr2udp: 0 | 
2026-05-03 18:34:01,865 - INFO     - img2od: 0 | od2fr: 0 | od2lpr: 619 | od2cap: 0 | fr2kr: 0 | lpr2kr: 1000 | cap2udp: 0 | kr2udp: 0 | 
2026-05-03 18:34:02,866 - INFO     - img2od: 0 | od2fr: 0 | od2lpr: 615 | od2cap: 0 | fr2kr: 0 | lpr2kr: 1000 | cap2udp: 0 | kr2udp: 1 | 
2026-05-03 18:34:03,867 - INFO     - img2od: 0 | od2fr: 0 | od2lpr: 611 | od2cap: 0 | fr2kr: 0 | lpr2kr: 1000 | cap2udp: 0 | kr2udp: 1 | 
2026-05-03 18:34:04,868 - INFO     - img2od: 0 | od2fr: 0 | od2lpr: 607 | od2cap: 0 | fr2kr: 0 | lpr2kr: 1000 | cap2udp: 0 | kr2udp: 1 | 
2026-05-03 18:34:05,869 - INFO     - img2od: 0 | od2fr: 0 | od2lpr: 603 | od2cap: 0 | fr2kr: 0 | lpr2kr: 1000 | cap2udp: 0 | kr2udp: 1 | 
2026-05-03 18:34:06,870 - INFO     - img2od: 0 | od2fr: 0 | od2lpr: 599 | od2cap: 0 | fr2kr: 0 | lpr2kr: 1000 | cap2udp: 0 | kr2udp: 1 | 
2026-05-03 18:34:07,872 - INFO     - img2od: 0 | od2fr: 0 | od2lpr: 595 | od2cap: 0 | fr2kr: 0 | lpr2kr: 1000 | cap2udp: 0 | kr2udp: 1 | 
2026-05-03 18:34:08,873 - INFO     - img2od: 0 | od2fr: 0 | od2lpr: 591 | od2cap: 0 | fr2kr: 0 | lpr2kr: 1000 | cap2udp: 0 | kr2udp: 1 | 
2026-05-03 18:34:09,873 - INFO     - img2od: 0 | od2fr: 0 | od2lpr: 587 | od2cap: 0 | fr2kr: 0 | lpr2kr: 1000 | cap2udp: 0 | kr2udp: 1 | 
2026-05-03 18:34:10,875 - INFO     - img2od: 0 | od2fr: 0 | od2lpr: 583 | od2cap: 0 | fr2kr: 0 | lpr2kr: 1000 | cap2udp: 0 | kr2udp: 1 | 
2026-05-03 18:34:11,876 - INFO     - img2od: 0 | od2fr: 0 | od2lpr: 578 | od2cap: 0 | fr2kr: 0 | lpr2kr: 1000 | cap2udp: 0 | kr2udp: 1 | 
2026-05-03 18:34:12,877 - INFO     - img2od: 0 | od2fr: 0 | od2lpr: 574 | od2cap: 0 | fr2kr: 0 | lpr2kr: 1000 | cap2udp: 0 | kr2udp: 1 | 
2026-05-03 18:34:13,878 - INFO     - img2od: 0 | od2fr: 0 | od2lpr: 570 | od2cap: 0 | fr2kr: 0 | lpr2kr: 1000 | cap2udp: 0 | kr2udp: 1 | 
2026-05-03 18:34:14,880 - INFO     - img2od: 0 | od2fr: 0 | od2lpr: 566 | od2cap: 0 | fr2kr: 0 | lpr2kr: 1000 | cap2udp: 0 | kr2udp: 1 | 
2026-05-03 18:34:15,881 - INFO     - img2od: 0 | od2fr: 0 | od2lpr: 562 | od2cap: 0 | fr2kr: 0 | lpr2kr: 1000 | cap2udp: 0 | kr2udp: 0 | 
2026-05-03 18:34:16,882 - INFO     - img2od: 0 | od2fr: 0 | od2lpr: 558 | od2cap: 0 | fr2kr: 0 | lpr2kr: 1000 | cap2udp: 0 | kr2udp: 1 | 
2026-05-03 18:34:17,883 - INFO     - img2od: 0 | od2fr: 0 | od2lpr: 554 | od2cap: 0 | fr2kr: 0 | lpr2kr: 1000 | cap2udp: 0 | kr2udp: 1 | 
2026-05-03 18:34:18,885 - INFO     - img2od: 0 | od2fr: 0 | od2lpr: 550 | od2cap: 0 | fr2kr: 0 | lpr2kr: 1000 | cap2udp: 0 | kr2udp: 0 | 
2026-05-03 18:34:19,886 - INFO     - img2od: 0 | od2fr: 0 | od2lpr: 546 | od2cap: 0 | fr2kr: 0 | lpr2kr: 1000 | cap2udp: 0 | kr2udp: 1 | 
2026-05-03 18:34:20,887 - INFO     - img2od: 0 | od2fr: 0 | od2lpr: 542 | od2cap: 0 | fr2kr: 0 | lpr2kr: 1000 | cap2udp: 0 | kr2udp: 1 | 
2026-05-03 18:34:21,888 - INFO     - img2od: 0 | od2fr: 0 | od2lpr: 538 | od2cap: 0 | fr2kr: 0 | lpr2kr: 1000 | cap2udp: 0 | kr2udp: 1 | 
2026-05-03 18:34:22,889 - INFO     - img2od: 0 | od2fr: 0 | od2lpr: 534 | od2cap: 0 | fr2kr: 0 | lpr2kr: 1000 | cap2udp: 0 | kr2udp: 1 | 
2026-05-03 18:34:23,891 - INFO     - img2od: 0 | od2fr: 0 | od2lpr: 530 | od2cap: 0 | fr2kr: 0 | lpr2kr: 1000 | cap2udp: 0 | kr2udp: 1 | 
2026-05-03 18:34:24,892 - INFO     - img2od: 0 | od2fr: 0 | od2lpr: 526 | od2cap: 0 | fr2kr: 0 | lpr2kr: 1000 | cap2udp: 0 | kr2udp: 1 | 
2026-05-03 18:34:25,893 - INFO     - img2od: 0 | od2fr: 0 | od2lpr: 522 | od2cap: 0 | fr2kr: 0 | lpr2kr: 1000 | cap2udp: 0 | kr2udp: 1 | 
2026-05-03 18:34:26,894 - INFO     - img2od: 0 | od2fr: 0 | od2lpr: 518 | od2cap: 0 | fr2kr: 0 | lpr2kr: 1000 | cap2udp: 0 | kr2udp: 1 | 
2026-05-03 18:34:27,895 - INFO     - img2od: 0 | od2fr: 0 | od2lpr: 514 | od2cap: 0 | fr2kr: 0 | lpr2kr: 1000 | cap2udp: 0 | kr2udp: 1 | 
2026-05-03 18:34:28,896 - INFO     - img2od: 0 | od2fr: 0 | od2lpr: 510 | od2cap: 0 | fr2kr: 0 | lpr2kr: 1000 | cap2udp: 0 | kr2udp: 1 | 
2026-05-03 18:34:29,897 - INFO     - img2od: 0 | od2fr: 0 | od2lpr: 506 | od2cap: 0 | fr2kr: 0 | lpr2kr: 1000 | cap2udp: 0 | kr2udp: 1 | 
2026-05-03 18:34:30,899 - INFO     - img2od: 0 | od2fr: 0 | od2lpr: 501 | od2cap: 0 | fr2kr: 0 | lpr2kr: 1000 | cap2udp: 0 | kr2udp: 1 | 
2026-05-03 18:34:31,900 - INFO     - img2od: 0 | od2fr: 0 | od2lpr: 497 | od2cap: 0 | fr2kr: 0 | lpr2kr: 1000 | cap2udp: 0 | kr2udp: 1 | 
2026-05-03 18:34:32,901 - INFO     - img2od: 0 | od2fr: 0 | od2lpr: 493 | od2cap: 0 | fr2kr: 0 | lpr2kr: 1000 | cap2udp: 0 | kr2udp: 1 | 
2026-05-03 18:34:33,902 - INFO     - img2od: 0 | od2fr: 0 | od2lpr: 489 | od2cap: 0 | fr2kr: 0 | lpr2kr: 1000 | cap2udp: 0 | kr2udp: 0 | 
2026-05-03 18:34:34,903 - INFO     - img2od: 0 | od2fr: 0 | od2lpr: 485 | od2cap: 0 | fr2kr: 0 | lpr2kr: 1000 | cap2udp: 0 | kr2udp: 1 | 
2026-05-03 18:34:35,905 - INFO     - img2od: 0 | od2fr: 0 | od2lpr: 481 | od2cap: 0 | fr2kr: 0 | lpr2kr: 1000 | cap2udp: 0 | kr2udp: 0 | 
2026-05-03 18:34:36,906 - INFO     - img2od: 0 | od2fr: 0 | od2lpr: 477 | od2cap: 0 | fr2kr: 0 | lpr2kr: 1000 | cap2udp: 0 | kr2udp: 0 | 
2026-05-03 18:34:37,907 - INFO     - img2od: 0 | od2fr: 0 | od2lpr: 473 | od2cap: 0 | fr2kr: 0 | lpr2kr: 1000 | cap2udp: 0 | kr2udp: 1 | 
2026-05-03 18:34:38,908 - INFO     - img2od: 0 | od2fr: 0 | od2lpr: 469 | od2cap: 0 | fr2kr: 0 | lpr2kr: 1000 | cap2udp: 0 | kr2udp: 0 | 
2026-05-03 18:34:39,909 - INFO     - img2od: 0 | od2fr: 0 | od2lpr: 465 | od2cap: 0 | fr2kr: 0 | lpr2kr: 1000 | cap2udp: 0 | kr2udp: 1 | 
2026-05-03 18:34:40,911 - INFO     - img2od: 0 | od2fr: 0 | od2lpr: 461 | od2cap: 0 | fr2kr: 0 | lpr2kr: 1000 | cap2udp: 0 | kr2udp: 1 | 
2026-05-03 18:34:41,912 - INFO     - img2od: 0 | od2fr: 0 | od2lpr: 457 | od2cap: 0 | fr2kr: 0 | lpr2kr: 1000 | cap2udp: 0 | kr2udp: 1 | 
2026-05-03 18:34:42,913 - INFO     - img2od: 0 | od2fr: 0 | od2lpr: 453 | od2cap: 0 | fr2kr: 0 | lpr2kr: 1000 | cap2udp: 0 | kr2udp: 1 | 
2026-05-03 18:34:43,914 - INFO     - img2od: 0 | od2fr: 0 | od2lpr: 449 | od2cap: 0 | fr2kr: 0 | lpr2kr: 1000 | cap2udp: 0 | kr2udp: 1 | 
2026-05-03 18:34:44,915 - INFO     - img2od: 0 | od2fr: 0 | od2lpr: 445 | od2cap: 0 | fr2kr: 0 | lpr2kr: 1000 | cap2udp: 0 | kr2udp: 1 | 
2026-05-03 18:34:45,917 - INFO     - img2od: 0 | od2fr: 0 | od2lpr: 441 | od2cap: 0 | fr2kr: 0 | lpr2kr: 1000 | cap2udp: 0 | kr2udp: 1 | 
2026-05-03 18:34:46,918 - INFO     - img2od: 0 | od2fr: 0 | od2lpr: 437 | od2cap: 0 | fr2kr: 0 | lpr2kr: 1000 | cap2udp: 0 | kr2udp: 1 | 
2026-05-03 18:34:47,919 - INFO     - img2od: 0 | od2fr: 0 | od2lpr: 433 | od2cap: 0 | fr2kr: 0 | lpr2kr: 1000 | cap2udp: 0 | kr2udp: 1 | 
2026-05-03 18:34:48,920 - INFO     - img2od: 0 | od2fr: 0 | od2lpr: 429 | od2cap: 0 | fr2kr: 0 | lpr2kr: 1000 | cap2udp: 0 | kr2udp: 1 | 
2026-05-03 18:34:49,921 - INFO     - img2od: 0 | od2fr: 0 | od2lpr: 424 | od2cap: 0 | fr2kr: 0 | lpr2kr: 1000 | cap2udp: 0 | kr2udp: 1 | 
2026-05-03 18:34:50,923 - INFO     - img2od: 0 | od2fr: 0 | od2lpr: 420 | od2cap: 0 | fr2kr: 0 | lpr2kr: 1000 | cap2udp: 0 | kr2udp: 0 | 
2026-05-03 18:34:51,924 - INFO     - img2od: 0 | od2fr: 0 | od2lpr: 416 | od2cap: 0 | fr2kr: 0 | lpr2kr: 1000 | cap2udp: 0 | kr2udp: 1 | 
2026-05-03 18:34:52,925 - INFO     - img2od: 0 | od2fr: 0 | od2lpr: 412 | od2cap: 0 | fr2kr: 0 | lpr2kr: 1000 | cap2udp: 0 | kr2udp: 1 | 
2026-05-03 18:34:53,926 - INFO     - img2od: 0 | od2fr: 0 | od2lpr: 408 | od2cap: 0 | fr2kr: 0 | lpr2kr: 1000 | cap2udp: 0 | kr2udp: 0 | 
2026-05-03 18:34:54,928 - INFO     - img2od: 0 | od2fr: 0 | od2lpr: 404 | od2cap: 0 | fr2kr: 0 | lpr2kr: 1000 | cap2udp: 0 | kr2udp: 1 | 
2026-05-03 18:34:55,929 - INFO     - img2od: 0 | od2fr: 0 | od2lpr: 400 | od2cap: 0 | fr2kr: 0 | lpr2kr: 1000 | cap2udp: 0 | kr2udp: 0 | 
2026-05-03 18:34:56,930 - INFO     - img2od: 0 | od2fr: 0 | od2lpr: 396 | od2cap: 0 | fr2kr: 0 | lpr2kr: 1000 | cap2udp: 0 | kr2udp: 0 | 
2026-05-03 18:34:57,931 - INFO     - img2od: 0 | od2fr: 0 | od2lpr: 392 | od2cap: 0 | fr2kr: 0 | lpr2kr: 1000 | cap2udp: 0 | kr2udp: 1 | 
2026-05-03 18:34:58,932 - INFO     - img2od: 0 | od2fr: 0 | od2lpr: 388 | od2cap: 0 | fr2kr: 0 | lpr2kr: 1000 | cap2udp: 0 | kr2udp: 1 | 
2026-05-03 18:34:59,934 - INFO     - img2od: 0 | od2fr: 0 | od2lpr: 384 | od2cap: 0 | fr2kr: 0 | lpr2kr: 1000 | cap2udp: 0 | kr2udp: 1 | 
2026-05-03 18:35:00,935 - INFO     - img2od: 0 | od2fr: 0 | od2lpr: 380 | od2cap: 0 | fr2kr: 0 | lpr2kr: 1000 | cap2udp: 0 | kr2udp: 1 | 
2026-05-03 18:35:01,936 - INFO     - img2od: 0 | od2fr: 0 | od2lpr: 376 | od2cap: 0 | fr2kr: 0 | lpr2kr: 1000 | cap2udp: 0 | kr2udp: 1 | 
2026-05-03 18:35:02,937 - INFO     - img2od: 0 | od2fr: 0 | od2lpr: 372 | od2cap: 0 | fr2kr: 0 | lpr2kr: 1000 | cap2udp: 0 | kr2udp: 1 | 
2026-05-03 18:35:03,938 - INFO     - img2od: 0 | od2fr: 0 | od2lpr: 368 | od2cap: 0 | fr2kr: 0 | lpr2kr: 1000 | cap2udp: 0 | kr2udp: 1 | 
2026-05-03 18:35:04,940 - INFO     - img2od: 0 | od2fr: 0 | od2lpr: 364 | od2cap: 0 | fr2kr: 0 | lpr2kr: 1000 | cap2udp: 0 | kr2udp: 1 | 
2026-05-03 18:35:05,941 - INFO     - img2od: 0 | od2fr: 0 | od2lpr: 360 | od2cap: 0 | fr2kr: 0 | lpr2kr: 1000 | cap2udp: 0 | kr2udp: 1 | 
2026-05-03 18:35:06,942 - INFO     - img2od: 0 | od2fr: 0 | od2lpr: 356 | od2cap: 0 | fr2kr: 0 | lpr2kr: 1000 | cap2udp: 0 | kr2udp: 1 | 
2026-05-03 18:35:07,943 - INFO     - img2od: 0 | od2fr: 0 | od2lpr: 351 | od2cap: 0 | fr2kr: 0 | lpr2kr: 1000 | cap2udp: 0 | kr2udp: 1 | 
2026-05-03 18:35:08,945 - INFO     - img2od: 0 | od2fr: 0 | od2lpr: 347 | od2cap: 0 | fr2kr: 0 | lpr2kr: 1000 | cap2udp: 0 | kr2udp: 1 | 
2026-05-03 18:35:09,946 - INFO     - img2od: 0 | od2fr: 0 | od2lpr: 343 | od2cap: 0 | fr2kr: 0 | lpr2kr: 1000 | cap2udp: 0 | kr2udp: 1 | 
2026-05-03 18:35:10,947 - INFO     - img2od: 0 | od2fr: 0 | od2lpr: 339 | od2cap: 0 | fr2kr: 0 | lpr2kr: 1000 | cap2udp: 0 | kr2udp: 0 | 
2026-05-03 18:35:11,948 - INFO     - img2od: 0 | od2fr: 0 | od2lpr: 335 | od2cap: 0 | fr2kr: 0 | lpr2kr: 1000 | cap2udp: 0 | kr2udp: 1 | 
2026-05-03 18:35:12,949 - INFO     - img2od: 0 | od2fr: 0 | od2lpr: 331 | od2cap: 0 | fr2kr: 0 | lpr2kr: 1000 | cap2udp: 0 | kr2udp: 1 | 
2026-05-03 18:35:13,951 - INFO     - img2od: 0 | od2fr: 0 | od2lpr: 327 | od2cap: 0 | fr2kr: 0 | lpr2kr: 1000 | cap2udp: 0 | kr2udp: 0 | 
2026-05-03 18:35:14,952 - INFO     - img2od: 0 | od2fr: 0 | od2lpr: 323 | od2cap: 0 | fr2kr: 0 | lpr2kr: 1000 | cap2udp: 0 | kr2udp: 0 | 
2026-05-03 18:35:15,953 - INFO     - img2od: 0 | od2fr: 0 | od2lpr: 319 | od2cap: 0 | fr2kr: 0 | lpr2kr: 1000 | cap2udp: 0 | kr2udp: 0 | 
2026-05-03 18:35:16,954 - INFO     - img2od: 0 | od2fr: 0 | od2lpr: 315 | od2cap: 0 | fr2kr: 0 | lpr2kr: 1000 | cap2udp: 0 | kr2udp: 1 | 
2026-05-03 18:35:17,955 - INFO     - img2od: 0 | od2fr: 0 | od2lpr: 311 | od2cap: 0 | fr2kr: 0 | lpr2kr: 1000 | cap2udp: 0 | kr2udp: 1 | 
2026-05-03 18:35:18,956 - INFO     - img2od: 0 | od2fr: 0 | od2lpr: 307 | od2cap: 0 | fr2kr: 0 | lpr2kr: 1000 | cap2udp: 0 | kr2udp: 1 | 
2026-05-03 18:35:19,958 - INFO     - img2od: 0 | od2fr: 0 | od2lpr: 303 | od2cap: 0 | fr2kr: 0 | lpr2kr: 1000 | cap2udp: 0 | kr2udp: 1 | 
2026-05-03 18:35:20,959 - INFO     - img2od: 0 | od2fr: 0 | od2lpr: 299 | od2cap: 0 | fr2kr: 0 | lpr2kr: 1000 | cap2udp: 0 | kr2udp: 1 | 
2026-05-03 18:35:21,960 - INFO     - img2od: 0 | od2fr: 0 | od2lpr: 295 | od2cap: 0 | fr2kr: 0 | lpr2kr: 1000 | cap2udp: 0 | kr2udp: 1 | 
2026-05-03 18:35:22,961 - INFO     - img2od: 0 | od2fr: 0 | od2lpr: 291 | od2cap: 0 | fr2kr: 0 | lpr2kr: 1000 | cap2udp: 0 | kr2udp: 1 | 
2026-05-03 18:35:23,962 - INFO     - img2od: 0 | od2fr: 0 | od2lpr: 287 | od2cap: 0 | fr2kr: 0 | lpr2kr: 1000 | cap2udp: 0 | kr2udp: 1 | 
2026-05-03 18:35:24,964 - INFO     - img2od: 0 | od2fr: 0 | od2lpr: 283 | od2cap: 0 | fr2kr: 0 | lpr2kr: 1000 | cap2udp: 0 | kr2udp: 1 | 
2026-05-03 18:35:25,965 - INFO     - img2od: 0 | od2fr: 0 | od2lpr: 279 | od2cap: 0 | fr2kr: 0 | lpr2kr: 1000 | cap2udp: 0 | kr2udp: 1 | 
2026-05-03 18:35:26,966 - INFO     - img2od: 0 | od2fr: 0 | od2lpr: 274 | od2cap: 0 | fr2kr: 0 | lpr2kr: 1000 | cap2udp: 0 | kr2udp: 1 | 
2026-05-03 18:35:27,967 - INFO     - img2od: 0 | od2fr: 0 | od2lpr: 270 | od2cap: 0 | fr2kr: 0 | lpr2kr: 1000 | cap2udp: 0 | kr2udp: 1 | 
2026-05-03 18:35:28,968 - INFO     - img2od: 0 | od2fr: 0 | od2lpr: 266 | od2cap: 0 | fr2kr: 0 | lpr2kr: 1000 | cap2udp: 0 | kr2udp: 0 | 
2026-05-03 18:35:29,969 - INFO     - img2od: 0 | od2fr: 0 | od2lpr: 262 | od2cap: 0 | fr2kr: 0 | lpr2kr: 1000 | cap2udp: 0 | kr2udp: 1 | 
2026-05-03 18:35:30,971 - INFO     - img2od: 0 | od2fr: 0 | od2lpr: 258 | od2cap: 0 | fr2kr: 0 | lpr2kr: 1000 | cap2udp: 0 | kr2udp: 1 | 
2026-05-03 18:35:31,972 - INFO     - img2od: 0 | od2fr: 0 | od2lpr: 254 | od2cap: 0 | fr2kr: 0 | lpr2kr: 1000 | cap2udp: 0 | kr2udp: 0 | 
2026-05-03 18:35:32,973 - INFO     - img2od: 0 | od2fr: 0 | od2lpr: 250 | od2cap: 0 | fr2kr: 0 | lpr2kr: 1000 | cap2udp: 0 | kr2udp: 1 | 
2026-05-03 18:35:33,974 - INFO     - img2od: 0 | od2fr: 0 | od2lpr: 246 | od2cap: 0 | fr2kr: 0 | lpr2kr: 1000 | cap2udp: 0 | kr2udp: 0 | 
2026-05-03 18:35:34,976 - INFO     - img2od: 0 | od2fr: 0 | od2lpr: 242 | od2cap: 0 | fr2kr: 0 | lpr2kr: 1000 | cap2udp: 0 | kr2udp: 0 | 
2026-05-03 18:35:35,977 - INFO     - img2od: 0 | od2fr: 0 | od2lpr: 238 | od2cap: 0 | fr2kr: 0 | lpr2kr: 1000 | cap2udp: 0 | kr2udp: 2 | 
2026-05-03 18:35:36,978 - INFO     - img2od: 0 | od2fr: 0 | od2lpr: 234 | od2cap: 0 | fr2kr: 0 | lpr2kr: 1000 | cap2udp: 0 | kr2udp: 1 | 
2026-05-03 18:35:37,978 - INFO     - img2od: 0 | od2fr: 0 | od2lpr: 230 | od2cap: 0 | fr2kr: 0 | lpr2kr: 1000 | cap2udp: 0 | kr2udp: 1 | 
2026-05-03 18:35:38,980 - INFO     - img2od: 0 | od2fr: 0 | od2lpr: 226 | od2cap: 0 | fr2kr: 0 | lpr2kr: 1000 | cap2udp: 0 | kr2udp: 1 | 
2026-05-03 18:35:39,981 - INFO     - img2od: 0 | od2fr: 0 | od2lpr: 222 | od2cap: 0 | fr2kr: 0 | lpr2kr: 1000 | cap2udp: 0 | kr2udp: 1 | 
2026-05-03 18:35:40,981 - INFO     - img2od: 0 | od2fr: 0 | od2lpr: 218 | od2cap: 0 | fr2kr: 0 | lpr2kr: 1000 | cap2udp: 0 | kr2udp: 1 | 
2026-05-03 18:35:41,983 - INFO     - img2od: 0 | od2fr: 0 | od2lpr: 214 | od2cap: 0 | fr2kr: 0 | lpr2kr: 1000 | cap2udp: 0 | kr2udp: 1 | 
2026-05-03 18:35:42,984 - INFO     - img2od: 0 | od2fr: 0 | od2lpr: 210 | od2cap: 0 | fr2kr: 0 | lpr2kr: 1000 | cap2udp: 0 | kr2udp: 1 | 
2026-05-03 18:35:43,985 - INFO     - img2od: 0 | od2fr: 0 | od2lpr: 206 | od2cap: 0 | fr2kr: 0 | lpr2kr: 1000 | cap2udp: 0 | kr2udp: 1 | 
2026-05-03 18:35:44,986 - INFO     - img2od: 0 | od2fr: 0 | od2lpr: 202 | od2cap: 0 | fr2kr: 0 | lpr2kr: 1000 | cap2udp: 0 | kr2udp: 1 | 
2026-05-03 18:35:45,987 - INFO     - img2od: 0 | od2fr: 0 | od2lpr: 197 | od2cap: 0 | fr2kr: 0 | lpr2kr: 1000 | cap2udp: 0 | kr2udp: 1 | 
2026-05-03 18:35:46,988 - INFO     - img2od: 0 | od2fr: 0 | od2lpr: 193 | od2cap: 0 | fr2kr: 0 | lpr2kr: 1000 | cap2udp: 0 | kr2udp: 1 | 
2026-05-03 18:35:47,989 - INFO     - img2od: 0 | od2fr: 0 | od2lpr: 189 | od2cap: 0 | fr2kr: 0 | lpr2kr: 1000 | cap2udp: 0 | kr2udp: 1 | 
2026-05-03 18:35:48,990 - INFO     - img2od: 0 | od2fr: 0 | od2lpr: 185 | od2cap: 0 | fr2kr: 0 | lpr2kr: 1000 | cap2udp: 0 | kr2udp: 0 | 
2026-05-03 18:35:49,992 - INFO     - img2od: 0 | od2fr: 0 | od2lpr: 181 | od2cap: 0 | fr2kr: 0 | lpr2kr: 1000 | cap2udp: 0 | kr2udp: 1 | 
2026-05-03 18:35:50,993 - INFO     - img2od: 0 | od2fr: 0 | od2lpr: 177 | od2cap: 0 | fr2kr: 0 | lpr2kr: 1000 | cap2udp: 0 | kr2udp: 1 | 
2026-05-03 18:35:51,994 - INFO     - img2od: 0 | od2fr: 0 | od2lpr: 173 | od2cap: 0 | fr2kr: 0 | lpr2kr: 1000 | cap2udp: 0 | kr2udp: 0 | 
2026-05-03 18:35:52,995 - INFO     - img2od: 0 | od2fr: 0 | od2lpr: 169 | od2cap: 0 | fr2kr: 0 | lpr2kr: 1000 | cap2udp: 0 | kr2udp: 0 | 
2026-05-03 18:35:53,996 - INFO     - img2od: 0 | od2fr: 0 | od2lpr: 165 | od2cap: 0 | fr2kr: 0 | lpr2kr: 1000 | cap2udp: 0 | kr2udp: 0 | 
2026-05-03 18:35:54,998 - INFO     - img2od: 0 | od2fr: 0 | od2lpr: 161 | od2cap: 0 | fr2kr: 0 | lpr2kr: 1000 | cap2udp: 0 | kr2udp: 1 | 
2026-05-03 18:35:55,999 - INFO     - img2od: 0 | od2fr: 0 | od2lpr: 157 | od2cap: 0 | fr2kr: 0 | lpr2kr: 1000 | cap2udp: 0 | kr2udp: 1 | 
2026-05-03 18:35:57,000 - INFO     - img2od: 0 | od2fr: 0 | od2lpr: 153 | od2cap: 0 | fr2kr: 0 | lpr2kr: 1000 | cap2udp: 0 | kr2udp: 1 | 
2026-05-03 18:35:58,001 - INFO     - img2od: 0 | od2fr: 0 | od2lpr: 149 | od2cap: 0 | fr2kr: 0 | lpr2kr: 1000 | cap2udp: 0 | kr2udp: 1 | 
2026-05-03 18:35:59,003 - INFO     - img2od: 0 | od2fr: 0 | od2lpr: 145 | od2cap: 0 | fr2kr: 0 | lpr2kr: 1000 | cap2udp: 0 | kr2udp: 1 | 
2026-05-03 18:36:00,004 - INFO     - img2od: 0 | od2fr: 0 | od2lpr: 141 | od2cap: 0 | fr2kr: 0 | lpr2kr: 1000 | cap2udp: 0 | kr2udp: 1 | 
2026-05-03 18:36:01,005 - INFO     - img2od: 0 | od2fr: 0 | od2lpr: 137 | od2cap: 0 | fr2kr: 0 | lpr2kr: 1000 | cap2udp: 0 | kr2udp: 1 | 
2026-05-03 18:36:02,006 - INFO     - img2od: 0 | od2fr: 0 | od2lpr: 133 | od2cap: 0 | fr2kr: 0 | lpr2kr: 1000 | cap2udp: 0 | kr2udp: 1 | 
2026-05-03 18:36:03,007 - INFO     - img2od: 0 | od2fr: 0 | od2lpr: 129 | od2cap: 0 | fr2kr: 0 | lpr2kr: 1000 | cap2udp: 0 | kr2udp: 1 | 
2026-05-03 18:36:04,008 - INFO     - img2od: 0 | od2fr: 0 | od2lpr: 124 | od2cap: 0 | fr2kr: 0 | lpr2kr: 1000 | cap2udp: 0 | kr2udp: 1 | 
2026-05-03 18:36:05,010 - INFO     - img2od: 0 | od2fr: 0 | od2lpr: 120 | od2cap: 0 | fr2kr: 0 | lpr2kr: 1000 | cap2udp: 0 | kr2udp: 1 | 
2026-05-03 18:36:06,011 - INFO     - img2od: 0 | od2fr: 0 | od2lpr: 116 | od2cap: 0 | fr2kr: 0 | lpr2kr: 1000 | cap2udp: 0 | kr2udp: 1 | 
2026-05-03 18:36:07,012 - INFO     - img2od: 0 | od2fr: 0 | od2lpr: 112 | od2cap: 0 | fr2kr: 0 | lpr2kr: 1000 | cap2udp: 0 | kr2udp: 0 | 
2026-05-03 18:36:08,013 - INFO     - img2od: 0 | od2fr: 0 | od2lpr: 108 | od2cap: 0 | fr2kr: 0 | lpr2kr: 1000 | cap2udp: 0 | kr2udp: 1 | 
2026-05-03 18:36:09,014 - INFO     - img2od: 0 | od2fr: 0 | od2lpr: 104 | od2cap: 0 | fr2kr: 0 | lpr2kr: 1000 | cap2udp: 0 | kr2udp: 0 | 
2026-05-03 18:36:10,016 - INFO     - img2od: 0 | od2fr: 0 | od2lpr: 100 | od2cap: 0 | fr2kr: 0 | lpr2kr: 1000 | cap2udp: 0 | kr2udp: 0 | 
2026-05-03 18:36:11,017 - INFO     - img2od: 0 | od2fr: 0 | od2lpr: 96 | od2cap: 0 | fr2kr: 0 | lpr2kr: 1000 | cap2udp: 0 | kr2udp: 1 | 
2026-05-03 18:36:12,018 - INFO     - img2od: 0 | od2fr: 0 | od2lpr: 92 | od2cap: 0 | fr2kr: 0 | lpr2kr: 1000 | cap2udp: 0 | kr2udp: 0 | 
2026-05-03 18:36:13,019 - INFO     - img2od: 0 | od2fr: 0 | od2lpr: 88 | od2cap: 0 | fr2kr: 0 | lpr2kr: 1000 | cap2udp: 0 | kr2udp: 1 | 
2026-05-03 18:36:14,020 - INFO     - img2od: 0 | od2fr: 0 | od2lpr: 84 | od2cap: 0 | fr2kr: 0 | lpr2kr: 1000 | cap2udp: 0 | kr2udp: 1 | 
2026-05-03 18:36:15,022 - INFO     - img2od: 0 | od2fr: 0 | od2lpr: 80 | od2cap: 0 | fr2kr: 0 | lpr2kr: 1000 | cap2udp: 0 | kr2udp: 1 | 
2026-05-03 18:36:16,023 - INFO     - img2od: 0 | od2fr: 0 | od2lpr: 76 | od2cap: 0 | fr2kr: 0 | lpr2kr: 1000 | cap2udp: 0 | kr2udp: 1 | 
2026-05-03 18:36:17,024 - INFO     - img2od: 0 | od2fr: 0 | od2lpr: 72 | od2cap: 0 | fr2kr: 0 | lpr2kr: 1000 | cap2udp: 0 | kr2udp: 1 | 
2026-05-03 18:36:18,025 - INFO     - img2od: 0 | od2fr: 0 | od2lpr: 68 | od2cap: 0 | fr2kr: 0 | lpr2kr: 1000 | cap2udp: 0 | kr2udp: 1 | 
2026-05-03 18:36:19,026 - INFO     - img2od: 0 | od2fr: 0 | od2lpr: 64 | od2cap: 0 | fr2kr: 0 | lpr2kr: 1000 | cap2udp: 0 | kr2udp: 1 | 
2026-05-03 18:36:20,027 - INFO     - img2od: 0 | od2fr: 0 | od2lpr: 60 | od2cap: 0 | fr2kr: 0 | lpr2kr: 1000 | cap2udp: 0 | kr2udp: 1 | 
2026-05-03 18:36:21,028 - INFO     - img2od: 0 | od2fr: 0 | od2lpr: 56 | od2cap: 0 | fr2kr: 0 | lpr2kr: 1000 | cap2udp: 0 | kr2udp: 1 | 
2026-05-03 18:36:22,029 - INFO     - img2od: 0 | od2fr: 0 | od2lpr: 52 | od2cap: 0 | fr2kr: 0 | lpr2kr: 999 | cap2udp: 0 | kr2udp: 1 | 
2026-05-03 18:36:23,030 - INFO     - img2od: 0 | od2fr: 0 | od2lpr: 47 | od2cap: 0 | fr2kr: 0 | lpr2kr: 1000 | cap2udp: 0 | kr2udp: 1 | 
2026-05-03 18:36:24,031 - INFO     - img2od: 0 | od2fr: 0 | od2lpr: 43 | od2cap: 0 | fr2kr: 0 | lpr2kr: 1000 | cap2udp: 0 | kr2udp: 0 | 
2026-05-03 18:36:25,032 - INFO     - img2od: 0 | od2fr: 0 | od2lpr: 39 | od2cap: 0 | fr2kr: 0 | lpr2kr: 1000 | cap2udp: 0 | kr2udp: 1 | 
2026-05-03 18:36:26,033 - INFO     - img2od: 0 | od2fr: 0 | od2lpr: 35 | od2cap: 0 | fr2kr: 0 | lpr2kr: 1000 | cap2udp: 0 | kr2udp: 1 | 
2026-05-03 18:36:27,035 - INFO     - img2od: 0 | od2fr: 0 | od2lpr: 31 | od2cap: 0 | fr2kr: 0 | lpr2kr: 1000 | cap2udp: 0 | kr2udp: 0 | 
2026-05-03 18:36:28,036 - INFO     - img2od: 0 | od2fr: 0 | od2lpr: 27 | od2cap: 0 | fr2kr: 0 | lpr2kr: 1000 | cap2udp: 0 | kr2udp: 1 | 
2026-05-03 18:36:29,037 - INFO     - img2od: 0 | od2fr: 0 | od2lpr: 23 | od2cap: 0 | fr2kr: 0 | lpr2kr: 1000 | cap2udp: 0 | kr2udp: 1 | 
2026-05-03 18:36:30,038 - INFO     - img2od: 0 | od2fr: 0 | od2lpr: 19 | od2cap: 0 | fr2kr: 0 | lpr2kr: 1000 | cap2udp: 0 | kr2udp: 0 | 
2026-05-03 18:36:31,040 - INFO     - img2od: 0 | od2fr: 0 | od2lpr: 15 | od2cap: 0 | fr2kr: 0 | lpr2kr: 1000 | cap2udp: 0 | kr2udp: 1 | 
2026-05-03 18:36:32,041 - INFO     - img2od: 0 | od2fr: 0 | od2lpr: 11 | od2cap: 0 | fr2kr: 0 | lpr2kr: 1000 | cap2udp: 0 | kr2udp: 1 | 
2026-05-03 18:36:33,042 - INFO     - img2od: 0 | od2fr: 0 | od2lpr: 7 | od2cap: 0 | fr2kr: 0 | lpr2kr: 1000 | cap2udp: 0 | kr2udp: 1 | 
loading model on device: cuda
Initializing checkpoint: PekingU/rtdetr_r50vd, ID: 0
2026-05-03 18:36:34,043 - INFO     - img2od: 0 | od2fr: 0 | od2lpr: 3 | od2cap: 0 | fr2kr: 0 | lpr2kr: 1000 | cap2udp: 0 | kr2udp: 1 | 
2026-05-03 18:36:34,677 - INFO     - lprStream    : Received END signal, shutting down
2026-05-03 18:36:35,037 - INFO     - lprStream    : shutdown successful
2026-05-03 18:36:35,044 - INFO     - img2od: 0 | od2fr: 0 | od2lpr: 0 | od2cap: 0 | fr2kr: 0 | lpr2kr: 1000 | cap2udp: 0 | kr2udp: 1 | 
2026-05-03 18:36:36,045 - INFO     - img2od: 0 | od2fr: 0 | od2lpr: 0 | od2cap: 0 | fr2kr: 0 | lpr2kr: 996 | cap2udp: 0 | kr2udp: 1 | 
2026-05-03 18:36:37,046 - INFO     - img2od: 0 | od2fr: 0 | od2lpr: 0 | od2cap: 0 | fr2kr: 0 | lpr2kr: 992 | cap2udp: 0 | kr2udp: 1 | 
2026-05-03 18:36:38,047 - INFO     - img2od: 0 | od2fr: 0 | od2lpr: 0 | od2cap: 0 | fr2kr: 0 | lpr2kr: 987 | cap2udp: 0 | kr2udp: 0 | 
2026-05-03 18:36:39,049 - INFO     - img2od: 0 | od2fr: 0 | od2lpr: 0 | od2cap: 0 | fr2kr: 0 | lpr2kr: 983 | cap2udp: 0 | kr2udp: 1 | 
2026-05-03 18:36:40,050 - INFO     - img2od: 0 | od2fr: 0 | od2lpr: 0 | od2cap: 0 | fr2kr: 0 | lpr2kr: 978 | cap2udp: 0 | kr2udp: 0 | 
2026-05-03 18:36:41,051 - INFO     - img2od: 0 | od2fr: 0 | od2lpr: 0 | od2cap: 0 | fr2kr: 0 | lpr2kr: 974 | cap2udp: 0 | kr2udp: 0 | 
2026-05-03 18:36:42,052 - INFO     - img2od: 0 | od2fr: 0 | od2lpr: 0 | od2cap: 0 | fr2kr: 0 | lpr2kr: 970 | cap2udp: 0 | kr2udp: 1 | 
2026-05-03 18:36:43,054 - INFO     - img2od: 0 | od2fr: 0 | od2lpr: 0 | od2cap: 0 | fr2kr: 0 | lpr2kr: 965 | cap2udp: 0 | kr2udp: 0 | 
2026-05-03 18:36:44,055 - INFO     - img2od: 0 | od2fr: 0 | od2lpr: 0 | od2cap: 0 | fr2kr: 0 | lpr2kr: 961 | cap2udp: 0 | kr2udp: 1 | 
2026-05-03 18:36:45,056 - INFO     - img2od: 0 | od2fr: 0 | od2lpr: 0 | od2cap: 0 | fr2kr: 0 | lpr2kr: 957 | cap2udp: 0 | kr2udp: 1 | 
2026-05-03 18:36:46,057 - INFO     - img2od: 0 | od2fr: 0 | od2lpr: 0 | od2cap: 0 | fr2kr: 0 | lpr2kr: 952 | cap2udp: 0 | kr2udp: 0 | 
2026-05-03 18:36:47,058 - INFO     - img2od: 0 | od2fr: 0 | od2lpr: 0 | od2cap: 0 | fr2kr: 0 | lpr2kr: 948 | cap2udp: 0 | kr2udp: 1 | 
2026-05-03 18:36:48,060 - INFO     - img2od: 0 | od2fr: 0 | od2lpr: 0 | od2cap: 0 | fr2kr: 0 | lpr2kr: 943 | cap2udp: 0 | kr2udp: 0 | 
2026-05-03 18:36:49,061 - INFO     - img2od: 0 | od2fr: 0 | od2lpr: 0 | od2cap: 0 | fr2kr: 0 | lpr2kr: 939 | cap2udp: 0 | kr2udp: 0 | 
2026-05-03 18:36:50,062 - INFO     - img2od: 0 | od2fr: 0 | od2lpr: 0 | od2cap: 0 | fr2kr: 0 | lpr2kr: 935 | cap2udp: 0 | kr2udp: 1 | 
2026-05-03 18:36:51,064 - INFO     - img2od: 0 | od2fr: 0 | od2lpr: 0 | od2cap: 0 | fr2kr: 0 | lpr2kr: 930 | cap2udp: 0 | kr2udp: 0 | 
2026-05-03 18:36:52,065 - INFO     - img2od: 0 | od2fr: 0 | od2lpr: 0 | od2cap: 0 | fr2kr: 0 | lpr2kr: 926 | cap2udp: 0 | kr2udp: 1 | 
2026-05-03 18:36:53,066 - INFO     - img2od: 0 | od2fr: 0 | od2lpr: 0 | od2cap: 0 | fr2kr: 0 | lpr2kr: 922 | cap2udp: 0 | kr2udp: 1 | 
2026-05-03 18:36:54,067 - INFO     - img2od: 0 | od2fr: 0 | od2lpr: 0 | od2cap: 0 | fr2kr: 0 | lpr2kr: 917 | cap2udp: 0 | kr2udp: 0 | 
2026-05-03 18:36:55,068 - INFO     - img2od: 0 | od2fr: 0 | od2lpr: 0 | od2cap: 0 | fr2kr: 0 | lpr2kr: 913 | cap2udp: 0 | kr2udp: 1 | 
2026-05-03 18:36:56,070 - INFO     - img2od: 0 | od2fr: 0 | od2lpr: 0 | od2cap: 0 | fr2kr: 0 | lpr2kr: 908 | cap2udp: 0 | kr2udp: 0 | 
2026-05-03 18:36:57,071 - INFO     - img2od: 0 | od2fr: 0 | od2lpr: 0 | od2cap: 0 | fr2kr: 0 | lpr2kr: 904 | cap2udp: 0 | kr2udp: 0 | 
2026-05-03 18:36:58,072 - INFO     - img2od: 0 | od2fr: 0 | od2lpr: 0 | od2cap: 0 | fr2kr: 0 | lpr2kr: 900 | cap2udp: 0 | kr2udp: 1 | 
2026-05-03 18:36:59,073 - INFO     - img2od: 0 | od2fr: 0 | od2lpr: 0 | od2cap: 0 | fr2kr: 0 | lpr2kr: 895 | cap2udp: 0 | kr2udp: 0 | 
2026-05-03 18:37:00,074 - INFO     - img2od: 0 | od2fr: 0 | od2lpr: 0 | od2cap: 0 | fr2kr: 0 | lpr2kr: 891 | cap2udp: 0 | kr2udp: 1 | 
2026-05-03 18:37:01,075 - INFO     - img2od: 0 | od2fr: 0 | od2lpr: 0 | od2cap: 0 | fr2kr: 0 | lpr2kr: 887 | cap2udp: 0 | kr2udp: 1 | 
2026-05-03 18:37:02,077 - INFO     - img2od: 0 | od2fr: 0 | od2lpr: 0 | od2cap: 0 | fr2kr: 0 | lpr2kr: 882 | cap2udp: 0 | kr2udp: 0 | 
2026-05-03 18:37:03,078 - INFO     - img2od: 0 | od2fr: 0 | od2lpr: 0 | od2cap: 0 | fr2kr: 0 | lpr2kr: 878 | cap2udp: 0 | kr2udp: 1 | 
2026-05-03 18:37:04,079 - INFO     - img2od: 0 | od2fr: 0 | od2lpr: 0 | od2cap: 0 | fr2kr: 0 | lpr2kr: 873 | cap2udp: 0 | kr2udp: 0 | 
2026-05-03 18:37:05,080 - INFO     - img2od: 0 | od2fr: 0 | od2lpr: 0 | od2cap: 0 | fr2kr: 0 | lpr2kr: 869 | cap2udp: 0 | kr2udp: 0 | 
2026-05-03 18:37:06,082 - INFO     - img2od: 0 | od2fr: 0 | od2lpr: 0 | od2cap: 0 | fr2kr: 0 | lpr2kr: 865 | cap2udp: 0 | kr2udp: 1 | 
2026-05-03 18:37:07,083 - INFO     - img2od: 0 | od2fr: 0 | od2lpr: 0 | od2cap: 0 | fr2kr: 0 | lpr2kr: 860 | cap2udp: 0 | kr2udp: 0 | 
2026-05-03 18:37:08,084 - INFO     - img2od: 0 | od2fr: 0 | od2lpr: 0 | od2cap: 0 | fr2kr: 0 | lpr2kr: 856 | cap2udp: 0 | kr2udp: 1 | 
2026-05-03 18:37:09,085 - INFO     - img2od: 0 | od2fr: 0 | od2lpr: 0 | od2cap: 0 | fr2kr: 0 | lpr2kr: 851 | cap2udp: 0 | kr2udp: 1 | 
2026-05-03 18:37:10,087 - INFO     - img2od: 0 | od2fr: 0 | od2lpr: 0 | od2cap: 0 | fr2kr: 0 | lpr2kr: 847 | cap2udp: 0 | kr2udp: 0 | 
2026-05-03 18:37:11,088 - INFO     - img2od: 0 | od2fr: 0 | od2lpr: 0 | od2cap: 0 | fr2kr: 0 | lpr2kr: 843 | cap2udp: 0 | kr2udp: 1 | 
2026-05-03 18:37:12,089 - INFO     - img2od: 0 | od2fr: 0 | od2lpr: 0 | od2cap: 0 | fr2kr: 0 | lpr2kr: 838 | cap2udp: 0 | kr2udp: 0 | 
2026-05-03 18:37:13,090 - INFO     - img2od: 0 | od2fr: 0 | od2lpr: 0 | od2cap: 0 | fr2kr: 0 | lpr2kr: 834 | cap2udp: 0 | kr2udp: 1 | 
2026-05-03 18:37:14,091 - INFO     - img2od: 0 | od2fr: 0 | od2lpr: 0 | od2cap: 0 | fr2kr: 0 | lpr2kr: 830 | cap2udp: 0 | kr2udp: 1 | 
2026-05-03 18:37:15,093 - INFO     - img2od: 0 | od2fr: 0 | od2lpr: 0 | od2cap: 0 | fr2kr: 0 | lpr2kr: 825 | cap2udp: 0 | kr2udp: 0 | 
2026-05-03 18:37:16,094 - INFO     - img2od: 0 | od2fr: 0 | od2lpr: 0 | od2cap: 0 | fr2kr: 0 | lpr2kr: 821 | cap2udp: 0 | kr2udp: 1 | 
2026-05-03 18:37:17,095 - INFO     - img2od: 0 | od2fr: 0 | od2lpr: 0 | od2cap: 0 | fr2kr: 0 | lpr2kr: 816 | cap2udp: 0 | kr2udp: 0 | 
2026-05-03 18:37:18,096 - INFO     - img2od: 0 | od2fr: 0 | od2lpr: 0 | od2cap: 0 | fr2kr: 0 | lpr2kr: 812 | cap2udp: 0 | kr2udp: 0 | 
2026-05-03 18:37:19,098 - INFO     - img2od: 0 | od2fr: 0 | od2lpr: 0 | od2cap: 0 | fr2kr: 0 | lpr2kr: 808 | cap2udp: 0 | kr2udp: 1 | 
2026-05-03 18:37:20,099 - INFO     - img2od: 0 | od2fr: 0 | od2lpr: 0 | od2cap: 0 | fr2kr: 0 | lpr2kr: 803 | cap2udp: 0 | kr2udp: 0 | 
2026-05-03 18:37:21,100 - INFO     - img2od: 0 | od2fr: 0 | od2lpr: 0 | od2cap: 0 | fr2kr: 0 | lpr2kr: 799 | cap2udp: 0 | kr2udp: 1 | 
2026-05-03 18:37:22,101 - INFO     - img2od: 0 | od2fr: 0 | od2lpr: 0 | od2cap: 0 | fr2kr: 0 | lpr2kr: 795 | cap2udp: 0 | kr2udp: 1 | 
2026-05-03 18:37:23,102 - INFO     - img2od: 0 | od2fr: 0 | od2lpr: 0 | od2cap: 0 | fr2kr: 0 | lpr2kr: 790 | cap2udp: 0 | kr2udp: 0 | 
2026-05-03 18:37:24,104 - INFO     - img2od: 0 | od2fr: 0 | od2lpr: 0 | od2cap: 0 | fr2kr: 0 | lpr2kr: 786 | cap2udp: 0 | kr2udp: 1 | 
2026-05-03 18:37:25,105 - INFO     - img2od: 0 | od2fr: 0 | od2lpr: 0 | od2cap: 0 | fr2kr: 0 | lpr2kr: 781 | cap2udp: 0 | kr2udp: 0 | 
2026-05-03 18:37:26,106 - INFO     - img2od: 0 | od2fr: 0 | od2lpr: 0 | od2cap: 0 | fr2kr: 0 | lpr2kr: 777 | cap2udp: 0 | kr2udp: 0 | 
2026-05-03 18:37:27,107 - INFO     - img2od: 0 | od2fr: 0 | od2lpr: 0 | od2cap: 0 | fr2kr: 0 | lpr2kr: 772 | cap2udp: 0 | kr2udp: 0 | 
2026-05-03 18:37:28,109 - INFO     - img2od: 0 | od2fr: 0 | od2lpr: 0 | od2cap: 0 | fr2kr: 0 | lpr2kr: 767 | cap2udp: 0 | kr2udp: 0 | 
2026-05-03 18:37:29,110 - INFO     - img2od: 0 | od2fr: 0 | od2lpr: 0 | od2cap: 0 | fr2kr: 0 | lpr2kr: 762 | cap2udp: 0 | kr2udp: 0 | 
2026-05-03 18:37:30,111 - INFO     - img2od: 0 | od2fr: 0 | od2lpr: 0 | od2cap: 0 | fr2kr: 0 | lpr2kr: 758 | cap2udp: 0 | kr2udp: 1 | 
2026-05-03 18:37:31,112 - INFO     - img2od: 0 | od2fr: 0 | od2lpr: 0 | od2cap: 0 | fr2kr: 0 | lpr2kr: 753 | cap2udp: 0 | kr2udp: 1 | 
2026-05-03 18:37:32,113 - INFO     - img2od: 0 | od2fr: 0 | od2lpr: 0 | od2cap: 0 | fr2kr: 0 | lpr2kr: 748 | cap2udp: 0 | kr2udp: 1 | 
2026-05-03 18:37:33,114 - INFO     - img2od: 0 | od2fr: 0 | od2lpr: 0 | od2cap: 0 | fr2kr: 0 | lpr2kr: 743 | cap2udp: 0 | kr2udp: 0 | 
2026-05-03 18:37:34,115 - INFO     - img2od: 0 | od2fr: 0 | od2lpr: 0 | od2cap: 0 | fr2kr: 0 | lpr2kr: 738 | cap2udp: 0 | kr2udp: 0 | 
2026-05-03 18:37:35,116 - INFO     - img2od: 0 | od2fr: 0 | od2lpr: 0 | od2cap: 0 | fr2kr: 0 | lpr2kr: 733 | cap2udp: 0 | kr2udp: 0 | 
2026-05-03 18:37:36,117 - INFO     - img2od: 0 | od2fr: 0 | od2lpr: 0 | od2cap: 0 | fr2kr: 0 | lpr2kr: 728 | cap2udp: 0 | kr2udp: 0 | 
2026-05-03 18:37:37,118 - INFO     - img2od: 0 | od2fr: 0 | od2lpr: 0 | od2cap: 0 | fr2kr: 0 | lpr2kr: 723 | cap2udp: 0 | kr2udp: 1 | 
2026-05-03 18:37:38,119 - INFO     - img2od: 0 | od2fr: 0 | od2lpr: 0 | od2cap: 0 | fr2kr: 0 | lpr2kr: 719 | cap2udp: 0 | kr2udp: 1 | 
2026-05-03 18:37:39,120 - INFO     - img2od: 0 | od2fr: 0 | od2lpr: 0 | od2cap: 0 | fr2kr: 0 | lpr2kr: 714 | cap2udp: 0 | kr2udp: 1 | 
2026-05-03 18:37:40,122 - INFO     - img2od: 0 | od2fr: 0 | od2lpr: 0 | od2cap: 0 | fr2kr: 0 | lpr2kr: 709 | cap2udp: 0 | kr2udp: 1 | 
2026-05-03 18:37:41,123 - INFO     - img2od: 0 | od2fr: 0 | od2lpr: 0 | od2cap: 0 | fr2kr: 0 | lpr2kr: 704 | cap2udp: 0 | kr2udp: 1 | 
2026-05-03 18:37:42,124 - INFO     - img2od: 0 | od2fr: 0 | od2lpr: 0 | od2cap: 0 | fr2kr: 0 | lpr2kr: 699 | cap2udp: 0 | kr2udp: 1 | 
2026-05-03 18:37:43,125 - INFO     - img2od: 0 | od2fr: 0 | od2lpr: 0 | od2cap: 0 | fr2kr: 0 | lpr2kr: 694 | cap2udp: 0 | kr2udp: 1 | 
2026-05-03 18:37:44,126 - INFO     - img2od: 0 | od2fr: 0 | od2lpr: 0 | od2cap: 0 | fr2kr: 0 | lpr2kr: 690 | cap2udp: 0 | kr2udp: 1 | 
2026-05-03 18:37:45,128 - INFO     - img2od: 0 | od2fr: 0 | od2lpr: 0 | od2cap: 0 | fr2kr: 0 | lpr2kr: 685 | cap2udp: 0 | kr2udp: 0 | 
2026-05-03 18:37:46,129 - INFO     - img2od: 0 | od2fr: 0 | od2lpr: 0 | od2cap: 0 | fr2kr: 0 | lpr2kr: 681 | cap2udp: 0 | kr2udp: 1 | 
2026-05-03 18:37:47,130 - INFO     - img2od: 0 | od2fr: 0 | od2lpr: 0 | od2cap: 0 | fr2kr: 0 | lpr2kr: 677 | cap2udp: 0 | kr2udp: 1 | 
2026-05-03 18:37:48,131 - INFO     - img2od: 0 | od2fr: 0 | od2lpr: 0 | od2cap: 0 | fr2kr: 0 | lpr2kr: 673 | cap2udp: 0 | kr2udp: 0 | 
2026-05-03 18:37:49,132 - INFO     - img2od: 0 | od2fr: 0 | od2lpr: 0 | od2cap: 0 | fr2kr: 0 | lpr2kr: 670 | cap2udp: 0 | kr2udp: 1 | 
2026-05-03 18:37:50,133 - INFO     - img2od: 0 | od2fr: 0 | od2lpr: 0 | od2cap: 0 | fr2kr: 0 | lpr2kr: 666 | cap2udp: 0 | kr2udp: 1 | 
2026-05-03 18:37:51,134 - INFO     - img2od: 0 | od2fr: 0 | od2lpr: 0 | od2cap: 0 | fr2kr: 0 | lpr2kr: 662 | cap2udp: 0 | kr2udp: 1 | 
2026-05-03 18:37:52,135 - INFO     - img2od: 0 | od2fr: 0 | od2lpr: 0 | od2cap: 0 | fr2kr: 0 | lpr2kr: 658 | cap2udp: 0 | kr2udp: 1 | 
2026-05-03 18:37:53,136 - INFO     - img2od: 0 | od2fr: 0 | od2lpr: 0 | od2cap: 0 | fr2kr: 0 | lpr2kr: 654 | cap2udp: 0 | kr2udp: 0 | 
2026-05-03 18:37:54,137 - INFO     - img2od: 0 | od2fr: 0 | od2lpr: 0 | od2cap: 0 | fr2kr: 0 | lpr2kr: 650 | cap2udp: 0 | kr2udp: 0 | 
2026-05-03 18:37:55,138 - INFO     - img2od: 0 | od2fr: 0 | od2lpr: 0 | od2cap: 0 | fr2kr: 0 | lpr2kr: 646 | cap2udp: 0 | kr2udp: 0 | 
2026-05-03 18:37:56,139 - INFO     - img2od: 0 | od2fr: 0 | od2lpr: 0 | od2cap: 0 | fr2kr: 0 | lpr2kr: 643 | cap2udp: 0 | kr2udp: 1 | 
2026-05-03 18:37:57,140 - INFO     - img2od: 0 | od2fr: 0 | od2lpr: 0 | od2cap: 0 | fr2kr: 0 | lpr2kr: 639 | cap2udp: 0 | kr2udp: 1 | 
2026-05-03 18:37:58,141 - INFO     - img2od: 0 | od2fr: 0 | od2lpr: 0 | od2cap: 0 | fr2kr: 0 | lpr2kr: 635 | cap2udp: 0 | kr2udp: 1 | 
2026-05-03 18:37:59,142 - INFO     - img2od: 0 | od2fr: 0 | od2lpr: 0 | od2cap: 0 | fr2kr: 0 | lpr2kr: 631 | cap2udp: 0 | kr2udp: 1 | 
2026-05-03 18:38:00,143 - INFO     - img2od: 0 | od2fr: 0 | od2lpr: 0 | od2cap: 0 | fr2kr: 0 | lpr2kr: 627 | cap2udp: 0 | kr2udp: 0 | 
2026-05-03 18:38:01,144 - INFO     - img2od: 0 | od2fr: 0 | od2lpr: 0 | od2cap: 0 | fr2kr: 0 | lpr2kr: 623 | cap2udp: 0 | kr2udp: 0 | 
2026-05-03 18:38:02,145 - INFO     - img2od: 0 | od2fr: 0 | od2lpr: 0 | od2cap: 0 | fr2kr: 0 | lpr2kr: 619 | cap2udp: 0 | kr2udp: 1 | 
2026-05-03 18:38:03,146 - INFO     - img2od: 0 | od2fr: 0 | od2lpr: 0 | od2cap: 0 | fr2kr: 0 | lpr2kr: 615 | cap2udp: 0 | kr2udp: 1 | 
2026-05-03 18:38:04,147 - INFO     - img2od: 0 | od2fr: 0 | od2lpr: 0 | od2cap: 0 | fr2kr: 0 | lpr2kr: 611 | cap2udp: 0 | kr2udp: 1 | 
2026-05-03 18:38:05,148 - INFO     - img2od: 0 | od2fr: 0 | od2lpr: 0 | od2cap: 0 | fr2kr: 0 | lpr2kr: 608 | cap2udp: 0 | kr2udp: 1 | 
2026-05-03 18:38:06,149 - INFO     - img2od: 0 | od2fr: 0 | od2lpr: 0 | od2cap: 0 | fr2kr: 0 | lpr2kr: 605 | cap2udp: 0 | kr2udp: 1 | 
2026-05-03 18:38:07,150 - INFO     - img2od: 0 | od2fr: 0 | od2lpr: 0 | od2cap: 0 | fr2kr: 0 | lpr2kr: 602 | cap2udp: 0 | kr2udp: 0 | 
2026-05-03 18:38:08,151 - INFO     - img2od: 0 | od2fr: 0 | od2lpr: 0 | od2cap: 0 | fr2kr: 0 | lpr2kr: 599 | cap2udp: 0 | kr2udp: 1 | 
2026-05-03 18:38:09,152 - INFO     - img2od: 0 | od2fr: 0 | od2lpr: 0 | od2cap: 0 | fr2kr: 0 | lpr2kr: 595 | cap2udp: 0 | kr2udp: 1 | 
2026-05-03 18:38:10,153 - INFO     - img2od: 0 | od2fr: 0 | od2lpr: 0 | od2cap: 0 | fr2kr: 0 | lpr2kr: 591 | cap2udp: 0 | kr2udp: 1 | 
2026-05-03 18:38:11,154 - INFO     - img2od: 0 | od2fr: 0 | od2lpr: 0 | od2cap: 0 | fr2kr: 0 | lpr2kr: 587 | cap2udp: 0 | kr2udp: 1 | 
2026-05-03 18:38:12,155 - INFO     - img2od: 0 | od2fr: 0 | od2lpr: 0 | od2cap: 0 | fr2kr: 0 | lpr2kr: 583 | cap2udp: 0 | kr2udp: 2 | 
2026-05-03 18:38:13,156 - INFO     - img2od: 0 | od2fr: 0 | od2lpr: 0 | od2cap: 0 | fr2kr: 0 | lpr2kr: 579 | cap2udp: 0 | kr2udp: 1 | 
2026-05-03 18:38:14,157 - INFO     - img2od: 0 | od2fr: 0 | od2lpr: 0 | od2cap: 0 | fr2kr: 0 | lpr2kr: 576 | cap2udp: 0 | kr2udp: 1 | 
2026-05-03 18:38:15,158 - INFO     - img2od: 0 | od2fr: 0 | od2lpr: 0 | od2cap: 0 | fr2kr: 0 | lpr2kr: 572 | cap2udp: 0 | kr2udp: 1 | 
2026-05-03 18:38:16,159 - INFO     - img2od: 0 | od2fr: 0 | od2lpr: 0 | od2cap: 0 | fr2kr: 0 | lpr2kr: 568 | cap2udp: 0 | kr2udp: 1 | 
2026-05-03 18:38:17,160 - INFO     - img2od: 0 | od2fr: 0 | od2lpr: 0 | od2cap: 0 | fr2kr: 0 | lpr2kr: 564 | cap2udp: 0 | kr2udp: 1 | 
2026-05-03 18:38:18,162 - INFO     - img2od: 0 | od2fr: 0 | od2lpr: 0 | od2cap: 0 | fr2kr: 0 | lpr2kr: 560 | cap2udp: 0 | kr2udp: 0 | 
2026-05-03 18:38:19,163 - INFO     - img2od: 0 | od2fr: 0 | od2lpr: 0 | od2cap: 0 | fr2kr: 0 | lpr2kr: 556 | cap2udp: 0 | kr2udp: 1 | 
2026-05-03 18:38:20,164 - INFO     - img2od: 0 | od2fr: 0 | od2lpr: 0 | od2cap: 0 | fr2kr: 0 | lpr2kr: 552 | cap2udp: 0 | kr2udp: 1 | 
2026-05-03 18:38:21,165 - INFO     - img2od: 0 | od2fr: 0 | od2lpr: 0 | od2cap: 0 | fr2kr: 0 | lpr2kr: 547 | cap2udp: 0 | kr2udp: 1 | 
2026-05-03 18:38:22,167 - INFO     - img2od: 0 | od2fr: 0 | od2lpr: 0 | od2cap: 0 | fr2kr: 0 | lpr2kr: 543 | cap2udp: 0 | kr2udp: 0 | 
2026-05-03 18:38:23,168 - INFO     - img2od: 0 | od2fr: 0 | od2lpr: 0 | od2cap: 0 | fr2kr: 0 | lpr2kr: 539 | cap2udp: 0 | kr2udp: 1 | 
2026-05-03 18:38:24,169 - INFO     - img2od: 0 | od2fr: 0 | od2lpr: 0 | od2cap: 0 | fr2kr: 0 | lpr2kr: 535 | cap2udp: 0 | kr2udp: 1 | 
2026-05-03 18:38:25,170 - INFO     - img2od: 0 | od2fr: 0 | od2lpr: 0 | od2cap: 0 | fr2kr: 0 | lpr2kr: 531 | cap2udp: 0 | kr2udp: 1 | 
2026-05-03 18:38:26,172 - INFO     - img2od: 0 | od2fr: 0 | od2lpr: 0 | od2cap: 0 | fr2kr: 0 | lpr2kr: 526 | cap2udp: 0 | kr2udp: 1 | 
2026-05-03 18:38:27,173 - INFO     - img2od: 0 | od2fr: 0 | od2lpr: 0 | od2cap: 0 | fr2kr: 0 | lpr2kr: 522 | cap2udp: 0 | kr2udp: 1 | 
2026-05-03 18:38:28,174 - INFO     - img2od: 0 | od2fr: 0 | od2lpr: 0 | od2cap: 0 | fr2kr: 0 | lpr2kr: 518 | cap2udp: 0 | kr2udp: 1 | 
2026-05-03 18:38:29,175 - INFO     - img2od: 0 | od2fr: 0 | od2lpr: 0 | od2cap: 0 | fr2kr: 0 | lpr2kr: 515 | cap2udp: 0 | kr2udp: 1 | 
2026-05-03 18:38:30,176 - INFO     - img2od: 0 | od2fr: 0 | od2lpr: 0 | od2cap: 0 | fr2kr: 0 | lpr2kr: 511 | cap2udp: 0 | kr2udp: 1 | 
2026-05-03 18:38:31,178 - INFO     - img2od: 0 | od2fr: 0 | od2lpr: 0 | od2cap: 0 | fr2kr: 0 | lpr2kr: 507 | cap2udp: 0 | kr2udp: 1 | 
2026-05-03 18:38:32,179 - INFO     - img2od: 0 | od2fr: 0 | od2lpr: 0 | od2cap: 0 | fr2kr: 0 | lpr2kr: 503 | cap2udp: 0 | kr2udp: 1 | 
2026-05-03 18:38:33,180 - INFO     - img2od: 0 | od2fr: 0 | od2lpr: 0 | od2cap: 0 | fr2kr: 0 | lpr2kr: 499 | cap2udp: 0 | kr2udp: 1 | 
2026-05-03 18:38:34,181 - INFO     - img2od: 0 | od2fr: 0 | od2lpr: 0 | od2cap: 0 | fr2kr: 0 | lpr2kr: 495 | cap2udp: 0 | kr2udp: 0 | 
2026-05-03 18:38:35,183 - INFO     - img2od: 0 | od2fr: 0 | od2lpr: 0 | od2cap: 0 | fr2kr: 0 | lpr2kr: 491 | cap2udp: 0 | kr2udp: 0 | 
2026-05-03 18:38:36,184 - INFO     - img2od: 0 | od2fr: 0 | od2lpr: 0 | od2cap: 0 | fr2kr: 0 | lpr2kr: 487 | cap2udp: 0 | kr2udp: 1 | 
2026-05-03 18:38:37,185 - INFO     - img2od: 0 | od2fr: 0 | od2lpr: 0 | od2cap: 0 | fr2kr: 0 | lpr2kr: 483 | cap2udp: 0 | kr2udp: 0 | 
2026-05-03 18:38:38,186 - INFO     - img2od: 0 | od2fr: 0 | od2lpr: 0 | od2cap: 0 | fr2kr: 0 | lpr2kr: 479 | cap2udp: 0 | kr2udp: 1 | 
2026-05-03 18:38:39,187 - INFO     - img2od: 0 | od2fr: 0 | od2lpr: 0 | od2cap: 0 | fr2kr: 0 | lpr2kr: 475 | cap2udp: 0 | kr2udp: 1 | 
2026-05-03 18:38:40,188 - INFO     - img2od: 0 | od2fr: 0 | od2lpr: 0 | od2cap: 0 | fr2kr: 0 | lpr2kr: 471 | cap2udp: 0 | kr2udp: 1 | 
2026-05-03 18:38:41,189 - INFO     - img2od: 0 | od2fr: 0 | od2lpr: 0 | od2cap: 0 | fr2kr: 0 | lpr2kr: 467 | cap2udp: 0 | kr2udp: 1 | 
2026-05-03 18:38:42,190 - INFO     - img2od: 0 | od2fr: 0 | od2lpr: 0 | od2cap: 0 | fr2kr: 0 | lpr2kr: 462 | cap2udp: 0 | kr2udp: 1 | 
2026-05-03 18:38:43,192 - INFO     - img2od: 0 | od2fr: 0 | od2lpr: 0 | od2cap: 0 | fr2kr: 0 | lpr2kr: 458 | cap2udp: 0 | kr2udp: 0 | 
2026-05-03 18:38:44,193 - INFO     - img2od: 0 | od2fr: 0 | od2lpr: 0 | od2cap: 0 | fr2kr: 0 | lpr2kr: 454 | cap2udp: 0 | kr2udp: 1 | 
2026-05-03 18:38:45,194 - INFO     - img2od: 0 | od2fr: 0 | od2lpr: 0 | od2cap: 0 | fr2kr: 0 | lpr2kr: 450 | cap2udp: 0 | kr2udp: 1 | 
2026-05-03 18:38:46,195 - INFO     - img2od: 0 | od2fr: 0 | od2lpr: 0 | od2cap: 0 | fr2kr: 0 | lpr2kr: 446 | cap2udp: 0 | kr2udp: 1 | 
2026-05-03 18:38:47,196 - INFO     - img2od: 0 | od2fr: 0 | od2lpr: 0 | od2cap: 0 | fr2kr: 0 | lpr2kr: 441 | cap2udp: 0 | kr2udp: 1 | 
2026-05-03 18:38:48,198 - INFO     - img2od: 0 | od2fr: 0 | od2lpr: 0 | od2cap: 0 | fr2kr: 0 | lpr2kr: 437 | cap2udp: 0 | kr2udp: 1 | 
2026-05-03 18:38:49,199 - INFO     - img2od: 0 | od2fr: 0 | od2lpr: 0 | od2cap: 0 | fr2kr: 0 | lpr2kr: 433 | cap2udp: 0 | kr2udp: 1 | 
2026-05-03 18:38:50,200 - INFO     - img2od: 0 | od2fr: 0 | od2lpr: 0 | od2cap: 0 | fr2kr: 0 | lpr2kr: 429 | cap2udp: 0 | kr2udp: 1 | 
2026-05-03 18:38:51,201 - INFO     - img2od: 0 | od2fr: 0 | od2lpr: 0 | od2cap: 0 | fr2kr: 0 | lpr2kr: 425 | cap2udp: 0 | kr2udp: 1 | 
2026-05-03 18:38:52,202 - INFO     - img2od: 0 | od2fr: 0 | od2lpr: 0 | od2cap: 0 | fr2kr: 0 | lpr2kr: 420 | cap2udp: 0 | kr2udp: 1 | 
2026-05-03 18:38:53,203 - INFO     - img2od: 0 | od2fr: 0 | od2lpr: 0 | od2cap: 0 | fr2kr: 0 | lpr2kr: 416 | cap2udp: 0 | kr2udp: 1 | 
2026-05-03 18:38:54,203 - INFO     - img2od: 0 | od2fr: 0 | od2lpr: 0 | od2cap: 0 | fr2kr: 0 | lpr2kr: 412 | cap2udp: 0 | kr2udp: 1 | 
2026-05-03 18:38:55,204 - INFO     - img2od: 0 | od2fr: 0 | od2lpr: 0 | od2cap: 0 | fr2kr: 0 | lpr2kr: 408 | cap2udp: 0 | kr2udp: 1 | 
2026-05-03 18:38:56,206 - INFO     - img2od: 0 | od2fr: 0 | od2lpr: 0 | od2cap: 0 | fr2kr: 0 | lpr2kr: 404 | cap2udp: 0 | kr2udp: 1 | 
2026-05-03 18:38:57,207 - INFO     - img2od: 0 | od2fr: 0 | od2lpr: 0 | od2cap: 0 | fr2kr: 0 | lpr2kr: 399 | cap2udp: 0 | kr2udp: 1 | 
2026-05-03 18:38:58,208 - INFO     - img2od: 0 | od2fr: 0 | od2lpr: 0 | od2cap: 0 | fr2kr: 0 | lpr2kr: 395 | cap2udp: 0 | kr2udp: 0 | 
2026-05-03 18:38:59,209 - INFO     - img2od: 0 | od2fr: 0 | od2lpr: 0 | od2cap: 0 | fr2kr: 0 | lpr2kr: 391 | cap2udp: 0 | kr2udp: 1 | 
2026-05-03 18:39:00,210 - INFO     - img2od: 0 | od2fr: 0 | od2lpr: 0 | od2cap: 0 | fr2kr: 0 | lpr2kr: 387 | cap2udp: 0 | kr2udp: 1 | 
2026-05-03 18:39:01,211 - INFO     - img2od: 0 | od2fr: 0 | od2lpr: 0 | od2cap: 0 | fr2kr: 0 | lpr2kr: 383 | cap2udp: 0 | kr2udp: 1 | 
2026-05-03 18:39:02,212 - INFO     - img2od: 0 | od2fr: 0 | od2lpr: 0 | od2cap: 0 | fr2kr: 0 | lpr2kr: 378 | cap2udp: 0 | kr2udp: 1 | 
2026-05-03 18:39:03,213 - INFO     - img2od: 0 | od2fr: 0 | od2lpr: 0 | od2cap: 0 | fr2kr: 0 | lpr2kr: 374 | cap2udp: 0 | kr2udp: 0 | 
2026-05-03 18:39:04,214 - INFO     - img2od: 0 | od2fr: 0 | od2lpr: 0 | od2cap: 0 | fr2kr: 0 | lpr2kr: 370 | cap2udp: 0 | kr2udp: 0 | 
2026-05-03 18:39:05,215 - INFO     - img2od: 0 | od2fr: 0 | od2lpr: 0 | od2cap: 0 | fr2kr: 0 | lpr2kr: 366 | cap2udp: 0 | kr2udp: 0 | 
2026-05-03 18:39:06,216 - INFO     - img2od: 0 | od2fr: 0 | od2lpr: 0 | od2cap: 0 | fr2kr: 0 | lpr2kr: 362 | cap2udp: 0 | kr2udp: 1 | 
2026-05-03 18:39:07,217 - INFO     - img2od: 0 | od2fr: 0 | od2lpr: 0 | od2cap: 0 | fr2kr: 0 | lpr2kr: 358 | cap2udp: 0 | kr2udp: 0 | 
2026-05-03 18:39:08,218 - INFO     - img2od: 0 | od2fr: 0 | od2lpr: 0 | od2cap: 0 | fr2kr: 0 | lpr2kr: 355 | cap2udp: 0 | kr2udp: 1 | 
2026-05-03 18:39:09,219 - INFO     - img2od: 0 | od2fr: 0 | od2lpr: 0 | od2cap: 0 | fr2kr: 0 | lpr2kr: 351 | cap2udp: 0 | kr2udp: 1 | 
2026-05-03 18:39:10,220 - INFO     - img2od: 0 | od2fr: 0 | od2lpr: 0 | od2cap: 0 | fr2kr: 0 | lpr2kr: 347 | cap2udp: 0 | kr2udp: 1 | 
2026-05-03 18:39:11,221 - INFO     - img2od: 0 | od2fr: 0 | od2lpr: 0 | od2cap: 0 | fr2kr: 0 | lpr2kr: 343 | cap2udp: 0 | kr2udp: 1 | 
2026-05-03 18:39:12,222 - INFO     - img2od: 0 | od2fr: 0 | od2lpr: 0 | od2cap: 0 | fr2kr: 0 | lpr2kr: 339 | cap2udp: 0 | kr2udp: 1 | 
2026-05-03 18:39:13,223 - INFO     - img2od: 0 | od2fr: 0 | od2lpr: 0 | od2cap: 0 | fr2kr: 0 | lpr2kr: 335 | cap2udp: 0 | kr2udp: 1 | 
2026-05-03 18:39:14,224 - INFO     - img2od: 0 | od2fr: 0 | od2lpr: 0 | od2cap: 0 | fr2kr: 0 | lpr2kr: 331 | cap2udp: 0 | kr2udp: 0 | 
2026-05-03 18:39:15,225 - INFO     - img2od: 0 | od2fr: 0 | od2lpr: 0 | od2cap: 0 | fr2kr: 0 | lpr2kr: 327 | cap2udp: 0 | kr2udp: 0 | 
2026-05-03 18:39:16,226 - INFO     - img2od: 0 | od2fr: 0 | od2lpr: 0 | od2cap: 0 | fr2kr: 0 | lpr2kr: 323 | cap2udp: 0 | kr2udp: 0 | 
2026-05-03 18:39:17,227 - INFO     - img2od: 0 | od2fr: 0 | od2lpr: 0 | od2cap: 0 | fr2kr: 0 | lpr2kr: 319 | cap2udp: 0 | kr2udp: 1 | 
2026-05-03 18:39:18,229 - INFO     - img2od: 0 | od2fr: 0 | od2lpr: 0 | od2cap: 0 | fr2kr: 0 | lpr2kr: 315 | cap2udp: 0 | kr2udp: 1 | 
2026-05-03 18:39:19,230 - INFO     - img2od: 0 | od2fr: 0 | od2lpr: 0 | od2cap: 0 | fr2kr: 0 | lpr2kr: 311 | cap2udp: 0 | kr2udp: 1 | 
2026-05-03 18:39:20,231 - INFO     - img2od: 0 | od2fr: 0 | od2lpr: 0 | od2cap: 0 | fr2kr: 0 | lpr2kr: 307 | cap2udp: 0 | kr2udp: 0 | 
2026-05-03 18:39:21,233 - INFO     - img2od: 0 | od2fr: 0 | od2lpr: 0 | od2cap: 0 | fr2kr: 0 | lpr2kr: 303 | cap2udp: 0 | kr2udp: 0 | 
2026-05-03 18:39:22,234 - INFO     - img2od: 0 | od2fr: 0 | od2lpr: 0 | od2cap: 0 | fr2kr: 0 | lpr2kr: 299 | cap2udp: 0 | kr2udp: 1 | 
2026-05-03 18:39:23,235 - INFO     - img2od: 0 | od2fr: 0 | od2lpr: 0 | od2cap: 0 | fr2kr: 0 | lpr2kr: 295 | cap2udp: 0 | kr2udp: 1 | 
2026-05-03 18:39:24,236 - INFO     - img2od: 0 | od2fr: 0 | od2lpr: 0 | od2cap: 0 | fr2kr: 0 | lpr2kr: 291 | cap2udp: 0 | kr2udp: 1 | 
2026-05-03 18:39:25,237 - INFO     - img2od: 0 | od2fr: 0 | od2lpr: 0 | od2cap: 0 | fr2kr: 0 | lpr2kr: 287 | cap2udp: 0 | kr2udp: 1 | 
2026-05-03 18:39:26,239 - INFO     - img2od: 0 | od2fr: 0 | od2lpr: 0 | od2cap: 0 | fr2kr: 0 | lpr2kr: 284 | cap2udp: 0 | kr2udp: 1 | 
2026-05-03 18:39:27,240 - INFO     - img2od: 0 | od2fr: 0 | od2lpr: 0 | od2cap: 0 | fr2kr: 0 | lpr2kr: 280 | cap2udp: 0 | kr2udp: 1 | 
2026-05-03 18:39:28,241 - INFO     - img2od: 0 | od2fr: 0 | od2lpr: 0 | od2cap: 0 | fr2kr: 0 | lpr2kr: 276 | cap2udp: 0 | kr2udp: 1 | 
2026-05-03 18:39:29,242 - INFO     - img2od: 0 | od2fr: 0 | od2lpr: 0 | od2cap: 0 | fr2kr: 0 | lpr2kr: 272 | cap2udp: 0 | kr2udp: 1 | 
2026-05-03 18:39:30,243 - INFO     - img2od: 0 | od2fr: 0 | od2lpr: 0 | od2cap: 0 | fr2kr: 0 | lpr2kr: 268 | cap2udp: 0 | kr2udp: 1 | 
2026-05-03 18:39:31,244 - INFO     - img2od: 0 | od2fr: 0 | od2lpr: 0 | od2cap: 0 | fr2kr: 0 | lpr2kr: 264 | cap2udp: 0 | kr2udp: 1 | 
2026-05-03 18:39:32,246 - INFO     - img2od: 0 | od2fr: 0 | od2lpr: 0 | od2cap: 0 | fr2kr: 0 | lpr2kr: 260 | cap2udp: 0 | kr2udp: 1 | 
2026-05-03 18:39:33,247 - INFO     - img2od: 0 | od2fr: 0 | od2lpr: 0 | od2cap: 0 | fr2kr: 0 | lpr2kr: 256 | cap2udp: 0 | kr2udp: 1 | 
2026-05-03 18:39:34,248 - INFO     - img2od: 0 | od2fr: 0 | od2lpr: 0 | od2cap: 0 | fr2kr: 0 | lpr2kr: 252 | cap2udp: 0 | kr2udp: 1 | 
2026-05-03 18:39:35,249 - INFO     - img2od: 0 | od2fr: 0 | od2lpr: 0 | od2cap: 0 | fr2kr: 0 | lpr2kr: 248 | cap2udp: 0 | kr2udp: 1 | 
2026-05-03 18:39:36,251 - INFO     - img2od: 0 | od2fr: 0 | od2lpr: 0 | od2cap: 0 | fr2kr: 0 | lpr2kr: 244 | cap2udp: 0 | kr2udp: 1 | 
2026-05-03 18:39:37,252 - INFO     - img2od: 0 | od2fr: 0 | od2lpr: 0 | od2cap: 0 | fr2kr: 0 | lpr2kr: 240 | cap2udp: 0 | kr2udp: 1 | 
2026-05-03 18:39:38,253 - INFO     - img2od: 0 | od2fr: 0 | od2lpr: 0 | od2cap: 0 | fr2kr: 0 | lpr2kr: 236 | cap2udp: 0 | kr2udp: 1 | 
2026-05-03 18:39:39,254 - INFO     - img2od: 0 | od2fr: 0 | od2lpr: 0 | od2cap: 0 | fr2kr: 0 | lpr2kr: 232 | cap2udp: 0 | kr2udp: 1 | 
2026-05-03 18:39:40,256 - INFO     - img2od: 0 | od2fr: 0 | od2lpr: 0 | od2cap: 0 | fr2kr: 0 | lpr2kr: 228 | cap2udp: 0 | kr2udp: 1 | 
2026-05-03 18:39:41,257 - INFO     - img2od: 0 | od2fr: 0 | od2lpr: 0 | od2cap: 0 | fr2kr: 0 | lpr2kr: 224 | cap2udp: 0 | kr2udp: 1 | 
2026-05-03 18:39:42,258 - INFO     - img2od: 0 | od2fr: 0 | od2lpr: 0 | od2cap: 0 | fr2kr: 0 | lpr2kr: 220 | cap2udp: 0 | kr2udp: 1 | 
2026-05-03 18:39:43,259 - INFO     - img2od: 0 | od2fr: 0 | od2lpr: 0 | od2cap: 0 | fr2kr: 0 | lpr2kr: 216 | cap2udp: 0 | kr2udp: 1 | 
2026-05-03 18:39:44,261 - INFO     - img2od: 0 | od2fr: 0 | od2lpr: 0 | od2cap: 0 | fr2kr: 0 | lpr2kr: 212 | cap2udp: 0 | kr2udp: 1 | 
2026-05-03 18:39:45,262 - INFO     - img2od: 0 | od2fr: 0 | od2lpr: 0 | od2cap: 0 | fr2kr: 0 | lpr2kr: 208 | cap2udp: 0 | kr2udp: 1 | 
2026-05-03 18:39:46,263 - INFO     - img2od: 0 | od2fr: 0 | od2lpr: 0 | od2cap: 0 | fr2kr: 0 | lpr2kr: 204 | cap2udp: 0 | kr2udp: 1 | 
2026-05-03 18:39:47,264 - INFO     - img2od: 0 | od2fr: 0 | od2lpr: 0 | od2cap: 0 | fr2kr: 0 | lpr2kr: 200 | cap2udp: 0 | kr2udp: 1 | 
2026-05-03 18:39:48,266 - INFO     - img2od: 0 | od2fr: 0 | od2lpr: 0 | od2cap: 0 | fr2kr: 0 | lpr2kr: 196 | cap2udp: 0 | kr2udp: 1 | 
2026-05-03 18:39:49,267 - INFO     - img2od: 0 | od2fr: 0 | od2lpr: 0 | od2cap: 0 | fr2kr: 0 | lpr2kr: 192 | cap2udp: 0 | kr2udp: 1 | 
2026-05-03 18:39:50,268 - INFO     - img2od: 0 | od2fr: 0 | od2lpr: 0 | od2cap: 0 | fr2kr: 0 | lpr2kr: 188 | cap2udp: 0 | kr2udp: 1 | 
2026-05-03 18:39:51,269 - INFO     - img2od: 0 | od2fr: 0 | od2lpr: 0 | od2cap: 0 | fr2kr: 0 | lpr2kr: 184 | cap2udp: 0 | kr2udp: 1 | 
2026-05-03 18:39:52,270 - INFO     - img2od: 0 | od2fr: 0 | od2lpr: 0 | od2cap: 0 | fr2kr: 0 | lpr2kr: 180 | cap2udp: 0 | kr2udp: 1 | 
2026-05-03 18:39:53,272 - INFO     - img2od: 0 | od2fr: 0 | od2lpr: 0 | od2cap: 0 | fr2kr: 0 | lpr2kr: 176 | cap2udp: 0 | kr2udp: 1 | 
2026-05-03 18:39:54,273 - INFO     - img2od: 0 | od2fr: 0 | od2lpr: 0 | od2cap: 0 | fr2kr: 0 | lpr2kr: 172 | cap2udp: 0 | kr2udp: 1 | 
2026-05-03 18:39:55,274 - INFO     - img2od: 0 | od2fr: 0 | od2lpr: 0 | od2cap: 0 | fr2kr: 0 | lpr2kr: 168 | cap2udp: 0 | kr2udp: 1 | 
2026-05-03 18:39:56,275 - INFO     - img2od: 0 | od2fr: 0 | od2lpr: 0 | od2cap: 0 | fr2kr: 0 | lpr2kr: 164 | cap2udp: 0 | kr2udp: 1 | 
2026-05-03 18:39:57,276 - INFO     - img2od: 0 | od2fr: 0 | od2lpr: 0 | od2cap: 0 | fr2kr: 0 | lpr2kr: 160 | cap2udp: 0 | kr2udp: 1 | 
2026-05-03 18:39:58,277 - INFO     - img2od: 0 | od2fr: 0 | od2lpr: 0 | od2cap: 0 | fr2kr: 0 | lpr2kr: 156 | cap2udp: 0 | kr2udp: 1 | 
2026-05-03 18:39:59,279 - INFO     - img2od: 0 | od2fr: 0 | od2lpr: 0 | od2cap: 0 | fr2kr: 0 | lpr2kr: 152 | cap2udp: 0 | kr2udp: 1 | 
2026-05-03 18:40:00,280 - INFO     - img2od: 0 | od2fr: 0 | od2lpr: 0 | od2cap: 0 | fr2kr: 0 | lpr2kr: 148 | cap2udp: 0 | kr2udp: 1 | 
2026-05-03 18:40:01,281 - INFO     - img2od: 0 | od2fr: 0 | od2lpr: 0 | od2cap: 0 | fr2kr: 0 | lpr2kr: 144 | cap2udp: 0 | kr2udp: 1 | 
2026-05-03 18:40:02,282 - INFO     - img2od: 0 | od2fr: 0 | od2lpr: 0 | od2cap: 0 | fr2kr: 0 | lpr2kr: 140 | cap2udp: 0 | kr2udp: 1 | 
2026-05-03 18:40:03,284 - INFO     - img2od: 0 | od2fr: 0 | od2lpr: 0 | od2cap: 0 | fr2kr: 0 | lpr2kr: 136 | cap2udp: 0 | kr2udp: 1 | 
2026-05-03 18:40:04,285 - INFO     - img2od: 0 | od2fr: 0 | od2lpr: 0 | od2cap: 0 | fr2kr: 0 | lpr2kr: 132 | cap2udp: 0 | kr2udp: 0 | 
2026-05-03 18:40:05,286 - INFO     - img2od: 0 | od2fr: 0 | od2lpr: 0 | od2cap: 0 | fr2kr: 0 | lpr2kr: 128 | cap2udp: 0 | kr2udp: 0 | 
2026-05-03 18:40:06,287 - INFO     - img2od: 0 | od2fr: 0 | od2lpr: 0 | od2cap: 0 | fr2kr: 0 | lpr2kr: 124 | cap2udp: 0 | kr2udp: 0 | 
2026-05-03 18:40:07,289 - INFO     - img2od: 0 | od2fr: 0 | od2lpr: 0 | od2cap: 0 | fr2kr: 0 | lpr2kr: 120 | cap2udp: 0 | kr2udp: 0 | 
2026-05-03 18:40:08,290 - INFO     - img2od: 0 | od2fr: 0 | od2lpr: 0 | od2cap: 0 | fr2kr: 0 | lpr2kr: 116 | cap2udp: 0 | kr2udp: 1 | 
2026-05-03 18:40:09,291 - INFO     - img2od: 0 | od2fr: 0 | od2lpr: 0 | od2cap: 0 | fr2kr: 0 | lpr2kr: 112 | cap2udp: 0 | kr2udp: 1 | 
2026-05-03 18:40:10,292 - INFO     - img2od: 0 | od2fr: 0 | od2lpr: 0 | od2cap: 0 | fr2kr: 0 | lpr2kr: 108 | cap2udp: 0 | kr2udp: 1 | 
2026-05-03 18:40:11,294 - INFO     - img2od: 0 | od2fr: 0 | od2lpr: 0 | od2cap: 0 | fr2kr: 0 | lpr2kr: 104 | cap2udp: 0 | kr2udp: 1 | 
2026-05-03 18:40:12,295 - INFO     - img2od: 0 | od2fr: 0 | od2lpr: 0 | od2cap: 0 | fr2kr: 0 | lpr2kr: 101 | cap2udp: 0 | kr2udp: 1 | 
2026-05-03 18:40:13,296 - INFO     - img2od: 0 | od2fr: 0 | od2lpr: 0 | od2cap: 0 | fr2kr: 0 | lpr2kr: 97 | cap2udp: 0 | kr2udp: 1 | 
2026-05-03 18:40:14,297 - INFO     - img2od: 0 | od2fr: 0 | od2lpr: 0 | od2cap: 0 | fr2kr: 0 | lpr2kr: 93 | cap2udp: 0 | kr2udp: 1 | 
2026-05-03 18:40:15,299 - INFO     - img2od: 0 | od2fr: 0 | od2lpr: 0 | od2cap: 0 | fr2kr: 0 | lpr2kr: 89 | cap2udp: 0 | kr2udp: 1 | 
2026-05-03 18:40:16,300 - INFO     - img2od: 0 | od2fr: 0 | od2lpr: 0 | od2cap: 0 | fr2kr: 0 | lpr2kr: 85 | cap2udp: 0 | kr2udp: 1 | 
2026-05-03 18:40:17,301 - INFO     - img2od: 0 | od2fr: 0 | od2lpr: 0 | od2cap: 0 | fr2kr: 0 | lpr2kr: 81 | cap2udp: 0 | kr2udp: 1 | 
2026-05-03 18:40:18,302 - INFO     - img2od: 0 | od2fr: 0 | od2lpr: 0 | od2cap: 0 | fr2kr: 0 | lpr2kr: 77 | cap2udp: 0 | kr2udp: 1 | 
2026-05-03 18:40:19,304 - INFO     - img2od: 0 | od2fr: 0 | od2lpr: 0 | od2cap: 0 | fr2kr: 0 | lpr2kr: 73 | cap2udp: 0 | kr2udp: 1 | 
2026-05-03 18:40:20,305 - INFO     - img2od: 0 | od2fr: 0 | od2lpr: 0 | od2cap: 0 | fr2kr: 0 | lpr2kr: 69 | cap2udp: 0 | kr2udp: 0 | 
2026-05-03 18:40:21,306 - INFO     - img2od: 0 | od2fr: 0 | od2lpr: 0 | od2cap: 0 | fr2kr: 0 | lpr2kr: 65 | cap2udp: 0 | kr2udp: 0 | 
2026-05-03 18:40:22,307 - INFO     - img2od: 0 | od2fr: 0 | od2lpr: 0 | od2cap: 0 | fr2kr: 0 | lpr2kr: 61 | cap2udp: 0 | kr2udp: 0 | 
2026-05-03 18:40:23,309 - INFO     - img2od: 0 | od2fr: 0 | od2lpr: 0 | od2cap: 0 | fr2kr: 0 | lpr2kr: 57 | cap2udp: 0 | kr2udp: 0 | 
2026-05-03 18:40:24,310 - INFO     - img2od: 0 | od2fr: 0 | od2lpr: 0 | od2cap: 0 | fr2kr: 0 | lpr2kr: 53 | cap2udp: 0 | kr2udp: 1 | 
2026-05-03 18:40:25,311 - INFO     - img2od: 0 | od2fr: 0 | od2lpr: 0 | od2cap: 0 | fr2kr: 0 | lpr2kr: 49 | cap2udp: 0 | kr2udp: 0 | 
2026-05-03 18:40:26,312 - INFO     - img2od: 0 | od2fr: 0 | od2lpr: 0 | od2cap: 0 | fr2kr: 0 | lpr2kr: 45 | cap2udp: 0 | kr2udp: 0 | 
2026-05-03 18:40:27,313 - INFO     - img2od: 0 | od2fr: 0 | od2lpr: 0 | od2cap: 0 | fr2kr: 0 | lpr2kr: 41 | cap2udp: 0 | kr2udp: 1 | 
2026-05-03 18:40:28,314 - INFO     - img2od: 0 | od2fr: 0 | od2lpr: 0 | od2cap: 0 | fr2kr: 0 | lpr2kr: 37 | cap2udp: 0 | kr2udp: 1 | 
2026-05-03 18:40:29,315 - INFO     - img2od: 0 | od2fr: 0 | od2lpr: 0 | od2cap: 0 | fr2kr: 0 | lpr2kr: 33 | cap2udp: 0 | kr2udp: 1 | 
2026-05-03 18:40:30,317 - INFO     - img2od: 0 | od2fr: 0 | od2lpr: 0 | od2cap: 0 | fr2kr: 0 | lpr2kr: 29 | cap2udp: 0 | kr2udp: 1 | 
2026-05-03 18:40:31,318 - INFO     - img2od: 0 | od2fr: 0 | od2lpr: 0 | od2cap: 0 | fr2kr: 0 | lpr2kr: 25 | cap2udp: 0 | kr2udp: 1 | 
2026-05-03 18:40:32,319 - INFO     - img2od: 0 | od2fr: 0 | od2lpr: 0 | od2cap: 0 | fr2kr: 0 | lpr2kr: 21 | cap2udp: 0 | kr2udp: 1 | 
2026-05-03 18:40:33,320 - INFO     - img2od: 0 | od2fr: 0 | od2lpr: 0 | od2cap: 0 | fr2kr: 0 | lpr2kr: 17 | cap2udp: 0 | kr2udp: 1 | 
2026-05-03 18:40:34,321 - INFO     - img2od: 0 | od2fr: 0 | od2lpr: 0 | od2cap: 0 | fr2kr: 0 | lpr2kr: 13 | cap2udp: 0 | kr2udp: 1 | 
2026-05-03 18:40:35,322 - INFO     - img2od: 0 | od2fr: 0 | od2lpr: 0 | od2cap: 0 | fr2kr: 0 | lpr2kr: 9 | cap2udp: 0 | kr2udp: 1 | 
2026-05-03 18:40:36,324 - INFO     - img2od: 0 | od2fr: 0 | od2lpr: 0 | od2cap: 0 | fr2kr: 0 | lpr2kr: 5 | cap2udp: 0 | kr2udp: 1 | 
2026-05-03 18:40:37,325 - INFO     - img2od: 0 | od2fr: 0 | od2lpr: 0 | od2cap: 0 | fr2kr: 0 | lpr2kr: 1 | cap2udp: 0 | kr2udp: 1 | 
2026-05-03 18:40:37,373 - INFO     - krStream     : Received end signal from LPR
2026-05-03 18:40:37,499 - INFO     - krStream     : Received BOTH END signal, shutting down
2026-05-03 18:40:37,613 - INFO     - udpStream    : Received end signal from KR
2026-05-03 18:40:37,652 - INFO     - krStream     : shutdown successful
2026-05-03 18:40:37,742 - INFO     - udpStream    : Received BOTH END signal, shutting down
2026-05-03 18:40:38,133 - INFO     - udpStream    : shutdown successful
2026-05-03 18:40:38,326 - INFO     - img2od: 0 | od2fr: 0 | od2lpr: 0 | od2cap: 0 | fr2kr: 0 | lpr2kr: 0 | cap2udp: 0 | kr2udp: 0 | 
2026-05-03 18:40:39,327 - INFO     - img2od: 0 | od2fr: 0 | od2lpr: 0 | od2cap: 0 | fr2kr: 0 | lpr2kr: 0 | cap2udp: 0 | kr2udp: 0 | 
2026-05-03 18:40:40,328 - INFO     - img2od: 0 | od2fr: 0 | od2lpr: 0 | od2cap: 0 | fr2kr: 0 | lpr2kr: 0 | cap2udp: 0 | kr2udp: 0 | 
2026-05-03 18:40:41,329 - INFO     - img2od: 0 | od2fr: 0 | od2lpr: 0 | od2cap: 0 | fr2kr: 0 | lpr2kr: 0 | cap2udp: 0 | kr2udp: 0 | 
2026-05-03 18:40:42,331 - INFO     - img2od: 0 | od2fr: 0 | od2lpr: 0 | od2cap: 0 | fr2kr: 0 | lpr2kr: 0 | cap2udp: 0 | kr2udp: 0 | 
2026-05-03 18:40:43,332 - INFO     - img2od: 0 | od2fr: 0 | od2lpr: 0 | od2cap: 0 | fr2kr: 0 | lpr2kr: 0 | cap2udp: 0 | kr2udp: 0 | 
2026-05-03 18:40:44,333 - INFO     - All queues empty, job done
2026-05-03 18:40:44,341 - INFO     - Queue logs written to ./profile_exp/mix/r0.10/def_gaussian/seed1/QUEUEWATCH.json
2026-05-03 18:40:45,019 - INFO     - Reach FINALLY block in MAIN process
2026-05-03 18:40:45,019 - INFO     - Starting cleanup of 7 processes.
2026-05-03 18:40:45,019 - INFO     - Draining and closing 8 queues.
2026-05-03 18:40:45,019 - INFO     - Starting cleanup for queue 0, queue size: 0.
2026-05-03 18:40:45,019 - INFO     - Starting cleanup for queue 1, queue size: 0.
2026-05-03 18:40:45,019 - INFO     - Starting cleanup for queue 2, queue size: 0.
2026-05-03 18:40:45,019 - INFO     - Starting cleanup for queue 3, queue size: 0.
2026-05-03 18:40:45,019 - INFO     - Starting cleanup for queue 4, queue size: 0.
2026-05-03 18:40:45,019 - INFO     - Starting cleanup for queue 5, queue size: 0.
2026-05-03 18:40:45,019 - INFO     - Starting cleanup for queue 6, queue size: 0.
2026-05-03 18:40:45,019 - INFO     - Starting cleanup for queue 7, queue size: 0.
2026-05-03 18:40:45,019 - INFO     - Cleanup complete.
2026-05-03 18:40:45,019 - INFO     - Cleaned up resources in MAIN process
2026-05-03 18:40:45,020 - INFO     - Summary written to ./profile_exp/mix/r0.10/def_gaussian/seed1/SUMMARY.json

======================================================================
PROFILING SUMMARY
======================================================================
  Total wall time:    777.99s
  Images processed:   100
  Throughput:         0.1285 img/s
  Avg E2E latency:    97.6846s
  Min E2E latency:    0.0217s
  Max E2E latency:    646.6271s

  Component          Count  Dropped     FLOPs/call    Total FLOPs
  --------------- -------- -------- -------------- --------------
  odStream             100        0   153844849936 15384484993600
  frStream             468        0     2837404864  1327905476352
  lprStream           2624        0     6730161280 17659943198720
  capStream             44        0   435542443635 19163867519940
  krStream            3092        0            n/a            n/a
  udpStream           3136        0            n/a            n/a

  Total FLOPs:        53536201188612
======================================================================
