2026-05-03 16:59:14,399 - INFO     - imgStream    : internal profiling set to False
2026-05-03 16:59:14,399 - INFO     - odStream     : internal profiling set to False
2026-05-03 16:59:14,399 - INFO     - frStream     : internal profiling set to False
2026-05-03 16:59:14,399 - INFO     - lprStream    : internal profiling set to False
2026-05-03 16:59:14,399 - INFO     - capStream    : internal profiling set to False
2026-05-03 16:59:14,399 - INFO     - krStream     : internal profiling set to False
2026-05-03 16:59:14,399 - INFO     - udpStream    : internal profiling set to False


================================================================================
|                                                                              |
|                     Running: Traffic Monitoring Pipeline                     |
|                                                                              |
|                         Algorithm: None, Model ID: 0                         |
|                                                                              |
|                             Target Indices: none                             |
|                                                                              |
|                             2026-05-03 16:59:14                              |
|                                                                              |
================================================================================


Number of CUDA devices: 1
2026-05-03 16:59:17,254 - INFO     - img2od: 0 | od2fr: 0 | od2lpr: 0 | od2cap: 0 | fr2kr: 0 | lpr2kr: 0 | cap2udp: 0 | kr2udp: 0 | 
2026-05-03 16:59:17,384 - INFO     - imgStream    : mix mode ratio=0.05 seed=2 -> 95 clean / 5 attack
2026-05-03 16:59:17,384 - INFO     - imgStream    : started
/home/lxt230026/.conda/envs/dyndl/lib/python3.10/site-packages/facenet_pytorch/models/inception_resnet_v1.py:329: FutureWarning: You are using `torch.load` with `weights_only=False` (the current default value), which uses the default pickle module implicitly. It is possible to construct malicious pickle data which will execute arbitrary code during unpickling (See https://github.com/pytorch/pytorch/blob/main/SECURITY.md#untrusted-models for more details). In a future release, the default value for `weights_only` will be flipped to `True`. This limits the functions that could be executed during unpickling. Arbitrary objects will no longer be allowed to be loaded via this mode unless they are explicitly allowlisted by the user via `torch.serialization.add_safe_globals`. We recommend you start setting `weights_only=True` for any use case where you don't have full control of the loaded file. Please open an issue on GitHub for any issues related to this experimental feature.
  state_dict = torch.load(cached_file)
2026-05-03 16:59:18,061 - INFO     - frStream     : FR model loaded, model_id = vggface2
2026-05-03 16:59:18,061 - INFO     - frStream     : started
2026-05-03 16:59:18,123 - INFO     - krStream     : face embeddings loaded, found 1000 embeddings
2026-05-03 16:59:18,123 - INFO     - krStream     : started
2026-05-03 16:59:18,255 - INFO     - img2od: 5 | od2fr: 0 | od2lpr: 0 | od2cap: 0 | fr2kr: 0 | lpr2kr: 0 | cap2udp: 0 | kr2udp: 0 | 
2026-05-03 16:59:18,351 - INFO     - odStream     : OD model loaded, model_id = 0
2026-05-03 16:59:18,352 - INFO     - odStream     : started
/home/lxt230026/EfficiencyAttack/traffic/cmpnt/c4_lpr.py:145: FutureWarning: You are using `torch.load` with `weights_only=False` (the current default value), which uses the default pickle module implicitly. It is possible to construct malicious pickle data which will execute arbitrary code during unpickling (See https://github.com/pytorch/pytorch/blob/main/SECURITY.md#untrusted-models for more details). In a future release, the default value for `weights_only` will be flipped to `True`. This limits the functions that could be executed during unpickling. Arbitrary objects will no longer be allowed to be loaded via this mode unless they are explicitly allowlisted by the user via `torch.serialization.add_safe_globals`. We recommend you start setting `weights_only=True` for any use case where you don't have full control of the loaded file. Please open an issue on GitHub for any issues related to this experimental feature.
  self.checkpoint = torch.load(self.model_id, map_location='cpu')
2026-05-03 16:59:18,871 - INFO     - Using custom providers: ['CPUExecutionProvider']
2026-05-03 16:59:18,871 - INFO     - Skipping download of 'argentinian-plates-cnn-model' model, already exists at /home/lxt230026/.cache/fast-plate-ocr/argentinian-plates-cnn-model
2026-05-03 16:59:18,885 - INFO     - lprStream    : LPR model loaded, model_id = model_v2.pth
2026-05-03 16:59:18,885 - INFO     - lprStream    : started
2026-05-03 16:59:18,951 - INFO     - udpStream    : LM model loaded, model_id = gpt2
2026-05-03 16:59:18,951 - INFO     - udpStream    : started
2026-05-03 16:59:19,210 - INFO     - capStream    : CAP model loaded, model_id = microsoft/git-base
2026-05-03 16:59:19,210 - INFO     - capStream    : started
2026-05-03 16:59:19,256 - INFO     - img2od: 10 | od2fr: 0 | od2lpr: 0 | od2cap: 0 | fr2kr: 0 | lpr2kr: 0 | cap2udp: 0 | kr2udp: 0 | 
2026-05-03 16:59:20,257 - INFO     - img2od: 11 | od2fr: 62 | od2lpr: 0 | od2cap: 1 | fr2kr: 1 | lpr2kr: 0 | cap2udp: 0 | kr2udp: 0 | 
2026-05-03 16:59:21,258 - INFO     - img2od: 12 | od2fr: 61 | od2lpr: 0 | od2cap: 3 | fr2kr: 4 | lpr2kr: 0 | cap2udp: 0 | kr2udp: 0 | 
2026-05-03 16:59:22,259 - INFO     - img2od: 14 | od2fr: 80 | od2lpr: 12 | od2cap: 1 | fr2kr: 8 | lpr2kr: 0 | cap2udp: 0 | kr2udp: 0 | 
2026-05-03 16:59:23,260 - INFO     - img2od: 15 | od2fr: 128 | od2lpr: 6 | od2cap: 0 | fr2kr: 11 | lpr2kr: 17 | cap2udp: 0 | kr2udp: 1 | 
2026-05-03 16:59:24,261 - INFO     - img2od: 15 | od2fr: 130 | od2lpr: 2 | od2cap: 1 | fr2kr: 14 | lpr2kr: 25 | cap2udp: 0 | kr2udp: 1 | 
2026-05-03 16:59:25,262 - INFO     - img2od: 17 | od2fr: 131 | od2lpr: 888 | od2cap: 0 | fr2kr: 18 | lpr2kr: 57 | cap2udp: 0 | kr2udp: 1 | 
2026-05-03 16:59:26,263 - INFO     - img2od: 17 | od2fr: 137 | od2lpr: 828 | od2cap: 0 | fr2kr: 22 | lpr2kr: 115 | cap2udp: 0 | kr2udp: 1 | 
2026-05-03 16:59:27,264 - INFO     - img2od: 19 | od2fr: 141 | od2lpr: 1000 | od2cap: 0 | fr2kr: 24 | lpr2kr: 183 | cap2udp: 0 | kr2udp: 0 | 
2026-05-03 16:59:28,265 - INFO     - img2od: 25 | od2fr: 135 | od2lpr: 999 | od2cap: 0 | fr2kr: 29 | lpr2kr: 264 | cap2udp: 0 | kr2udp: 1 | 
2026-05-03 16:59:29,266 - INFO     - img2od: 30 | od2fr: 129 | od2lpr: 999 | od2cap: 0 | fr2kr: 32 | lpr2kr: 355 | cap2udp: 0 | kr2udp: 1 | 
2026-05-03 16:59:30,268 - INFO     - img2od: 36 | od2fr: 123 | od2lpr: 1000 | od2cap: 0 | fr2kr: 34 | lpr2kr: 447 | cap2udp: 0 | kr2udp: 1 | 
2026-05-03 16:59:31,269 - INFO     - img2od: 42 | od2fr: 117 | od2lpr: 999 | od2cap: 0 | fr2kr: 38 | lpr2kr: 539 | cap2udp: 0 | kr2udp: 1 | 
2026-05-03 16:59:32,270 - INFO     - img2od: 48 | od2fr: 111 | od2lpr: 1000 | od2cap: 0 | fr2kr: 41 | lpr2kr: 635 | cap2udp: 0 | kr2udp: 1 | 
2026-05-03 16:59:33,271 - INFO     - img2od: 53 | od2fr: 105 | od2lpr: 1000 | od2cap: 0 | fr2kr: 45 | lpr2kr: 723 | cap2udp: 0 | kr2udp: 1 | 
2026-05-03 16:59:34,272 - INFO     - img2od: 59 | od2fr: 99 | od2lpr: 999 | od2cap: 0 | fr2kr: 48 | lpr2kr: 815 | cap2udp: 0 | kr2udp: 1 | 
2026-05-03 16:59:34,706 - INFO     - imgStream    : completed, sending END signal
2026-05-03 16:59:34,706 - INFO     - imgStream    : shutdown
2026-05-03 16:59:34,877 - INFO     - imgStream    : shutdown successful
2026-05-03 16:59:35,273 - INFO     - img2od: 57 | od2fr: 106 | od2lpr: 960 | od2cap: 0 | fr2kr: 51 | lpr2kr: 853 | cap2udp: 1 | kr2udp: 1 | 
2026-05-03 16:59:36,274 - INFO     - img2od: 53 | od2fr: 116 | od2lpr: 914 | od2cap: 1 | fr2kr: 55 | lpr2kr: 898 | cap2udp: 0 | kr2udp: 1 | 
2026-05-03 16:59:37,276 - INFO     - img2od: 52 | od2fr: 110 | od2lpr: 999 | od2cap: 0 | fr2kr: 58 | lpr2kr: 940 | cap2udp: 0 | kr2udp: 0 | 
2026-05-03 16:59:38,277 - INFO     - img2od: 52 | od2fr: 103 | od2lpr: 1000 | od2cap: 0 | fr2kr: 61 | lpr2kr: 1000 | cap2udp: 0 | kr2udp: 1 | 
2026-05-03 16:59:39,278 - INFO     - img2od: 52 | od2fr: 97 | od2lpr: 1000 | od2cap: 0 | fr2kr: 65 | lpr2kr: 1000 | cap2udp: 0 | kr2udp: 1 | 
2026-05-03 16:59:40,279 - INFO     - img2od: 52 | od2fr: 91 | od2lpr: 1000 | od2cap: 0 | fr2kr: 69 | lpr2kr: 1000 | cap2udp: 0 | kr2udp: 1 | 
2026-05-03 16:59:41,280 - INFO     - img2od: 52 | od2fr: 84 | od2lpr: 1000 | od2cap: 0 | fr2kr: 73 | lpr2kr: 1000 | cap2udp: 0 | kr2udp: 1 | 
2026-05-03 16:59:42,281 - INFO     - img2od: 52 | od2fr: 78 | od2lpr: 1000 | od2cap: 0 | fr2kr: 77 | lpr2kr: 1000 | cap2udp: 0 | kr2udp: 1 | 
2026-05-03 16:59:43,282 - INFO     - img2od: 52 | od2fr: 71 | od2lpr: 1000 | od2cap: 0 | fr2kr: 81 | lpr2kr: 1000 | cap2udp: 0 | kr2udp: 1 | 
2026-05-03 16:59:44,283 - INFO     - img2od: 52 | od2fr: 65 | od2lpr: 1000 | od2cap: 0 | fr2kr: 84 | lpr2kr: 1000 | cap2udp: 0 | kr2udp: 1 | 
2026-05-03 16:59:45,284 - INFO     - img2od: 52 | od2fr: 58 | od2lpr: 1000 | od2cap: 0 | fr2kr: 89 | lpr2kr: 1000 | cap2udp: 0 | kr2udp: 1 | 
2026-05-03 16:59:46,286 - INFO     - img2od: 52 | od2fr: 52 | od2lpr: 1000 | od2cap: 0 | fr2kr: 92 | lpr2kr: 1000 | cap2udp: 0 | kr2udp: 0 | 
2026-05-03 16:59:47,287 - INFO     - img2od: 52 | od2fr: 46 | od2lpr: 1000 | od2cap: 0 | fr2kr: 96 | lpr2kr: 1000 | cap2udp: 0 | kr2udp: 0 | 
2026-05-03 16:59:48,288 - INFO     - img2od: 52 | od2fr: 39 | od2lpr: 1000 | od2cap: 0 | fr2kr: 100 | lpr2kr: 1000 | cap2udp: 0 | kr2udp: 1 | 
2026-05-03 16:59:49,289 - INFO     - img2od: 52 | od2fr: 33 | od2lpr: 1000 | od2cap: 0 | fr2kr: 104 | lpr2kr: 1000 | cap2udp: 0 | kr2udp: 1 | 
2026-05-03 16:59:50,291 - INFO     - img2od: 52 | od2fr: 26 | od2lpr: 1000 | od2cap: 0 | fr2kr: 108 | lpr2kr: 1000 | cap2udp: 0 | kr2udp: 0 | 
2026-05-03 16:59:51,292 - INFO     - img2od: 52 | od2fr: 20 | od2lpr: 1000 | od2cap: 0 | fr2kr: 112 | lpr2kr: 1000 | cap2udp: 0 | kr2udp: 1 | 
2026-05-03 16:59:52,293 - INFO     - img2od: 52 | od2fr: 13 | od2lpr: 1000 | od2cap: 0 | fr2kr: 116 | lpr2kr: 1000 | cap2udp: 0 | kr2udp: 0 | 
2026-05-03 16:59:53,294 - INFO     - img2od: 52 | od2fr: 7 | od2lpr: 1000 | od2cap: 0 | fr2kr: 120 | lpr2kr: 1000 | cap2udp: 0 | kr2udp: 1 | 
2026-05-03 16:59:54,295 - INFO     - img2od: 52 | od2fr: 0 | od2lpr: 1000 | od2cap: 0 | fr2kr: 124 | lpr2kr: 1000 | cap2udp: 0 | kr2udp: 1 | 
2026-05-03 16:59:55,296 - INFO     - img2od: 52 | od2fr: 0 | od2lpr: 1000 | od2cap: 0 | fr2kr: 121 | lpr2kr: 1000 | cap2udp: 0 | kr2udp: 0 | 
2026-05-03 16:59:56,297 - INFO     - img2od: 52 | od2fr: 0 | od2lpr: 1000 | od2cap: 0 | fr2kr: 119 | lpr2kr: 1000 | cap2udp: 0 | kr2udp: 1 | 
2026-05-03 16:59:57,298 - INFO     - img2od: 52 | od2fr: 0 | od2lpr: 1000 | od2cap: 0 | fr2kr: 116 | lpr2kr: 1000 | cap2udp: 0 | kr2udp: 1 | 
2026-05-03 16:59:58,299 - INFO     - img2od: 52 | od2fr: 0 | od2lpr: 1000 | od2cap: 0 | fr2kr: 114 | lpr2kr: 1000 | cap2udp: 0 | kr2udp: 1 | 
2026-05-03 16:59:59,300 - INFO     - img2od: 52 | od2fr: 0 | od2lpr: 1000 | od2cap: 0 | fr2kr: 111 | lpr2kr: 1000 | cap2udp: 0 | kr2udp: 1 | 
2026-05-03 17:00:00,302 - INFO     - img2od: 52 | od2fr: 0 | od2lpr: 1000 | od2cap: 0 | fr2kr: 108 | lpr2kr: 1000 | cap2udp: 0 | kr2udp: 1 | 
2026-05-03 17:00:01,303 - INFO     - img2od: 52 | od2fr: 0 | od2lpr: 1000 | od2cap: 0 | fr2kr: 106 | lpr2kr: 1000 | cap2udp: 0 | kr2udp: 1 | 
2026-05-03 17:00:02,304 - INFO     - img2od: 52 | od2fr: 0 | od2lpr: 1000 | od2cap: 0 | fr2kr: 103 | lpr2kr: 1000 | cap2udp: 0 | kr2udp: 1 | 
2026-05-03 17:00:03,305 - INFO     - img2od: 52 | od2fr: 0 | od2lpr: 1000 | od2cap: 0 | fr2kr: 101 | lpr2kr: 1000 | cap2udp: 0 | kr2udp: 1 | 
2026-05-03 17:00:04,306 - INFO     - img2od: 52 | od2fr: 0 | od2lpr: 1000 | od2cap: 0 | fr2kr: 98 | lpr2kr: 1000 | cap2udp: 0 | kr2udp: 0 | 
2026-05-03 17:00:05,307 - INFO     - img2od: 52 | od2fr: 0 | od2lpr: 1000 | od2cap: 0 | fr2kr: 95 | lpr2kr: 1000 | cap2udp: 0 | kr2udp: 0 | 
2026-05-03 17:00:06,308 - INFO     - img2od: 52 | od2fr: 0 | od2lpr: 1000 | od2cap: 0 | fr2kr: 93 | lpr2kr: 1000 | cap2udp: 0 | kr2udp: 1 | 
2026-05-03 17:00:07,309 - INFO     - img2od: 52 | od2fr: 0 | od2lpr: 1000 | od2cap: 0 | fr2kr: 90 | lpr2kr: 1000 | cap2udp: 0 | kr2udp: 1 | 
2026-05-03 17:00:08,310 - INFO     - img2od: 52 | od2fr: 0 | od2lpr: 1000 | od2cap: 0 | fr2kr: 87 | lpr2kr: 1000 | cap2udp: 0 | kr2udp: 1 | 
2026-05-03 17:00:09,311 - INFO     - img2od: 52 | od2fr: 0 | od2lpr: 1000 | od2cap: 0 | fr2kr: 85 | lpr2kr: 1000 | cap2udp: 0 | kr2udp: 0 | 
2026-05-03 17:00:10,312 - INFO     - img2od: 52 | od2fr: 0 | od2lpr: 1000 | od2cap: 0 | fr2kr: 82 | lpr2kr: 1000 | cap2udp: 0 | kr2udp: 0 | 
2026-05-03 17:00:11,313 - INFO     - img2od: 52 | od2fr: 0 | od2lpr: 1000 | od2cap: 0 | fr2kr: 80 | lpr2kr: 1000 | cap2udp: 0 | kr2udp: 1 | 
2026-05-03 17:00:12,314 - INFO     - img2od: 52 | od2fr: 0 | od2lpr: 1000 | od2cap: 0 | fr2kr: 77 | lpr2kr: 1000 | cap2udp: 0 | kr2udp: 0 | 
2026-05-03 17:00:13,315 - INFO     - img2od: 52 | od2fr: 0 | od2lpr: 1000 | od2cap: 0 | fr2kr: 74 | lpr2kr: 1000 | cap2udp: 0 | kr2udp: 1 | 
2026-05-03 17:00:14,316 - INFO     - img2od: 52 | od2fr: 0 | od2lpr: 1000 | od2cap: 0 | fr2kr: 72 | lpr2kr: 1000 | cap2udp: 0 | kr2udp: 1 | 
2026-05-03 17:00:15,317 - INFO     - img2od: 52 | od2fr: 0 | od2lpr: 1000 | od2cap: 0 | fr2kr: 69 | lpr2kr: 1000 | cap2udp: 0 | kr2udp: 1 | 
2026-05-03 17:00:16,319 - INFO     - img2od: 52 | od2fr: 0 | od2lpr: 1000 | od2cap: 0 | fr2kr: 67 | lpr2kr: 1000 | cap2udp: 0 | kr2udp: 1 | 
2026-05-03 17:00:17,319 - INFO     - img2od: 52 | od2fr: 0 | od2lpr: 1000 | od2cap: 0 | fr2kr: 64 | lpr2kr: 1000 | cap2udp: 0 | kr2udp: 1 | 
2026-05-03 17:00:18,320 - INFO     - img2od: 52 | od2fr: 0 | od2lpr: 1000 | od2cap: 0 | fr2kr: 61 | lpr2kr: 1000 | cap2udp: 0 | kr2udp: 1 | 
2026-05-03 17:00:19,321 - INFO     - img2od: 52 | od2fr: 0 | od2lpr: 1000 | od2cap: 0 | fr2kr: 59 | lpr2kr: 1000 | cap2udp: 0 | kr2udp: 1 | 
2026-05-03 17:00:20,322 - INFO     - img2od: 52 | od2fr: 0 | od2lpr: 999 | od2cap: 0 | fr2kr: 56 | lpr2kr: 1000 | cap2udp: 0 | kr2udp: 1 | 
2026-05-03 17:00:21,324 - INFO     - img2od: 52 | od2fr: 0 | od2lpr: 1000 | od2cap: 0 | fr2kr: 54 | lpr2kr: 1000 | cap2udp: 0 | kr2udp: 1 | 
2026-05-03 17:00:22,325 - INFO     - img2od: 52 | od2fr: 0 | od2lpr: 1000 | od2cap: 0 | fr2kr: 51 | lpr2kr: 1000 | cap2udp: 0 | kr2udp: 0 | 
2026-05-03 17:00:23,326 - INFO     - img2od: 52 | od2fr: 0 | od2lpr: 1000 | od2cap: 0 | fr2kr: 48 | lpr2kr: 1000 | cap2udp: 0 | kr2udp: 1 | 
2026-05-03 17:00:24,327 - INFO     - img2od: 52 | od2fr: 0 | od2lpr: 1000 | od2cap: 0 | fr2kr: 46 | lpr2kr: 1000 | cap2udp: 0 | kr2udp: 1 | 
2026-05-03 17:00:25,328 - INFO     - img2od: 52 | od2fr: 0 | od2lpr: 1000 | od2cap: 0 | fr2kr: 43 | lpr2kr: 1000 | cap2udp: 0 | kr2udp: 0 | 
2026-05-03 17:00:26,329 - INFO     - img2od: 52 | od2fr: 0 | od2lpr: 1000 | od2cap: 0 | fr2kr: 40 | lpr2kr: 1000 | cap2udp: 0 | kr2udp: 1 | 
2026-05-03 17:00:27,330 - INFO     - img2od: 52 | od2fr: 0 | od2lpr: 1000 | od2cap: 0 | fr2kr: 38 | lpr2kr: 1000 | cap2udp: 0 | kr2udp: 0 | 
2026-05-03 17:00:28,331 - INFO     - img2od: 52 | od2fr: 0 | od2lpr: 1000 | od2cap: 0 | fr2kr: 35 | lpr2kr: 1000 | cap2udp: 0 | kr2udp: 0 | 
2026-05-03 17:00:29,332 - INFO     - img2od: 52 | od2fr: 0 | od2lpr: 1000 | od2cap: 0 | fr2kr: 33 | lpr2kr: 1000 | cap2udp: 0 | kr2udp: 1 | 
2026-05-03 17:00:30,333 - INFO     - img2od: 52 | od2fr: 0 | od2lpr: 1000 | od2cap: 0 | fr2kr: 30 | lpr2kr: 1000 | cap2udp: 0 | kr2udp: 1 | 
2026-05-03 17:00:31,334 - INFO     - img2od: 52 | od2fr: 0 | od2lpr: 1000 | od2cap: 0 | fr2kr: 27 | lpr2kr: 1000 | cap2udp: 0 | kr2udp: 1 | 
2026-05-03 17:00:32,335 - INFO     - img2od: 52 | od2fr: 0 | od2lpr: 1000 | od2cap: 0 | fr2kr: 25 | lpr2kr: 1000 | cap2udp: 0 | kr2udp: 1 | 
2026-05-03 17:00:33,336 - INFO     - img2od: 52 | od2fr: 0 | od2lpr: 999 | od2cap: 0 | fr2kr: 22 | lpr2kr: 1000 | cap2udp: 0 | kr2udp: 1 | 
2026-05-03 17:00:34,337 - INFO     - img2od: 52 | od2fr: 0 | od2lpr: 1000 | od2cap: 0 | fr2kr: 19 | lpr2kr: 1000 | cap2udp: 0 | kr2udp: 1 | 
2026-05-03 17:00:35,338 - INFO     - img2od: 52 | od2fr: 0 | od2lpr: 1000 | od2cap: 0 | fr2kr: 17 | lpr2kr: 1000 | cap2udp: 0 | kr2udp: 0 | 
2026-05-03 17:00:36,339 - INFO     - img2od: 52 | od2fr: 0 | od2lpr: 1000 | od2cap: 0 | fr2kr: 14 | lpr2kr: 1000 | cap2udp: 0 | kr2udp: 0 | 
2026-05-03 17:00:37,340 - INFO     - img2od: 52 | od2fr: 0 | od2lpr: 1000 | od2cap: 0 | fr2kr: 12 | lpr2kr: 1000 | cap2udp: 0 | kr2udp: 1 | 
2026-05-03 17:00:38,341 - INFO     - img2od: 52 | od2fr: 0 | od2lpr: 1000 | od2cap: 0 | fr2kr: 9 | lpr2kr: 1000 | cap2udp: 0 | kr2udp: 0 | 
2026-05-03 17:00:39,342 - INFO     - img2od: 52 | od2fr: 0 | od2lpr: 1000 | od2cap: 0 | fr2kr: 6 | lpr2kr: 1000 | cap2udp: 0 | kr2udp: 0 | 
2026-05-03 17:00:40,343 - INFO     - img2od: 52 | od2fr: 0 | od2lpr: 1000 | od2cap: 0 | fr2kr: 4 | lpr2kr: 1000 | cap2udp: 0 | kr2udp: 1 | 
2026-05-03 17:00:41,344 - INFO     - img2od: 52 | od2fr: 0 | od2lpr: 1000 | od2cap: 0 | fr2kr: 1 | lpr2kr: 1000 | cap2udp: 0 | kr2udp: 0 | 
2026-05-03 17:00:42,346 - INFO     - img2od: 52 | od2fr: 0 | od2lpr: 1000 | od2cap: 0 | fr2kr: 0 | lpr2kr: 1000 | cap2udp: 0 | kr2udp: 1 | 
2026-05-03 17:00:43,346 - INFO     - img2od: 52 | od2fr: 0 | od2lpr: 1000 | od2cap: 0 | fr2kr: 0 | lpr2kr: 1000 | cap2udp: 0 | kr2udp: 1 | 
2026-05-03 17:00:44,347 - INFO     - img2od: 52 | od2fr: 0 | od2lpr: 1000 | od2cap: 0 | fr2kr: 0 | lpr2kr: 1000 | cap2udp: 0 | kr2udp: 1 | 
2026-05-03 17:00:45,348 - INFO     - img2od: 52 | od2fr: 0 | od2lpr: 1000 | od2cap: 0 | fr2kr: 0 | lpr2kr: 1000 | cap2udp: 0 | kr2udp: 1 | 
2026-05-03 17:00:46,349 - INFO     - img2od: 52 | od2fr: 0 | od2lpr: 1000 | od2cap: 0 | fr2kr: 0 | lpr2kr: 1000 | cap2udp: 0 | kr2udp: 1 | 
2026-05-03 17:00:47,350 - INFO     - img2od: 52 | od2fr: 0 | od2lpr: 1000 | od2cap: 0 | fr2kr: 0 | lpr2kr: 1000 | cap2udp: 0 | kr2udp: 1 | 
2026-05-03 17:00:48,351 - INFO     - img2od: 52 | od2fr: 0 | od2lpr: 1000 | od2cap: 0 | fr2kr: 0 | lpr2kr: 1000 | cap2udp: 0 | kr2udp: 1 | 
2026-05-03 17:00:49,352 - INFO     - img2od: 52 | od2fr: 0 | od2lpr: 1000 | od2cap: 0 | fr2kr: 0 | lpr2kr: 1000 | cap2udp: 0 | kr2udp: 1 | 
2026-05-03 17:00:50,353 - INFO     - img2od: 52 | od2fr: 0 | od2lpr: 1000 | od2cap: 0 | fr2kr: 0 | lpr2kr: 1000 | cap2udp: 0 | kr2udp: 1 | 
2026-05-03 17:00:51,354 - INFO     - img2od: 52 | od2fr: 0 | od2lpr: 1000 | od2cap: 0 | fr2kr: 0 | lpr2kr: 1000 | cap2udp: 0 | kr2udp: 1 | 
2026-05-03 17:00:52,355 - INFO     - img2od: 52 | od2fr: 0 | od2lpr: 1000 | od2cap: 0 | fr2kr: 0 | lpr2kr: 1000 | cap2udp: 0 | kr2udp: 0 | 
2026-05-03 17:00:53,356 - INFO     - img2od: 52 | od2fr: 0 | od2lpr: 1000 | od2cap: 0 | fr2kr: 0 | lpr2kr: 1000 | cap2udp: 0 | kr2udp: 0 | 
2026-05-03 17:00:54,357 - INFO     - img2od: 52 | od2fr: 0 | od2lpr: 1000 | od2cap: 0 | fr2kr: 0 | lpr2kr: 1000 | cap2udp: 0 | kr2udp: 1 | 
2026-05-03 17:00:55,358 - INFO     - img2od: 52 | od2fr: 0 | od2lpr: 1000 | od2cap: 0 | fr2kr: 0 | lpr2kr: 1000 | cap2udp: 0 | kr2udp: 0 | 
2026-05-03 17:00:56,359 - INFO     - img2od: 52 | od2fr: 0 | od2lpr: 1000 | od2cap: 0 | fr2kr: 0 | lpr2kr: 1000 | cap2udp: 0 | kr2udp: 0 | 
2026-05-03 17:00:57,360 - INFO     - img2od: 52 | od2fr: 0 | od2lpr: 1000 | od2cap: 0 | fr2kr: 0 | lpr2kr: 1000 | cap2udp: 0 | kr2udp: 1 | 
2026-05-03 17:00:58,362 - INFO     - img2od: 52 | od2fr: 0 | od2lpr: 1000 | od2cap: 0 | fr2kr: 0 | lpr2kr: 1000 | cap2udp: 0 | kr2udp: 0 | 
2026-05-03 17:00:59,363 - INFO     - img2od: 52 | od2fr: 0 | od2lpr: 1000 | od2cap: 0 | fr2kr: 0 | lpr2kr: 1000 | cap2udp: 0 | kr2udp: 0 | 
2026-05-03 17:01:00,364 - INFO     - img2od: 52 | od2fr: 0 | od2lpr: 1000 | od2cap: 0 | fr2kr: 0 | lpr2kr: 1000 | cap2udp: 0 | kr2udp: 0 | 
2026-05-03 17:01:01,365 - INFO     - img2od: 52 | od2fr: 0 | od2lpr: 1000 | od2cap: 0 | fr2kr: 0 | lpr2kr: 1000 | cap2udp: 0 | kr2udp: 1 | 
2026-05-03 17:01:02,366 - INFO     - img2od: 52 | od2fr: 0 | od2lpr: 1000 | od2cap: 0 | fr2kr: 0 | lpr2kr: 1000 | cap2udp: 0 | kr2udp: 0 | 
2026-05-03 17:01:03,367 - INFO     - img2od: 52 | od2fr: 0 | od2lpr: 1000 | od2cap: 0 | fr2kr: 0 | lpr2kr: 1000 | cap2udp: 0 | kr2udp: 1 | 
2026-05-03 17:01:04,368 - INFO     - img2od: 52 | od2fr: 0 | od2lpr: 1000 | od2cap: 0 | fr2kr: 0 | lpr2kr: 1000 | cap2udp: 0 | kr2udp: 0 | 
2026-05-03 17:01:05,369 - INFO     - img2od: 52 | od2fr: 0 | od2lpr: 1000 | od2cap: 0 | fr2kr: 0 | lpr2kr: 1000 | cap2udp: 0 | kr2udp: 1 | 
2026-05-03 17:01:06,370 - INFO     - img2od: 52 | od2fr: 0 | od2lpr: 1000 | od2cap: 0 | fr2kr: 0 | lpr2kr: 1000 | cap2udp: 0 | kr2udp: 1 | 
2026-05-03 17:01:07,371 - INFO     - img2od: 52 | od2fr: 0 | od2lpr: 1000 | od2cap: 0 | fr2kr: 0 | lpr2kr: 1000 | cap2udp: 0 | kr2udp: 0 | 
2026-05-03 17:01:08,372 - INFO     - img2od: 52 | od2fr: 0 | od2lpr: 1000 | od2cap: 0 | fr2kr: 0 | lpr2kr: 1000 | cap2udp: 0 | kr2udp: 1 | 
2026-05-03 17:01:09,373 - INFO     - img2od: 52 | od2fr: 0 | od2lpr: 1000 | od2cap: 0 | fr2kr: 0 | lpr2kr: 1000 | cap2udp: 0 | kr2udp: 1 | 
2026-05-03 17:01:10,374 - INFO     - img2od: 52 | od2fr: 0 | od2lpr: 1000 | od2cap: 0 | fr2kr: 0 | lpr2kr: 1000 | cap2udp: 0 | kr2udp: 1 | 
2026-05-03 17:01:11,375 - INFO     - img2od: 52 | od2fr: 0 | od2lpr: 999 | od2cap: 0 | fr2kr: 0 | lpr2kr: 1000 | cap2udp: 0 | kr2udp: 1 | 
2026-05-03 17:01:12,376 - INFO     - img2od: 52 | od2fr: 0 | od2lpr: 1000 | od2cap: 0 | fr2kr: 0 | lpr2kr: 1000 | cap2udp: 0 | kr2udp: 0 | 
2026-05-03 17:01:13,377 - INFO     - img2od: 52 | od2fr: 0 | od2lpr: 1000 | od2cap: 0 | fr2kr: 0 | lpr2kr: 1000 | cap2udp: 0 | kr2udp: 1 | 
2026-05-03 17:01:14,378 - INFO     - img2od: 52 | od2fr: 0 | od2lpr: 1000 | od2cap: 0 | fr2kr: 0 | lpr2kr: 1000 | cap2udp: 0 | kr2udp: 0 | 
2026-05-03 17:01:15,379 - INFO     - img2od: 52 | od2fr: 0 | od2lpr: 1000 | od2cap: 0 | fr2kr: 0 | lpr2kr: 1000 | cap2udp: 0 | kr2udp: 1 | 
2026-05-03 17:01:16,380 - INFO     - img2od: 52 | od2fr: 0 | od2lpr: 1000 | od2cap: 0 | fr2kr: 0 | lpr2kr: 1000 | cap2udp: 0 | kr2udp: 1 | 
2026-05-03 17:01:17,381 - INFO     - img2od: 52 | od2fr: 0 | od2lpr: 1000 | od2cap: 0 | fr2kr: 0 | lpr2kr: 1000 | cap2udp: 0 | kr2udp: 1 | 
2026-05-03 17:01:18,382 - INFO     - img2od: 52 | od2fr: 0 | od2lpr: 1000 | od2cap: 0 | fr2kr: 0 | lpr2kr: 1000 | cap2udp: 0 | kr2udp: 1 | 
2026-05-03 17:01:19,383 - INFO     - img2od: 52 | od2fr: 0 | od2lpr: 1000 | od2cap: 0 | fr2kr: 0 | lpr2kr: 1000 | cap2udp: 0 | kr2udp: 0 | 
2026-05-03 17:01:20,384 - INFO     - img2od: 52 | od2fr: 0 | od2lpr: 1000 | od2cap: 0 | fr2kr: 0 | lpr2kr: 1000 | cap2udp: 0 | kr2udp: 0 | 
2026-05-03 17:01:21,385 - INFO     - img2od: 52 | od2fr: 0 | od2lpr: 1000 | od2cap: 0 | fr2kr: 0 | lpr2kr: 1000 | cap2udp: 0 | kr2udp: 1 | 
2026-05-03 17:01:22,386 - INFO     - img2od: 52 | od2fr: 0 | od2lpr: 1000 | od2cap: 0 | fr2kr: 0 | lpr2kr: 1000 | cap2udp: 0 | kr2udp: 1 | 
2026-05-03 17:01:23,387 - INFO     - img2od: 52 | od2fr: 0 | od2lpr: 1000 | od2cap: 0 | fr2kr: 0 | lpr2kr: 1000 | cap2udp: 0 | kr2udp: 1 | 
2026-05-03 17:01:24,388 - INFO     - img2od: 52 | od2fr: 0 | od2lpr: 1000 | od2cap: 0 | fr2kr: 0 | lpr2kr: 1000 | cap2udp: 0 | kr2udp: 1 | 
2026-05-03 17:01:25,389 - INFO     - img2od: 52 | od2fr: 0 | od2lpr: 1000 | od2cap: 0 | fr2kr: 0 | lpr2kr: 1000 | cap2udp: 0 | kr2udp: 1 | 
2026-05-03 17:01:26,390 - INFO     - img2od: 52 | od2fr: 0 | od2lpr: 1000 | od2cap: 0 | fr2kr: 0 | lpr2kr: 1000 | cap2udp: 0 | kr2udp: 1 | 
2026-05-03 17:01:27,391 - INFO     - img2od: 52 | od2fr: 0 | od2lpr: 1000 | od2cap: 0 | fr2kr: 0 | lpr2kr: 1000 | cap2udp: 0 | kr2udp: 1 | 
2026-05-03 17:01:28,392 - INFO     - img2od: 52 | od2fr: 0 | od2lpr: 1000 | od2cap: 0 | fr2kr: 0 | lpr2kr: 1000 | cap2udp: 0 | kr2udp: 1 | 
2026-05-03 17:01:29,393 - INFO     - img2od: 52 | od2fr: 0 | od2lpr: 1000 | od2cap: 0 | fr2kr: 0 | lpr2kr: 1000 | cap2udp: 0 | kr2udp: 0 | 
2026-05-03 17:01:30,394 - INFO     - img2od: 52 | od2fr: 0 | od2lpr: 1000 | od2cap: 0 | fr2kr: 0 | lpr2kr: 1000 | cap2udp: 0 | kr2udp: 0 | 
2026-05-03 17:01:31,395 - INFO     - img2od: 52 | od2fr: 0 | od2lpr: 1000 | od2cap: 0 | fr2kr: 0 | lpr2kr: 1000 | cap2udp: 0 | kr2udp: 1 | 
2026-05-03 17:01:32,396 - INFO     - img2od: 52 | od2fr: 0 | od2lpr: 1000 | od2cap: 0 | fr2kr: 0 | lpr2kr: 1000 | cap2udp: 0 | kr2udp: 0 | 
2026-05-03 17:01:33,397 - INFO     - img2od: 52 | od2fr: 0 | od2lpr: 1000 | od2cap: 0 | fr2kr: 0 | lpr2kr: 1000 | cap2udp: 0 | kr2udp: 1 | 
2026-05-03 17:01:34,398 - INFO     - img2od: 52 | od2fr: 0 | od2lpr: 1000 | od2cap: 0 | fr2kr: 0 | lpr2kr: 999 | cap2udp: 0 | kr2udp: 1 | 
2026-05-03 17:01:35,399 - INFO     - img2od: 52 | od2fr: 0 | od2lpr: 1000 | od2cap: 0 | fr2kr: 0 | lpr2kr: 1000 | cap2udp: 0 | kr2udp: 0 | 
2026-05-03 17:01:36,400 - INFO     - img2od: 52 | od2fr: 0 | od2lpr: 1000 | od2cap: 0 | fr2kr: 0 | lpr2kr: 1000 | cap2udp: 0 | kr2udp: 1 | 
2026-05-03 17:01:37,401 - INFO     - img2od: 52 | od2fr: 0 | od2lpr: 1000 | od2cap: 0 | fr2kr: 0 | lpr2kr: 1000 | cap2udp: 0 | kr2udp: 1 | 
2026-05-03 17:01:38,402 - INFO     - img2od: 52 | od2fr: 0 | od2lpr: 1000 | od2cap: 0 | fr2kr: 0 | lpr2kr: 1000 | cap2udp: 0 | kr2udp: 1 | 
2026-05-03 17:01:39,403 - INFO     - img2od: 52 | od2fr: 0 | od2lpr: 1000 | od2cap: 0 | fr2kr: 0 | lpr2kr: 1000 | cap2udp: 0 | kr2udp: 1 | 
2026-05-03 17:01:40,404 - INFO     - img2od: 52 | od2fr: 0 | od2lpr: 1000 | od2cap: 0 | fr2kr: 0 | lpr2kr: 1000 | cap2udp: 0 | kr2udp: 0 | 
2026-05-03 17:01:41,405 - INFO     - img2od: 52 | od2fr: 0 | od2lpr: 1000 | od2cap: 0 | fr2kr: 0 | lpr2kr: 1000 | cap2udp: 0 | kr2udp: 0 | 
2026-05-03 17:01:42,406 - INFO     - img2od: 52 | od2fr: 0 | od2lpr: 1000 | od2cap: 0 | fr2kr: 0 | lpr2kr: 1000 | cap2udp: 0 | kr2udp: 0 | 
2026-05-03 17:01:43,407 - INFO     - img2od: 52 | od2fr: 0 | od2lpr: 1000 | od2cap: 0 | fr2kr: 0 | lpr2kr: 1000 | cap2udp: 0 | kr2udp: 0 | 
2026-05-03 17:01:44,408 - INFO     - img2od: 52 | od2fr: 0 | od2lpr: 1000 | od2cap: 0 | fr2kr: 0 | lpr2kr: 1000 | cap2udp: 0 | kr2udp: 1 | 
2026-05-03 17:01:45,409 - INFO     - img2od: 52 | od2fr: 0 | od2lpr: 1000 | od2cap: 0 | fr2kr: 0 | lpr2kr: 1000 | cap2udp: 0 | kr2udp: 1 | 
2026-05-03 17:01:46,410 - INFO     - img2od: 52 | od2fr: 0 | od2lpr: 1000 | od2cap: 0 | fr2kr: 0 | lpr2kr: 1000 | cap2udp: 0 | kr2udp: 0 | 
2026-05-03 17:01:47,411 - INFO     - img2od: 52 | od2fr: 0 | od2lpr: 1000 | od2cap: 0 | fr2kr: 0 | lpr2kr: 1000 | cap2udp: 0 | kr2udp: 0 | 
2026-05-03 17:01:48,412 - INFO     - img2od: 52 | od2fr: 0 | od2lpr: 1000 | od2cap: 0 | fr2kr: 0 | lpr2kr: 1000 | cap2udp: 0 | kr2udp: 0 | 
2026-05-03 17:01:49,413 - INFO     - img2od: 52 | od2fr: 0 | od2lpr: 1000 | od2cap: 0 | fr2kr: 0 | lpr2kr: 1000 | cap2udp: 0 | kr2udp: 0 | 
2026-05-03 17:01:50,414 - INFO     - img2od: 52 | od2fr: 0 | od2lpr: 1000 | od2cap: 0 | fr2kr: 0 | lpr2kr: 1000 | cap2udp: 0 | kr2udp: 1 | 
2026-05-03 17:01:51,415 - INFO     - img2od: 52 | od2fr: 0 | od2lpr: 1000 | od2cap: 0 | fr2kr: 0 | lpr2kr: 1000 | cap2udp: 0 | kr2udp: 1 | 
2026-05-03 17:01:52,416 - INFO     - img2od: 52 | od2fr: 0 | od2lpr: 1000 | od2cap: 0 | fr2kr: 0 | lpr2kr: 1000 | cap2udp: 0 | kr2udp: 0 | 
2026-05-03 17:01:53,417 - INFO     - img2od: 52 | od2fr: 0 | od2lpr: 1000 | od2cap: 0 | fr2kr: 0 | lpr2kr: 1000 | cap2udp: 0 | kr2udp: 1 | 
2026-05-03 17:01:54,418 - INFO     - img2od: 52 | od2fr: 0 | od2lpr: 1000 | od2cap: 0 | fr2kr: 0 | lpr2kr: 1000 | cap2udp: 0 | kr2udp: 0 | 
2026-05-03 17:01:55,419 - INFO     - img2od: 52 | od2fr: 0 | od2lpr: 1000 | od2cap: 0 | fr2kr: 0 | lpr2kr: 1000 | cap2udp: 0 | kr2udp: 1 | 
2026-05-03 17:01:56,420 - INFO     - img2od: 52 | od2fr: 0 | od2lpr: 1000 | od2cap: 0 | fr2kr: 0 | lpr2kr: 1000 | cap2udp: 0 | kr2udp: 0 | 
2026-05-03 17:01:57,421 - INFO     - img2od: 52 | od2fr: 0 | od2lpr: 1000 | od2cap: 0 | fr2kr: 0 | lpr2kr: 1000 | cap2udp: 0 | kr2udp: 0 | 
2026-05-03 17:01:58,422 - INFO     - img2od: 52 | od2fr: 0 | od2lpr: 1000 | od2cap: 0 | fr2kr: 0 | lpr2kr: 1000 | cap2udp: 0 | kr2udp: 1 | 
2026-05-03 17:01:59,423 - INFO     - img2od: 52 | od2fr: 0 | od2lpr: 1000 | od2cap: 0 | fr2kr: 0 | lpr2kr: 1000 | cap2udp: 0 | kr2udp: 0 | 
2026-05-03 17:02:00,424 - INFO     - img2od: 52 | od2fr: 0 | od2lpr: 1000 | od2cap: 0 | fr2kr: 0 | lpr2kr: 1000 | cap2udp: 0 | kr2udp: 1 | 
2026-05-03 17:02:01,425 - INFO     - img2od: 52 | od2fr: 0 | od2lpr: 1000 | od2cap: 0 | fr2kr: 0 | lpr2kr: 1000 | cap2udp: 0 | kr2udp: 1 | 
2026-05-03 17:02:02,426 - INFO     - img2od: 52 | od2fr: 0 | od2lpr: 1000 | od2cap: 0 | fr2kr: 0 | lpr2kr: 1000 | cap2udp: 0 | kr2udp: 1 | 
2026-05-03 17:02:03,427 - INFO     - img2od: 52 | od2fr: 0 | od2lpr: 1000 | od2cap: 0 | fr2kr: 0 | lpr2kr: 1000 | cap2udp: 0 | kr2udp: 1 | 
2026-05-03 17:02:04,428 - INFO     - img2od: 52 | od2fr: 0 | od2lpr: 1000 | od2cap: 0 | fr2kr: 0 | lpr2kr: 1000 | cap2udp: 0 | kr2udp: 1 | 
2026-05-03 17:02:05,429 - INFO     - img2od: 52 | od2fr: 0 | od2lpr: 1000 | od2cap: 0 | fr2kr: 0 | lpr2kr: 1000 | cap2udp: 0 | kr2udp: 1 | 
2026-05-03 17:02:06,430 - INFO     - img2od: 52 | od2fr: 0 | od2lpr: 1000 | od2cap: 0 | fr2kr: 0 | lpr2kr: 1000 | cap2udp: 0 | kr2udp: 1 | 
2026-05-03 17:02:07,431 - INFO     - img2od: 52 | od2fr: 0 | od2lpr: 1000 | od2cap: 0 | fr2kr: 0 | lpr2kr: 1000 | cap2udp: 0 | kr2udp: 1 | 
2026-05-03 17:02:08,432 - INFO     - img2od: 52 | od2fr: 0 | od2lpr: 1000 | od2cap: 0 | fr2kr: 0 | lpr2kr: 1000 | cap2udp: 0 | kr2udp: 0 | 
2026-05-03 17:02:09,433 - INFO     - img2od: 52 | od2fr: 0 | od2lpr: 1000 | od2cap: 0 | fr2kr: 0 | lpr2kr: 1000 | cap2udp: 0 | kr2udp: 1 | 
2026-05-03 17:02:10,434 - INFO     - img2od: 52 | od2fr: 0 | od2lpr: 1000 | od2cap: 0 | fr2kr: 0 | lpr2kr: 1000 | cap2udp: 0 | kr2udp: 1 | 
2026-05-03 17:02:11,435 - INFO     - img2od: 52 | od2fr: 0 | od2lpr: 999 | od2cap: 0 | fr2kr: 0 | lpr2kr: 1000 | cap2udp: 0 | kr2udp: 1 | 
2026-05-03 17:02:12,436 - INFO     - img2od: 52 | od2fr: 0 | od2lpr: 1000 | od2cap: 0 | fr2kr: 0 | lpr2kr: 1000 | cap2udp: 0 | kr2udp: 0 | 
2026-05-03 17:02:13,437 - INFO     - img2od: 52 | od2fr: 0 | od2lpr: 1000 | od2cap: 0 | fr2kr: 0 | lpr2kr: 1000 | cap2udp: 0 | kr2udp: 1 | 
2026-05-03 17:02:14,438 - INFO     - img2od: 52 | od2fr: 0 | od2lpr: 1000 | od2cap: 0 | fr2kr: 0 | lpr2kr: 1000 | cap2udp: 0 | kr2udp: 1 | 
2026-05-03 17:02:15,439 - INFO     - img2od: 52 | od2fr: 0 | od2lpr: 1000 | od2cap: 0 | fr2kr: 0 | lpr2kr: 1000 | cap2udp: 0 | kr2udp: 1 | 
2026-05-03 17:02:16,440 - INFO     - img2od: 52 | od2fr: 0 | od2lpr: 1000 | od2cap: 0 | fr2kr: 0 | lpr2kr: 1000 | cap2udp: 0 | kr2udp: 0 | 
2026-05-03 17:02:17,441 - INFO     - img2od: 52 | od2fr: 0 | od2lpr: 1000 | od2cap: 0 | fr2kr: 0 | lpr2kr: 1000 | cap2udp: 0 | kr2udp: 0 | 
2026-05-03 17:02:18,442 - INFO     - img2od: 52 | od2fr: 0 | od2lpr: 1000 | od2cap: 0 | fr2kr: 0 | lpr2kr: 1000 | cap2udp: 0 | kr2udp: 1 | 
2026-05-03 17:02:19,443 - INFO     - img2od: 52 | od2fr: 0 | od2lpr: 1000 | od2cap: 0 | fr2kr: 0 | lpr2kr: 1000 | cap2udp: 0 | kr2udp: 1 | 
2026-05-03 17:02:20,444 - INFO     - img2od: 52 | od2fr: 0 | od2lpr: 1000 | od2cap: 0 | fr2kr: 0 | lpr2kr: 1000 | cap2udp: 0 | kr2udp: 0 | 
2026-05-03 17:02:21,445 - INFO     - img2od: 52 | od2fr: 0 | od2lpr: 1000 | od2cap: 0 | fr2kr: 0 | lpr2kr: 1000 | cap2udp: 0 | kr2udp: 1 | 
2026-05-03 17:02:22,446 - INFO     - img2od: 52 | od2fr: 0 | od2lpr: 1000 | od2cap: 0 | fr2kr: 0 | lpr2kr: 1000 | cap2udp: 0 | kr2udp: 1 | 
2026-05-03 17:02:23,447 - INFO     - img2od: 52 | od2fr: 0 | od2lpr: 1000 | od2cap: 0 | fr2kr: 0 | lpr2kr: 1000 | cap2udp: 0 | kr2udp: 1 | 
2026-05-03 17:02:24,448 - INFO     - img2od: 52 | od2fr: 0 | od2lpr: 1000 | od2cap: 0 | fr2kr: 0 | lpr2kr: 1000 | cap2udp: 0 | kr2udp: 1 | 
2026-05-03 17:02:25,449 - INFO     - img2od: 52 | od2fr: 0 | od2lpr: 1000 | od2cap: 0 | fr2kr: 0 | lpr2kr: 1000 | cap2udp: 0 | kr2udp: 1 | 
2026-05-03 17:02:26,450 - INFO     - img2od: 52 | od2fr: 0 | od2lpr: 1000 | od2cap: 0 | fr2kr: 0 | lpr2kr: 1000 | cap2udp: 0 | kr2udp: 1 | 
2026-05-03 17:02:27,451 - INFO     - img2od: 52 | od2fr: 0 | od2lpr: 1000 | od2cap: 0 | fr2kr: 0 | lpr2kr: 999 | cap2udp: 0 | kr2udp: 1 | 
2026-05-03 17:02:28,452 - INFO     - img2od: 52 | od2fr: 0 | od2lpr: 1000 | od2cap: 0 | fr2kr: 0 | lpr2kr: 1000 | cap2udp: 0 | kr2udp: 0 | 
2026-05-03 17:02:29,453 - INFO     - img2od: 52 | od2fr: 0 | od2lpr: 1000 | od2cap: 0 | fr2kr: 0 | lpr2kr: 1000 | cap2udp: 0 | kr2udp: 1 | 
2026-05-03 17:02:30,454 - INFO     - img2od: 52 | od2fr: 0 | od2lpr: 1000 | od2cap: 0 | fr2kr: 0 | lpr2kr: 1000 | cap2udp: 0 | kr2udp: 1 | 
2026-05-03 17:02:31,455 - INFO     - img2od: 52 | od2fr: 0 | od2lpr: 1000 | od2cap: 0 | fr2kr: 0 | lpr2kr: 1000 | cap2udp: 0 | kr2udp: 1 | 
2026-05-03 17:02:32,456 - INFO     - img2od: 52 | od2fr: 0 | od2lpr: 1000 | od2cap: 0 | fr2kr: 0 | lpr2kr: 1000 | cap2udp: 0 | kr2udp: 1 | 
2026-05-03 17:02:33,457 - INFO     - img2od: 52 | od2fr: 0 | od2lpr: 1000 | od2cap: 0 | fr2kr: 0 | lpr2kr: 1000 | cap2udp: 0 | kr2udp: 1 | 
2026-05-03 17:02:34,458 - INFO     - img2od: 52 | od2fr: 0 | od2lpr: 1000 | od2cap: 0 | fr2kr: 0 | lpr2kr: 1000 | cap2udp: 0 | kr2udp: 0 | 
2026-05-03 17:02:35,459 - INFO     - img2od: 52 | od2fr: 0 | od2lpr: 1000 | od2cap: 0 | fr2kr: 0 | lpr2kr: 1000 | cap2udp: 0 | kr2udp: 1 | 
2026-05-03 17:02:36,460 - INFO     - img2od: 52 | od2fr: 0 | od2lpr: 1000 | od2cap: 0 | fr2kr: 0 | lpr2kr: 1000 | cap2udp: 0 | kr2udp: 1 | 
2026-05-03 17:02:37,461 - INFO     - img2od: 52 | od2fr: 0 | od2lpr: 1000 | od2cap: 0 | fr2kr: 0 | lpr2kr: 1000 | cap2udp: 0 | kr2udp: 0 | 
2026-05-03 17:02:38,462 - INFO     - img2od: 52 | od2fr: 0 | od2lpr: 1000 | od2cap: 0 | fr2kr: 0 | lpr2kr: 1000 | cap2udp: 0 | kr2udp: 0 | 
2026-05-03 17:02:39,463 - INFO     - img2od: 52 | od2fr: 0 | od2lpr: 1000 | od2cap: 0 | fr2kr: 0 | lpr2kr: 1000 | cap2udp: 0 | kr2udp: 0 | 
2026-05-03 17:02:40,464 - INFO     - img2od: 52 | od2fr: 0 | od2lpr: 1000 | od2cap: 0 | fr2kr: 0 | lpr2kr: 1000 | cap2udp: 0 | kr2udp: 0 | 
2026-05-03 17:02:41,465 - INFO     - img2od: 52 | od2fr: 0 | od2lpr: 1000 | od2cap: 0 | fr2kr: 0 | lpr2kr: 1000 | cap2udp: 0 | kr2udp: 0 | 
2026-05-03 17:02:42,466 - INFO     - img2od: 52 | od2fr: 0 | od2lpr: 1000 | od2cap: 0 | fr2kr: 0 | lpr2kr: 1000 | cap2udp: 0 | kr2udp: 1 | 
2026-05-03 17:02:43,467 - INFO     - img2od: 52 | od2fr: 0 | od2lpr: 1000 | od2cap: 0 | fr2kr: 0 | lpr2kr: 1000 | cap2udp: 0 | kr2udp: 0 | 
2026-05-03 17:02:44,468 - INFO     - img2od: 52 | od2fr: 0 | od2lpr: 1000 | od2cap: 0 | fr2kr: 0 | lpr2kr: 999 | cap2udp: 0 | kr2udp: 1 | 
2026-05-03 17:02:45,469 - INFO     - img2od: 52 | od2fr: 0 | od2lpr: 1000 | od2cap: 0 | fr2kr: 0 | lpr2kr: 1000 | cap2udp: 0 | kr2udp: 1 | 
2026-05-03 17:02:46,470 - INFO     - img2od: 52 | od2fr: 0 | od2lpr: 1000 | od2cap: 0 | fr2kr: 0 | lpr2kr: 1000 | cap2udp: 0 | kr2udp: 0 | 
2026-05-03 17:02:47,471 - INFO     - img2od: 52 | od2fr: 0 | od2lpr: 1000 | od2cap: 0 | fr2kr: 0 | lpr2kr: 1000 | cap2udp: 0 | kr2udp: 0 | 
2026-05-03 17:02:48,472 - INFO     - img2od: 52 | od2fr: 0 | od2lpr: 1000 | od2cap: 0 | fr2kr: 0 | lpr2kr: 1000 | cap2udp: 0 | kr2udp: 0 | 
2026-05-03 17:02:49,473 - INFO     - img2od: 52 | od2fr: 0 | od2lpr: 1000 | od2cap: 0 | fr2kr: 0 | lpr2kr: 1000 | cap2udp: 0 | kr2udp: 1 | 
2026-05-03 17:02:50,474 - INFO     - img2od: 52 | od2fr: 0 | od2lpr: 1000 | od2cap: 0 | fr2kr: 0 | lpr2kr: 1000 | cap2udp: 0 | kr2udp: 1 | 
2026-05-03 17:02:51,475 - INFO     - img2od: 52 | od2fr: 0 | od2lpr: 1000 | od2cap: 0 | fr2kr: 0 | lpr2kr: 1000 | cap2udp: 0 | kr2udp: 1 | 
2026-05-03 17:02:52,476 - INFO     - img2od: 52 | od2fr: 0 | od2lpr: 1000 | od2cap: 0 | fr2kr: 0 | lpr2kr: 999 | cap2udp: 0 | kr2udp: 1 | 
2026-05-03 17:02:53,477 - INFO     - img2od: 52 | od2fr: 0 | od2lpr: 1000 | od2cap: 0 | fr2kr: 0 | lpr2kr: 1000 | cap2udp: 0 | kr2udp: 0 | 
2026-05-03 17:02:54,478 - INFO     - img2od: 52 | od2fr: 0 | od2lpr: 1000 | od2cap: 0 | fr2kr: 0 | lpr2kr: 1000 | cap2udp: 0 | kr2udp: 1 | 
2026-05-03 17:02:55,479 - INFO     - img2od: 52 | od2fr: 0 | od2lpr: 1000 | od2cap: 0 | fr2kr: 0 | lpr2kr: 1000 | cap2udp: 0 | kr2udp: 1 | 
2026-05-03 17:02:56,480 - INFO     - img2od: 52 | od2fr: 0 | od2lpr: 1000 | od2cap: 0 | fr2kr: 0 | lpr2kr: 1000 | cap2udp: 0 | kr2udp: 0 | 
2026-05-03 17:02:57,481 - INFO     - img2od: 52 | od2fr: 0 | od2lpr: 1000 | od2cap: 0 | fr2kr: 0 | lpr2kr: 1000 | cap2udp: 0 | kr2udp: 0 | 
2026-05-03 17:02:58,482 - INFO     - img2od: 52 | od2fr: 0 | od2lpr: 1000 | od2cap: 0 | fr2kr: 0 | lpr2kr: 1000 | cap2udp: 0 | kr2udp: 1 | 
2026-05-03 17:02:59,483 - INFO     - img2od: 52 | od2fr: 0 | od2lpr: 1000 | od2cap: 0 | fr2kr: 0 | lpr2kr: 1000 | cap2udp: 0 | kr2udp: 1 | 
2026-05-03 17:03:00,484 - INFO     - img2od: 52 | od2fr: 0 | od2lpr: 1000 | od2cap: 0 | fr2kr: 0 | lpr2kr: 1000 | cap2udp: 0 | kr2udp: 1 | 
2026-05-03 17:03:01,485 - INFO     - img2od: 52 | od2fr: 0 | od2lpr: 999 | od2cap: 0 | fr2kr: 0 | lpr2kr: 1000 | cap2udp: 0 | kr2udp: 1 | 
2026-05-03 17:03:02,490 - INFO     - img2od: 52 | od2fr: 0 | od2lpr: 1000 | od2cap: 0 | fr2kr: 0 | lpr2kr: 1000 | cap2udp: 0 | kr2udp: 1 | 
2026-05-03 17:03:03,491 - INFO     - img2od: 52 | od2fr: 0 | od2lpr: 1000 | od2cap: 0 | fr2kr: 0 | lpr2kr: 1000 | cap2udp: 0 | kr2udp: 0 | 
2026-05-03 17:03:04,492 - INFO     - img2od: 52 | od2fr: 0 | od2lpr: 1000 | od2cap: 0 | fr2kr: 0 | lpr2kr: 1000 | cap2udp: 0 | kr2udp: 1 | 
2026-05-03 17:03:05,493 - INFO     - img2od: 52 | od2fr: 0 | od2lpr: 1000 | od2cap: 0 | fr2kr: 0 | lpr2kr: 1000 | cap2udp: 0 | kr2udp: 0 | 
2026-05-03 17:03:06,494 - INFO     - img2od: 52 | od2fr: 0 | od2lpr: 1000 | od2cap: 0 | fr2kr: 0 | lpr2kr: 1000 | cap2udp: 0 | kr2udp: 0 | 
2026-05-03 17:03:07,495 - INFO     - img2od: 52 | od2fr: 0 | od2lpr: 1000 | od2cap: 0 | fr2kr: 0 | lpr2kr: 1000 | cap2udp: 0 | kr2udp: 1 | 
2026-05-03 17:03:08,496 - INFO     - img2od: 52 | od2fr: 0 | od2lpr: 1000 | od2cap: 0 | fr2kr: 0 | lpr2kr: 1000 | cap2udp: 0 | kr2udp: 1 | 
2026-05-03 17:03:09,497 - INFO     - img2od: 52 | od2fr: 0 | od2lpr: 1000 | od2cap: 0 | fr2kr: 0 | lpr2kr: 1000 | cap2udp: 0 | kr2udp: 1 | 
2026-05-03 17:03:10,498 - INFO     - img2od: 52 | od2fr: 0 | od2lpr: 1000 | od2cap: 0 | fr2kr: 0 | lpr2kr: 1000 | cap2udp: 0 | kr2udp: 2 | 
2026-05-03 17:03:11,499 - INFO     - img2od: 52 | od2fr: 0 | od2lpr: 1000 | od2cap: 0 | fr2kr: 0 | lpr2kr: 1000 | cap2udp: 0 | kr2udp: 1 | 
2026-05-03 17:03:12,500 - INFO     - img2od: 52 | od2fr: 0 | od2lpr: 1000 | od2cap: 0 | fr2kr: 0 | lpr2kr: 1000 | cap2udp: 0 | kr2udp: 1 | 
2026-05-03 17:03:13,501 - INFO     - img2od: 52 | od2fr: 0 | od2lpr: 1000 | od2cap: 0 | fr2kr: 0 | lpr2kr: 1000 | cap2udp: 0 | kr2udp: 1 | 
2026-05-03 17:03:14,502 - INFO     - img2od: 52 | od2fr: 0 | od2lpr: 1000 | od2cap: 0 | fr2kr: 0 | lpr2kr: 1000 | cap2udp: 0 | kr2udp: 1 | 
2026-05-03 17:03:15,503 - INFO     - img2od: 52 | od2fr: 0 | od2lpr: 1000 | od2cap: 0 | fr2kr: 0 | lpr2kr: 1000 | cap2udp: 0 | kr2udp: 1 | 
2026-05-03 17:03:16,504 - INFO     - img2od: 52 | od2fr: 0 | od2lpr: 1000 | od2cap: 0 | fr2kr: 0 | lpr2kr: 1000 | cap2udp: 0 | kr2udp: 1 | 
2026-05-03 17:03:17,505 - INFO     - img2od: 52 | od2fr: 0 | od2lpr: 1000 | od2cap: 0 | fr2kr: 0 | lpr2kr: 1000 | cap2udp: 0 | kr2udp: 1 | 
2026-05-03 17:03:18,506 - INFO     - img2od: 52 | od2fr: 0 | od2lpr: 1000 | od2cap: 0 | fr2kr: 0 | lpr2kr: 1000 | cap2udp: 0 | kr2udp: 0 | 
2026-05-03 17:03:19,507 - INFO     - img2od: 52 | od2fr: 0 | od2lpr: 1000 | od2cap: 0 | fr2kr: 0 | lpr2kr: 1000 | cap2udp: 0 | kr2udp: 1 | 
2026-05-03 17:03:20,508 - INFO     - img2od: 52 | od2fr: 0 | od2lpr: 1000 | od2cap: 0 | fr2kr: 0 | lpr2kr: 1000 | cap2udp: 0 | kr2udp: 1 | 
2026-05-03 17:03:21,509 - INFO     - img2od: 52 | od2fr: 0 | od2lpr: 1000 | od2cap: 0 | fr2kr: 0 | lpr2kr: 1000 | cap2udp: 0 | kr2udp: 1 | 
2026-05-03 17:03:22,510 - INFO     - img2od: 52 | od2fr: 0 | od2lpr: 1000 | od2cap: 0 | fr2kr: 0 | lpr2kr: 1000 | cap2udp: 0 | kr2udp: 1 | 
2026-05-03 17:03:23,511 - INFO     - img2od: 52 | od2fr: 0 | od2lpr: 1000 | od2cap: 0 | fr2kr: 0 | lpr2kr: 1000 | cap2udp: 0 | kr2udp: 1 | 
2026-05-03 17:03:24,512 - INFO     - img2od: 52 | od2fr: 0 | od2lpr: 1000 | od2cap: 0 | fr2kr: 0 | lpr2kr: 1000 | cap2udp: 0 | kr2udp: 1 | 
2026-05-03 17:03:25,513 - INFO     - img2od: 52 | od2fr: 0 | od2lpr: 1000 | od2cap: 0 | fr2kr: 0 | lpr2kr: 1000 | cap2udp: 0 | kr2udp: 0 | 
2026-05-03 17:03:26,514 - INFO     - img2od: 52 | od2fr: 0 | od2lpr: 1000 | od2cap: 0 | fr2kr: 0 | lpr2kr: 1000 | cap2udp: 0 | kr2udp: 0 | 
2026-05-03 17:03:27,515 - INFO     - img2od: 52 | od2fr: 0 | od2lpr: 1000 | od2cap: 0 | fr2kr: 0 | lpr2kr: 1000 | cap2udp: 0 | kr2udp: 1 | 
2026-05-03 17:03:28,516 - INFO     - img2od: 48 | od2fr: 0 | od2lpr: 998 | od2cap: 0 | fr2kr: 0 | lpr2kr: 1000 | cap2udp: 0 | kr2udp: 1 | 
2026-05-03 17:03:29,517 - INFO     - img2od: 44 | od2fr: 1 | od2lpr: 996 | od2cap: 0 | fr2kr: 2 | lpr2kr: 1000 | cap2udp: 0 | kr2udp: 0 | 
2026-05-03 17:03:30,518 - INFO     - img2od: 40 | od2fr: 19 | od2lpr: 993 | od2cap: 1 | fr2kr: 5 | lpr2kr: 1000 | cap2udp: 0 | kr2udp: 0 | 
2026-05-03 17:03:31,519 - INFO     - img2od: 36 | od2fr: 86 | od2lpr: 993 | od2cap: 0 | fr2kr: 9 | lpr2kr: 1000 | cap2udp: 0 | kr2udp: 1 | 
2026-05-03 17:03:32,520 - INFO     - img2od: 32 | od2fr: 85 | od2lpr: 995 | od2cap: 0 | fr2kr: 13 | lpr2kr: 1000 | cap2udp: 0 | kr2udp: 1 | 
2026-05-03 17:03:33,521 - INFO     - img2od: 27 | od2fr: 111 | od2lpr: 996 | od2cap: 0 | fr2kr: 17 | lpr2kr: 999 | cap2udp: 0 | kr2udp: 1 | 
2026-05-03 17:03:34,522 - INFO     - img2od: 24 | od2fr: 158 | od2lpr: 1000 | od2cap: 0 | fr2kr: 20 | lpr2kr: 1000 | cap2udp: 0 | kr2udp: 1 | 
2026-05-03 17:03:35,523 - INFO     - img2od: 24 | od2fr: 153 | od2lpr: 1000 | od2cap: 0 | fr2kr: 23 | lpr2kr: 1000 | cap2udp: 0 | kr2udp: 1 | 
2026-05-03 17:03:36,524 - INFO     - img2od: 24 | od2fr: 147 | od2lpr: 1000 | od2cap: 0 | fr2kr: 25 | lpr2kr: 1000 | cap2udp: 0 | kr2udp: 1 | 
2026-05-03 17:03:37,525 - INFO     - img2od: 24 | od2fr: 142 | od2lpr: 1000 | od2cap: 0 | fr2kr: 29 | lpr2kr: 1000 | cap2udp: 0 | kr2udp: 1 | 
2026-05-03 17:03:38,526 - INFO     - img2od: 24 | od2fr: 136 | od2lpr: 1000 | od2cap: 0 | fr2kr: 33 | lpr2kr: 1000 | cap2udp: 0 | kr2udp: 0 | 
2026-05-03 17:03:39,527 - INFO     - img2od: 24 | od2fr: 130 | od2lpr: 1000 | od2cap: 0 | fr2kr: 37 | lpr2kr: 1000 | cap2udp: 0 | kr2udp: 0 | 
2026-05-03 17:03:40,528 - INFO     - img2od: 24 | od2fr: 125 | od2lpr: 1000 | od2cap: 0 | fr2kr: 39 | lpr2kr: 1000 | cap2udp: 0 | kr2udp: 1 | 
2026-05-03 17:03:41,529 - INFO     - img2od: 24 | od2fr: 118 | od2lpr: 1000 | od2cap: 0 | fr2kr: 44 | lpr2kr: 1000 | cap2udp: 0 | kr2udp: 1 | 
2026-05-03 17:03:42,530 - INFO     - img2od: 24 | od2fr: 113 | od2lpr: 1000 | od2cap: 0 | fr2kr: 47 | lpr2kr: 1000 | cap2udp: 0 | kr2udp: 0 | 
2026-05-03 17:03:43,531 - INFO     - img2od: 24 | od2fr: 107 | od2lpr: 1000 | od2cap: 0 | fr2kr: 50 | lpr2kr: 1000 | cap2udp: 0 | kr2udp: 0 | 
2026-05-03 17:03:44,532 - INFO     - img2od: 24 | od2fr: 102 | od2lpr: 1000 | od2cap: 0 | fr2kr: 54 | lpr2kr: 1000 | cap2udp: 0 | kr2udp: 1 | 
2026-05-03 17:03:45,533 - INFO     - img2od: 24 | od2fr: 97 | od2lpr: 1000 | od2cap: 0 | fr2kr: 56 | lpr2kr: 1000 | cap2udp: 0 | kr2udp: 0 | 
2026-05-03 17:03:46,534 - INFO     - img2od: 24 | od2fr: 91 | od2lpr: 1000 | od2cap: 0 | fr2kr: 60 | lpr2kr: 1000 | cap2udp: 0 | kr2udp: 0 | 
2026-05-03 17:03:47,535 - INFO     - img2od: 24 | od2fr: 86 | od2lpr: 1000 | od2cap: 0 | fr2kr: 63 | lpr2kr: 1000 | cap2udp: 0 | kr2udp: 1 | 
2026-05-03 17:03:48,536 - INFO     - img2od: 24 | od2fr: 81 | od2lpr: 1000 | od2cap: 0 | fr2kr: 66 | lpr2kr: 1000 | cap2udp: 0 | kr2udp: 1 | 
2026-05-03 17:03:49,537 - INFO     - img2od: 24 | od2fr: 75 | od2lpr: 1000 | od2cap: 0 | fr2kr: 70 | lpr2kr: 1000 | cap2udp: 0 | kr2udp: 1 | 
2026-05-03 17:03:50,538 - INFO     - img2od: 24 | od2fr: 70 | od2lpr: 1000 | od2cap: 0 | fr2kr: 73 | lpr2kr: 1000 | cap2udp: 0 | kr2udp: 1 | 
2026-05-03 17:03:51,539 - INFO     - img2od: 24 | od2fr: 64 | od2lpr: 1000 | od2cap: 0 | fr2kr: 77 | lpr2kr: 1000 | cap2udp: 0 | kr2udp: 1 | 
2026-05-03 17:03:52,540 - INFO     - img2od: 24 | od2fr: 59 | od2lpr: 1000 | od2cap: 0 | fr2kr: 79 | lpr2kr: 1000 | cap2udp: 0 | kr2udp: 0 | 
2026-05-03 17:03:53,545 - INFO     - img2od: 24 | od2fr: 53 | od2lpr: 1000 | od2cap: 0 | fr2kr: 83 | lpr2kr: 1000 | cap2udp: 0 | kr2udp: 1 | 
2026-05-03 17:03:54,546 - INFO     - img2od: 24 | od2fr: 47 | od2lpr: 1000 | od2cap: 0 | fr2kr: 86 | lpr2kr: 1000 | cap2udp: 0 | kr2udp: 0 | 
2026-05-03 17:03:55,547 - INFO     - img2od: 24 | od2fr: 42 | od2lpr: 1000 | od2cap: 0 | fr2kr: 90 | lpr2kr: 1000 | cap2udp: 0 | kr2udp: 1 | 
2026-05-03 17:03:56,548 - INFO     - img2od: 24 | od2fr: 37 | od2lpr: 1000 | od2cap: 0 | fr2kr: 93 | lpr2kr: 1000 | cap2udp: 0 | kr2udp: 1 | 
2026-05-03 17:03:57,549 - INFO     - img2od: 24 | od2fr: 31 | od2lpr: 1000 | od2cap: 0 | fr2kr: 96 | lpr2kr: 1000 | cap2udp: 0 | kr2udp: 1 | 
2026-05-03 17:03:58,550 - INFO     - img2od: 24 | od2fr: 26 | od2lpr: 1000 | od2cap: 0 | fr2kr: 100 | lpr2kr: 1000 | cap2udp: 0 | kr2udp: 1 | 
2026-05-03 17:03:59,551 - INFO     - img2od: 24 | od2fr: 20 | od2lpr: 1000 | od2cap: 0 | fr2kr: 103 | lpr2kr: 1000 | cap2udp: 0 | kr2udp: 1 | 
2026-05-03 17:04:00,552 - INFO     - img2od: 24 | od2fr: 14 | od2lpr: 1000 | od2cap: 0 | fr2kr: 107 | lpr2kr: 1000 | cap2udp: 0 | kr2udp: 0 | 
2026-05-03 17:04:01,553 - INFO     - img2od: 24 | od2fr: 8 | od2lpr: 1000 | od2cap: 0 | fr2kr: 111 | lpr2kr: 1000 | cap2udp: 0 | kr2udp: 1 | 
2026-05-03 17:04:02,554 - INFO     - img2od: 24 | od2fr: 3 | od2lpr: 1000 | od2cap: 0 | fr2kr: 114 | lpr2kr: 1000 | cap2udp: 0 | kr2udp: 1 | 
2026-05-03 17:04:03,555 - INFO     - img2od: 24 | od2fr: 0 | od2lpr: 1000 | od2cap: 0 | fr2kr: 114 | lpr2kr: 1000 | cap2udp: 0 | kr2udp: 1 | 
2026-05-03 17:04:04,556 - INFO     - img2od: 24 | od2fr: 0 | od2lpr: 1000 | od2cap: 0 | fr2kr: 112 | lpr2kr: 1000 | cap2udp: 0 | kr2udp: 0 | 
2026-05-03 17:04:05,557 - INFO     - img2od: 24 | od2fr: 0 | od2lpr: 1000 | od2cap: 0 | fr2kr: 110 | lpr2kr: 1000 | cap2udp: 0 | kr2udp: 1 | 
2026-05-03 17:04:06,558 - INFO     - img2od: 24 | od2fr: 0 | od2lpr: 1000 | od2cap: 0 | fr2kr: 107 | lpr2kr: 1000 | cap2udp: 0 | kr2udp: 1 | 
2026-05-03 17:04:07,559 - INFO     - img2od: 24 | od2fr: 0 | od2lpr: 1000 | od2cap: 0 | fr2kr: 105 | lpr2kr: 1000 | cap2udp: 0 | kr2udp: 0 | 
2026-05-03 17:04:08,560 - INFO     - img2od: 24 | od2fr: 0 | od2lpr: 1000 | od2cap: 0 | fr2kr: 103 | lpr2kr: 1000 | cap2udp: 0 | kr2udp: 1 | 
2026-05-03 17:04:09,561 - INFO     - img2od: 24 | od2fr: 0 | od2lpr: 1000 | od2cap: 0 | fr2kr: 101 | lpr2kr: 1000 | cap2udp: 0 | kr2udp: 1 | 
2026-05-03 17:04:10,562 - INFO     - img2od: 24 | od2fr: 0 | od2lpr: 1000 | od2cap: 0 | fr2kr: 99 | lpr2kr: 1000 | cap2udp: 0 | kr2udp: 1 | 
2026-05-03 17:04:11,563 - INFO     - img2od: 24 | od2fr: 0 | od2lpr: 1000 | od2cap: 0 | fr2kr: 96 | lpr2kr: 1000 | cap2udp: 0 | kr2udp: 1 | 
2026-05-03 17:04:12,564 - INFO     - img2od: 24 | od2fr: 0 | od2lpr: 1000 | od2cap: 0 | fr2kr: 94 | lpr2kr: 1000 | cap2udp: 0 | kr2udp: 1 | 
2026-05-03 17:04:13,565 - INFO     - img2od: 24 | od2fr: 0 | od2lpr: 1000 | od2cap: 0 | fr2kr: 92 | lpr2kr: 1000 | cap2udp: 0 | kr2udp: 0 | 
2026-05-03 17:04:14,566 - INFO     - img2od: 24 | od2fr: 0 | od2lpr: 1000 | od2cap: 0 | fr2kr: 90 | lpr2kr: 1000 | cap2udp: 0 | kr2udp: 1 | 
2026-05-03 17:04:15,567 - INFO     - img2od: 24 | od2fr: 0 | od2lpr: 1000 | od2cap: 0 | fr2kr: 88 | lpr2kr: 1000 | cap2udp: 0 | kr2udp: 1 | 
2026-05-03 17:04:16,568 - INFO     - img2od: 24 | od2fr: 0 | od2lpr: 1000 | od2cap: 0 | fr2kr: 85 | lpr2kr: 1000 | cap2udp: 0 | kr2udp: 1 | 
2026-05-03 17:04:17,569 - INFO     - img2od: 24 | od2fr: 0 | od2lpr: 1000 | od2cap: 0 | fr2kr: 83 | lpr2kr: 1000 | cap2udp: 0 | kr2udp: 0 | 
2026-05-03 17:04:18,570 - INFO     - img2od: 24 | od2fr: 0 | od2lpr: 1000 | od2cap: 0 | fr2kr: 81 | lpr2kr: 1000 | cap2udp: 0 | kr2udp: 1 | 
2026-05-03 17:04:19,571 - INFO     - img2od: 24 | od2fr: 0 | od2lpr: 1000 | od2cap: 0 | fr2kr: 79 | lpr2kr: 1000 | cap2udp: 0 | kr2udp: 1 | 
2026-05-03 17:04:20,572 - INFO     - img2od: 24 | od2fr: 0 | od2lpr: 1000 | od2cap: 0 | fr2kr: 78 | lpr2kr: 1000 | cap2udp: 0 | kr2udp: 1 | 
2026-05-03 17:04:21,573 - INFO     - img2od: 24 | od2fr: 0 | od2lpr: 1000 | od2cap: 0 | fr2kr: 76 | lpr2kr: 1000 | cap2udp: 0 | kr2udp: 1 | 
2026-05-03 17:04:22,574 - INFO     - img2od: 24 | od2fr: 0 | od2lpr: 1000 | od2cap: 0 | fr2kr: 73 | lpr2kr: 1000 | cap2udp: 0 | kr2udp: 0 | 
2026-05-03 17:04:23,575 - INFO     - img2od: 24 | od2fr: 0 | od2lpr: 1000 | od2cap: 0 | fr2kr: 71 | lpr2kr: 1000 | cap2udp: 0 | kr2udp: 0 | 
2026-05-03 17:04:24,576 - INFO     - img2od: 24 | od2fr: 0 | od2lpr: 1000 | od2cap: 0 | fr2kr: 69 | lpr2kr: 1000 | cap2udp: 0 | kr2udp: 1 | 
2026-05-03 17:04:25,577 - INFO     - img2od: 24 | od2fr: 0 | od2lpr: 1000 | od2cap: 0 | fr2kr: 67 | lpr2kr: 1000 | cap2udp: 0 | kr2udp: 0 | 
2026-05-03 17:04:26,578 - INFO     - img2od: 24 | od2fr: 0 | od2lpr: 1000 | od2cap: 0 | fr2kr: 65 | lpr2kr: 1000 | cap2udp: 0 | kr2udp: 0 | 
2026-05-03 17:04:27,579 - INFO     - img2od: 24 | od2fr: 0 | od2lpr: 1000 | od2cap: 0 | fr2kr: 63 | lpr2kr: 1000 | cap2udp: 0 | kr2udp: 1 | 
2026-05-03 17:04:28,580 - INFO     - img2od: 24 | od2fr: 0 | od2lpr: 1000 | od2cap: 0 | fr2kr: 61 | lpr2kr: 1000 | cap2udp: 0 | kr2udp: 1 | 
2026-05-03 17:04:29,581 - INFO     - img2od: 24 | od2fr: 0 | od2lpr: 1000 | od2cap: 0 | fr2kr: 58 | lpr2kr: 1000 | cap2udp: 0 | kr2udp: 1 | 
2026-05-03 17:04:30,582 - INFO     - img2od: 24 | od2fr: 0 | od2lpr: 1000 | od2cap: 0 | fr2kr: 57 | lpr2kr: 1000 | cap2udp: 0 | kr2udp: 1 | 
2026-05-03 17:04:31,583 - INFO     - img2od: 24 | od2fr: 0 | od2lpr: 1000 | od2cap: 0 | fr2kr: 54 | lpr2kr: 1000 | cap2udp: 0 | kr2udp: 1 | 
2026-05-03 17:04:32,584 - INFO     - img2od: 24 | od2fr: 0 | od2lpr: 1000 | od2cap: 0 | fr2kr: 53 | lpr2kr: 1000 | cap2udp: 0 | kr2udp: 1 | 
2026-05-03 17:04:33,585 - INFO     - img2od: 24 | od2fr: 0 | od2lpr: 1000 | od2cap: 0 | fr2kr: 51 | lpr2kr: 1000 | cap2udp: 0 | kr2udp: 1 | 
2026-05-03 17:04:34,586 - INFO     - img2od: 24 | od2fr: 0 | od2lpr: 1000 | od2cap: 0 | fr2kr: 48 | lpr2kr: 1000 | cap2udp: 0 | kr2udp: 1 | 
2026-05-03 17:04:35,587 - INFO     - img2od: 24 | od2fr: 0 | od2lpr: 1000 | od2cap: 0 | fr2kr: 47 | lpr2kr: 1000 | cap2udp: 0 | kr2udp: 1 | 
2026-05-03 17:04:36,588 - INFO     - img2od: 24 | od2fr: 0 | od2lpr: 1000 | od2cap: 0 | fr2kr: 44 | lpr2kr: 1000 | cap2udp: 0 | kr2udp: 1 | 
2026-05-03 17:04:37,589 - INFO     - img2od: 24 | od2fr: 0 | od2lpr: 1000 | od2cap: 0 | fr2kr: 42 | lpr2kr: 1000 | cap2udp: 0 | kr2udp: 1 | 
2026-05-03 17:04:38,590 - INFO     - img2od: 24 | od2fr: 0 | od2lpr: 1000 | od2cap: 0 | fr2kr: 40 | lpr2kr: 1000 | cap2udp: 0 | kr2udp: 0 | 
2026-05-03 17:04:39,591 - INFO     - img2od: 24 | od2fr: 0 | od2lpr: 1000 | od2cap: 0 | fr2kr: 38 | lpr2kr: 1000 | cap2udp: 0 | kr2udp: 0 | 
2026-05-03 17:04:40,592 - INFO     - img2od: 24 | od2fr: 0 | od2lpr: 1000 | od2cap: 0 | fr2kr: 36 | lpr2kr: 1000 | cap2udp: 0 | kr2udp: 0 | 
2026-05-03 17:04:41,593 - INFO     - img2od: 24 | od2fr: 0 | od2lpr: 999 | od2cap: 0 | fr2kr: 34 | lpr2kr: 1000 | cap2udp: 0 | kr2udp: 1 | 
2026-05-03 17:04:42,594 - INFO     - img2od: 24 | od2fr: 0 | od2lpr: 1000 | od2cap: 0 | fr2kr: 32 | lpr2kr: 1000 | cap2udp: 0 | kr2udp: 1 | 
2026-05-03 17:04:43,595 - INFO     - img2od: 24 | od2fr: 0 | od2lpr: 1000 | od2cap: 0 | fr2kr: 30 | lpr2kr: 1000 | cap2udp: 0 | kr2udp: 1 | 
2026-05-03 17:04:44,596 - INFO     - img2od: 24 | od2fr: 0 | od2lpr: 1000 | od2cap: 0 | fr2kr: 28 | lpr2kr: 1000 | cap2udp: 0 | kr2udp: 1 | 
2026-05-03 17:04:45,597 - INFO     - img2od: 24 | od2fr: 0 | od2lpr: 1000 | od2cap: 0 | fr2kr: 26 | lpr2kr: 1000 | cap2udp: 0 | kr2udp: 1 | 
2026-05-03 17:04:46,598 - INFO     - img2od: 24 | od2fr: 0 | od2lpr: 1000 | od2cap: 0 | fr2kr: 24 | lpr2kr: 1000 | cap2udp: 0 | kr2udp: 1 | 
2026-05-03 17:04:47,599 - INFO     - img2od: 24 | od2fr: 0 | od2lpr: 1000 | od2cap: 0 | fr2kr: 21 | lpr2kr: 1000 | cap2udp: 0 | kr2udp: 1 | 
2026-05-03 17:04:48,600 - INFO     - img2od: 24 | od2fr: 0 | od2lpr: 1000 | od2cap: 0 | fr2kr: 19 | lpr2kr: 1000 | cap2udp: 0 | kr2udp: 1 | 
2026-05-03 17:04:49,601 - INFO     - img2od: 24 | od2fr: 0 | od2lpr: 1000 | od2cap: 0 | fr2kr: 17 | lpr2kr: 1000 | cap2udp: 0 | kr2udp: 0 | 
2026-05-03 17:04:50,602 - INFO     - img2od: 24 | od2fr: 0 | od2lpr: 1000 | od2cap: 0 | fr2kr: 15 | lpr2kr: 1000 | cap2udp: 0 | kr2udp: 1 | 
2026-05-03 17:04:51,603 - INFO     - img2od: 24 | od2fr: 0 | od2lpr: 1000 | od2cap: 0 | fr2kr: 12 | lpr2kr: 1000 | cap2udp: 0 | kr2udp: 1 | 
2026-05-03 17:04:52,604 - INFO     - img2od: 24 | od2fr: 0 | od2lpr: 1000 | od2cap: 0 | fr2kr: 10 | lpr2kr: 1000 | cap2udp: 0 | kr2udp: 0 | 
2026-05-03 17:04:53,605 - INFO     - img2od: 24 | od2fr: 0 | od2lpr: 1000 | od2cap: 0 | fr2kr: 8 | lpr2kr: 1000 | cap2udp: 0 | kr2udp: 0 | 
2026-05-03 17:04:54,606 - INFO     - img2od: 24 | od2fr: 0 | od2lpr: 1000 | od2cap: 0 | fr2kr: 6 | lpr2kr: 1000 | cap2udp: 0 | kr2udp: 1 | 
2026-05-03 17:04:55,607 - INFO     - img2od: 24 | od2fr: 0 | od2lpr: 1000 | od2cap: 0 | fr2kr: 4 | lpr2kr: 1000 | cap2udp: 0 | kr2udp: 1 | 
2026-05-03 17:04:56,608 - INFO     - img2od: 24 | od2fr: 0 | od2lpr: 1000 | od2cap: 0 | fr2kr: 2 | lpr2kr: 1000 | cap2udp: 0 | kr2udp: 1 | 
2026-05-03 17:04:57,609 - INFO     - img2od: 24 | od2fr: 0 | od2lpr: 1000 | od2cap: 0 | fr2kr: 0 | lpr2kr: 1000 | cap2udp: 0 | kr2udp: 1 | 
2026-05-03 17:04:58,610 - INFO     - img2od: 24 | od2fr: 0 | od2lpr: 1000 | od2cap: 0 | fr2kr: 0 | lpr2kr: 1000 | cap2udp: 0 | kr2udp: 0 | 
2026-05-03 17:04:59,611 - INFO     - img2od: 24 | od2fr: 0 | od2lpr: 1000 | od2cap: 0 | fr2kr: 0 | lpr2kr: 1000 | cap2udp: 0 | kr2udp: 0 | 
2026-05-03 17:05:00,612 - INFO     - img2od: 24 | od2fr: 0 | od2lpr: 1000 | od2cap: 0 | fr2kr: 0 | lpr2kr: 1000 | cap2udp: 0 | kr2udp: 1 | 
2026-05-03 17:05:01,613 - INFO     - img2od: 24 | od2fr: 0 | od2lpr: 1000 | od2cap: 0 | fr2kr: 0 | lpr2kr: 1000 | cap2udp: 0 | kr2udp: 1 | 
2026-05-03 17:05:02,614 - INFO     - img2od: 24 | od2fr: 0 | od2lpr: 1000 | od2cap: 0 | fr2kr: 0 | lpr2kr: 1000 | cap2udp: 0 | kr2udp: 1 | 
2026-05-03 17:05:03,615 - INFO     - img2od: 24 | od2fr: 0 | od2lpr: 1000 | od2cap: 0 | fr2kr: 0 | lpr2kr: 1000 | cap2udp: 0 | kr2udp: 1 | 
2026-05-03 17:05:04,616 - INFO     - img2od: 24 | od2fr: 0 | od2lpr: 1000 | od2cap: 0 | fr2kr: 0 | lpr2kr: 1000 | cap2udp: 0 | kr2udp: 0 | 
2026-05-03 17:05:05,617 - INFO     - img2od: 24 | od2fr: 0 | od2lpr: 1000 | od2cap: 0 | fr2kr: 0 | lpr2kr: 1000 | cap2udp: 0 | kr2udp: 1 | 
2026-05-03 17:05:06,618 - INFO     - img2od: 24 | od2fr: 0 | od2lpr: 1000 | od2cap: 0 | fr2kr: 0 | lpr2kr: 1000 | cap2udp: 0 | kr2udp: 0 | 
2026-05-03 17:05:07,619 - INFO     - img2od: 24 | od2fr: 0 | od2lpr: 1000 | od2cap: 0 | fr2kr: 0 | lpr2kr: 1000 | cap2udp: 0 | kr2udp: 0 | 
2026-05-03 17:05:08,620 - INFO     - img2od: 24 | od2fr: 0 | od2lpr: 1000 | od2cap: 0 | fr2kr: 0 | lpr2kr: 1000 | cap2udp: 0 | kr2udp: 1 | 
2026-05-03 17:05:09,621 - INFO     - img2od: 24 | od2fr: 0 | od2lpr: 1000 | od2cap: 0 | fr2kr: 0 | lpr2kr: 1000 | cap2udp: 0 | kr2udp: 1 | 
2026-05-03 17:05:10,622 - INFO     - img2od: 24 | od2fr: 0 | od2lpr: 1000 | od2cap: 0 | fr2kr: 0 | lpr2kr: 1000 | cap2udp: 0 | kr2udp: 1 | 
2026-05-03 17:05:11,623 - INFO     - img2od: 24 | od2fr: 0 | od2lpr: 1000 | od2cap: 0 | fr2kr: 0 | lpr2kr: 1000 | cap2udp: 0 | kr2udp: 1 | 
2026-05-03 17:05:12,624 - INFO     - img2od: 24 | od2fr: 0 | od2lpr: 1000 | od2cap: 0 | fr2kr: 0 | lpr2kr: 1000 | cap2udp: 0 | kr2udp: 1 | 
2026-05-03 17:05:13,625 - INFO     - img2od: 24 | od2fr: 0 | od2lpr: 1000 | od2cap: 0 | fr2kr: 0 | lpr2kr: 1000 | cap2udp: 0 | kr2udp: 0 | 
2026-05-03 17:05:14,626 - INFO     - img2od: 24 | od2fr: 0 | od2lpr: 1000 | od2cap: 0 | fr2kr: 0 | lpr2kr: 1000 | cap2udp: 0 | kr2udp: 1 | 
2026-05-03 17:05:15,627 - INFO     - img2od: 24 | od2fr: 0 | od2lpr: 1000 | od2cap: 0 | fr2kr: 0 | lpr2kr: 1000 | cap2udp: 0 | kr2udp: 1 | 
2026-05-03 17:05:16,628 - INFO     - img2od: 24 | od2fr: 0 | od2lpr: 1000 | od2cap: 0 | fr2kr: 0 | lpr2kr: 1000 | cap2udp: 0 | kr2udp: 1 | 
2026-05-03 17:05:17,629 - INFO     - img2od: 24 | od2fr: 0 | od2lpr: 1000 | od2cap: 0 | fr2kr: 0 | lpr2kr: 1000 | cap2udp: 0 | kr2udp: 1 | 
2026-05-03 17:05:18,630 - INFO     - img2od: 24 | od2fr: 0 | od2lpr: 1000 | od2cap: 0 | fr2kr: 0 | lpr2kr: 1000 | cap2udp: 0 | kr2udp: 0 | 
2026-05-03 17:05:19,631 - INFO     - img2od: 24 | od2fr: 0 | od2lpr: 1000 | od2cap: 0 | fr2kr: 0 | lpr2kr: 1000 | cap2udp: 0 | kr2udp: 0 | 
2026-05-03 17:05:20,632 - INFO     - img2od: 24 | od2fr: 0 | od2lpr: 1000 | od2cap: 0 | fr2kr: 0 | lpr2kr: 1000 | cap2udp: 0 | kr2udp: 1 | 
2026-05-03 17:05:21,633 - INFO     - img2od: 24 | od2fr: 0 | od2lpr: 1000 | od2cap: 0 | fr2kr: 0 | lpr2kr: 1000 | cap2udp: 0 | kr2udp: 1 | 
2026-05-03 17:05:22,634 - INFO     - img2od: 24 | od2fr: 0 | od2lpr: 1000 | od2cap: 0 | fr2kr: 0 | lpr2kr: 1000 | cap2udp: 0 | kr2udp: 1 | 
2026-05-03 17:05:23,635 - INFO     - img2od: 24 | od2fr: 0 | od2lpr: 1000 | od2cap: 0 | fr2kr: 0 | lpr2kr: 1000 | cap2udp: 0 | kr2udp: 1 | 
2026-05-03 17:05:24,636 - INFO     - img2od: 24 | od2fr: 0 | od2lpr: 1000 | od2cap: 0 | fr2kr: 0 | lpr2kr: 1000 | cap2udp: 0 | kr2udp: 1 | 
2026-05-03 17:05:25,637 - INFO     - img2od: 24 | od2fr: 0 | od2lpr: 1000 | od2cap: 0 | fr2kr: 0 | lpr2kr: 1000 | cap2udp: 0 | kr2udp: 1 | 
2026-05-03 17:05:26,638 - INFO     - img2od: 24 | od2fr: 0 | od2lpr: 1000 | od2cap: 0 | fr2kr: 0 | lpr2kr: 1000 | cap2udp: 0 | kr2udp: 1 | 
2026-05-03 17:05:27,639 - INFO     - img2od: 24 | od2fr: 0 | od2lpr: 1000 | od2cap: 0 | fr2kr: 0 | lpr2kr: 1000 | cap2udp: 0 | kr2udp: 1 | 
2026-05-03 17:05:28,640 - INFO     - img2od: 24 | od2fr: 0 | od2lpr: 1000 | od2cap: 0 | fr2kr: 0 | lpr2kr: 1000 | cap2udp: 0 | kr2udp: 1 | 
2026-05-03 17:05:29,641 - INFO     - img2od: 24 | od2fr: 0 | od2lpr: 1000 | od2cap: 0 | fr2kr: 0 | lpr2kr: 1000 | cap2udp: 0 | kr2udp: 1 | 
2026-05-03 17:05:30,642 - INFO     - img2od: 24 | od2fr: 0 | od2lpr: 1000 | od2cap: 0 | fr2kr: 0 | lpr2kr: 1000 | cap2udp: 0 | kr2udp: 0 | 
2026-05-03 17:05:31,643 - INFO     - img2od: 24 | od2fr: 0 | od2lpr: 1000 | od2cap: 0 | fr2kr: 0 | lpr2kr: 1000 | cap2udp: 0 | kr2udp: 1 | 
2026-05-03 17:05:32,644 - INFO     - img2od: 24 | od2fr: 0 | od2lpr: 1000 | od2cap: 0 | fr2kr: 0 | lpr2kr: 1000 | cap2udp: 0 | kr2udp: 0 | 
2026-05-03 17:05:33,645 - INFO     - img2od: 24 | od2fr: 0 | od2lpr: 1000 | od2cap: 0 | fr2kr: 0 | lpr2kr: 1000 | cap2udp: 0 | kr2udp: 1 | 
2026-05-03 17:05:34,646 - INFO     - img2od: 24 | od2fr: 0 | od2lpr: 1000 | od2cap: 0 | fr2kr: 0 | lpr2kr: 999 | cap2udp: 0 | kr2udp: 0 | 
2026-05-03 17:05:35,647 - INFO     - img2od: 24 | od2fr: 0 | od2lpr: 1000 | od2cap: 0 | fr2kr: 0 | lpr2kr: 1000 | cap2udp: 0 | kr2udp: 0 | 
2026-05-03 17:05:36,648 - INFO     - img2od: 24 | od2fr: 0 | od2lpr: 1000 | od2cap: 0 | fr2kr: 0 | lpr2kr: 1000 | cap2udp: 0 | kr2udp: 0 | 
2026-05-03 17:05:37,649 - INFO     - img2od: 24 | od2fr: 0 | od2lpr: 1000 | od2cap: 0 | fr2kr: 0 | lpr2kr: 1000 | cap2udp: 0 | kr2udp: 1 | 
2026-05-03 17:05:38,650 - INFO     - img2od: 24 | od2fr: 0 | od2lpr: 1000 | od2cap: 0 | fr2kr: 0 | lpr2kr: 1000 | cap2udp: 0 | kr2udp: 1 | 
2026-05-03 17:05:39,651 - INFO     - img2od: 24 | od2fr: 0 | od2lpr: 1000 | od2cap: 0 | fr2kr: 0 | lpr2kr: 1000 | cap2udp: 0 | kr2udp: 1 | 
2026-05-03 17:05:40,652 - INFO     - img2od: 24 | od2fr: 0 | od2lpr: 1000 | od2cap: 0 | fr2kr: 0 | lpr2kr: 1000 | cap2udp: 0 | kr2udp: 1 | 
2026-05-03 17:05:41,653 - INFO     - img2od: 24 | od2fr: 0 | od2lpr: 1000 | od2cap: 0 | fr2kr: 0 | lpr2kr: 1000 | cap2udp: 0 | kr2udp: 1 | 
2026-05-03 17:05:42,654 - INFO     - img2od: 24 | od2fr: 0 | od2lpr: 1000 | od2cap: 0 | fr2kr: 0 | lpr2kr: 1000 | cap2udp: 0 | kr2udp: 1 | 
2026-05-03 17:05:43,655 - INFO     - img2od: 24 | od2fr: 0 | od2lpr: 1000 | od2cap: 0 | fr2kr: 0 | lpr2kr: 1000 | cap2udp: 0 | kr2udp: 0 | 
2026-05-03 17:05:44,656 - INFO     - img2od: 24 | od2fr: 0 | od2lpr: 1000 | od2cap: 0 | fr2kr: 0 | lpr2kr: 1000 | cap2udp: 0 | kr2udp: 0 | 
2026-05-03 17:05:45,657 - INFO     - img2od: 24 | od2fr: 0 | od2lpr: 1000 | od2cap: 0 | fr2kr: 0 | lpr2kr: 1000 | cap2udp: 0 | kr2udp: 0 | 
2026-05-03 17:05:46,658 - INFO     - img2od: 24 | od2fr: 0 | od2lpr: 1000 | od2cap: 0 | fr2kr: 0 | lpr2kr: 1000 | cap2udp: 0 | kr2udp: 1 | 
2026-05-03 17:05:47,659 - INFO     - img2od: 24 | od2fr: 0 | od2lpr: 1000 | od2cap: 0 | fr2kr: 0 | lpr2kr: 1000 | cap2udp: 0 | kr2udp: 1 | 
2026-05-03 17:05:48,660 - INFO     - img2od: 24 | od2fr: 0 | od2lpr: 1000 | od2cap: 0 | fr2kr: 0 | lpr2kr: 1000 | cap2udp: 0 | kr2udp: 1 | 
2026-05-03 17:05:49,661 - INFO     - img2od: 24 | od2fr: 0 | od2lpr: 1000 | od2cap: 0 | fr2kr: 0 | lpr2kr: 1000 | cap2udp: 0 | kr2udp: 1 | 
2026-05-03 17:05:50,662 - INFO     - img2od: 24 | od2fr: 0 | od2lpr: 1000 | od2cap: 0 | fr2kr: 0 | lpr2kr: 1000 | cap2udp: 0 | kr2udp: 0 | 
2026-05-03 17:05:51,663 - INFO     - img2od: 24 | od2fr: 0 | od2lpr: 1000 | od2cap: 0 | fr2kr: 0 | lpr2kr: 1000 | cap2udp: 0 | kr2udp: 0 | 
2026-05-03 17:05:52,664 - INFO     - img2od: 24 | od2fr: 0 | od2lpr: 1000 | od2cap: 0 | fr2kr: 0 | lpr2kr: 1000 | cap2udp: 0 | kr2udp: 0 | 
2026-05-03 17:05:53,665 - INFO     - img2od: 24 | od2fr: 0 | od2lpr: 1000 | od2cap: 0 | fr2kr: 0 | lpr2kr: 1000 | cap2udp: 0 | kr2udp: 0 | 
2026-05-03 17:05:54,666 - INFO     - img2od: 24 | od2fr: 0 | od2lpr: 1000 | od2cap: 0 | fr2kr: 0 | lpr2kr: 1000 | cap2udp: 0 | kr2udp: 1 | 
2026-05-03 17:05:55,667 - INFO     - img2od: 24 | od2fr: 0 | od2lpr: 1000 | od2cap: 0 | fr2kr: 0 | lpr2kr: 1000 | cap2udp: 0 | kr2udp: 1 | 
2026-05-03 17:05:56,668 - INFO     - img2od: 24 | od2fr: 0 | od2lpr: 1000 | od2cap: 0 | fr2kr: 0 | lpr2kr: 1000 | cap2udp: 0 | kr2udp: 1 | 
2026-05-03 17:05:57,669 - INFO     - img2od: 24 | od2fr: 0 | od2lpr: 1000 | od2cap: 0 | fr2kr: 0 | lpr2kr: 1000 | cap2udp: 0 | kr2udp: 1 | 
2026-05-03 17:05:58,670 - INFO     - img2od: 24 | od2fr: 0 | od2lpr: 1000 | od2cap: 0 | fr2kr: 0 | lpr2kr: 1000 | cap2udp: 0 | kr2udp: 1 | 
2026-05-03 17:05:59,671 - INFO     - img2od: 24 | od2fr: 0 | od2lpr: 1000 | od2cap: 0 | fr2kr: 0 | lpr2kr: 1000 | cap2udp: 0 | kr2udp: 1 | 
2026-05-03 17:06:00,672 - INFO     - img2od: 24 | od2fr: 0 | od2lpr: 1000 | od2cap: 0 | fr2kr: 0 | lpr2kr: 1000 | cap2udp: 0 | kr2udp: 1 | 
2026-05-03 17:06:01,673 - INFO     - img2od: 24 | od2fr: 0 | od2lpr: 1000 | od2cap: 0 | fr2kr: 0 | lpr2kr: 1000 | cap2udp: 0 | kr2udp: 0 | 
2026-05-03 17:06:02,674 - INFO     - img2od: 24 | od2fr: 0 | od2lpr: 999 | od2cap: 0 | fr2kr: 0 | lpr2kr: 1000 | cap2udp: 0 | kr2udp: 1 | 
2026-05-03 17:06:03,675 - INFO     - img2od: 24 | od2fr: 0 | od2lpr: 1000 | od2cap: 0 | fr2kr: 0 | lpr2kr: 1000 | cap2udp: 0 | kr2udp: 1 | 
2026-05-03 17:06:04,676 - INFO     - img2od: 24 | od2fr: 0 | od2lpr: 1000 | od2cap: 0 | fr2kr: 0 | lpr2kr: 1000 | cap2udp: 0 | kr2udp: 0 | 
2026-05-03 17:06:05,677 - INFO     - img2od: 24 | od2fr: 0 | od2lpr: 1000 | od2cap: 0 | fr2kr: 0 | lpr2kr: 1000 | cap2udp: 0 | kr2udp: 1 | 
2026-05-03 17:06:06,678 - INFO     - img2od: 24 | od2fr: 0 | od2lpr: 1000 | od2cap: 0 | fr2kr: 0 | lpr2kr: 1000 | cap2udp: 0 | kr2udp: 1 | 
2026-05-03 17:06:07,679 - INFO     - img2od: 24 | od2fr: 0 | od2lpr: 1000 | od2cap: 0 | fr2kr: 0 | lpr2kr: 1000 | cap2udp: 0 | kr2udp: 1 | 
2026-05-03 17:06:08,680 - INFO     - img2od: 24 | od2fr: 0 | od2lpr: 1000 | od2cap: 0 | fr2kr: 0 | lpr2kr: 1000 | cap2udp: 0 | kr2udp: 1 | 
2026-05-03 17:06:09,681 - INFO     - img2od: 24 | od2fr: 0 | od2lpr: 1000 | od2cap: 0 | fr2kr: 0 | lpr2kr: 1000 | cap2udp: 0 | kr2udp: 1 | 
2026-05-03 17:06:10,682 - INFO     - img2od: 24 | od2fr: 0 | od2lpr: 1000 | od2cap: 0 | fr2kr: 0 | lpr2kr: 1000 | cap2udp: 0 | kr2udp: 0 | 
2026-05-03 17:06:11,683 - INFO     - img2od: 24 | od2fr: 0 | od2lpr: 1000 | od2cap: 0 | fr2kr: 0 | lpr2kr: 1000 | cap2udp: 0 | kr2udp: 1 | 
2026-05-03 17:06:12,684 - INFO     - img2od: 24 | od2fr: 0 | od2lpr: 1000 | od2cap: 0 | fr2kr: 0 | lpr2kr: 1000 | cap2udp: 0 | kr2udp: 1 | 
2026-05-03 17:06:13,685 - INFO     - img2od: 24 | od2fr: 0 | od2lpr: 1000 | od2cap: 0 | fr2kr: 0 | lpr2kr: 1000 | cap2udp: 0 | kr2udp: 1 | 
2026-05-03 17:06:14,686 - INFO     - img2od: 24 | od2fr: 0 | od2lpr: 1000 | od2cap: 0 | fr2kr: 0 | lpr2kr: 1000 | cap2udp: 0 | kr2udp: 1 | 
2026-05-03 17:06:15,687 - INFO     - img2od: 24 | od2fr: 0 | od2lpr: 1000 | od2cap: 0 | fr2kr: 0 | lpr2kr: 1000 | cap2udp: 0 | kr2udp: 0 | 
2026-05-03 17:06:16,688 - INFO     - img2od: 24 | od2fr: 0 | od2lpr: 1000 | od2cap: 0 | fr2kr: 0 | lpr2kr: 1000 | cap2udp: 0 | kr2udp: 1 | 
2026-05-03 17:06:17,689 - INFO     - img2od: 24 | od2fr: 0 | od2lpr: 1000 | od2cap: 0 | fr2kr: 0 | lpr2kr: 1000 | cap2udp: 0 | kr2udp: 1 | 
2026-05-03 17:06:18,690 - INFO     - img2od: 24 | od2fr: 0 | od2lpr: 1000 | od2cap: 0 | fr2kr: 0 | lpr2kr: 1000 | cap2udp: 0 | kr2udp: 0 | 
2026-05-03 17:06:19,691 - INFO     - img2od: 24 | od2fr: 0 | od2lpr: 1000 | od2cap: 0 | fr2kr: 0 | lpr2kr: 1000 | cap2udp: 0 | kr2udp: 1 | 
2026-05-03 17:06:20,692 - INFO     - img2od: 24 | od2fr: 0 | od2lpr: 1000 | od2cap: 0 | fr2kr: 0 | lpr2kr: 1000 | cap2udp: 0 | kr2udp: 0 | 
2026-05-03 17:06:21,693 - INFO     - img2od: 24 | od2fr: 0 | od2lpr: 999 | od2cap: 0 | fr2kr: 0 | lpr2kr: 1000 | cap2udp: 0 | kr2udp: 1 | 
2026-05-03 17:06:22,694 - INFO     - img2od: 24 | od2fr: 0 | od2lpr: 1000 | od2cap: 0 | fr2kr: 0 | lpr2kr: 1000 | cap2udp: 0 | kr2udp: 1 | 
2026-05-03 17:06:23,695 - INFO     - img2od: 24 | od2fr: 0 | od2lpr: 1000 | od2cap: 0 | fr2kr: 0 | lpr2kr: 1000 | cap2udp: 0 | kr2udp: 1 | 
2026-05-03 17:06:24,696 - INFO     - img2od: 24 | od2fr: 0 | od2lpr: 1000 | od2cap: 0 | fr2kr: 0 | lpr2kr: 1000 | cap2udp: 0 | kr2udp: 1 | 
2026-05-03 17:06:25,697 - INFO     - img2od: 24 | od2fr: 0 | od2lpr: 1000 | od2cap: 0 | fr2kr: 0 | lpr2kr: 1000 | cap2udp: 0 | kr2udp: 0 | 
2026-05-03 17:06:26,698 - INFO     - img2od: 24 | od2fr: 0 | od2lpr: 1000 | od2cap: 0 | fr2kr: 0 | lpr2kr: 1000 | cap2udp: 0 | kr2udp: 1 | 
2026-05-03 17:06:27,699 - INFO     - img2od: 24 | od2fr: 0 | od2lpr: 1000 | od2cap: 0 | fr2kr: 0 | lpr2kr: 999 | cap2udp: 0 | kr2udp: 1 | 
2026-05-03 17:06:28,700 - INFO     - img2od: 24 | od2fr: 0 | od2lpr: 1000 | od2cap: 0 | fr2kr: 0 | lpr2kr: 1000 | cap2udp: 0 | kr2udp: 1 | 
2026-05-03 17:06:29,701 - INFO     - img2od: 24 | od2fr: 0 | od2lpr: 1000 | od2cap: 0 | fr2kr: 0 | lpr2kr: 1000 | cap2udp: 0 | kr2udp: 1 | 
2026-05-03 17:06:30,702 - INFO     - img2od: 24 | od2fr: 0 | od2lpr: 1000 | od2cap: 0 | fr2kr: 0 | lpr2kr: 1000 | cap2udp: 0 | kr2udp: 0 | 
2026-05-03 17:06:31,703 - INFO     - img2od: 24 | od2fr: 0 | od2lpr: 1000 | od2cap: 0 | fr2kr: 0 | lpr2kr: 1000 | cap2udp: 0 | kr2udp: 1 | 
2026-05-03 17:06:32,704 - INFO     - img2od: 24 | od2fr: 0 | od2lpr: 1000 | od2cap: 0 | fr2kr: 0 | lpr2kr: 1000 | cap2udp: 0 | kr2udp: 1 | 
2026-05-03 17:06:33,705 - INFO     - img2od: 24 | od2fr: 0 | od2lpr: 1000 | od2cap: 0 | fr2kr: 0 | lpr2kr: 1000 | cap2udp: 0 | kr2udp: 1 | 
2026-05-03 17:06:34,706 - INFO     - img2od: 24 | od2fr: 0 | od2lpr: 1000 | od2cap: 0 | fr2kr: 0 | lpr2kr: 1000 | cap2udp: 0 | kr2udp: 1 | 
2026-05-03 17:06:35,707 - INFO     - img2od: 24 | od2fr: 0 | od2lpr: 1000 | od2cap: 0 | fr2kr: 0 | lpr2kr: 1000 | cap2udp: 0 | kr2udp: 1 | 
2026-05-03 17:06:36,708 - INFO     - img2od: 24 | od2fr: 0 | od2lpr: 1000 | od2cap: 0 | fr2kr: 0 | lpr2kr: 1000 | cap2udp: 0 | kr2udp: 1 | 
2026-05-03 17:06:37,709 - INFO     - img2od: 24 | od2fr: 0 | od2lpr: 1000 | od2cap: 0 | fr2kr: 0 | lpr2kr: 1000 | cap2udp: 0 | kr2udp: 1 | 
2026-05-03 17:06:38,710 - INFO     - img2od: 24 | od2fr: 0 | od2lpr: 999 | od2cap: 0 | fr2kr: 0 | lpr2kr: 1000 | cap2udp: 0 | kr2udp: 1 | 
2026-05-03 17:06:39,711 - INFO     - img2od: 24 | od2fr: 0 | od2lpr: 1000 | od2cap: 0 | fr2kr: 0 | lpr2kr: 1000 | cap2udp: 0 | kr2udp: 1 | 
2026-05-03 17:06:40,712 - INFO     - img2od: 24 | od2fr: 0 | od2lpr: 1000 | od2cap: 0 | fr2kr: 0 | lpr2kr: 1000 | cap2udp: 0 | kr2udp: 1 | 
2026-05-03 17:06:41,713 - INFO     - img2od: 24 | od2fr: 0 | od2lpr: 1000 | od2cap: 0 | fr2kr: 0 | lpr2kr: 1000 | cap2udp: 0 | kr2udp: 1 | 
2026-05-03 17:06:42,714 - INFO     - img2od: 24 | od2fr: 0 | od2lpr: 1000 | od2cap: 0 | fr2kr: 0 | lpr2kr: 1000 | cap2udp: 0 | kr2udp: 1 | 
2026-05-03 17:06:43,715 - INFO     - img2od: 24 | od2fr: 0 | od2lpr: 1000 | od2cap: 0 | fr2kr: 0 | lpr2kr: 1000 | cap2udp: 0 | kr2udp: 0 | 
2026-05-03 17:06:44,716 - INFO     - img2od: 24 | od2fr: 0 | od2lpr: 1000 | od2cap: 0 | fr2kr: 0 | lpr2kr: 1000 | cap2udp: 0 | kr2udp: 1 | 
2026-05-03 17:06:45,717 - INFO     - img2od: 24 | od2fr: 0 | od2lpr: 1000 | od2cap: 0 | fr2kr: 0 | lpr2kr: 1000 | cap2udp: 0 | kr2udp: 0 | 
2026-05-03 17:06:46,718 - INFO     - img2od: 24 | od2fr: 0 | od2lpr: 1000 | od2cap: 0 | fr2kr: 0 | lpr2kr: 1000 | cap2udp: 0 | kr2udp: 1 | 
2026-05-03 17:06:47,719 - INFO     - img2od: 24 | od2fr: 0 | od2lpr: 1000 | od2cap: 0 | fr2kr: 0 | lpr2kr: 1000 | cap2udp: 0 | kr2udp: 1 | 
2026-05-03 17:06:48,720 - INFO     - img2od: 24 | od2fr: 0 | od2lpr: 1000 | od2cap: 0 | fr2kr: 0 | lpr2kr: 1000 | cap2udp: 0 | kr2udp: 0 | 
2026-05-03 17:06:49,721 - INFO     - img2od: 24 | od2fr: 0 | od2lpr: 1000 | od2cap: 0 | fr2kr: 0 | lpr2kr: 1000 | cap2udp: 0 | kr2udp: 0 | 
2026-05-03 17:06:50,722 - INFO     - img2od: 24 | od2fr: 0 | od2lpr: 1000 | od2cap: 0 | fr2kr: 0 | lpr2kr: 1000 | cap2udp: 0 | kr2udp: 1 | 
2026-05-03 17:06:51,723 - INFO     - img2od: 24 | od2fr: 0 | od2lpr: 999 | od2cap: 0 | fr2kr: 0 | lpr2kr: 1000 | cap2udp: 0 | kr2udp: 1 | 
2026-05-03 17:06:52,724 - INFO     - img2od: 24 | od2fr: 0 | od2lpr: 1000 | od2cap: 0 | fr2kr: 0 | lpr2kr: 1000 | cap2udp: 0 | kr2udp: 0 | 
2026-05-03 17:06:53,725 - INFO     - img2od: 24 | od2fr: 0 | od2lpr: 1000 | od2cap: 0 | fr2kr: 0 | lpr2kr: 1000 | cap2udp: 0 | kr2udp: 1 | 
2026-05-03 17:06:54,726 - INFO     - img2od: 24 | od2fr: 0 | od2lpr: 1000 | od2cap: 0 | fr2kr: 0 | lpr2kr: 1000 | cap2udp: 0 | kr2udp: 1 | 
2026-05-03 17:06:55,727 - INFO     - img2od: 24 | od2fr: 0 | od2lpr: 1000 | od2cap: 0 | fr2kr: 0 | lpr2kr: 1000 | cap2udp: 0 | kr2udp: 1 | 
2026-05-03 17:06:56,728 - INFO     - img2od: 24 | od2fr: 0 | od2lpr: 1000 | od2cap: 0 | fr2kr: 0 | lpr2kr: 1000 | cap2udp: 0 | kr2udp: 1 | 
2026-05-03 17:06:57,729 - INFO     - img2od: 24 | od2fr: 0 | od2lpr: 1000 | od2cap: 0 | fr2kr: 0 | lpr2kr: 1000 | cap2udp: 0 | kr2udp: 0 | 
2026-05-03 17:06:58,730 - INFO     - img2od: 24 | od2fr: 0 | od2lpr: 1000 | od2cap: 0 | fr2kr: 0 | lpr2kr: 1000 | cap2udp: 0 | kr2udp: 1 | 
2026-05-03 17:06:59,731 - INFO     - img2od: 24 | od2fr: 0 | od2lpr: 1000 | od2cap: 0 | fr2kr: 0 | lpr2kr: 1000 | cap2udp: 0 | kr2udp: 1 | 
2026-05-03 17:07:00,732 - INFO     - img2od: 24 | od2fr: 0 | od2lpr: 1000 | od2cap: 0 | fr2kr: 0 | lpr2kr: 1000 | cap2udp: 0 | kr2udp: 1 | 
2026-05-03 17:07:01,733 - INFO     - img2od: 24 | od2fr: 0 | od2lpr: 1000 | od2cap: 0 | fr2kr: 0 | lpr2kr: 1000 | cap2udp: 0 | kr2udp: 1 | 
2026-05-03 17:07:02,734 - INFO     - img2od: 24 | od2fr: 0 | od2lpr: 1000 | od2cap: 0 | fr2kr: 0 | lpr2kr: 1000 | cap2udp: 0 | kr2udp: 1 | 
2026-05-03 17:07:03,735 - INFO     - img2od: 24 | od2fr: 0 | od2lpr: 1000 | od2cap: 0 | fr2kr: 0 | lpr2kr: 1000 | cap2udp: 0 | kr2udp: 1 | 
2026-05-03 17:07:04,736 - INFO     - img2od: 24 | od2fr: 0 | od2lpr: 1000 | od2cap: 0 | fr2kr: 0 | lpr2kr: 1000 | cap2udp: 0 | kr2udp: 1 | 
2026-05-03 17:07:05,737 - INFO     - img2od: 24 | od2fr: 0 | od2lpr: 1000 | od2cap: 0 | fr2kr: 0 | lpr2kr: 1000 | cap2udp: 0 | kr2udp: 1 | 
2026-05-03 17:07:06,738 - INFO     - img2od: 24 | od2fr: 0 | od2lpr: 1000 | od2cap: 0 | fr2kr: 0 | lpr2kr: 1000 | cap2udp: 0 | kr2udp: 1 | 
2026-05-03 17:07:07,739 - INFO     - img2od: 24 | od2fr: 0 | od2lpr: 1000 | od2cap: 0 | fr2kr: 0 | lpr2kr: 1000 | cap2udp: 0 | kr2udp: 0 | 
2026-05-03 17:07:08,740 - INFO     - img2od: 24 | od2fr: 0 | od2lpr: 1000 | od2cap: 0 | fr2kr: 0 | lpr2kr: 1000 | cap2udp: 0 | kr2udp: 0 | 
2026-05-03 17:07:09,741 - INFO     - img2od: 24 | od2fr: 0 | od2lpr: 1000 | od2cap: 0 | fr2kr: 0 | lpr2kr: 1000 | cap2udp: 0 | kr2udp: 0 | 
2026-05-03 17:07:10,742 - INFO     - img2od: 24 | od2fr: 0 | od2lpr: 1000 | od2cap: 0 | fr2kr: 0 | lpr2kr: 1000 | cap2udp: 0 | kr2udp: 0 | 
2026-05-03 17:07:11,743 - INFO     - img2od: 24 | od2fr: 0 | od2lpr: 1000 | od2cap: 0 | fr2kr: 0 | lpr2kr: 1000 | cap2udp: 0 | kr2udp: 0 | 
2026-05-03 17:07:12,744 - INFO     - img2od: 24 | od2fr: 0 | od2lpr: 1000 | od2cap: 0 | fr2kr: 0 | lpr2kr: 1000 | cap2udp: 0 | kr2udp: 0 | 
2026-05-03 17:07:13,745 - INFO     - img2od: 24 | od2fr: 0 | od2lpr: 1000 | od2cap: 0 | fr2kr: 0 | lpr2kr: 1000 | cap2udp: 0 | kr2udp: 1 | 
2026-05-03 17:07:14,746 - INFO     - img2od: 24 | od2fr: 0 | od2lpr: 1000 | od2cap: 0 | fr2kr: 0 | lpr2kr: 1000 | cap2udp: 0 | kr2udp: 1 | 
2026-05-03 17:07:15,747 - INFO     - img2od: 24 | od2fr: 0 | od2lpr: 1000 | od2cap: 0 | fr2kr: 0 | lpr2kr: 1000 | cap2udp: 0 | kr2udp: 1 | 
2026-05-03 17:07:16,748 - INFO     - img2od: 24 | od2fr: 0 | od2lpr: 1000 | od2cap: 0 | fr2kr: 0 | lpr2kr: 1000 | cap2udp: 0 | kr2udp: 1 | 
2026-05-03 17:07:17,749 - INFO     - img2od: 24 | od2fr: 0 | od2lpr: 1000 | od2cap: 0 | fr2kr: 0 | lpr2kr: 1000 | cap2udp: 0 | kr2udp: 1 | 
2026-05-03 17:07:18,750 - INFO     - img2od: 24 | od2fr: 0 | od2lpr: 1000 | od2cap: 0 | fr2kr: 0 | lpr2kr: 1000 | cap2udp: 0 | kr2udp: 1 | 
2026-05-03 17:07:19,751 - INFO     - img2od: 24 | od2fr: 0 | od2lpr: 1000 | od2cap: 0 | fr2kr: 0 | lpr2kr: 1000 | cap2udp: 0 | kr2udp: 0 | 
2026-05-03 17:07:20,752 - INFO     - img2od: 24 | od2fr: 0 | od2lpr: 1000 | od2cap: 0 | fr2kr: 0 | lpr2kr: 1000 | cap2udp: 0 | kr2udp: 1 | 
2026-05-03 17:07:21,754 - INFO     - img2od: 24 | od2fr: 0 | od2lpr: 1000 | od2cap: 0 | fr2kr: 0 | lpr2kr: 1000 | cap2udp: 0 | kr2udp: 0 | 
2026-05-03 17:07:22,754 - INFO     - img2od: 24 | od2fr: 0 | od2lpr: 1000 | od2cap: 0 | fr2kr: 0 | lpr2kr: 1000 | cap2udp: 0 | kr2udp: 1 | 
2026-05-03 17:07:23,755 - INFO     - img2od: 24 | od2fr: 0 | od2lpr: 1000 | od2cap: 0 | fr2kr: 0 | lpr2kr: 1000 | cap2udp: 0 | kr2udp: 0 | 
2026-05-03 17:07:24,756 - INFO     - img2od: 24 | od2fr: 0 | od2lpr: 1000 | od2cap: 0 | fr2kr: 0 | lpr2kr: 1000 | cap2udp: 0 | kr2udp: 1 | 
2026-05-03 17:07:25,757 - INFO     - img2od: 24 | od2fr: 0 | od2lpr: 1000 | od2cap: 0 | fr2kr: 0 | lpr2kr: 1000 | cap2udp: 0 | kr2udp: 1 | 
2026-05-03 17:07:26,758 - INFO     - img2od: 24 | od2fr: 0 | od2lpr: 1000 | od2cap: 0 | fr2kr: 0 | lpr2kr: 1000 | cap2udp: 0 | kr2udp: 1 | 
2026-05-03 17:07:27,759 - INFO     - img2od: 24 | od2fr: 0 | od2lpr: 1000 | od2cap: 0 | fr2kr: 0 | lpr2kr: 1000 | cap2udp: 0 | kr2udp: 1 | 
2026-05-03 17:07:28,760 - INFO     - img2od: 24 | od2fr: 0 | od2lpr: 1000 | od2cap: 0 | fr2kr: 0 | lpr2kr: 1000 | cap2udp: 0 | kr2udp: 1 | 
2026-05-03 17:07:29,761 - INFO     - img2od: 24 | od2fr: 0 | od2lpr: 1000 | od2cap: 0 | fr2kr: 0 | lpr2kr: 1000 | cap2udp: 0 | kr2udp: 0 | 
2026-05-03 17:07:30,762 - INFO     - img2od: 24 | od2fr: 0 | od2lpr: 1000 | od2cap: 0 | fr2kr: 0 | lpr2kr: 1000 | cap2udp: 0 | kr2udp: 1 | 
2026-05-03 17:07:31,763 - INFO     - img2od: 24 | od2fr: 0 | od2lpr: 1000 | od2cap: 0 | fr2kr: 0 | lpr2kr: 1000 | cap2udp: 0 | kr2udp: 1 | 
2026-05-03 17:07:32,764 - INFO     - img2od: 24 | od2fr: 0 | od2lpr: 1000 | od2cap: 0 | fr2kr: 0 | lpr2kr: 1000 | cap2udp: 0 | kr2udp: 1 | 
2026-05-03 17:07:33,765 - INFO     - img2od: 24 | od2fr: 0 | od2lpr: 1000 | od2cap: 0 | fr2kr: 0 | lpr2kr: 1000 | cap2udp: 0 | kr2udp: 0 | 
2026-05-03 17:07:34,766 - INFO     - img2od: 24 | od2fr: 0 | od2lpr: 1000 | od2cap: 0 | fr2kr: 0 | lpr2kr: 1000 | cap2udp: 0 | kr2udp: 1 | 
2026-05-03 17:07:35,767 - INFO     - img2od: 24 | od2fr: 0 | od2lpr: 1000 | od2cap: 0 | fr2kr: 0 | lpr2kr: 1000 | cap2udp: 0 | kr2udp: 0 | 
2026-05-03 17:07:36,768 - INFO     - img2od: 24 | od2fr: 0 | od2lpr: 1000 | od2cap: 0 | fr2kr: 0 | lpr2kr: 1000 | cap2udp: 0 | kr2udp: 0 | 
2026-05-03 17:07:37,769 - INFO     - img2od: 24 | od2fr: 0 | od2lpr: 1000 | od2cap: 0 | fr2kr: 0 | lpr2kr: 1000 | cap2udp: 0 | kr2udp: 0 | 
2026-05-03 17:07:38,770 - INFO     - img2od: 24 | od2fr: 0 | od2lpr: 1000 | od2cap: 0 | fr2kr: 0 | lpr2kr: 1000 | cap2udp: 0 | kr2udp: 0 | 
2026-05-03 17:07:39,771 - INFO     - img2od: 24 | od2fr: 0 | od2lpr: 1000 | od2cap: 0 | fr2kr: 0 | lpr2kr: 1000 | cap2udp: 0 | kr2udp: 1 | 
2026-05-03 17:07:40,772 - INFO     - img2od: 24 | od2fr: 0 | od2lpr: 1000 | od2cap: 0 | fr2kr: 0 | lpr2kr: 1000 | cap2udp: 0 | kr2udp: 1 | 
2026-05-03 17:07:41,773 - INFO     - img2od: 24 | od2fr: 0 | od2lpr: 1000 | od2cap: 0 | fr2kr: 0 | lpr2kr: 1000 | cap2udp: 0 | kr2udp: 1 | 
2026-05-03 17:07:42,774 - INFO     - img2od: 24 | od2fr: 0 | od2lpr: 1000 | od2cap: 0 | fr2kr: 0 | lpr2kr: 1000 | cap2udp: 0 | kr2udp: 1 | 
2026-05-03 17:07:43,775 - INFO     - img2od: 24 | od2fr: 0 | od2lpr: 1000 | od2cap: 0 | fr2kr: 0 | lpr2kr: 1000 | cap2udp: 0 | kr2udp: 1 | 
2026-05-03 17:07:44,776 - INFO     - img2od: 24 | od2fr: 0 | od2lpr: 1000 | od2cap: 0 | fr2kr: 0 | lpr2kr: 1000 | cap2udp: 0 | kr2udp: 0 | 
2026-05-03 17:07:45,777 - INFO     - img2od: 24 | od2fr: 0 | od2lpr: 1000 | od2cap: 0 | fr2kr: 0 | lpr2kr: 1000 | cap2udp: 0 | kr2udp: 0 | 
2026-05-03 17:07:46,778 - INFO     - img2od: 24 | od2fr: 0 | od2lpr: 1000 | od2cap: 0 | fr2kr: 0 | lpr2kr: 1000 | cap2udp: 0 | kr2udp: 0 | 
2026-05-03 17:07:47,779 - INFO     - img2od: 24 | od2fr: 0 | od2lpr: 1000 | od2cap: 0 | fr2kr: 0 | lpr2kr: 1000 | cap2udp: 0 | kr2udp: 0 | 
2026-05-03 17:07:48,780 - INFO     - img2od: 24 | od2fr: 0 | od2lpr: 1000 | od2cap: 0 | fr2kr: 0 | lpr2kr: 1000 | cap2udp: 0 | kr2udp: 0 | 
2026-05-03 17:07:49,781 - INFO     - img2od: 24 | od2fr: 0 | od2lpr: 1000 | od2cap: 0 | fr2kr: 0 | lpr2kr: 1000 | cap2udp: 0 | kr2udp: 0 | 
2026-05-03 17:07:50,782 - INFO     - img2od: 24 | od2fr: 0 | od2lpr: 1000 | od2cap: 0 | fr2kr: 0 | lpr2kr: 1000 | cap2udp: 0 | kr2udp: 1 | 
2026-05-03 17:07:51,783 - INFO     - img2od: 24 | od2fr: 0 | od2lpr: 1000 | od2cap: 0 | fr2kr: 0 | lpr2kr: 1000 | cap2udp: 0 | kr2udp: 1 | 
2026-05-03 17:07:52,784 - INFO     - img2od: 24 | od2fr: 0 | od2lpr: 1000 | od2cap: 0 | fr2kr: 0 | lpr2kr: 1000 | cap2udp: 0 | kr2udp: 1 | 
2026-05-03 17:07:53,785 - INFO     - img2od: 24 | od2fr: 0 | od2lpr: 1000 | od2cap: 0 | fr2kr: 0 | lpr2kr: 999 | cap2udp: 0 | kr2udp: 1 | 
2026-05-03 17:07:54,786 - INFO     - img2od: 24 | od2fr: 0 | od2lpr: 1000 | od2cap: 0 | fr2kr: 0 | lpr2kr: 1000 | cap2udp: 0 | kr2udp: 1 | 
2026-05-03 17:07:55,787 - INFO     - img2od: 24 | od2fr: 0 | od2lpr: 1000 | od2cap: 0 | fr2kr: 0 | lpr2kr: 1000 | cap2udp: 0 | kr2udp: 1 | 
2026-05-03 17:07:56,788 - INFO     - img2od: 24 | od2fr: 0 | od2lpr: 1000 | od2cap: 0 | fr2kr: 0 | lpr2kr: 1000 | cap2udp: 0 | kr2udp: 0 | 
2026-05-03 17:07:57,789 - INFO     - img2od: 24 | od2fr: 0 | od2lpr: 1000 | od2cap: 0 | fr2kr: 0 | lpr2kr: 1000 | cap2udp: 0 | kr2udp: 1 | 
2026-05-03 17:07:58,790 - INFO     - img2od: 24 | od2fr: 0 | od2lpr: 1000 | od2cap: 0 | fr2kr: 0 | lpr2kr: 1000 | cap2udp: 0 | kr2udp: 1 | 
2026-05-03 17:07:59,791 - INFO     - img2od: 24 | od2fr: 0 | od2lpr: 1000 | od2cap: 0 | fr2kr: 0 | lpr2kr: 1000 | cap2udp: 0 | kr2udp: 0 | 
2026-05-03 17:08:00,792 - INFO     - img2od: 24 | od2fr: 0 | od2lpr: 1000 | od2cap: 0 | fr2kr: 0 | lpr2kr: 1000 | cap2udp: 0 | kr2udp: 1 | 
2026-05-03 17:08:01,793 - INFO     - img2od: 24 | od2fr: 0 | od2lpr: 1000 | od2cap: 0 | fr2kr: 0 | lpr2kr: 1000 | cap2udp: 0 | kr2udp: 1 | 
2026-05-03 17:08:02,794 - INFO     - img2od: 24 | od2fr: 0 | od2lpr: 1000 | od2cap: 0 | fr2kr: 0 | lpr2kr: 1000 | cap2udp: 0 | kr2udp: 1 | 
2026-05-03 17:08:03,795 - INFO     - img2od: 24 | od2fr: 0 | od2lpr: 1000 | od2cap: 0 | fr2kr: 0 | lpr2kr: 1000 | cap2udp: 0 | kr2udp: 1 | 
2026-05-03 17:08:04,796 - INFO     - img2od: 24 | od2fr: 0 | od2lpr: 1000 | od2cap: 0 | fr2kr: 0 | lpr2kr: 1000 | cap2udp: 0 | kr2udp: 1 | 
2026-05-03 17:08:05,797 - INFO     - img2od: 24 | od2fr: 0 | od2lpr: 1000 | od2cap: 0 | fr2kr: 0 | lpr2kr: 1000 | cap2udp: 0 | kr2udp: 1 | 
2026-05-03 17:08:06,798 - INFO     - img2od: 24 | od2fr: 0 | od2lpr: 1000 | od2cap: 0 | fr2kr: 0 | lpr2kr: 1000 | cap2udp: 0 | kr2udp: 1 | 
2026-05-03 17:08:07,799 - INFO     - img2od: 24 | od2fr: 0 | od2lpr: 1000 | od2cap: 0 | fr2kr: 0 | lpr2kr: 1000 | cap2udp: 0 | kr2udp: 1 | 
2026-05-03 17:08:08,800 - INFO     - img2od: 24 | od2fr: 0 | od2lpr: 1000 | od2cap: 0 | fr2kr: 0 | lpr2kr: 1000 | cap2udp: 0 | kr2udp: 1 | 
2026-05-03 17:08:09,801 - INFO     - img2od: 24 | od2fr: 0 | od2lpr: 1000 | od2cap: 0 | fr2kr: 0 | lpr2kr: 1000 | cap2udp: 0 | kr2udp: 1 | 
2026-05-03 17:08:10,802 - INFO     - img2od: 24 | od2fr: 0 | od2lpr: 1000 | od2cap: 0 | fr2kr: 0 | lpr2kr: 1000 | cap2udp: 0 | kr2udp: 1 | 
2026-05-03 17:08:11,803 - INFO     - img2od: 24 | od2fr: 0 | od2lpr: 1000 | od2cap: 0 | fr2kr: 0 | lpr2kr: 1000 | cap2udp: 0 | kr2udp: 1 | 
2026-05-03 17:08:12,804 - INFO     - img2od: 24 | od2fr: 0 | od2lpr: 1000 | od2cap: 0 | fr2kr: 0 | lpr2kr: 1000 | cap2udp: 0 | kr2udp: 0 | 
2026-05-03 17:08:13,805 - INFO     - img2od: 24 | od2fr: 0 | od2lpr: 1000 | od2cap: 0 | fr2kr: 0 | lpr2kr: 1000 | cap2udp: 0 | kr2udp: 1 | 
2026-05-03 17:08:14,806 - INFO     - img2od: 24 | od2fr: 0 | od2lpr: 1000 | od2cap: 0 | fr2kr: 0 | lpr2kr: 1000 | cap2udp: 0 | kr2udp: 0 | 
2026-05-03 17:08:15,807 - INFO     - img2od: 24 | od2fr: 0 | od2lpr: 1000 | od2cap: 0 | fr2kr: 0 | lpr2kr: 1000 | cap2udp: 0 | kr2udp: 1 | 
2026-05-03 17:08:16,808 - INFO     - img2od: 24 | od2fr: 0 | od2lpr: 1000 | od2cap: 0 | fr2kr: 0 | lpr2kr: 1000 | cap2udp: 0 | kr2udp: 1 | 
2026-05-03 17:08:17,809 - INFO     - img2od: 24 | od2fr: 0 | od2lpr: 1000 | od2cap: 0 | fr2kr: 0 | lpr2kr: 1000 | cap2udp: 0 | kr2udp: 0 | 
2026-05-03 17:08:18,810 - INFO     - img2od: 24 | od2fr: 0 | od2lpr: 1000 | od2cap: 0 | fr2kr: 0 | lpr2kr: 1000 | cap2udp: 0 | kr2udp: 1 | 
2026-05-03 17:08:19,811 - INFO     - img2od: 24 | od2fr: 0 | od2lpr: 1000 | od2cap: 0 | fr2kr: 0 | lpr2kr: 1000 | cap2udp: 0 | kr2udp: 1 | 
2026-05-03 17:08:20,812 - INFO     - img2od: 24 | od2fr: 0 | od2lpr: 1000 | od2cap: 0 | fr2kr: 0 | lpr2kr: 1000 | cap2udp: 0 | kr2udp: 1 | 
2026-05-03 17:08:21,813 - INFO     - img2od: 24 | od2fr: 0 | od2lpr: 1000 | od2cap: 0 | fr2kr: 0 | lpr2kr: 1000 | cap2udp: 0 | kr2udp: 1 | 
2026-05-03 17:08:22,814 - INFO     - img2od: 24 | od2fr: 0 | od2lpr: 1000 | od2cap: 0 | fr2kr: 0 | lpr2kr: 1000 | cap2udp: 0 | kr2udp: 1 | 
2026-05-03 17:08:23,815 - INFO     - img2od: 24 | od2fr: 0 | od2lpr: 1000 | od2cap: 0 | fr2kr: 0 | lpr2kr: 1000 | cap2udp: 0 | kr2udp: 1 | 
2026-05-03 17:08:24,816 - INFO     - img2od: 24 | od2fr: 0 | od2lpr: 1000 | od2cap: 0 | fr2kr: 0 | lpr2kr: 1000 | cap2udp: 0 | kr2udp: 1 | 
2026-05-03 17:08:25,817 - INFO     - img2od: 24 | od2fr: 0 | od2lpr: 1000 | od2cap: 0 | fr2kr: 0 | lpr2kr: 1000 | cap2udp: 0 | kr2udp: 0 | 
2026-05-03 17:08:26,818 - INFO     - img2od: 24 | od2fr: 0 | od2lpr: 999 | od2cap: 0 | fr2kr: 0 | lpr2kr: 1000 | cap2udp: 0 | kr2udp: 1 | 
2026-05-03 17:08:27,819 - INFO     - img2od: 24 | od2fr: 0 | od2lpr: 1000 | od2cap: 0 | fr2kr: 0 | lpr2kr: 1000 | cap2udp: 0 | kr2udp: 1 | 
2026-05-03 17:08:28,820 - INFO     - img2od: 24 | od2fr: 0 | od2lpr: 1000 | od2cap: 0 | fr2kr: 0 | lpr2kr: 1000 | cap2udp: 0 | kr2udp: 1 | 
2026-05-03 17:08:29,821 - INFO     - img2od: 24 | od2fr: 0 | od2lpr: 1000 | od2cap: 0 | fr2kr: 0 | lpr2kr: 1000 | cap2udp: 0 | kr2udp: 1 | 
2026-05-03 17:08:30,822 - INFO     - img2od: 24 | od2fr: 0 | od2lpr: 1000 | od2cap: 0 | fr2kr: 0 | lpr2kr: 1000 | cap2udp: 0 | kr2udp: 1 | 
2026-05-03 17:08:31,823 - INFO     - img2od: 24 | od2fr: 0 | od2lpr: 1000 | od2cap: 0 | fr2kr: 0 | lpr2kr: 1000 | cap2udp: 0 | kr2udp: 1 | 
2026-05-03 17:08:32,824 - INFO     - img2od: 24 | od2fr: 0 | od2lpr: 1000 | od2cap: 0 | fr2kr: 0 | lpr2kr: 1000 | cap2udp: 0 | kr2udp: 0 | 
2026-05-03 17:08:33,825 - INFO     - img2od: 24 | od2fr: 0 | od2lpr: 1000 | od2cap: 0 | fr2kr: 0 | lpr2kr: 1000 | cap2udp: 0 | kr2udp: 1 | 
2026-05-03 17:08:34,826 - INFO     - img2od: 24 | od2fr: 0 | od2lpr: 1000 | od2cap: 0 | fr2kr: 0 | lpr2kr: 1000 | cap2udp: 0 | kr2udp: 1 | 
2026-05-03 17:08:35,827 - INFO     - img2od: 24 | od2fr: 0 | od2lpr: 1000 | od2cap: 0 | fr2kr: 0 | lpr2kr: 1000 | cap2udp: 0 | kr2udp: 1 | 
2026-05-03 17:08:36,828 - INFO     - img2od: 24 | od2fr: 0 | od2lpr: 1000 | od2cap: 0 | fr2kr: 0 | lpr2kr: 1000 | cap2udp: 0 | kr2udp: 1 | 
2026-05-03 17:08:37,829 - INFO     - img2od: 24 | od2fr: 0 | od2lpr: 1000 | od2cap: 0 | fr2kr: 0 | lpr2kr: 1000 | cap2udp: 0 | kr2udp: 0 | 
2026-05-03 17:08:38,830 - INFO     - img2od: 24 | od2fr: 0 | od2lpr: 1000 | od2cap: 0 | fr2kr: 0 | lpr2kr: 1000 | cap2udp: 0 | kr2udp: 1 | 
2026-05-03 17:08:39,831 - INFO     - img2od: 24 | od2fr: 0 | od2lpr: 1000 | od2cap: 0 | fr2kr: 0 | lpr2kr: 1000 | cap2udp: 0 | kr2udp: 1 | 
2026-05-03 17:08:40,832 - INFO     - img2od: 24 | od2fr: 0 | od2lpr: 1000 | od2cap: 0 | fr2kr: 0 | lpr2kr: 1000 | cap2udp: 0 | kr2udp: 1 | 
2026-05-03 17:08:41,833 - INFO     - img2od: 24 | od2fr: 0 | od2lpr: 1000 | od2cap: 0 | fr2kr: 0 | lpr2kr: 1000 | cap2udp: 0 | kr2udp: 1 | 
2026-05-03 17:08:42,834 - INFO     - img2od: 24 | od2fr: 0 | od2lpr: 1000 | od2cap: 0 | fr2kr: 0 | lpr2kr: 1000 | cap2udp: 0 | kr2udp: 1 | 
2026-05-03 17:08:43,835 - INFO     - img2od: 24 | od2fr: 0 | od2lpr: 1000 | od2cap: 0 | fr2kr: 0 | lpr2kr: 1000 | cap2udp: 0 | kr2udp: 1 | 
2026-05-03 17:08:44,836 - INFO     - img2od: 24 | od2fr: 0 | od2lpr: 1000 | od2cap: 0 | fr2kr: 0 | lpr2kr: 1000 | cap2udp: 0 | kr2udp: 1 | 
2026-05-03 17:08:45,837 - INFO     - img2od: 24 | od2fr: 0 | od2lpr: 1000 | od2cap: 0 | fr2kr: 0 | lpr2kr: 1000 | cap2udp: 0 | kr2udp: 1 | 
2026-05-03 17:08:46,838 - INFO     - img2od: 24 | od2fr: 0 | od2lpr: 1000 | od2cap: 0 | fr2kr: 0 | lpr2kr: 1000 | cap2udp: 0 | kr2udp: 1 | 
2026-05-03 17:08:47,839 - INFO     - img2od: 24 | od2fr: 0 | od2lpr: 1000 | od2cap: 0 | fr2kr: 0 | lpr2kr: 1000 | cap2udp: 0 | kr2udp: 1 | 
2026-05-03 17:08:48,840 - INFO     - img2od: 24 | od2fr: 0 | od2lpr: 1000 | od2cap: 0 | fr2kr: 0 | lpr2kr: 1000 | cap2udp: 0 | kr2udp: 1 | 
2026-05-03 17:08:49,841 - INFO     - img2od: 24 | od2fr: 0 | od2lpr: 1000 | od2cap: 0 | fr2kr: 0 | lpr2kr: 1000 | cap2udp: 0 | kr2udp: 1 | 
2026-05-03 17:08:50,842 - INFO     - img2od: 24 | od2fr: 0 | od2lpr: 1000 | od2cap: 0 | fr2kr: 0 | lpr2kr: 1000 | cap2udp: 0 | kr2udp: 1 | 
2026-05-03 17:08:51,843 - INFO     - img2od: 24 | od2fr: 0 | od2lpr: 1000 | od2cap: 0 | fr2kr: 0 | lpr2kr: 1000 | cap2udp: 0 | kr2udp: 1 | 
2026-05-03 17:08:52,844 - INFO     - img2od: 24 | od2fr: 0 | od2lpr: 1000 | od2cap: 0 | fr2kr: 0 | lpr2kr: 1000 | cap2udp: 0 | kr2udp: 1 | 
2026-05-03 17:08:53,845 - INFO     - img2od: 24 | od2fr: 0 | od2lpr: 1000 | od2cap: 0 | fr2kr: 0 | lpr2kr: 1000 | cap2udp: 0 | kr2udp: 1 | 
2026-05-03 17:08:54,846 - INFO     - img2od: 24 | od2fr: 0 | od2lpr: 1000 | od2cap: 0 | fr2kr: 0 | lpr2kr: 1000 | cap2udp: 0 | kr2udp: 1 | 
2026-05-03 17:08:55,847 - INFO     - img2od: 24 | od2fr: 0 | od2lpr: 1000 | od2cap: 0 | fr2kr: 0 | lpr2kr: 1000 | cap2udp: 0 | kr2udp: 1 | 
2026-05-03 17:08:56,848 - INFO     - img2od: 22 | od2fr: 13 | od2lpr: 999 | od2cap: 0 | fr2kr: 1 | lpr2kr: 1000 | cap2udp: 1 | kr2udp: 1 | 
2026-05-03 17:08:57,849 - INFO     - img2od: 21 | od2fr: 8 | od2lpr: 1000 | od2cap: 0 | fr2kr: 3 | lpr2kr: 1000 | cap2udp: 0 | kr2udp: 1 | 
2026-05-03 17:08:58,850 - INFO     - img2od: 21 | od2fr: 3 | od2lpr: 1000 | od2cap: 0 | fr2kr: 6 | lpr2kr: 1000 | cap2udp: 0 | kr2udp: 1 | 
2026-05-03 17:08:59,851 - INFO     - img2od: 21 | od2fr: 0 | od2lpr: 1000 | od2cap: 0 | fr2kr: 7 | lpr2kr: 1000 | cap2udp: 0 | kr2udp: 0 | 
2026-05-03 17:09:00,852 - INFO     - img2od: 21 | od2fr: 0 | od2lpr: 1000 | od2cap: 0 | fr2kr: 5 | lpr2kr: 1000 | cap2udp: 0 | kr2udp: 0 | 
2026-05-03 17:09:01,853 - INFO     - img2od: 21 | od2fr: 0 | od2lpr: 1000 | od2cap: 0 | fr2kr: 3 | lpr2kr: 1000 | cap2udp: 0 | kr2udp: 1 | 
2026-05-03 17:09:02,854 - INFO     - img2od: 21 | od2fr: 0 | od2lpr: 1000 | od2cap: 0 | fr2kr: 1 | lpr2kr: 1000 | cap2udp: 0 | kr2udp: 1 | 
2026-05-03 17:09:03,855 - INFO     - img2od: 21 | od2fr: 0 | od2lpr: 1000 | od2cap: 0 | fr2kr: 0 | lpr2kr: 1000 | cap2udp: 0 | kr2udp: 1 | 
2026-05-03 17:09:04,856 - INFO     - img2od: 21 | od2fr: 0 | od2lpr: 1000 | od2cap: 0 | fr2kr: 0 | lpr2kr: 1000 | cap2udp: 0 | kr2udp: 1 | 
2026-05-03 17:09:05,857 - INFO     - img2od: 21 | od2fr: 0 | od2lpr: 1000 | od2cap: 0 | fr2kr: 0 | lpr2kr: 1000 | cap2udp: 0 | kr2udp: 0 | 
2026-05-03 17:09:06,858 - INFO     - img2od: 21 | od2fr: 0 | od2lpr: 1000 | od2cap: 0 | fr2kr: 0 | lpr2kr: 1000 | cap2udp: 0 | kr2udp: 1 | 
2026-05-03 17:09:07,859 - INFO     - img2od: 21 | od2fr: 0 | od2lpr: 1000 | od2cap: 0 | fr2kr: 0 | lpr2kr: 1000 | cap2udp: 0 | kr2udp: 1 | 
2026-05-03 17:09:08,860 - INFO     - img2od: 21 | od2fr: 0 | od2lpr: 1000 | od2cap: 0 | fr2kr: 0 | lpr2kr: 1000 | cap2udp: 0 | kr2udp: 0 | 
2026-05-03 17:09:09,861 - INFO     - img2od: 21 | od2fr: 0 | od2lpr: 1000 | od2cap: 0 | fr2kr: 0 | lpr2kr: 1000 | cap2udp: 0 | kr2udp: 1 | 
2026-05-03 17:09:10,862 - INFO     - img2od: 21 | od2fr: 0 | od2lpr: 1000 | od2cap: 0 | fr2kr: 0 | lpr2kr: 1000 | cap2udp: 0 | kr2udp: 0 | 
2026-05-03 17:09:11,863 - INFO     - img2od: 21 | od2fr: 0 | od2lpr: 1000 | od2cap: 0 | fr2kr: 0 | lpr2kr: 1000 | cap2udp: 0 | kr2udp: 1 | 
2026-05-03 17:09:12,864 - INFO     - img2od: 21 | od2fr: 0 | od2lpr: 1000 | od2cap: 0 | fr2kr: 0 | lpr2kr: 1000 | cap2udp: 0 | kr2udp: 1 | 
2026-05-03 17:09:13,865 - INFO     - img2od: 21 | od2fr: 0 | od2lpr: 1000 | od2cap: 0 | fr2kr: 0 | lpr2kr: 1000 | cap2udp: 0 | kr2udp: 1 | 
2026-05-03 17:09:14,866 - INFO     - img2od: 21 | od2fr: 0 | od2lpr: 1000 | od2cap: 0 | fr2kr: 0 | lpr2kr: 1000 | cap2udp: 0 | kr2udp: 1 | 
2026-05-03 17:09:15,867 - INFO     - img2od: 21 | od2fr: 0 | od2lpr: 1000 | od2cap: 0 | fr2kr: 0 | lpr2kr: 1000 | cap2udp: 0 | kr2udp: 0 | 
2026-05-03 17:09:16,868 - INFO     - img2od: 21 | od2fr: 0 | od2lpr: 1000 | od2cap: 0 | fr2kr: 0 | lpr2kr: 1000 | cap2udp: 0 | kr2udp: 0 | 
2026-05-03 17:09:17,869 - INFO     - img2od: 21 | od2fr: 0 | od2lpr: 1000 | od2cap: 0 | fr2kr: 0 | lpr2kr: 1000 | cap2udp: 0 | kr2udp: 1 | 
2026-05-03 17:09:18,870 - INFO     - img2od: 21 | od2fr: 0 | od2lpr: 1000 | od2cap: 0 | fr2kr: 0 | lpr2kr: 1000 | cap2udp: 0 | kr2udp: 0 | 
2026-05-03 17:09:19,871 - INFO     - img2od: 21 | od2fr: 0 | od2lpr: 1000 | od2cap: 0 | fr2kr: 0 | lpr2kr: 1000 | cap2udp: 0 | kr2udp: 1 | 
2026-05-03 17:09:20,872 - INFO     - img2od: 21 | od2fr: 0 | od2lpr: 1000 | od2cap: 0 | fr2kr: 0 | lpr2kr: 1000 | cap2udp: 0 | kr2udp: 0 | 
2026-05-03 17:09:21,873 - INFO     - img2od: 21 | od2fr: 0 | od2lpr: 1000 | od2cap: 0 | fr2kr: 0 | lpr2kr: 1000 | cap2udp: 0 | kr2udp: 1 | 
2026-05-03 17:09:22,874 - INFO     - img2od: 21 | od2fr: 0 | od2lpr: 1000 | od2cap: 0 | fr2kr: 0 | lpr2kr: 1000 | cap2udp: 0 | kr2udp: 1 | 
2026-05-03 17:09:23,875 - INFO     - img2od: 21 | od2fr: 0 | od2lpr: 1000 | od2cap: 0 | fr2kr: 0 | lpr2kr: 1000 | cap2udp: 0 | kr2udp: 0 | 
2026-05-03 17:09:24,876 - INFO     - img2od: 21 | od2fr: 0 | od2lpr: 1000 | od2cap: 0 | fr2kr: 0 | lpr2kr: 1000 | cap2udp: 0 | kr2udp: 1 | 
2026-05-03 17:09:25,877 - INFO     - img2od: 21 | od2fr: 0 | od2lpr: 1000 | od2cap: 0 | fr2kr: 0 | lpr2kr: 1000 | cap2udp: 0 | kr2udp: 0 | 
2026-05-03 17:09:26,878 - INFO     - img2od: 21 | od2fr: 0 | od2lpr: 1000 | od2cap: 0 | fr2kr: 0 | lpr2kr: 1000 | cap2udp: 0 | kr2udp: 1 | 
2026-05-03 17:09:27,879 - INFO     - img2od: 21 | od2fr: 0 | od2lpr: 1000 | od2cap: 0 | fr2kr: 0 | lpr2kr: 1000 | cap2udp: 0 | kr2udp: 1 | 
2026-05-03 17:09:28,880 - INFO     - img2od: 21 | od2fr: 0 | od2lpr: 999 | od2cap: 0 | fr2kr: 0 | lpr2kr: 1000 | cap2udp: 0 | kr2udp: 1 | 
2026-05-03 17:09:29,881 - INFO     - img2od: 21 | od2fr: 0 | od2lpr: 1000 | od2cap: 0 | fr2kr: 0 | lpr2kr: 1000 | cap2udp: 0 | kr2udp: 1 | 
2026-05-03 17:09:30,882 - INFO     - img2od: 21 | od2fr: 0 | od2lpr: 1000 | od2cap: 0 | fr2kr: 0 | lpr2kr: 1000 | cap2udp: 0 | kr2udp: 1 | 
2026-05-03 17:09:31,883 - INFO     - img2od: 21 | od2fr: 0 | od2lpr: 1000 | od2cap: 0 | fr2kr: 0 | lpr2kr: 1000 | cap2udp: 0 | kr2udp: 1 | 
2026-05-03 17:09:32,884 - INFO     - img2od: 21 | od2fr: 0 | od2lpr: 1000 | od2cap: 0 | fr2kr: 0 | lpr2kr: 1000 | cap2udp: 0 | kr2udp: 1 | 
2026-05-03 17:09:33,885 - INFO     - img2od: 21 | od2fr: 0 | od2lpr: 1000 | od2cap: 0 | fr2kr: 0 | lpr2kr: 1000 | cap2udp: 0 | kr2udp: 1 | 
2026-05-03 17:09:34,886 - INFO     - img2od: 21 | od2fr: 0 | od2lpr: 1000 | od2cap: 0 | fr2kr: 0 | lpr2kr: 1000 | cap2udp: 0 | kr2udp: 1 | 
2026-05-03 17:09:35,887 - INFO     - img2od: 21 | od2fr: 0 | od2lpr: 1000 | od2cap: 0 | fr2kr: 0 | lpr2kr: 1000 | cap2udp: 0 | kr2udp: 1 | 
2026-05-03 17:09:36,888 - INFO     - img2od: 21 | od2fr: 0 | od2lpr: 1000 | od2cap: 0 | fr2kr: 0 | lpr2kr: 1000 | cap2udp: 0 | kr2udp: 1 | 
2026-05-03 17:09:37,889 - INFO     - img2od: 21 | od2fr: 0 | od2lpr: 1000 | od2cap: 0 | fr2kr: 0 | lpr2kr: 1000 | cap2udp: 0 | kr2udp: 0 | 
2026-05-03 17:09:38,890 - INFO     - img2od: 21 | od2fr: 0 | od2lpr: 1000 | od2cap: 0 | fr2kr: 0 | lpr2kr: 1000 | cap2udp: 0 | kr2udp: 1 | 
2026-05-03 17:09:39,891 - INFO     - img2od: 21 | od2fr: 0 | od2lpr: 1000 | od2cap: 0 | fr2kr: 0 | lpr2kr: 1000 | cap2udp: 0 | kr2udp: 1 | 
2026-05-03 17:09:40,892 - INFO     - img2od: 21 | od2fr: 0 | od2lpr: 1000 | od2cap: 0 | fr2kr: 0 | lpr2kr: 1000 | cap2udp: 0 | kr2udp: 1 | 
2026-05-03 17:09:41,893 - INFO     - img2od: 21 | od2fr: 0 | od2lpr: 1000 | od2cap: 0 | fr2kr: 0 | lpr2kr: 1000 | cap2udp: 0 | kr2udp: 1 | 
2026-05-03 17:09:42,894 - INFO     - img2od: 21 | od2fr: 0 | od2lpr: 1000 | od2cap: 0 | fr2kr: 0 | lpr2kr: 1000 | cap2udp: 0 | kr2udp: 1 | 
2026-05-03 17:09:43,895 - INFO     - img2od: 21 | od2fr: 0 | od2lpr: 1000 | od2cap: 0 | fr2kr: 0 | lpr2kr: 1000 | cap2udp: 0 | kr2udp: 0 | 
2026-05-03 17:09:44,896 - INFO     - img2od: 21 | od2fr: 0 | od2lpr: 1000 | od2cap: 0 | fr2kr: 0 | lpr2kr: 1000 | cap2udp: 0 | kr2udp: 1 | 
2026-05-03 17:09:45,897 - INFO     - img2od: 21 | od2fr: 0 | od2lpr: 1000 | od2cap: 0 | fr2kr: 0 | lpr2kr: 1000 | cap2udp: 0 | kr2udp: 1 | 
2026-05-03 17:09:46,898 - INFO     - img2od: 21 | od2fr: 0 | od2lpr: 1000 | od2cap: 0 | fr2kr: 0 | lpr2kr: 1000 | cap2udp: 0 | kr2udp: 0 | 
2026-05-03 17:09:47,899 - INFO     - img2od: 21 | od2fr: 0 | od2lpr: 1000 | od2cap: 0 | fr2kr: 0 | lpr2kr: 1000 | cap2udp: 0 | kr2udp: 1 | 
2026-05-03 17:09:48,900 - INFO     - img2od: 21 | od2fr: 0 | od2lpr: 1000 | od2cap: 0 | fr2kr: 0 | lpr2kr: 1000 | cap2udp: 0 | kr2udp: 1 | 
2026-05-03 17:09:49,901 - INFO     - img2od: 21 | od2fr: 0 | od2lpr: 1000 | od2cap: 0 | fr2kr: 0 | lpr2kr: 1000 | cap2udp: 0 | kr2udp: 0 | 
2026-05-03 17:09:50,902 - INFO     - img2od: 21 | od2fr: 0 | od2lpr: 1000 | od2cap: 0 | fr2kr: 0 | lpr2kr: 1000 | cap2udp: 0 | kr2udp: 1 | 
2026-05-03 17:09:51,903 - INFO     - img2od: 21 | od2fr: 0 | od2lpr: 1000 | od2cap: 0 | fr2kr: 0 | lpr2kr: 1000 | cap2udp: 0 | kr2udp: 1 | 
2026-05-03 17:09:52,904 - INFO     - img2od: 21 | od2fr: 0 | od2lpr: 1000 | od2cap: 0 | fr2kr: 0 | lpr2kr: 1000 | cap2udp: 0 | kr2udp: 1 | 
2026-05-03 17:09:53,905 - INFO     - img2od: 21 | od2fr: 0 | od2lpr: 1000 | od2cap: 0 | fr2kr: 0 | lpr2kr: 1000 | cap2udp: 0 | kr2udp: 1 | 
2026-05-03 17:09:54,906 - INFO     - img2od: 21 | od2fr: 0 | od2lpr: 1000 | od2cap: 0 | fr2kr: 0 | lpr2kr: 1000 | cap2udp: 0 | kr2udp: 2 | 
2026-05-03 17:09:55,907 - INFO     - img2od: 21 | od2fr: 0 | od2lpr: 1000 | od2cap: 0 | fr2kr: 0 | lpr2kr: 1000 | cap2udp: 0 | kr2udp: 1 | 
2026-05-03 17:09:56,908 - INFO     - img2od: 21 | od2fr: 0 | od2lpr: 1000 | od2cap: 0 | fr2kr: 0 | lpr2kr: 1000 | cap2udp: 0 | kr2udp: 1 | 
2026-05-03 17:09:57,909 - INFO     - img2od: 21 | od2fr: 0 | od2lpr: 1000 | od2cap: 0 | fr2kr: 0 | lpr2kr: 1000 | cap2udp: 0 | kr2udp: 0 | 
2026-05-03 17:09:58,910 - INFO     - img2od: 21 | od2fr: 0 | od2lpr: 1000 | od2cap: 0 | fr2kr: 0 | lpr2kr: 1000 | cap2udp: 0 | kr2udp: 0 | 
2026-05-03 17:09:59,911 - INFO     - img2od: 21 | od2fr: 0 | od2lpr: 1000 | od2cap: 0 | fr2kr: 0 | lpr2kr: 1000 | cap2udp: 0 | kr2udp: 0 | 
2026-05-03 17:10:00,912 - INFO     - img2od: 21 | od2fr: 0 | od2lpr: 1000 | od2cap: 0 | fr2kr: 0 | lpr2kr: 1000 | cap2udp: 0 | kr2udp: 1 | 
2026-05-03 17:10:01,913 - INFO     - img2od: 21 | od2fr: 0 | od2lpr: 1000 | od2cap: 0 | fr2kr: 0 | lpr2kr: 1000 | cap2udp: 0 | kr2udp: 1 | 
2026-05-03 17:10:02,914 - INFO     - img2od: 21 | od2fr: 0 | od2lpr: 1000 | od2cap: 0 | fr2kr: 0 | lpr2kr: 1000 | cap2udp: 0 | kr2udp: 1 | 
2026-05-03 17:10:03,915 - INFO     - img2od: 21 | od2fr: 0 | od2lpr: 1000 | od2cap: 0 | fr2kr: 0 | lpr2kr: 1000 | cap2udp: 0 | kr2udp: 1 | 
2026-05-03 17:10:04,916 - INFO     - img2od: 21 | od2fr: 0 | od2lpr: 1000 | od2cap: 0 | fr2kr: 0 | lpr2kr: 1000 | cap2udp: 0 | kr2udp: 1 | 
2026-05-03 17:10:05,917 - INFO     - img2od: 21 | od2fr: 0 | od2lpr: 1000 | od2cap: 0 | fr2kr: 0 | lpr2kr: 1000 | cap2udp: 0 | kr2udp: 0 | 
2026-05-03 17:10:06,918 - INFO     - img2od: 21 | od2fr: 0 | od2lpr: 1000 | od2cap: 0 | fr2kr: 0 | lpr2kr: 1000 | cap2udp: 0 | kr2udp: 1 | 
2026-05-03 17:10:07,919 - INFO     - img2od: 21 | od2fr: 0 | od2lpr: 1000 | od2cap: 0 | fr2kr: 0 | lpr2kr: 1000 | cap2udp: 0 | kr2udp: 1 | 
2026-05-03 17:10:08,920 - INFO     - img2od: 21 | od2fr: 0 | od2lpr: 1000 | od2cap: 0 | fr2kr: 0 | lpr2kr: 1000 | cap2udp: 0 | kr2udp: 1 | 
2026-05-03 17:10:09,921 - INFO     - img2od: 21 | od2fr: 0 | od2lpr: 1000 | od2cap: 0 | fr2kr: 0 | lpr2kr: 1000 | cap2udp: 0 | kr2udp: 1 | 
2026-05-03 17:10:10,922 - INFO     - img2od: 21 | od2fr: 0 | od2lpr: 1000 | od2cap: 0 | fr2kr: 0 | lpr2kr: 1000 | cap2udp: 0 | kr2udp: 1 | 
2026-05-03 17:10:11,923 - INFO     - img2od: 21 | od2fr: 0 | od2lpr: 1000 | od2cap: 0 | fr2kr: 0 | lpr2kr: 1000 | cap2udp: 0 | kr2udp: 0 | 
2026-05-03 17:10:12,924 - INFO     - img2od: 21 | od2fr: 0 | od2lpr: 1000 | od2cap: 0 | fr2kr: 0 | lpr2kr: 1000 | cap2udp: 0 | kr2udp: 1 | 
2026-05-03 17:10:13,925 - INFO     - img2od: 21 | od2fr: 0 | od2lpr: 1000 | od2cap: 0 | fr2kr: 0 | lpr2kr: 1000 | cap2udp: 0 | kr2udp: 0 | 
2026-05-03 17:10:14,926 - INFO     - img2od: 21 | od2fr: 0 | od2lpr: 1000 | od2cap: 0 | fr2kr: 0 | lpr2kr: 1000 | cap2udp: 0 | kr2udp: 1 | 
2026-05-03 17:10:15,926 - INFO     - img2od: 21 | od2fr: 0 | od2lpr: 1000 | od2cap: 0 | fr2kr: 0 | lpr2kr: 1000 | cap2udp: 0 | kr2udp: 1 | 
2026-05-03 17:10:16,927 - INFO     - img2od: 21 | od2fr: 0 | od2lpr: 1000 | od2cap: 0 | fr2kr: 0 | lpr2kr: 999 | cap2udp: 0 | kr2udp: 1 | 
2026-05-03 17:10:17,928 - INFO     - img2od: 21 | od2fr: 0 | od2lpr: 1000 | od2cap: 0 | fr2kr: 0 | lpr2kr: 1000 | cap2udp: 0 | kr2udp: 1 | 
2026-05-03 17:10:18,929 - INFO     - img2od: 21 | od2fr: 0 | od2lpr: 1000 | od2cap: 0 | fr2kr: 0 | lpr2kr: 1000 | cap2udp: 0 | kr2udp: 0 | 
2026-05-03 17:10:19,930 - INFO     - img2od: 21 | od2fr: 0 | od2lpr: 1000 | od2cap: 0 | fr2kr: 0 | lpr2kr: 1000 | cap2udp: 0 | kr2udp: 1 | 
2026-05-03 17:10:20,931 - INFO     - img2od: 21 | od2fr: 0 | od2lpr: 1000 | od2cap: 0 | fr2kr: 0 | lpr2kr: 1000 | cap2udp: 0 | kr2udp: 1 | 
2026-05-03 17:10:21,932 - INFO     - img2od: 21 | od2fr: 0 | od2lpr: 1000 | od2cap: 0 | fr2kr: 0 | lpr2kr: 1000 | cap2udp: 0 | kr2udp: 1 | 
2026-05-03 17:10:22,933 - INFO     - img2od: 21 | od2fr: 0 | od2lpr: 1000 | od2cap: 0 | fr2kr: 0 | lpr2kr: 1000 | cap2udp: 0 | kr2udp: 0 | 
2026-05-03 17:10:23,934 - INFO     - img2od: 21 | od2fr: 0 | od2lpr: 1000 | od2cap: 0 | fr2kr: 0 | lpr2kr: 1000 | cap2udp: 0 | kr2udp: 0 | 
2026-05-03 17:10:24,935 - INFO     - img2od: 21 | od2fr: 0 | od2lpr: 1000 | od2cap: 0 | fr2kr: 0 | lpr2kr: 1000 | cap2udp: 0 | kr2udp: 1 | 
2026-05-03 17:10:25,936 - INFO     - img2od: 21 | od2fr: 0 | od2lpr: 1000 | od2cap: 0 | fr2kr: 0 | lpr2kr: 1000 | cap2udp: 0 | kr2udp: 1 | 
2026-05-03 17:10:26,937 - INFO     - img2od: 21 | od2fr: 0 | od2lpr: 1000 | od2cap: 0 | fr2kr: 0 | lpr2kr: 1000 | cap2udp: 0 | kr2udp: 1 | 
2026-05-03 17:10:27,938 - INFO     - img2od: 21 | od2fr: 0 | od2lpr: 1000 | od2cap: 0 | fr2kr: 0 | lpr2kr: 1000 | cap2udp: 0 | kr2udp: 1 | 
2026-05-03 17:10:28,939 - INFO     - img2od: 21 | od2fr: 0 | od2lpr: 1000 | od2cap: 0 | fr2kr: 0 | lpr2kr: 1000 | cap2udp: 0 | kr2udp: 1 | 
2026-05-03 17:10:29,940 - INFO     - img2od: 21 | od2fr: 0 | od2lpr: 1000 | od2cap: 0 | fr2kr: 0 | lpr2kr: 999 | cap2udp: 0 | kr2udp: 0 | 
2026-05-03 17:10:30,941 - INFO     - img2od: 21 | od2fr: 0 | od2lpr: 1000 | od2cap: 0 | fr2kr: 0 | lpr2kr: 1000 | cap2udp: 0 | kr2udp: 0 | 
2026-05-03 17:10:31,942 - INFO     - img2od: 21 | od2fr: 0 | od2lpr: 1000 | od2cap: 0 | fr2kr: 0 | lpr2kr: 1000 | cap2udp: 0 | kr2udp: 0 | 
2026-05-03 17:10:32,943 - INFO     - img2od: 21 | od2fr: 0 | od2lpr: 1000 | od2cap: 0 | fr2kr: 0 | lpr2kr: 1000 | cap2udp: 0 | kr2udp: 0 | 
2026-05-03 17:10:33,944 - INFO     - img2od: 21 | od2fr: 0 | od2lpr: 1000 | od2cap: 0 | fr2kr: 0 | lpr2kr: 1000 | cap2udp: 0 | kr2udp: 0 | 
2026-05-03 17:10:34,945 - INFO     - img2od: 21 | od2fr: 0 | od2lpr: 1000 | od2cap: 0 | fr2kr: 0 | lpr2kr: 1000 | cap2udp: 0 | kr2udp: 0 | 
2026-05-03 17:10:35,946 - INFO     - img2od: 21 | od2fr: 0 | od2lpr: 1000 | od2cap: 0 | fr2kr: 0 | lpr2kr: 1000 | cap2udp: 0 | kr2udp: 1 | 
2026-05-03 17:10:36,947 - INFO     - img2od: 21 | od2fr: 0 | od2lpr: 1000 | od2cap: 0 | fr2kr: 0 | lpr2kr: 1000 | cap2udp: 0 | kr2udp: 1 | 
2026-05-03 17:10:37,948 - INFO     - img2od: 21 | od2fr: 0 | od2lpr: 1000 | od2cap: 0 | fr2kr: 0 | lpr2kr: 1000 | cap2udp: 0 | kr2udp: 1 | 
2026-05-03 17:10:38,949 - INFO     - img2od: 21 | od2fr: 0 | od2lpr: 1000 | od2cap: 0 | fr2kr: 0 | lpr2kr: 1000 | cap2udp: 0 | kr2udp: 1 | 
2026-05-03 17:10:39,950 - INFO     - img2od: 21 | od2fr: 0 | od2lpr: 1000 | od2cap: 0 | fr2kr: 0 | lpr2kr: 1000 | cap2udp: 0 | kr2udp: 1 | 
2026-05-03 17:10:40,951 - INFO     - img2od: 21 | od2fr: 0 | od2lpr: 1000 | od2cap: 0 | fr2kr: 0 | lpr2kr: 1000 | cap2udp: 0 | kr2udp: 1 | 
2026-05-03 17:10:41,952 - INFO     - img2od: 21 | od2fr: 0 | od2lpr: 1000 | od2cap: 0 | fr2kr: 0 | lpr2kr: 1000 | cap2udp: 0 | kr2udp: 1 | 
2026-05-03 17:10:42,953 - INFO     - img2od: 21 | od2fr: 0 | od2lpr: 1000 | od2cap: 0 | fr2kr: 0 | lpr2kr: 1000 | cap2udp: 0 | kr2udp: 1 | 
2026-05-03 17:10:43,954 - INFO     - img2od: 21 | od2fr: 0 | od2lpr: 1000 | od2cap: 0 | fr2kr: 0 | lpr2kr: 1000 | cap2udp: 0 | kr2udp: 1 | 
2026-05-03 17:10:44,955 - INFO     - img2od: 21 | od2fr: 0 | od2lpr: 1000 | od2cap: 0 | fr2kr: 0 | lpr2kr: 1000 | cap2udp: 0 | kr2udp: 1 | 
2026-05-03 17:10:45,956 - INFO     - img2od: 21 | od2fr: 0 | od2lpr: 1000 | od2cap: 0 | fr2kr: 0 | lpr2kr: 1000 | cap2udp: 0 | kr2udp: 0 | 
2026-05-03 17:10:46,957 - INFO     - img2od: 21 | od2fr: 0 | od2lpr: 1000 | od2cap: 0 | fr2kr: 0 | lpr2kr: 1000 | cap2udp: 0 | kr2udp: 0 | 
2026-05-03 17:10:47,958 - INFO     - img2od: 21 | od2fr: 0 | od2lpr: 1000 | od2cap: 0 | fr2kr: 0 | lpr2kr: 1000 | cap2udp: 0 | kr2udp: 1 | 
2026-05-03 17:10:48,959 - INFO     - img2od: 21 | od2fr: 0 | od2lpr: 1000 | od2cap: 0 | fr2kr: 0 | lpr2kr: 1000 | cap2udp: 0 | kr2udp: 1 | 
2026-05-03 17:10:49,960 - INFO     - img2od: 21 | od2fr: 0 | od2lpr: 1000 | od2cap: 0 | fr2kr: 0 | lpr2kr: 1000 | cap2udp: 0 | kr2udp: 0 | 
2026-05-03 17:10:50,961 - INFO     - img2od: 21 | od2fr: 0 | od2lpr: 1000 | od2cap: 0 | fr2kr: 0 | lpr2kr: 1000 | cap2udp: 0 | kr2udp: 1 | 
2026-05-03 17:10:51,962 - INFO     - img2od: 21 | od2fr: 0 | od2lpr: 1000 | od2cap: 0 | fr2kr: 0 | lpr2kr: 1000 | cap2udp: 0 | kr2udp: 1 | 
2026-05-03 17:10:52,963 - INFO     - img2od: 21 | od2fr: 0 | od2lpr: 1000 | od2cap: 0 | fr2kr: 0 | lpr2kr: 1000 | cap2udp: 0 | kr2udp: 1 | 
2026-05-03 17:10:53,964 - INFO     - img2od: 21 | od2fr: 0 | od2lpr: 1000 | od2cap: 0 | fr2kr: 0 | lpr2kr: 1000 | cap2udp: 0 | kr2udp: 0 | 
2026-05-03 17:10:54,965 - INFO     - img2od: 21 | od2fr: 0 | od2lpr: 1000 | od2cap: 0 | fr2kr: 0 | lpr2kr: 1000 | cap2udp: 0 | kr2udp: 0 | 
2026-05-03 17:10:55,966 - INFO     - img2od: 21 | od2fr: 0 | od2lpr: 1000 | od2cap: 0 | fr2kr: 0 | lpr2kr: 1000 | cap2udp: 0 | kr2udp: 1 | 
2026-05-03 17:10:56,967 - INFO     - img2od: 21 | od2fr: 0 | od2lpr: 1000 | od2cap: 0 | fr2kr: 0 | lpr2kr: 1000 | cap2udp: 0 | kr2udp: 1 | 
2026-05-03 17:10:57,968 - INFO     - img2od: 21 | od2fr: 0 | od2lpr: 1000 | od2cap: 0 | fr2kr: 0 | lpr2kr: 1000 | cap2udp: 0 | kr2udp: 1 | 
2026-05-03 17:10:58,969 - INFO     - img2od: 21 | od2fr: 0 | od2lpr: 1000 | od2cap: 0 | fr2kr: 0 | lpr2kr: 1000 | cap2udp: 0 | kr2udp: 1 | 
2026-05-03 17:10:59,970 - INFO     - img2od: 21 | od2fr: 0 | od2lpr: 1000 | od2cap: 0 | fr2kr: 0 | lpr2kr: 1000 | cap2udp: 0 | kr2udp: 1 | 
2026-05-03 17:11:00,971 - INFO     - img2od: 21 | od2fr: 0 | od2lpr: 1000 | od2cap: 0 | fr2kr: 0 | lpr2kr: 1000 | cap2udp: 0 | kr2udp: 1 | 
2026-05-03 17:11:01,972 - INFO     - img2od: 21 | od2fr: 0 | od2lpr: 1000 | od2cap: 0 | fr2kr: 0 | lpr2kr: 1000 | cap2udp: 0 | kr2udp: 1 | 
2026-05-03 17:11:02,973 - INFO     - img2od: 21 | od2fr: 0 | od2lpr: 1000 | od2cap: 0 | fr2kr: 0 | lpr2kr: 1000 | cap2udp: 0 | kr2udp: 0 | 
2026-05-03 17:11:03,974 - INFO     - img2od: 21 | od2fr: 0 | od2lpr: 1000 | od2cap: 0 | fr2kr: 0 | lpr2kr: 1000 | cap2udp: 0 | kr2udp: 1 | 
2026-05-03 17:11:04,975 - INFO     - img2od: 21 | od2fr: 0 | od2lpr: 1000 | od2cap: 0 | fr2kr: 0 | lpr2kr: 1000 | cap2udp: 0 | kr2udp: 1 | 
2026-05-03 17:11:05,976 - INFO     - img2od: 21 | od2fr: 0 | od2lpr: 1000 | od2cap: 0 | fr2kr: 0 | lpr2kr: 1000 | cap2udp: 0 | kr2udp: 1 | 
2026-05-03 17:11:06,977 - INFO     - img2od: 21 | od2fr: 0 | od2lpr: 1000 | od2cap: 0 | fr2kr: 0 | lpr2kr: 1000 | cap2udp: 0 | kr2udp: 0 | 
2026-05-03 17:11:07,978 - INFO     - img2od: 21 | od2fr: 0 | od2lpr: 1000 | od2cap: 0 | fr2kr: 0 | lpr2kr: 1000 | cap2udp: 0 | kr2udp: 0 | 
2026-05-03 17:11:08,979 - INFO     - img2od: 21 | od2fr: 0 | od2lpr: 1000 | od2cap: 0 | fr2kr: 0 | lpr2kr: 1000 | cap2udp: 0 | kr2udp: 1 | 
2026-05-03 17:11:09,980 - INFO     - img2od: 21 | od2fr: 0 | od2lpr: 1000 | od2cap: 0 | fr2kr: 0 | lpr2kr: 1000 | cap2udp: 0 | kr2udp: 1 | 
2026-05-03 17:11:10,981 - INFO     - img2od: 21 | od2fr: 0 | od2lpr: 1000 | od2cap: 0 | fr2kr: 0 | lpr2kr: 1000 | cap2udp: 0 | kr2udp: 0 | 
2026-05-03 17:11:11,982 - INFO     - img2od: 21 | od2fr: 0 | od2lpr: 1000 | od2cap: 0 | fr2kr: 0 | lpr2kr: 1000 | cap2udp: 0 | kr2udp: 0 | 
2026-05-03 17:11:12,983 - INFO     - img2od: 21 | od2fr: 0 | od2lpr: 1000 | od2cap: 0 | fr2kr: 0 | lpr2kr: 1000 | cap2udp: 0 | kr2udp: 1 | 
2026-05-03 17:11:13,984 - INFO     - img2od: 21 | od2fr: 0 | od2lpr: 1000 | od2cap: 0 | fr2kr: 0 | lpr2kr: 1000 | cap2udp: 0 | kr2udp: 1 | 
2026-05-03 17:11:14,985 - INFO     - img2od: 21 | od2fr: 0 | od2lpr: 1000 | od2cap: 0 | fr2kr: 0 | lpr2kr: 1000 | cap2udp: 0 | kr2udp: 1 | 
2026-05-03 17:11:15,986 - INFO     - img2od: 21 | od2fr: 0 | od2lpr: 1000 | od2cap: 0 | fr2kr: 0 | lpr2kr: 1000 | cap2udp: 0 | kr2udp: 1 | 
2026-05-03 17:11:16,987 - INFO     - img2od: 21 | od2fr: 0 | od2lpr: 1000 | od2cap: 0 | fr2kr: 0 | lpr2kr: 1000 | cap2udp: 0 | kr2udp: 1 | 
2026-05-03 17:11:17,988 - INFO     - img2od: 21 | od2fr: 0 | od2lpr: 1000 | od2cap: 0 | fr2kr: 0 | lpr2kr: 1000 | cap2udp: 0 | kr2udp: 1 | 
2026-05-03 17:11:18,989 - INFO     - img2od: 21 | od2fr: 0 | od2lpr: 1000 | od2cap: 0 | fr2kr: 0 | lpr2kr: 999 | cap2udp: 0 | kr2udp: 1 | 
2026-05-03 17:11:19,990 - INFO     - img2od: 21 | od2fr: 0 | od2lpr: 1000 | od2cap: 0 | fr2kr: 0 | lpr2kr: 1000 | cap2udp: 0 | kr2udp: 1 | 
2026-05-03 17:11:20,991 - INFO     - img2od: 21 | od2fr: 0 | od2lpr: 1000 | od2cap: 0 | fr2kr: 0 | lpr2kr: 1000 | cap2udp: 0 | kr2udp: 0 | 
2026-05-03 17:11:21,992 - INFO     - img2od: 21 | od2fr: 0 | od2lpr: 1000 | od2cap: 0 | fr2kr: 0 | lpr2kr: 1000 | cap2udp: 0 | kr2udp: 1 | 
2026-05-03 17:11:22,993 - INFO     - img2od: 21 | od2fr: 0 | od2lpr: 1000 | od2cap: 0 | fr2kr: 0 | lpr2kr: 1000 | cap2udp: 0 | kr2udp: 0 | 
2026-05-03 17:11:23,994 - INFO     - img2od: 21 | od2fr: 0 | od2lpr: 1000 | od2cap: 0 | fr2kr: 0 | lpr2kr: 1000 | cap2udp: 0 | kr2udp: 1 | 
2026-05-03 17:11:24,995 - INFO     - img2od: 21 | od2fr: 0 | od2lpr: 1000 | od2cap: 0 | fr2kr: 0 | lpr2kr: 1000 | cap2udp: 0 | kr2udp: 1 | 
2026-05-03 17:11:25,996 - INFO     - img2od: 21 | od2fr: 0 | od2lpr: 1000 | od2cap: 0 | fr2kr: 0 | lpr2kr: 1000 | cap2udp: 0 | kr2udp: 1 | 
2026-05-03 17:11:26,997 - INFO     - img2od: 21 | od2fr: 0 | od2lpr: 1000 | od2cap: 0 | fr2kr: 0 | lpr2kr: 1000 | cap2udp: 0 | kr2udp: 1 | 
2026-05-03 17:11:27,998 - INFO     - img2od: 21 | od2fr: 0 | od2lpr: 1000 | od2cap: 0 | fr2kr: 0 | lpr2kr: 1000 | cap2udp: 0 | kr2udp: 1 | 
2026-05-03 17:11:28,999 - INFO     - img2od: 21 | od2fr: 0 | od2lpr: 1000 | od2cap: 0 | fr2kr: 0 | lpr2kr: 1000 | cap2udp: 0 | kr2udp: 1 | 
2026-05-03 17:11:30,000 - INFO     - img2od: 21 | od2fr: 0 | od2lpr: 1000 | od2cap: 0 | fr2kr: 0 | lpr2kr: 1000 | cap2udp: 0 | kr2udp: 1 | 
2026-05-03 17:11:31,001 - INFO     - img2od: 21 | od2fr: 0 | od2lpr: 1000 | od2cap: 0 | fr2kr: 0 | lpr2kr: 1000 | cap2udp: 0 | kr2udp: 0 | 
2026-05-03 17:11:32,002 - INFO     - img2od: 21 | od2fr: 0 | od2lpr: 1000 | od2cap: 0 | fr2kr: 0 | lpr2kr: 1000 | cap2udp: 0 | kr2udp: 1 | 
2026-05-03 17:11:33,003 - INFO     - img2od: 21 | od2fr: 0 | od2lpr: 1000 | od2cap: 0 | fr2kr: 0 | lpr2kr: 1000 | cap2udp: 0 | kr2udp: 1 | 
2026-05-03 17:11:34,004 - INFO     - img2od: 21 | od2fr: 0 | od2lpr: 1000 | od2cap: 0 | fr2kr: 0 | lpr2kr: 1000 | cap2udp: 0 | kr2udp: 0 | 
2026-05-03 17:11:35,005 - INFO     - img2od: 21 | od2fr: 0 | od2lpr: 1000 | od2cap: 0 | fr2kr: 0 | lpr2kr: 1000 | cap2udp: 0 | kr2udp: 1 | 
2026-05-03 17:11:36,006 - INFO     - img2od: 21 | od2fr: 0 | od2lpr: 1000 | od2cap: 0 | fr2kr: 0 | lpr2kr: 1000 | cap2udp: 0 | kr2udp: 1 | 
2026-05-03 17:11:37,007 - INFO     - img2od: 21 | od2fr: 0 | od2lpr: 1000 | od2cap: 0 | fr2kr: 0 | lpr2kr: 1000 | cap2udp: 0 | kr2udp: 0 | 
2026-05-03 17:11:38,008 - INFO     - img2od: 21 | od2fr: 0 | od2lpr: 1000 | od2cap: 0 | fr2kr: 0 | lpr2kr: 1000 | cap2udp: 0 | kr2udp: 1 | 
2026-05-03 17:11:39,009 - INFO     - img2od: 21 | od2fr: 0 | od2lpr: 1000 | od2cap: 0 | fr2kr: 0 | lpr2kr: 1000 | cap2udp: 0 | kr2udp: 1 | 
2026-05-03 17:11:40,010 - INFO     - img2od: 21 | od2fr: 0 | od2lpr: 1000 | od2cap: 0 | fr2kr: 0 | lpr2kr: 1000 | cap2udp: 0 | kr2udp: 0 | 
2026-05-03 17:11:41,011 - INFO     - img2od: 21 | od2fr: 0 | od2lpr: 1000 | od2cap: 0 | fr2kr: 0 | lpr2kr: 1000 | cap2udp: 0 | kr2udp: 1 | 
2026-05-03 17:11:42,012 - INFO     - img2od: 21 | od2fr: 0 | od2lpr: 1000 | od2cap: 0 | fr2kr: 0 | lpr2kr: 1000 | cap2udp: 0 | kr2udp: 1 | 
2026-05-03 17:11:43,013 - INFO     - img2od: 21 | od2fr: 0 | od2lpr: 1000 | od2cap: 0 | fr2kr: 0 | lpr2kr: 1000 | cap2udp: 0 | kr2udp: 1 | 
2026-05-03 17:11:44,014 - INFO     - img2od: 21 | od2fr: 0 | od2lpr: 1000 | od2cap: 0 | fr2kr: 0 | lpr2kr: 1000 | cap2udp: 0 | kr2udp: 1 | 
2026-05-03 17:11:45,015 - INFO     - img2od: 21 | od2fr: 0 | od2lpr: 1000 | od2cap: 0 | fr2kr: 0 | lpr2kr: 1000 | cap2udp: 0 | kr2udp: 1 | 
2026-05-03 17:11:46,016 - INFO     - img2od: 21 | od2fr: 0 | od2lpr: 1000 | od2cap: 0 | fr2kr: 0 | lpr2kr: 1000 | cap2udp: 0 | kr2udp: 1 | 
2026-05-03 17:11:47,017 - INFO     - img2od: 21 | od2fr: 0 | od2lpr: 1000 | od2cap: 0 | fr2kr: 0 | lpr2kr: 1000 | cap2udp: 0 | kr2udp: 1 | 
2026-05-03 17:11:48,018 - INFO     - img2od: 21 | od2fr: 0 | od2lpr: 1000 | od2cap: 0 | fr2kr: 0 | lpr2kr: 1000 | cap2udp: 0 | kr2udp: 1 | 
2026-05-03 17:11:49,019 - INFO     - img2od: 21 | od2fr: 0 | od2lpr: 1000 | od2cap: 0 | fr2kr: 0 | lpr2kr: 1000 | cap2udp: 0 | kr2udp: 1 | 
2026-05-03 17:11:50,020 - INFO     - img2od: 21 | od2fr: 0 | od2lpr: 1000 | od2cap: 0 | fr2kr: 0 | lpr2kr: 1000 | cap2udp: 0 | kr2udp: 1 | 
2026-05-03 17:11:51,021 - INFO     - img2od: 21 | od2fr: 0 | od2lpr: 1000 | od2cap: 0 | fr2kr: 0 | lpr2kr: 1000 | cap2udp: 0 | kr2udp: 2 | 
2026-05-03 17:11:52,022 - INFO     - img2od: 21 | od2fr: 0 | od2lpr: 1000 | od2cap: 0 | fr2kr: 0 | lpr2kr: 1000 | cap2udp: 0 | kr2udp: 0 | 
2026-05-03 17:11:53,023 - INFO     - img2od: 21 | od2fr: 0 | od2lpr: 1000 | od2cap: 0 | fr2kr: 0 | lpr2kr: 1000 | cap2udp: 0 | kr2udp: 1 | 
2026-05-03 17:11:54,024 - INFO     - img2od: 21 | od2fr: 0 | od2lpr: 1000 | od2cap: 0 | fr2kr: 0 | lpr2kr: 1000 | cap2udp: 0 | kr2udp: 1 | 
2026-05-03 17:11:55,025 - INFO     - img2od: 21 | od2fr: 0 | od2lpr: 1000 | od2cap: 0 | fr2kr: 0 | lpr2kr: 1000 | cap2udp: 0 | kr2udp: 1 | 
2026-05-03 17:11:56,026 - INFO     - img2od: 21 | od2fr: 0 | od2lpr: 1000 | od2cap: 0 | fr2kr: 0 | lpr2kr: 1000 | cap2udp: 0 | kr2udp: 1 | 
2026-05-03 17:11:57,027 - INFO     - img2od: 21 | od2fr: 0 | od2lpr: 1000 | od2cap: 0 | fr2kr: 0 | lpr2kr: 1000 | cap2udp: 0 | kr2udp: 1 | 
2026-05-03 17:11:58,028 - INFO     - img2od: 21 | od2fr: 0 | od2lpr: 1000 | od2cap: 0 | fr2kr: 0 | lpr2kr: 1000 | cap2udp: 0 | kr2udp: 1 | 
2026-05-03 17:11:59,029 - INFO     - img2od: 21 | od2fr: 0 | od2lpr: 1000 | od2cap: 0 | fr2kr: 0 | lpr2kr: 1000 | cap2udp: 0 | kr2udp: 1 | 
2026-05-03 17:12:00,030 - INFO     - img2od: 21 | od2fr: 0 | od2lpr: 1000 | od2cap: 0 | fr2kr: 0 | lpr2kr: 1000 | cap2udp: 0 | kr2udp: 1 | 
2026-05-03 17:12:01,031 - INFO     - img2od: 21 | od2fr: 0 | od2lpr: 1000 | od2cap: 0 | fr2kr: 0 | lpr2kr: 1000 | cap2udp: 0 | kr2udp: 1 | 
2026-05-03 17:12:02,032 - INFO     - img2od: 21 | od2fr: 0 | od2lpr: 1000 | od2cap: 0 | fr2kr: 0 | lpr2kr: 1000 | cap2udp: 0 | kr2udp: 1 | 
2026-05-03 17:12:03,033 - INFO     - img2od: 21 | od2fr: 0 | od2lpr: 1000 | od2cap: 0 | fr2kr: 0 | lpr2kr: 1000 | cap2udp: 0 | kr2udp: 1 | 
2026-05-03 17:12:04,034 - INFO     - img2od: 21 | od2fr: 0 | od2lpr: 1000 | od2cap: 0 | fr2kr: 0 | lpr2kr: 1000 | cap2udp: 0 | kr2udp: 1 | 
2026-05-03 17:12:05,035 - INFO     - img2od: 21 | od2fr: 0 | od2lpr: 1000 | od2cap: 0 | fr2kr: 0 | lpr2kr: 1000 | cap2udp: 0 | kr2udp: 0 | 
2026-05-03 17:12:06,036 - INFO     - img2od: 21 | od2fr: 0 | od2lpr: 1000 | od2cap: 0 | fr2kr: 0 | lpr2kr: 1000 | cap2udp: 0 | kr2udp: 0 | 
2026-05-03 17:12:07,037 - INFO     - img2od: 21 | od2fr: 0 | od2lpr: 1000 | od2cap: 0 | fr2kr: 0 | lpr2kr: 1000 | cap2udp: 0 | kr2udp: 1 | 
2026-05-03 17:12:08,038 - INFO     - img2od: 21 | od2fr: 0 | od2lpr: 1000 | od2cap: 0 | fr2kr: 0 | lpr2kr: 1000 | cap2udp: 0 | kr2udp: 1 | 
2026-05-03 17:12:09,039 - INFO     - img2od: 21 | od2fr: 0 | od2lpr: 1000 | od2cap: 0 | fr2kr: 0 | lpr2kr: 1000 | cap2udp: 0 | kr2udp: 1 | 
2026-05-03 17:12:10,040 - INFO     - img2od: 21 | od2fr: 0 | od2lpr: 1000 | od2cap: 0 | fr2kr: 0 | lpr2kr: 1000 | cap2udp: 0 | kr2udp: 1 | 
2026-05-03 17:12:11,041 - INFO     - img2od: 21 | od2fr: 0 | od2lpr: 1000 | od2cap: 0 | fr2kr: 0 | lpr2kr: 1000 | cap2udp: 0 | kr2udp: 1 | 
2026-05-03 17:12:12,042 - INFO     - img2od: 21 | od2fr: 0 | od2lpr: 1000 | od2cap: 0 | fr2kr: 0 | lpr2kr: 1000 | cap2udp: 0 | kr2udp: 1 | 
2026-05-03 17:12:13,043 - INFO     - img2od: 21 | od2fr: 0 | od2lpr: 1000 | od2cap: 0 | fr2kr: 0 | lpr2kr: 1000 | cap2udp: 0 | kr2udp: 0 | 
2026-05-03 17:12:14,044 - INFO     - img2od: 21 | od2fr: 0 | od2lpr: 1000 | od2cap: 0 | fr2kr: 0 | lpr2kr: 1000 | cap2udp: 0 | kr2udp: 1 | 
2026-05-03 17:12:15,045 - INFO     - img2od: 21 | od2fr: 0 | od2lpr: 1000 | od2cap: 0 | fr2kr: 0 | lpr2kr: 1000 | cap2udp: 0 | kr2udp: 1 | 
2026-05-03 17:12:16,046 - INFO     - img2od: 21 | od2fr: 0 | od2lpr: 1000 | od2cap: 0 | fr2kr: 0 | lpr2kr: 1000 | cap2udp: 0 | kr2udp: 1 | 
2026-05-03 17:12:17,047 - INFO     - img2od: 21 | od2fr: 0 | od2lpr: 1000 | od2cap: 0 | fr2kr: 0 | lpr2kr: 1000 | cap2udp: 0 | kr2udp: 1 | 
2026-05-03 17:12:18,048 - INFO     - img2od: 21 | od2fr: 0 | od2lpr: 1000 | od2cap: 0 | fr2kr: 0 | lpr2kr: 1000 | cap2udp: 0 | kr2udp: 2 | 
2026-05-03 17:12:19,049 - INFO     - img2od: 21 | od2fr: 0 | od2lpr: 1000 | od2cap: 0 | fr2kr: 0 | lpr2kr: 1000 | cap2udp: 0 | kr2udp: 1 | 
2026-05-03 17:12:20,050 - INFO     - img2od: 21 | od2fr: 0 | od2lpr: 1000 | od2cap: 0 | fr2kr: 0 | lpr2kr: 1000 | cap2udp: 0 | kr2udp: 0 | 
2026-05-03 17:12:21,051 - INFO     - img2od: 21 | od2fr: 0 | od2lpr: 1000 | od2cap: 0 | fr2kr: 0 | lpr2kr: 1000 | cap2udp: 0 | kr2udp: 0 | 
2026-05-03 17:12:22,052 - INFO     - img2od: 21 | od2fr: 0 | od2lpr: 1000 | od2cap: 0 | fr2kr: 0 | lpr2kr: 1000 | cap2udp: 0 | kr2udp: 1 | 
2026-05-03 17:12:23,053 - INFO     - img2od: 21 | od2fr: 0 | od2lpr: 1000 | od2cap: 0 | fr2kr: 0 | lpr2kr: 1000 | cap2udp: 0 | kr2udp: 1 | 
2026-05-03 17:12:24,054 - INFO     - img2od: 21 | od2fr: 0 | od2lpr: 1000 | od2cap: 0 | fr2kr: 0 | lpr2kr: 1000 | cap2udp: 0 | kr2udp: 1 | 
2026-05-03 17:12:25,055 - INFO     - img2od: 21 | od2fr: 0 | od2lpr: 1000 | od2cap: 0 | fr2kr: 0 | lpr2kr: 1000 | cap2udp: 0 | kr2udp: 1 | 
2026-05-03 17:12:26,056 - INFO     - img2od: 21 | od2fr: 0 | od2lpr: 1000 | od2cap: 0 | fr2kr: 0 | lpr2kr: 1000 | cap2udp: 0 | kr2udp: 1 | 
2026-05-03 17:12:27,057 - INFO     - img2od: 21 | od2fr: 0 | od2lpr: 1000 | od2cap: 0 | fr2kr: 0 | lpr2kr: 1000 | cap2udp: 0 | kr2udp: 1 | 
2026-05-03 17:12:28,058 - INFO     - img2od: 21 | od2fr: 0 | od2lpr: 1000 | od2cap: 0 | fr2kr: 0 | lpr2kr: 1000 | cap2udp: 0 | kr2udp: 0 | 
2026-05-03 17:12:29,059 - INFO     - img2od: 21 | od2fr: 0 | od2lpr: 1000 | od2cap: 0 | fr2kr: 0 | lpr2kr: 1000 | cap2udp: 0 | kr2udp: 1 | 
2026-05-03 17:12:30,060 - INFO     - img2od: 21 | od2fr: 0 | od2lpr: 1000 | od2cap: 0 | fr2kr: 0 | lpr2kr: 1000 | cap2udp: 0 | kr2udp: 1 | 
2026-05-03 17:12:31,061 - INFO     - img2od: 21 | od2fr: 0 | od2lpr: 1000 | od2cap: 0 | fr2kr: 0 | lpr2kr: 1000 | cap2udp: 0 | kr2udp: 1 | 
2026-05-03 17:12:32,062 - INFO     - img2od: 21 | od2fr: 0 | od2lpr: 1000 | od2cap: 0 | fr2kr: 0 | lpr2kr: 1000 | cap2udp: 0 | kr2udp: 1 | 
2026-05-03 17:12:33,063 - INFO     - img2od: 21 | od2fr: 0 | od2lpr: 1000 | od2cap: 0 | fr2kr: 0 | lpr2kr: 1000 | cap2udp: 0 | kr2udp: 1 | 
2026-05-03 17:12:34,064 - INFO     - img2od: 21 | od2fr: 0 | od2lpr: 1000 | od2cap: 0 | fr2kr: 0 | lpr2kr: 1000 | cap2udp: 0 | kr2udp: 1 | 
2026-05-03 17:12:35,065 - INFO     - img2od: 21 | od2fr: 0 | od2lpr: 1000 | od2cap: 0 | fr2kr: 0 | lpr2kr: 1000 | cap2udp: 0 | kr2udp: 1 | 
2026-05-03 17:12:36,066 - INFO     - img2od: 21 | od2fr: 0 | od2lpr: 1000 | od2cap: 0 | fr2kr: 0 | lpr2kr: 1000 | cap2udp: 0 | kr2udp: 1 | 
2026-05-03 17:12:37,067 - INFO     - img2od: 21 | od2fr: 0 | od2lpr: 1000 | od2cap: 0 | fr2kr: 0 | lpr2kr: 1000 | cap2udp: 0 | kr2udp: 0 | 
2026-05-03 17:12:38,068 - INFO     - img2od: 21 | od2fr: 0 | od2lpr: 1000 | od2cap: 0 | fr2kr: 0 | lpr2kr: 1000 | cap2udp: 0 | kr2udp: 1 | 
2026-05-03 17:12:39,069 - INFO     - img2od: 21 | od2fr: 0 | od2lpr: 1000 | od2cap: 0 | fr2kr: 0 | lpr2kr: 1000 | cap2udp: 0 | kr2udp: 0 | 
2026-05-03 17:12:40,070 - INFO     - img2od: 21 | od2fr: 0 | od2lpr: 1000 | od2cap: 0 | fr2kr: 0 | lpr2kr: 1000 | cap2udp: 0 | kr2udp: 1 | 
2026-05-03 17:12:41,071 - INFO     - img2od: 21 | od2fr: 0 | od2lpr: 1000 | od2cap: 0 | fr2kr: 0 | lpr2kr: 1000 | cap2udp: 0 | kr2udp: 1 | 
2026-05-03 17:12:42,072 - INFO     - img2od: 21 | od2fr: 0 | od2lpr: 1000 | od2cap: 0 | fr2kr: 0 | lpr2kr: 1000 | cap2udp: 0 | kr2udp: 1 | 
2026-05-03 17:12:43,073 - INFO     - img2od: 21 | od2fr: 0 | od2lpr: 1000 | od2cap: 0 | fr2kr: 0 | lpr2kr: 1000 | cap2udp: 0 | kr2udp: 1 | 
2026-05-03 17:12:44,074 - INFO     - img2od: 21 | od2fr: 0 | od2lpr: 1000 | od2cap: 0 | fr2kr: 0 | lpr2kr: 1000 | cap2udp: 0 | kr2udp: 1 | 
2026-05-03 17:12:45,075 - INFO     - img2od: 21 | od2fr: 0 | od2lpr: 1000 | od2cap: 0 | fr2kr: 0 | lpr2kr: 1000 | cap2udp: 0 | kr2udp: 1 | 
2026-05-03 17:12:46,076 - INFO     - img2od: 21 | od2fr: 0 | od2lpr: 1000 | od2cap: 0 | fr2kr: 0 | lpr2kr: 1000 | cap2udp: 0 | kr2udp: 0 | 
2026-05-03 17:12:47,077 - INFO     - img2od: 21 | od2fr: 0 | od2lpr: 1000 | od2cap: 0 | fr2kr: 0 | lpr2kr: 1000 | cap2udp: 0 | kr2udp: 1 | 
2026-05-03 17:12:48,078 - INFO     - img2od: 21 | od2fr: 0 | od2lpr: 1000 | od2cap: 0 | fr2kr: 0 | lpr2kr: 1000 | cap2udp: 0 | kr2udp: 1 | 
2026-05-03 17:12:49,079 - INFO     - img2od: 21 | od2fr: 0 | od2lpr: 1000 | od2cap: 0 | fr2kr: 0 | lpr2kr: 1000 | cap2udp: 0 | kr2udp: 1 | 
2026-05-03 17:12:50,080 - INFO     - img2od: 21 | od2fr: 0 | od2lpr: 1000 | od2cap: 0 | fr2kr: 0 | lpr2kr: 1000 | cap2udp: 0 | kr2udp: 1 | 
2026-05-03 17:12:51,081 - INFO     - img2od: 21 | od2fr: 0 | od2lpr: 1000 | od2cap: 0 | fr2kr: 0 | lpr2kr: 1000 | cap2udp: 0 | kr2udp: 1 | 
2026-05-03 17:12:52,082 - INFO     - img2od: 21 | od2fr: 0 | od2lpr: 1000 | od2cap: 0 | fr2kr: 0 | lpr2kr: 1000 | cap2udp: 0 | kr2udp: 1 | 
2026-05-03 17:12:53,083 - INFO     - img2od: 21 | od2fr: 0 | od2lpr: 1000 | od2cap: 0 | fr2kr: 0 | lpr2kr: 1000 | cap2udp: 0 | kr2udp: 1 | 
2026-05-03 17:12:54,084 - INFO     - img2od: 21 | od2fr: 0 | od2lpr: 1000 | od2cap: 0 | fr2kr: 0 | lpr2kr: 1000 | cap2udp: 0 | kr2udp: 1 | 
2026-05-03 17:12:55,085 - INFO     - img2od: 21 | od2fr: 0 | od2lpr: 1000 | od2cap: 0 | fr2kr: 0 | lpr2kr: 1000 | cap2udp: 0 | kr2udp: 1 | 
2026-05-03 17:12:56,086 - INFO     - img2od: 21 | od2fr: 0 | od2lpr: 1000 | od2cap: 0 | fr2kr: 0 | lpr2kr: 1000 | cap2udp: 0 | kr2udp: 1 | 
2026-05-03 17:12:57,087 - INFO     - img2od: 21 | od2fr: 0 | od2lpr: 1000 | od2cap: 0 | fr2kr: 0 | lpr2kr: 1000 | cap2udp: 0 | kr2udp: 1 | 
2026-05-03 17:12:58,088 - INFO     - img2od: 21 | od2fr: 0 | od2lpr: 1000 | od2cap: 0 | fr2kr: 0 | lpr2kr: 1000 | cap2udp: 0 | kr2udp: 1 | 
2026-05-03 17:12:59,089 - INFO     - img2od: 21 | od2fr: 0 | od2lpr: 1000 | od2cap: 0 | fr2kr: 0 | lpr2kr: 1000 | cap2udp: 0 | kr2udp: 1 | 
2026-05-03 17:13:00,090 - INFO     - img2od: 21 | od2fr: 0 | od2lpr: 1000 | od2cap: 0 | fr2kr: 0 | lpr2kr: 1000 | cap2udp: 0 | kr2udp: 1 | 
2026-05-03 17:13:01,091 - INFO     - img2od: 21 | od2fr: 0 | od2lpr: 1000 | od2cap: 0 | fr2kr: 0 | lpr2kr: 1000 | cap2udp: 0 | kr2udp: 2 | 
2026-05-03 17:13:02,092 - INFO     - img2od: 21 | od2fr: 0 | od2lpr: 1000 | od2cap: 0 | fr2kr: 0 | lpr2kr: 1000 | cap2udp: 0 | kr2udp: 0 | 
2026-05-03 17:13:03,093 - INFO     - img2od: 21 | od2fr: 0 | od2lpr: 1000 | od2cap: 0 | fr2kr: 0 | lpr2kr: 1000 | cap2udp: 0 | kr2udp: 0 | 
2026-05-03 17:13:04,094 - INFO     - img2od: 21 | od2fr: 0 | od2lpr: 1000 | od2cap: 0 | fr2kr: 0 | lpr2kr: 999 | cap2udp: 0 | kr2udp: 1 | 
2026-05-03 17:13:05,095 - INFO     - img2od: 21 | od2fr: 0 | od2lpr: 1000 | od2cap: 0 | fr2kr: 0 | lpr2kr: 1000 | cap2udp: 0 | kr2udp: 1 | 
2026-05-03 17:13:06,096 - INFO     - img2od: 21 | od2fr: 0 | od2lpr: 1000 | od2cap: 0 | fr2kr: 0 | lpr2kr: 1000 | cap2udp: 0 | kr2udp: 1 | 
2026-05-03 17:13:07,097 - INFO     - img2od: 21 | od2fr: 0 | od2lpr: 1000 | od2cap: 0 | fr2kr: 0 | lpr2kr: 1000 | cap2udp: 0 | kr2udp: 1 | 
2026-05-03 17:13:08,098 - INFO     - img2od: 21 | od2fr: 0 | od2lpr: 1000 | od2cap: 0 | fr2kr: 0 | lpr2kr: 1000 | cap2udp: 0 | kr2udp: 1 | 
2026-05-03 17:13:09,099 - INFO     - img2od: 21 | od2fr: 0 | od2lpr: 1000 | od2cap: 0 | fr2kr: 0 | lpr2kr: 1000 | cap2udp: 0 | kr2udp: 1 | 
2026-05-03 17:13:10,100 - INFO     - img2od: 21 | od2fr: 0 | od2lpr: 1000 | od2cap: 0 | fr2kr: 0 | lpr2kr: 1000 | cap2udp: 0 | kr2udp: 1 | 
2026-05-03 17:13:11,101 - INFO     - img2od: 21 | od2fr: 0 | od2lpr: 1000 | od2cap: 0 | fr2kr: 0 | lpr2kr: 1000 | cap2udp: 0 | kr2udp: 1 | 
2026-05-03 17:13:12,114 - INFO     - img2od: 21 | od2fr: 0 | od2lpr: 1000 | od2cap: 0 | fr2kr: 0 | lpr2kr: 1000 | cap2udp: 0 | kr2udp: 1 | 
2026-05-03 17:13:13,115 - INFO     - img2od: 21 | od2fr: 0 | od2lpr: 1000 | od2cap: 0 | fr2kr: 0 | lpr2kr: 1000 | cap2udp: 0 | kr2udp: 1 | 
2026-05-03 17:13:14,116 - INFO     - img2od: 21 | od2fr: 0 | od2lpr: 1000 | od2cap: 0 | fr2kr: 0 | lpr2kr: 1000 | cap2udp: 0 | kr2udp: 0 | 
2026-05-03 17:13:15,117 - INFO     - img2od: 21 | od2fr: 0 | od2lpr: 1000 | od2cap: 0 | fr2kr: 0 | lpr2kr: 1000 | cap2udp: 0 | kr2udp: 1 | 
2026-05-03 17:13:16,118 - INFO     - img2od: 21 | od2fr: 0 | od2lpr: 1000 | od2cap: 0 | fr2kr: 0 | lpr2kr: 999 | cap2udp: 0 | kr2udp: 1 | 
2026-05-03 17:13:17,119 - INFO     - img2od: 21 | od2fr: 0 | od2lpr: 1000 | od2cap: 0 | fr2kr: 0 | lpr2kr: 1000 | cap2udp: 0 | kr2udp: 1 | 
2026-05-03 17:13:18,120 - INFO     - img2od: 21 | od2fr: 0 | od2lpr: 1000 | od2cap: 0 | fr2kr: 0 | lpr2kr: 1000 | cap2udp: 0 | kr2udp: 1 | 
2026-05-03 17:13:19,121 - INFO     - img2od: 21 | od2fr: 0 | od2lpr: 1000 | od2cap: 0 | fr2kr: 0 | lpr2kr: 1000 | cap2udp: 0 | kr2udp: 1 | 
2026-05-03 17:13:20,122 - INFO     - img2od: 21 | od2fr: 0 | od2lpr: 1000 | od2cap: 0 | fr2kr: 0 | lpr2kr: 1000 | cap2udp: 0 | kr2udp: 0 | 
2026-05-03 17:13:21,123 - INFO     - img2od: 21 | od2fr: 0 | od2lpr: 1000 | od2cap: 0 | fr2kr: 0 | lpr2kr: 1000 | cap2udp: 0 | kr2udp: 1 | 
2026-05-03 17:13:22,124 - INFO     - img2od: 21 | od2fr: 0 | od2lpr: 1000 | od2cap: 0 | fr2kr: 0 | lpr2kr: 1000 | cap2udp: 0 | kr2udp: 0 | 
2026-05-03 17:13:23,125 - INFO     - img2od: 21 | od2fr: 0 | od2lpr: 1000 | od2cap: 0 | fr2kr: 0 | lpr2kr: 1000 | cap2udp: 0 | kr2udp: 0 | 
2026-05-03 17:13:24,126 - INFO     - img2od: 21 | od2fr: 0 | od2lpr: 1000 | od2cap: 0 | fr2kr: 0 | lpr2kr: 1000 | cap2udp: 0 | kr2udp: 0 | 
2026-05-03 17:13:25,127 - INFO     - img2od: 21 | od2fr: 0 | od2lpr: 1000 | od2cap: 0 | fr2kr: 0 | lpr2kr: 1000 | cap2udp: 0 | kr2udp: 1 | 
2026-05-03 17:13:26,128 - INFO     - img2od: 21 | od2fr: 0 | od2lpr: 1000 | od2cap: 0 | fr2kr: 0 | lpr2kr: 1000 | cap2udp: 0 | kr2udp: 0 | 
2026-05-03 17:13:27,129 - INFO     - img2od: 21 | od2fr: 0 | od2lpr: 1000 | od2cap: 0 | fr2kr: 0 | lpr2kr: 1000 | cap2udp: 0 | kr2udp: 0 | 
2026-05-03 17:13:28,130 - INFO     - img2od: 21 | od2fr: 0 | od2lpr: 1000 | od2cap: 0 | fr2kr: 0 | lpr2kr: 1000 | cap2udp: 0 | kr2udp: 0 | 
2026-05-03 17:13:29,131 - INFO     - img2od: 21 | od2fr: 0 | od2lpr: 1000 | od2cap: 0 | fr2kr: 0 | lpr2kr: 1000 | cap2udp: 0 | kr2udp: 1 | 
2026-05-03 17:13:30,132 - INFO     - img2od: 21 | od2fr: 0 | od2lpr: 1000 | od2cap: 0 | fr2kr: 0 | lpr2kr: 1000 | cap2udp: 0 | kr2udp: 1 | 
2026-05-03 17:13:31,133 - INFO     - img2od: 21 | od2fr: 0 | od2lpr: 1000 | od2cap: 0 | fr2kr: 0 | lpr2kr: 1000 | cap2udp: 0 | kr2udp: 1 | 
2026-05-03 17:13:32,134 - INFO     - img2od: 21 | od2fr: 0 | od2lpr: 1000 | od2cap: 0 | fr2kr: 0 | lpr2kr: 1000 | cap2udp: 0 | kr2udp: 1 | 
2026-05-03 17:13:33,135 - INFO     - img2od: 21 | od2fr: 0 | od2lpr: 1000 | od2cap: 0 | fr2kr: 0 | lpr2kr: 1000 | cap2udp: 0 | kr2udp: 1 | 
2026-05-03 17:13:34,136 - INFO     - img2od: 21 | od2fr: 0 | od2lpr: 1000 | od2cap: 0 | fr2kr: 0 | lpr2kr: 1000 | cap2udp: 0 | kr2udp: 0 | 
2026-05-03 17:13:35,137 - INFO     - img2od: 21 | od2fr: 0 | od2lpr: 1000 | od2cap: 0 | fr2kr: 0 | lpr2kr: 1000 | cap2udp: 0 | kr2udp: 1 | 
2026-05-03 17:13:36,138 - INFO     - img2od: 21 | od2fr: 0 | od2lpr: 1000 | od2cap: 0 | fr2kr: 0 | lpr2kr: 1000 | cap2udp: 0 | kr2udp: 1 | 
2026-05-03 17:13:37,139 - INFO     - img2od: 21 | od2fr: 0 | od2lpr: 1000 | od2cap: 0 | fr2kr: 0 | lpr2kr: 1000 | cap2udp: 0 | kr2udp: 2 | 
2026-05-03 17:13:38,140 - INFO     - img2od: 21 | od2fr: 0 | od2lpr: 1000 | od2cap: 0 | fr2kr: 0 | lpr2kr: 1000 | cap2udp: 0 | kr2udp: 1 | 
2026-05-03 17:13:39,141 - INFO     - img2od: 21 | od2fr: 0 | od2lpr: 1000 | od2cap: 0 | fr2kr: 0 | lpr2kr: 1000 | cap2udp: 0 | kr2udp: 0 | 
2026-05-03 17:13:40,142 - INFO     - img2od: 21 | od2fr: 0 | od2lpr: 1000 | od2cap: 0 | fr2kr: 0 | lpr2kr: 1000 | cap2udp: 0 | kr2udp: 0 | 
2026-05-03 17:13:41,143 - INFO     - img2od: 21 | od2fr: 0 | od2lpr: 1000 | od2cap: 0 | fr2kr: 0 | lpr2kr: 1000 | cap2udp: 0 | kr2udp: 0 | 
2026-05-03 17:13:42,144 - INFO     - img2od: 21 | od2fr: 0 | od2lpr: 1000 | od2cap: 0 | fr2kr: 0 | lpr2kr: 1000 | cap2udp: 0 | kr2udp: 0 | 
2026-05-03 17:13:43,145 - INFO     - img2od: 21 | od2fr: 0 | od2lpr: 1000 | od2cap: 0 | fr2kr: 0 | lpr2kr: 1000 | cap2udp: 0 | kr2udp: 0 | 
2026-05-03 17:13:44,146 - INFO     - img2od: 21 | od2fr: 0 | od2lpr: 1000 | od2cap: 0 | fr2kr: 0 | lpr2kr: 1000 | cap2udp: 0 | kr2udp: 1 | 
2026-05-03 17:13:45,147 - INFO     - img2od: 21 | od2fr: 0 | od2lpr: 1000 | od2cap: 0 | fr2kr: 0 | lpr2kr: 999 | cap2udp: 0 | kr2udp: 1 | 
2026-05-03 17:13:46,148 - INFO     - img2od: 21 | od2fr: 0 | od2lpr: 1000 | od2cap: 0 | fr2kr: 0 | lpr2kr: 1000 | cap2udp: 0 | kr2udp: 1 | 
2026-05-03 17:13:47,149 - INFO     - img2od: 21 | od2fr: 0 | od2lpr: 1000 | od2cap: 0 | fr2kr: 0 | lpr2kr: 1000 | cap2udp: 0 | kr2udp: 1 | 
2026-05-03 17:13:48,150 - INFO     - img2od: 21 | od2fr: 0 | od2lpr: 1000 | od2cap: 0 | fr2kr: 0 | lpr2kr: 1000 | cap2udp: 0 | kr2udp: 0 | 
2026-05-03 17:13:49,151 - INFO     - img2od: 21 | od2fr: 0 | od2lpr: 1000 | od2cap: 0 | fr2kr: 0 | lpr2kr: 1000 | cap2udp: 0 | kr2udp: 1 | 
2026-05-03 17:13:50,152 - INFO     - img2od: 21 | od2fr: 0 | od2lpr: 1000 | od2cap: 0 | fr2kr: 0 | lpr2kr: 1000 | cap2udp: 0 | kr2udp: 0 | 
2026-05-03 17:13:51,153 - INFO     - img2od: 21 | od2fr: 0 | od2lpr: 1000 | od2cap: 0 | fr2kr: 0 | lpr2kr: 1000 | cap2udp: 0 | kr2udp: 1 | 
2026-05-03 17:13:52,154 - INFO     - img2od: 21 | od2fr: 0 | od2lpr: 1000 | od2cap: 0 | fr2kr: 0 | lpr2kr: 1000 | cap2udp: 0 | kr2udp: 0 | 
2026-05-03 17:13:53,155 - INFO     - img2od: 21 | od2fr: 0 | od2lpr: 1000 | od2cap: 0 | fr2kr: 0 | lpr2kr: 1000 | cap2udp: 0 | kr2udp: 1 | 
2026-05-03 17:13:54,156 - INFO     - img2od: 21 | od2fr: 0 | od2lpr: 1000 | od2cap: 0 | fr2kr: 0 | lpr2kr: 1000 | cap2udp: 0 | kr2udp: 1 | 
2026-05-03 17:13:55,157 - INFO     - img2od: 21 | od2fr: 0 | od2lpr: 1000 | od2cap: 0 | fr2kr: 0 | lpr2kr: 1000 | cap2udp: 0 | kr2udp: 1 | 
2026-05-03 17:13:56,158 - INFO     - img2od: 21 | od2fr: 0 | od2lpr: 1000 | od2cap: 0 | fr2kr: 0 | lpr2kr: 1000 | cap2udp: 0 | kr2udp: 1 | 
2026-05-03 17:13:57,159 - INFO     - img2od: 21 | od2fr: 0 | od2lpr: 1000 | od2cap: 0 | fr2kr: 0 | lpr2kr: 1000 | cap2udp: 0 | kr2udp: 1 | 
2026-05-03 17:13:58,160 - INFO     - img2od: 21 | od2fr: 0 | od2lpr: 1000 | od2cap: 0 | fr2kr: 0 | lpr2kr: 1000 | cap2udp: 0 | kr2udp: 1 | 
2026-05-03 17:13:59,161 - INFO     - img2od: 19 | od2fr: 0 | od2lpr: 999 | od2cap: 0 | fr2kr: 0 | lpr2kr: 1000 | cap2udp: 0 | kr2udp: 1 | 
2026-05-03 17:14:00,162 - INFO     - img2od: 15 | od2fr: 36 | od2lpr: 997 | od2cap: 0 | fr2kr: 3 | lpr2kr: 1000 | cap2udp: 0 | kr2udp: 1 | 
2026-05-03 17:14:01,163 - INFO     - img2od: 13 | od2fr: 58 | od2lpr: 1000 | od2cap: 0 | fr2kr: 6 | lpr2kr: 1000 | cap2udp: 0 | kr2udp: 1 | 
2026-05-03 17:14:02,164 - INFO     - img2od: 13 | od2fr: 53 | od2lpr: 1000 | od2cap: 0 | fr2kr: 9 | lpr2kr: 1000 | cap2udp: 0 | kr2udp: 1 | 
2026-05-03 17:14:03,165 - INFO     - img2od: 13 | od2fr: 47 | od2lpr: 1000 | od2cap: 0 | fr2kr: 13 | lpr2kr: 1000 | cap2udp: 0 | kr2udp: 1 | 
2026-05-03 17:14:04,166 - INFO     - img2od: 13 | od2fr: 42 | od2lpr: 1000 | od2cap: 0 | fr2kr: 15 | lpr2kr: 1000 | cap2udp: 0 | kr2udp: 1 | 
2026-05-03 17:14:05,167 - INFO     - img2od: 12 | od2fr: 39 | od2lpr: 1000 | od2cap: 0 | fr2kr: 18 | lpr2kr: 1000 | cap2udp: 0 | kr2udp: 1 | 
2026-05-03 17:14:06,168 - INFO     - img2od: 12 | od2fr: 33 | od2lpr: 1000 | od2cap: 0 | fr2kr: 23 | lpr2kr: 1000 | cap2udp: 0 | kr2udp: 1 | 
2026-05-03 17:14:07,169 - INFO     - img2od: 12 | od2fr: 27 | od2lpr: 1000 | od2cap: 0 | fr2kr: 27 | lpr2kr: 1000 | cap2udp: 0 | kr2udp: 1 | 
2026-05-03 17:14:08,170 - INFO     - img2od: 11 | od2fr: 22 | od2lpr: 1000 | od2cap: 0 | fr2kr: 30 | lpr2kr: 1000 | cap2udp: 0 | kr2udp: 1 | 
2026-05-03 17:14:09,171 - INFO     - img2od: 11 | od2fr: 17 | od2lpr: 1000 | od2cap: 0 | fr2kr: 33 | lpr2kr: 1000 | cap2udp: 0 | kr2udp: 1 | 
2026-05-03 17:14:10,172 - INFO     - img2od: 10 | od2fr: 12 | od2lpr: 1000 | od2cap: 0 | fr2kr: 36 | lpr2kr: 1000 | cap2udp: 0 | kr2udp: 1 | 
2026-05-03 17:14:11,173 - INFO     - img2od: 6 | od2fr: 32 | od2lpr: 998 | od2cap: 0 | fr2kr: 39 | lpr2kr: 1000 | cap2udp: 0 | kr2udp: 0 | 
2026-05-03 17:14:12,174 - INFO     - img2od: 1 | od2fr: 38 | od2lpr: 996 | od2cap: 0 | fr2kr: 43 | lpr2kr: 1000 | cap2udp: 1 | kr2udp: 1 | 
2026-05-03 17:14:12,453 - INFO     - odStream     : Received END signal, shutting down
2026-05-03 17:14:12,457 - INFO     - capStream    : Received END signal, shutting down
2026-05-03 17:14:12,510 - INFO     - udpStream    : Received end signal from CAP
2026-05-03 17:14:12,705 - INFO     - odStream     : shutdown successful
2026-05-03 17:14:13,021 - INFO     - capStream    : shutdown successful
2026-05-03 17:14:13,175 - INFO     - img2od: 0 | od2fr: 34 | od2lpr: 995 | od2cap: 0 | fr2kr: 45 | lpr2kr: 1000 | cap2udp: 0 | kr2udp: 1 | 
2026-05-03 17:14:14,176 - INFO     - img2od: 0 | od2fr: 28 | od2lpr: 993 | od2cap: 0 | fr2kr: 49 | lpr2kr: 1000 | cap2udp: 0 | kr2udp: 1 | 
2026-05-03 17:14:15,177 - INFO     - img2od: 0 | od2fr: 23 | od2lpr: 990 | od2cap: 0 | fr2kr: 52 | lpr2kr: 1000 | cap2udp: 0 | kr2udp: 1 | 
2026-05-03 17:14:16,178 - INFO     - img2od: 0 | od2fr: 17 | od2lpr: 988 | od2cap: 0 | fr2kr: 56 | lpr2kr: 1000 | cap2udp: 0 | kr2udp: 0 | 
2026-05-03 17:14:17,179 - INFO     - img2od: 0 | od2fr: 12 | od2lpr: 986 | od2cap: 0 | fr2kr: 59 | lpr2kr: 1000 | cap2udp: 0 | kr2udp: 1 | 
2026-05-03 17:14:18,180 - INFO     - img2od: 0 | od2fr: 6 | od2lpr: 984 | od2cap: 0 | fr2kr: 63 | lpr2kr: 1000 | cap2udp: 0 | kr2udp: 1 | 
2026-05-03 17:14:19,181 - INFO     - img2od: 0 | od2fr: 1 | od2lpr: 982 | od2cap: 0 | fr2kr: 66 | lpr2kr: 1000 | cap2udp: 0 | kr2udp: 1 | 
2026-05-03 17:14:19,295 - INFO     - frStream     : Received END signal, shutting down
2026-05-03 17:14:19,563 - INFO     - frStream     : shutdown successful
2026-05-03 17:14:20,182 - INFO     - img2od: 0 | od2fr: 0 | od2lpr: 980 | od2cap: 0 | fr2kr: 65 | lpr2kr: 1000 | cap2udp: 0 | kr2udp: 1 | 
2026-05-03 17:14:21,183 - INFO     - img2od: 0 | od2fr: 0 | od2lpr: 978 | od2cap: 0 | fr2kr: 62 | lpr2kr: 1000 | cap2udp: 0 | kr2udp: 0 | 
2026-05-03 17:14:22,184 - INFO     - img2od: 0 | od2fr: 0 | od2lpr: 976 | od2cap: 0 | fr2kr: 60 | lpr2kr: 1000 | cap2udp: 0 | kr2udp: 1 | 
2026-05-03 17:14:23,185 - INFO     - img2od: 0 | od2fr: 0 | od2lpr: 973 | od2cap: 0 | fr2kr: 58 | lpr2kr: 1000 | cap2udp: 0 | kr2udp: 1 | 
2026-05-03 17:14:24,186 - INFO     - img2od: 0 | od2fr: 0 | od2lpr: 972 | od2cap: 0 | fr2kr: 56 | lpr2kr: 1000 | cap2udp: 0 | kr2udp: 0 | 
2026-05-03 17:14:25,187 - INFO     - img2od: 0 | od2fr: 0 | od2lpr: 970 | od2cap: 0 | fr2kr: 54 | lpr2kr: 1000 | cap2udp: 0 | kr2udp: 0 | 
2026-05-03 17:14:26,188 - INFO     - img2od: 0 | od2fr: 0 | od2lpr: 967 | od2cap: 0 | fr2kr: 52 | lpr2kr: 1000 | cap2udp: 0 | kr2udp: 0 | 
2026-05-03 17:14:27,189 - INFO     - img2od: 0 | od2fr: 0 | od2lpr: 965 | od2cap: 0 | fr2kr: 50 | lpr2kr: 1000 | cap2udp: 0 | kr2udp: 0 | 
2026-05-03 17:14:28,190 - INFO     - img2od: 0 | od2fr: 0 | od2lpr: 963 | od2cap: 0 | fr2kr: 48 | lpr2kr: 1000 | cap2udp: 0 | kr2udp: 0 | 
2026-05-03 17:14:29,191 - INFO     - img2od: 0 | od2fr: 0 | od2lpr: 961 | od2cap: 0 | fr2kr: 46 | lpr2kr: 1000 | cap2udp: 0 | kr2udp: 1 | 
2026-05-03 17:14:30,192 - INFO     - img2od: 0 | od2fr: 0 | od2lpr: 959 | od2cap: 0 | fr2kr: 43 | lpr2kr: 1000 | cap2udp: 0 | kr2udp: 0 | 
2026-05-03 17:14:31,193 - INFO     - img2od: 0 | od2fr: 0 | od2lpr: 957 | od2cap: 0 | fr2kr: 41 | lpr2kr: 1000 | cap2udp: 0 | kr2udp: 1 | 
2026-05-03 17:14:32,194 - INFO     - img2od: 0 | od2fr: 0 | od2lpr: 955 | od2cap: 0 | fr2kr: 39 | lpr2kr: 1000 | cap2udp: 0 | kr2udp: 0 | 
2026-05-03 17:14:33,195 - INFO     - img2od: 0 | od2fr: 0 | od2lpr: 952 | od2cap: 0 | fr2kr: 37 | lpr2kr: 1000 | cap2udp: 0 | kr2udp: 1 | 
2026-05-03 17:14:34,196 - INFO     - img2od: 0 | od2fr: 0 | od2lpr: 950 | od2cap: 0 | fr2kr: 35 | lpr2kr: 1000 | cap2udp: 0 | kr2udp: 1 | 
2026-05-03 17:14:35,197 - INFO     - img2od: 0 | od2fr: 0 | od2lpr: 948 | od2cap: 0 | fr2kr: 33 | lpr2kr: 1000 | cap2udp: 0 | kr2udp: 0 | 
2026-05-03 17:14:36,204 - INFO     - img2od: 0 | od2fr: 0 | od2lpr: 946 | od2cap: 0 | fr2kr: 31 | lpr2kr: 1000 | cap2udp: 0 | kr2udp: 1 | 
2026-05-03 17:14:37,205 - INFO     - img2od: 0 | od2fr: 0 | od2lpr: 944 | od2cap: 0 | fr2kr: 29 | lpr2kr: 1000 | cap2udp: 0 | kr2udp: 1 | 
2026-05-03 17:14:38,206 - INFO     - img2od: 0 | od2fr: 0 | od2lpr: 942 | od2cap: 0 | fr2kr: 27 | lpr2kr: 1000 | cap2udp: 0 | kr2udp: 1 | 
2026-05-03 17:14:39,207 - INFO     - img2od: 0 | od2fr: 0 | od2lpr: 940 | od2cap: 0 | fr2kr: 25 | lpr2kr: 1000 | cap2udp: 0 | kr2udp: 0 | 
2026-05-03 17:14:40,208 - INFO     - img2od: 0 | od2fr: 0 | od2lpr: 938 | od2cap: 0 | fr2kr: 23 | lpr2kr: 1000 | cap2udp: 0 | kr2udp: 0 | 
2026-05-03 17:14:41,209 - INFO     - img2od: 0 | od2fr: 0 | od2lpr: 936 | od2cap: 0 | fr2kr: 21 | lpr2kr: 1000 | cap2udp: 0 | kr2udp: 1 | 
2026-05-03 17:14:42,210 - INFO     - img2od: 0 | od2fr: 0 | od2lpr: 934 | od2cap: 0 | fr2kr: 19 | lpr2kr: 1000 | cap2udp: 0 | kr2udp: 1 | 
2026-05-03 17:14:43,211 - INFO     - img2od: 0 | od2fr: 0 | od2lpr: 932 | od2cap: 0 | fr2kr: 16 | lpr2kr: 1000 | cap2udp: 0 | kr2udp: 0 | 
2026-05-03 17:14:44,212 - INFO     - img2od: 0 | od2fr: 0 | od2lpr: 930 | od2cap: 0 | fr2kr: 14 | lpr2kr: 1000 | cap2udp: 0 | kr2udp: 0 | 
2026-05-03 17:14:45,213 - INFO     - img2od: 0 | od2fr: 0 | od2lpr: 928 | od2cap: 0 | fr2kr: 12 | lpr2kr: 1000 | cap2udp: 0 | kr2udp: 0 | 
2026-05-03 17:14:46,214 - INFO     - img2od: 0 | od2fr: 0 | od2lpr: 926 | od2cap: 0 | fr2kr: 10 | lpr2kr: 1000 | cap2udp: 0 | kr2udp: 0 | 
2026-05-03 17:14:47,215 - INFO     - img2od: 0 | od2fr: 0 | od2lpr: 924 | od2cap: 0 | fr2kr: 8 | lpr2kr: 1000 | cap2udp: 0 | kr2udp: 0 | 
2026-05-03 17:14:48,216 - INFO     - img2od: 0 | od2fr: 0 | od2lpr: 922 | od2cap: 0 | fr2kr: 6 | lpr2kr: 1000 | cap2udp: 0 | kr2udp: 0 | 
2026-05-03 17:14:49,217 - INFO     - img2od: 0 | od2fr: 0 | od2lpr: 920 | od2cap: 0 | fr2kr: 4 | lpr2kr: 1000 | cap2udp: 0 | kr2udp: 1 | 
2026-05-03 17:14:50,218 - INFO     - img2od: 0 | od2fr: 0 | od2lpr: 918 | od2cap: 0 | fr2kr: 2 | lpr2kr: 1000 | cap2udp: 0 | kr2udp: 1 | 
2026-05-03 17:14:51,064 - INFO     - krStream     : Received end signal from FR
2026-05-03 17:14:51,219 - INFO     - img2od: 0 | od2fr: 0 | od2lpr: 915 | od2cap: 0 | fr2kr: 0 | lpr2kr: 1000 | cap2udp: 0 | kr2udp: 0 | 
2026-05-03 17:14:52,220 - INFO     - img2od: 0 | od2fr: 0 | od2lpr: 912 | od2cap: 0 | fr2kr: 0 | lpr2kr: 1000 | cap2udp: 0 | kr2udp: 1 | 
2026-05-03 17:14:53,221 - INFO     - img2od: 0 | od2fr: 0 | od2lpr: 908 | od2cap: 0 | fr2kr: 0 | lpr2kr: 1000 | cap2udp: 0 | kr2udp: 1 | 
2026-05-03 17:14:54,222 - INFO     - img2od: 0 | od2fr: 0 | od2lpr: 905 | od2cap: 0 | fr2kr: 0 | lpr2kr: 1000 | cap2udp: 0 | kr2udp: 1 | 
2026-05-03 17:14:55,223 - INFO     - img2od: 0 | od2fr: 0 | od2lpr: 902 | od2cap: 0 | fr2kr: 0 | lpr2kr: 1000 | cap2udp: 0 | kr2udp: 1 | 
2026-05-03 17:14:56,224 - INFO     - img2od: 0 | od2fr: 0 | od2lpr: 898 | od2cap: 0 | fr2kr: 0 | lpr2kr: 1000 | cap2udp: 0 | kr2udp: 0 | 
2026-05-03 17:14:57,225 - INFO     - img2od: 0 | od2fr: 0 | od2lpr: 895 | od2cap: 0 | fr2kr: 0 | lpr2kr: 1000 | cap2udp: 0 | kr2udp: 1 | 
2026-05-03 17:14:58,226 - INFO     - img2od: 0 | od2fr: 0 | od2lpr: 891 | od2cap: 0 | fr2kr: 0 | lpr2kr: 1000 | cap2udp: 0 | kr2udp: 0 | 
2026-05-03 17:14:59,227 - INFO     - img2od: 0 | od2fr: 0 | od2lpr: 888 | od2cap: 0 | fr2kr: 0 | lpr2kr: 1000 | cap2udp: 0 | kr2udp: 1 | 
2026-05-03 17:15:00,228 - INFO     - img2od: 0 | od2fr: 0 | od2lpr: 885 | od2cap: 0 | fr2kr: 0 | lpr2kr: 1000 | cap2udp: 0 | kr2udp: 1 | 
2026-05-03 17:15:01,229 - INFO     - img2od: 0 | od2fr: 0 | od2lpr: 881 | od2cap: 0 | fr2kr: 0 | lpr2kr: 1000 | cap2udp: 0 | kr2udp: 0 | 
2026-05-03 17:15:02,230 - INFO     - img2od: 0 | od2fr: 0 | od2lpr: 878 | od2cap: 0 | fr2kr: 0 | lpr2kr: 1000 | cap2udp: 0 | kr2udp: 1 | 
2026-05-03 17:15:03,231 - INFO     - img2od: 0 | od2fr: 0 | od2lpr: 874 | od2cap: 0 | fr2kr: 0 | lpr2kr: 1000 | cap2udp: 0 | kr2udp: 0 | 
2026-05-03 17:15:04,232 - INFO     - img2od: 0 | od2fr: 0 | od2lpr: 871 | od2cap: 0 | fr2kr: 0 | lpr2kr: 1000 | cap2udp: 0 | kr2udp: 0 | 
2026-05-03 17:15:05,233 - INFO     - img2od: 0 | od2fr: 0 | od2lpr: 868 | od2cap: 0 | fr2kr: 0 | lpr2kr: 1000 | cap2udp: 0 | kr2udp: 1 | 
2026-05-03 17:15:06,234 - INFO     - img2od: 0 | od2fr: 0 | od2lpr: 864 | od2cap: 0 | fr2kr: 0 | lpr2kr: 1000 | cap2udp: 0 | kr2udp: 1 | 
2026-05-03 17:15:07,235 - INFO     - img2od: 0 | od2fr: 0 | od2lpr: 861 | od2cap: 0 | fr2kr: 0 | lpr2kr: 1000 | cap2udp: 0 | kr2udp: 1 | 
2026-05-03 17:15:08,236 - INFO     - img2od: 0 | od2fr: 0 | od2lpr: 858 | od2cap: 0 | fr2kr: 0 | lpr2kr: 1000 | cap2udp: 0 | kr2udp: 1 | 
2026-05-03 17:15:09,237 - INFO     - img2od: 0 | od2fr: 0 | od2lpr: 855 | od2cap: 0 | fr2kr: 0 | lpr2kr: 1000 | cap2udp: 0 | kr2udp: 1 | 
2026-05-03 17:15:10,238 - INFO     - img2od: 0 | od2fr: 0 | od2lpr: 852 | od2cap: 0 | fr2kr: 0 | lpr2kr: 1000 | cap2udp: 0 | kr2udp: 1 | 
2026-05-03 17:15:11,239 - INFO     - img2od: 0 | od2fr: 0 | od2lpr: 849 | od2cap: 0 | fr2kr: 0 | lpr2kr: 1000 | cap2udp: 0 | kr2udp: 0 | 
2026-05-03 17:15:12,240 - INFO     - img2od: 0 | od2fr: 0 | od2lpr: 846 | od2cap: 0 | fr2kr: 0 | lpr2kr: 1000 | cap2udp: 0 | kr2udp: 1 | 
2026-05-03 17:15:13,241 - INFO     - img2od: 0 | od2fr: 0 | od2lpr: 843 | od2cap: 0 | fr2kr: 0 | lpr2kr: 1000 | cap2udp: 0 | kr2udp: 1 | 
2026-05-03 17:15:14,242 - INFO     - img2od: 0 | od2fr: 0 | od2lpr: 841 | od2cap: 0 | fr2kr: 0 | lpr2kr: 1000 | cap2udp: 0 | kr2udp: 1 | 
2026-05-03 17:15:15,243 - INFO     - img2od: 0 | od2fr: 0 | od2lpr: 838 | od2cap: 0 | fr2kr: 0 | lpr2kr: 1000 | cap2udp: 0 | kr2udp: 1 | 
2026-05-03 17:15:16,244 - INFO     - img2od: 0 | od2fr: 0 | od2lpr: 835 | od2cap: 0 | fr2kr: 0 | lpr2kr: 1000 | cap2udp: 0 | kr2udp: 1 | 
2026-05-03 17:15:17,245 - INFO     - img2od: 0 | od2fr: 0 | od2lpr: 831 | od2cap: 0 | fr2kr: 0 | lpr2kr: 1000 | cap2udp: 0 | kr2udp: 0 | 
2026-05-03 17:15:18,246 - INFO     - img2od: 0 | od2fr: 0 | od2lpr: 829 | od2cap: 0 | fr2kr: 0 | lpr2kr: 1000 | cap2udp: 0 | kr2udp: 1 | 
2026-05-03 17:15:19,247 - INFO     - img2od: 0 | od2fr: 0 | od2lpr: 826 | od2cap: 0 | fr2kr: 0 | lpr2kr: 1000 | cap2udp: 0 | kr2udp: 1 | 
2026-05-03 17:15:20,248 - INFO     - img2od: 0 | od2fr: 0 | od2lpr: 822 | od2cap: 0 | fr2kr: 0 | lpr2kr: 1000 | cap2udp: 0 | kr2udp: 0 | 
2026-05-03 17:15:21,249 - INFO     - img2od: 0 | od2fr: 0 | od2lpr: 819 | od2cap: 0 | fr2kr: 0 | lpr2kr: 1000 | cap2udp: 0 | kr2udp: 1 | 
2026-05-03 17:15:22,250 - INFO     - img2od: 0 | od2fr: 0 | od2lpr: 815 | od2cap: 0 | fr2kr: 0 | lpr2kr: 1000 | cap2udp: 0 | kr2udp: 1 | 
2026-05-03 17:15:23,251 - INFO     - img2od: 0 | od2fr: 0 | od2lpr: 811 | od2cap: 0 | fr2kr: 0 | lpr2kr: 1000 | cap2udp: 0 | kr2udp: 0 | 
2026-05-03 17:15:24,252 - INFO     - img2od: 0 | od2fr: 0 | od2lpr: 808 | od2cap: 0 | fr2kr: 0 | lpr2kr: 1000 | cap2udp: 0 | kr2udp: 1 | 
2026-05-03 17:15:25,253 - INFO     - img2od: 0 | od2fr: 0 | od2lpr: 804 | od2cap: 0 | fr2kr: 0 | lpr2kr: 1000 | cap2udp: 0 | kr2udp: 1 | 
2026-05-03 17:15:26,254 - INFO     - img2od: 0 | od2fr: 0 | od2lpr: 800 | od2cap: 0 | fr2kr: 0 | lpr2kr: 1000 | cap2udp: 0 | kr2udp: 1 | 
2026-05-03 17:15:27,255 - INFO     - img2od: 0 | od2fr: 0 | od2lpr: 796 | od2cap: 0 | fr2kr: 0 | lpr2kr: 1000 | cap2udp: 0 | kr2udp: 0 | 
2026-05-03 17:15:28,256 - INFO     - img2od: 0 | od2fr: 0 | od2lpr: 793 | od2cap: 0 | fr2kr: 0 | lpr2kr: 1000 | cap2udp: 0 | kr2udp: 1 | 
2026-05-03 17:15:29,257 - INFO     - img2od: 0 | od2fr: 0 | od2lpr: 790 | od2cap: 0 | fr2kr: 0 | lpr2kr: 1000 | cap2udp: 0 | kr2udp: 1 | 
2026-05-03 17:15:30,258 - INFO     - img2od: 0 | od2fr: 0 | od2lpr: 786 | od2cap: 0 | fr2kr: 0 | lpr2kr: 1000 | cap2udp: 0 | kr2udp: 1 | 
2026-05-03 17:15:31,259 - INFO     - img2od: 0 | od2fr: 0 | od2lpr: 783 | od2cap: 0 | fr2kr: 0 | lpr2kr: 1000 | cap2udp: 0 | kr2udp: 1 | 
2026-05-03 17:15:32,260 - INFO     - img2od: 0 | od2fr: 0 | od2lpr: 781 | od2cap: 0 | fr2kr: 0 | lpr2kr: 1000 | cap2udp: 0 | kr2udp: 1 | 
2026-05-03 17:15:33,261 - INFO     - img2od: 0 | od2fr: 0 | od2lpr: 778 | od2cap: 0 | fr2kr: 0 | lpr2kr: 1000 | cap2udp: 0 | kr2udp: 0 | 
2026-05-03 17:15:34,262 - INFO     - img2od: 0 | od2fr: 0 | od2lpr: 775 | od2cap: 0 | fr2kr: 0 | lpr2kr: 1000 | cap2udp: 0 | kr2udp: 1 | 
2026-05-03 17:15:35,263 - INFO     - img2od: 0 | od2fr: 0 | od2lpr: 772 | od2cap: 0 | fr2kr: 0 | lpr2kr: 1000 | cap2udp: 0 | kr2udp: 0 | 
2026-05-03 17:15:36,264 - INFO     - img2od: 0 | od2fr: 0 | od2lpr: 770 | od2cap: 0 | fr2kr: 0 | lpr2kr: 999 | cap2udp: 0 | kr2udp: 1 | 
2026-05-03 17:15:37,265 - INFO     - img2od: 0 | od2fr: 0 | od2lpr: 767 | od2cap: 0 | fr2kr: 0 | lpr2kr: 1000 | cap2udp: 0 | kr2udp: 1 | 
2026-05-03 17:15:38,266 - INFO     - img2od: 0 | od2fr: 0 | od2lpr: 764 | od2cap: 0 | fr2kr: 0 | lpr2kr: 1000 | cap2udp: 0 | kr2udp: 0 | 
2026-05-03 17:15:39,267 - INFO     - img2od: 0 | od2fr: 0 | od2lpr: 761 | od2cap: 0 | fr2kr: 0 | lpr2kr: 1000 | cap2udp: 0 | kr2udp: 1 | 
2026-05-03 17:15:40,268 - INFO     - img2od: 0 | od2fr: 0 | od2lpr: 757 | od2cap: 0 | fr2kr: 0 | lpr2kr: 1000 | cap2udp: 0 | kr2udp: 1 | 
2026-05-03 17:15:41,269 - INFO     - img2od: 0 | od2fr: 0 | od2lpr: 753 | od2cap: 0 | fr2kr: 0 | lpr2kr: 1000 | cap2udp: 0 | kr2udp: 1 | 
2026-05-03 17:15:42,270 - INFO     - img2od: 0 | od2fr: 0 | od2lpr: 750 | od2cap: 0 | fr2kr: 0 | lpr2kr: 1000 | cap2udp: 0 | kr2udp: 1 | 
2026-05-03 17:15:43,271 - INFO     - img2od: 0 | od2fr: 0 | od2lpr: 747 | od2cap: 0 | fr2kr: 0 | lpr2kr: 1000 | cap2udp: 0 | kr2udp: 1 | 
2026-05-03 17:15:44,272 - INFO     - img2od: 0 | od2fr: 0 | od2lpr: 744 | od2cap: 0 | fr2kr: 0 | lpr2kr: 1000 | cap2udp: 0 | kr2udp: 1 | 
2026-05-03 17:15:45,273 - INFO     - img2od: 0 | od2fr: 0 | od2lpr: 742 | od2cap: 0 | fr2kr: 0 | lpr2kr: 1000 | cap2udp: 0 | kr2udp: 1 | 
2026-05-03 17:15:46,274 - INFO     - img2od: 0 | od2fr: 0 | od2lpr: 739 | od2cap: 0 | fr2kr: 0 | lpr2kr: 1000 | cap2udp: 0 | kr2udp: 0 | 
2026-05-03 17:15:47,275 - INFO     - img2od: 0 | od2fr: 0 | od2lpr: 736 | od2cap: 0 | fr2kr: 0 | lpr2kr: 1000 | cap2udp: 0 | kr2udp: 1 | 
2026-05-03 17:15:48,276 - INFO     - img2od: 0 | od2fr: 0 | od2lpr: 733 | od2cap: 0 | fr2kr: 0 | lpr2kr: 1000 | cap2udp: 0 | kr2udp: 1 | 
2026-05-03 17:15:49,277 - INFO     - img2od: 0 | od2fr: 0 | od2lpr: 730 | od2cap: 0 | fr2kr: 0 | lpr2kr: 1000 | cap2udp: 0 | kr2udp: 1 | 
2026-05-03 17:15:50,278 - INFO     - img2od: 0 | od2fr: 0 | od2lpr: 727 | od2cap: 0 | fr2kr: 0 | lpr2kr: 1000 | cap2udp: 0 | kr2udp: 1 | 
2026-05-03 17:15:51,279 - INFO     - img2od: 0 | od2fr: 0 | od2lpr: 724 | od2cap: 0 | fr2kr: 0 | lpr2kr: 1000 | cap2udp: 0 | kr2udp: 1 | 
2026-05-03 17:15:52,280 - INFO     - img2od: 0 | od2fr: 0 | od2lpr: 721 | od2cap: 0 | fr2kr: 0 | lpr2kr: 1000 | cap2udp: 0 | kr2udp: 0 | 
2026-05-03 17:15:53,281 - INFO     - img2od: 0 | od2fr: 0 | od2lpr: 718 | od2cap: 0 | fr2kr: 0 | lpr2kr: 1000 | cap2udp: 0 | kr2udp: 0 | 
2026-05-03 17:15:54,282 - INFO     - img2od: 0 | od2fr: 0 | od2lpr: 715 | od2cap: 0 | fr2kr: 0 | lpr2kr: 1000 | cap2udp: 0 | kr2udp: 1 | 
2026-05-03 17:15:55,283 - INFO     - img2od: 0 | od2fr: 0 | od2lpr: 712 | od2cap: 0 | fr2kr: 0 | lpr2kr: 1000 | cap2udp: 0 | kr2udp: 1 | 
2026-05-03 17:15:56,284 - INFO     - img2od: 0 | od2fr: 0 | od2lpr: 708 | od2cap: 0 | fr2kr: 0 | lpr2kr: 1000 | cap2udp: 0 | kr2udp: 0 | 
2026-05-03 17:15:57,285 - INFO     - img2od: 0 | od2fr: 0 | od2lpr: 704 | od2cap: 0 | fr2kr: 0 | lpr2kr: 1000 | cap2udp: 0 | kr2udp: 0 | 
2026-05-03 17:15:58,286 - INFO     - img2od: 0 | od2fr: 0 | od2lpr: 701 | od2cap: 0 | fr2kr: 0 | lpr2kr: 1000 | cap2udp: 0 | kr2udp: 1 | 
2026-05-03 17:15:59,287 - INFO     - img2od: 0 | od2fr: 0 | od2lpr: 697 | od2cap: 0 | fr2kr: 0 | lpr2kr: 1000 | cap2udp: 0 | kr2udp: 1 | 
2026-05-03 17:16:00,288 - INFO     - img2od: 0 | od2fr: 0 | od2lpr: 694 | od2cap: 0 | fr2kr: 0 | lpr2kr: 1000 | cap2udp: 0 | kr2udp: 1 | 
2026-05-03 17:16:01,289 - INFO     - img2od: 0 | od2fr: 0 | od2lpr: 691 | od2cap: 0 | fr2kr: 0 | lpr2kr: 1000 | cap2udp: 0 | kr2udp: 1 | 
2026-05-03 17:16:02,290 - INFO     - img2od: 0 | od2fr: 0 | od2lpr: 688 | od2cap: 0 | fr2kr: 0 | lpr2kr: 1000 | cap2udp: 0 | kr2udp: 1 | 
2026-05-03 17:16:03,291 - INFO     - img2od: 0 | od2fr: 0 | od2lpr: 685 | od2cap: 0 | fr2kr: 0 | lpr2kr: 1000 | cap2udp: 0 | kr2udp: 1 | 
2026-05-03 17:16:04,292 - INFO     - img2od: 0 | od2fr: 0 | od2lpr: 682 | od2cap: 0 | fr2kr: 0 | lpr2kr: 1000 | cap2udp: 0 | kr2udp: 0 | 
2026-05-03 17:16:05,293 - INFO     - img2od: 0 | od2fr: 0 | od2lpr: 680 | od2cap: 0 | fr2kr: 0 | lpr2kr: 1000 | cap2udp: 0 | kr2udp: 1 | 
2026-05-03 17:16:06,294 - INFO     - img2od: 0 | od2fr: 0 | od2lpr: 677 | od2cap: 0 | fr2kr: 0 | lpr2kr: 1000 | cap2udp: 0 | kr2udp: 1 | 
2026-05-03 17:16:07,295 - INFO     - img2od: 0 | od2fr: 0 | od2lpr: 673 | od2cap: 0 | fr2kr: 0 | lpr2kr: 1000 | cap2udp: 0 | kr2udp: 1 | 
2026-05-03 17:16:08,296 - INFO     - img2od: 0 | od2fr: 0 | od2lpr: 670 | od2cap: 0 | fr2kr: 0 | lpr2kr: 1000 | cap2udp: 0 | kr2udp: 1 | 
2026-05-03 17:16:09,297 - INFO     - img2od: 0 | od2fr: 0 | od2lpr: 667 | od2cap: 0 | fr2kr: 0 | lpr2kr: 1000 | cap2udp: 0 | kr2udp: 1 | 
2026-05-03 17:16:10,298 - INFO     - img2od: 0 | od2fr: 0 | od2lpr: 664 | od2cap: 0 | fr2kr: 0 | lpr2kr: 1000 | cap2udp: 0 | kr2udp: 1 | 
2026-05-03 17:16:11,299 - INFO     - img2od: 0 | od2fr: 0 | od2lpr: 660 | od2cap: 0 | fr2kr: 0 | lpr2kr: 1000 | cap2udp: 0 | kr2udp: 1 | 
2026-05-03 17:16:12,300 - INFO     - img2od: 0 | od2fr: 0 | od2lpr: 657 | od2cap: 0 | fr2kr: 0 | lpr2kr: 1000 | cap2udp: 0 | kr2udp: 1 | 
2026-05-03 17:16:13,301 - INFO     - img2od: 0 | od2fr: 0 | od2lpr: 653 | od2cap: 0 | fr2kr: 0 | lpr2kr: 1000 | cap2udp: 0 | kr2udp: 1 | 
2026-05-03 17:16:14,302 - INFO     - img2od: 0 | od2fr: 0 | od2lpr: 649 | od2cap: 0 | fr2kr: 0 | lpr2kr: 1000 | cap2udp: 0 | kr2udp: 1 | 
2026-05-03 17:16:15,303 - INFO     - img2od: 0 | od2fr: 0 | od2lpr: 645 | od2cap: 0 | fr2kr: 0 | lpr2kr: 1000 | cap2udp: 0 | kr2udp: 2 | 
2026-05-03 17:16:16,304 - INFO     - img2od: 0 | od2fr: 0 | od2lpr: 641 | od2cap: 0 | fr2kr: 0 | lpr2kr: 1000 | cap2udp: 0 | kr2udp: 0 | 
2026-05-03 17:16:17,305 - INFO     - img2od: 0 | od2fr: 0 | od2lpr: 637 | od2cap: 0 | fr2kr: 0 | lpr2kr: 1000 | cap2udp: 0 | kr2udp: 1 | 
2026-05-03 17:16:18,306 - INFO     - img2od: 0 | od2fr: 0 | od2lpr: 633 | od2cap: 0 | fr2kr: 0 | lpr2kr: 1000 | cap2udp: 0 | kr2udp: 0 | 
2026-05-03 17:16:19,307 - INFO     - img2od: 0 | od2fr: 0 | od2lpr: 630 | od2cap: 0 | fr2kr: 0 | lpr2kr: 1000 | cap2udp: 0 | kr2udp: 1 | 
2026-05-03 17:16:20,308 - INFO     - img2od: 0 | od2fr: 0 | od2lpr: 627 | od2cap: 0 | fr2kr: 0 | lpr2kr: 1000 | cap2udp: 0 | kr2udp: 1 | 
2026-05-03 17:16:21,309 - INFO     - img2od: 0 | od2fr: 0 | od2lpr: 624 | od2cap: 0 | fr2kr: 0 | lpr2kr: 1000 | cap2udp: 0 | kr2udp: 1 | 
2026-05-03 17:16:22,310 - INFO     - img2od: 0 | od2fr: 0 | od2lpr: 620 | od2cap: 0 | fr2kr: 0 | lpr2kr: 1000 | cap2udp: 0 | kr2udp: 1 | 
2026-05-03 17:16:23,311 - INFO     - img2od: 0 | od2fr: 0 | od2lpr: 616 | od2cap: 0 | fr2kr: 0 | lpr2kr: 1000 | cap2udp: 0 | kr2udp: 2 | 
2026-05-03 17:16:24,312 - INFO     - img2od: 0 | od2fr: 0 | od2lpr: 612 | od2cap: 0 | fr2kr: 0 | lpr2kr: 1000 | cap2udp: 0 | kr2udp: 1 | 
2026-05-03 17:16:25,313 - INFO     - img2od: 0 | od2fr: 0 | od2lpr: 608 | od2cap: 0 | fr2kr: 0 | lpr2kr: 1000 | cap2udp: 0 | kr2udp: 1 | 
2026-05-03 17:16:26,314 - INFO     - img2od: 0 | od2fr: 0 | od2lpr: 605 | od2cap: 0 | fr2kr: 0 | lpr2kr: 1000 | cap2udp: 0 | kr2udp: 1 | 
2026-05-03 17:16:27,315 - INFO     - img2od: 0 | od2fr: 0 | od2lpr: 601 | od2cap: 0 | fr2kr: 0 | lpr2kr: 1000 | cap2udp: 0 | kr2udp: 1 | 
2026-05-03 17:16:28,316 - INFO     - img2od: 0 | od2fr: 0 | od2lpr: 598 | od2cap: 0 | fr2kr: 0 | lpr2kr: 1000 | cap2udp: 0 | kr2udp: 1 | 
2026-05-03 17:16:29,317 - INFO     - img2od: 0 | od2fr: 0 | od2lpr: 594 | od2cap: 0 | fr2kr: 0 | lpr2kr: 1000 | cap2udp: 0 | kr2udp: 0 | 
2026-05-03 17:16:30,318 - INFO     - img2od: 0 | od2fr: 0 | od2lpr: 591 | od2cap: 0 | fr2kr: 0 | lpr2kr: 1000 | cap2udp: 0 | kr2udp: 0 | 
2026-05-03 17:16:31,319 - INFO     - img2od: 0 | od2fr: 0 | od2lpr: 588 | od2cap: 0 | fr2kr: 0 | lpr2kr: 1000 | cap2udp: 0 | kr2udp: 0 | 
2026-05-03 17:16:32,320 - INFO     - img2od: 0 | od2fr: 0 | od2lpr: 585 | od2cap: 0 | fr2kr: 0 | lpr2kr: 1000 | cap2udp: 0 | kr2udp: 0 | 
2026-05-03 17:16:33,321 - INFO     - img2od: 0 | od2fr: 0 | od2lpr: 582 | od2cap: 0 | fr2kr: 0 | lpr2kr: 1000 | cap2udp: 0 | kr2udp: 0 | 
2026-05-03 17:16:34,322 - INFO     - img2od: 0 | od2fr: 0 | od2lpr: 579 | od2cap: 0 | fr2kr: 0 | lpr2kr: 1000 | cap2udp: 0 | kr2udp: 0 | 
2026-05-03 17:16:35,323 - INFO     - img2od: 0 | od2fr: 0 | od2lpr: 576 | od2cap: 0 | fr2kr: 0 | lpr2kr: 1000 | cap2udp: 0 | kr2udp: 1 | 
2026-05-03 17:16:36,325 - INFO     - img2od: 0 | od2fr: 0 | od2lpr: 574 | od2cap: 0 | fr2kr: 0 | lpr2kr: 1000 | cap2udp: 0 | kr2udp: 1 | 
2026-05-03 17:16:37,326 - INFO     - img2od: 0 | od2fr: 0 | od2lpr: 571 | od2cap: 0 | fr2kr: 0 | lpr2kr: 1000 | cap2udp: 0 | kr2udp: 1 | 
2026-05-03 17:16:38,327 - INFO     - img2od: 0 | od2fr: 0 | od2lpr: 568 | od2cap: 0 | fr2kr: 0 | lpr2kr: 1000 | cap2udp: 0 | kr2udp: 1 | 
2026-05-03 17:16:39,328 - INFO     - img2od: 0 | od2fr: 0 | od2lpr: 565 | od2cap: 0 | fr2kr: 0 | lpr2kr: 1000 | cap2udp: 0 | kr2udp: 0 | 
2026-05-03 17:16:40,329 - INFO     - img2od: 0 | od2fr: 0 | od2lpr: 561 | od2cap: 0 | fr2kr: 0 | lpr2kr: 1000 | cap2udp: 0 | kr2udp: 1 | 
2026-05-03 17:16:41,330 - INFO     - img2od: 0 | od2fr: 0 | od2lpr: 557 | od2cap: 0 | fr2kr: 0 | lpr2kr: 1000 | cap2udp: 0 | kr2udp: 1 | 
2026-05-03 17:16:42,331 - INFO     - img2od: 0 | od2fr: 0 | od2lpr: 553 | od2cap: 0 | fr2kr: 0 | lpr2kr: 1000 | cap2udp: 0 | kr2udp: 0 | 
2026-05-03 17:16:43,332 - INFO     - img2od: 0 | od2fr: 0 | od2lpr: 550 | od2cap: 0 | fr2kr: 0 | lpr2kr: 1000 | cap2udp: 0 | kr2udp: 1 | 
2026-05-03 17:16:44,333 - INFO     - img2od: 0 | od2fr: 0 | od2lpr: 547 | od2cap: 0 | fr2kr: 0 | lpr2kr: 1000 | cap2udp: 0 | kr2udp: 1 | 
2026-05-03 17:16:45,334 - INFO     - img2od: 0 | od2fr: 0 | od2lpr: 544 | od2cap: 0 | fr2kr: 0 | lpr2kr: 1000 | cap2udp: 0 | kr2udp: 0 | 
2026-05-03 17:16:46,335 - INFO     - img2od: 0 | od2fr: 0 | od2lpr: 541 | od2cap: 0 | fr2kr: 0 | lpr2kr: 1000 | cap2udp: 0 | kr2udp: 1 | 
2026-05-03 17:16:47,336 - INFO     - img2od: 0 | od2fr: 0 | od2lpr: 538 | od2cap: 0 | fr2kr: 0 | lpr2kr: 1000 | cap2udp: 0 | kr2udp: 1 | 
2026-05-03 17:16:48,337 - INFO     - img2od: 0 | od2fr: 0 | od2lpr: 535 | od2cap: 0 | fr2kr: 0 | lpr2kr: 1000 | cap2udp: 0 | kr2udp: 1 | 
2026-05-03 17:16:49,338 - INFO     - img2od: 0 | od2fr: 0 | od2lpr: 531 | od2cap: 0 | fr2kr: 0 | lpr2kr: 1000 | cap2udp: 0 | kr2udp: 1 | 
2026-05-03 17:16:50,339 - INFO     - img2od: 0 | od2fr: 0 | od2lpr: 528 | od2cap: 0 | fr2kr: 0 | lpr2kr: 1000 | cap2udp: 0 | kr2udp: 1 | 
2026-05-03 17:16:51,340 - INFO     - img2od: 0 | od2fr: 0 | od2lpr: 524 | od2cap: 0 | fr2kr: 0 | lpr2kr: 1000 | cap2udp: 0 | kr2udp: 1 | 
2026-05-03 17:16:52,341 - INFO     - img2od: 0 | od2fr: 0 | od2lpr: 522 | od2cap: 0 | fr2kr: 0 | lpr2kr: 1000 | cap2udp: 0 | kr2udp: 1 | 
2026-05-03 17:16:53,342 - INFO     - img2od: 0 | od2fr: 0 | od2lpr: 519 | od2cap: 0 | fr2kr: 0 | lpr2kr: 1000 | cap2udp: 0 | kr2udp: 1 | 
2026-05-03 17:16:54,343 - INFO     - img2od: 0 | od2fr: 0 | od2lpr: 516 | od2cap: 0 | fr2kr: 0 | lpr2kr: 1000 | cap2udp: 0 | kr2udp: 1 | 
2026-05-03 17:16:55,344 - INFO     - img2od: 0 | od2fr: 0 | od2lpr: 512 | od2cap: 0 | fr2kr: 0 | lpr2kr: 1000 | cap2udp: 0 | kr2udp: 1 | 
2026-05-03 17:16:56,345 - INFO     - img2od: 0 | od2fr: 0 | od2lpr: 509 | od2cap: 0 | fr2kr: 0 | lpr2kr: 1000 | cap2udp: 0 | kr2udp: 1 | 
2026-05-03 17:16:57,346 - INFO     - img2od: 0 | od2fr: 0 | od2lpr: 506 | od2cap: 0 | fr2kr: 0 | lpr2kr: 1000 | cap2udp: 0 | kr2udp: 1 | 
2026-05-03 17:16:58,347 - INFO     - img2od: 0 | od2fr: 0 | od2lpr: 503 | od2cap: 0 | fr2kr: 0 | lpr2kr: 1000 | cap2udp: 0 | kr2udp: 0 | 
2026-05-03 17:16:59,348 - INFO     - img2od: 0 | od2fr: 0 | od2lpr: 500 | od2cap: 0 | fr2kr: 0 | lpr2kr: 1000 | cap2udp: 0 | kr2udp: 1 | 
2026-05-03 17:17:00,349 - INFO     - img2od: 0 | od2fr: 0 | od2lpr: 497 | od2cap: 0 | fr2kr: 0 | lpr2kr: 1000 | cap2udp: 0 | kr2udp: 0 | 
2026-05-03 17:17:01,350 - INFO     - img2od: 0 | od2fr: 0 | od2lpr: 494 | od2cap: 0 | fr2kr: 0 | lpr2kr: 1000 | cap2udp: 0 | kr2udp: 0 | 
2026-05-03 17:17:02,351 - INFO     - img2od: 0 | od2fr: 0 | od2lpr: 491 | od2cap: 0 | fr2kr: 0 | lpr2kr: 1000 | cap2udp: 0 | kr2udp: 1 | 
2026-05-03 17:17:03,352 - INFO     - img2od: 0 | od2fr: 0 | od2lpr: 488 | od2cap: 0 | fr2kr: 0 | lpr2kr: 1000 | cap2udp: 0 | kr2udp: 0 | 
2026-05-03 17:17:04,353 - INFO     - img2od: 0 | od2fr: 0 | od2lpr: 485 | od2cap: 0 | fr2kr: 0 | lpr2kr: 1000 | cap2udp: 0 | kr2udp: 1 | 
2026-05-03 17:17:05,354 - INFO     - img2od: 0 | od2fr: 0 | od2lpr: 482 | od2cap: 0 | fr2kr: 0 | lpr2kr: 1000 | cap2udp: 0 | kr2udp: 1 | 
2026-05-03 17:17:06,355 - INFO     - img2od: 0 | od2fr: 0 | od2lpr: 478 | od2cap: 0 | fr2kr: 0 | lpr2kr: 1000 | cap2udp: 0 | kr2udp: 1 | 
2026-05-03 17:17:07,356 - INFO     - img2od: 0 | od2fr: 0 | od2lpr: 475 | od2cap: 0 | fr2kr: 0 | lpr2kr: 1000 | cap2udp: 0 | kr2udp: 1 | 
2026-05-03 17:17:08,357 - INFO     - img2od: 0 | od2fr: 0 | od2lpr: 472 | od2cap: 0 | fr2kr: 0 | lpr2kr: 1000 | cap2udp: 0 | kr2udp: 1 | 
2026-05-03 17:17:09,358 - INFO     - img2od: 0 | od2fr: 0 | od2lpr: 469 | od2cap: 0 | fr2kr: 0 | lpr2kr: 1000 | cap2udp: 0 | kr2udp: 0 | 
2026-05-03 17:17:10,359 - INFO     - img2od: 0 | od2fr: 0 | od2lpr: 466 | od2cap: 0 | fr2kr: 0 | lpr2kr: 1000 | cap2udp: 0 | kr2udp: 0 | 
2026-05-03 17:17:11,360 - INFO     - img2od: 0 | od2fr: 0 | od2lpr: 463 | od2cap: 0 | fr2kr: 0 | lpr2kr: 1000 | cap2udp: 0 | kr2udp: 0 | 
2026-05-03 17:17:12,361 - INFO     - img2od: 0 | od2fr: 0 | od2lpr: 459 | od2cap: 0 | fr2kr: 0 | lpr2kr: 1000 | cap2udp: 0 | kr2udp: 0 | 
2026-05-03 17:17:13,362 - INFO     - img2od: 0 | od2fr: 0 | od2lpr: 456 | od2cap: 0 | fr2kr: 0 | lpr2kr: 1000 | cap2udp: 0 | kr2udp: 0 | 
2026-05-03 17:17:14,363 - INFO     - img2od: 0 | od2fr: 0 | od2lpr: 453 | od2cap: 0 | fr2kr: 0 | lpr2kr: 1000 | cap2udp: 0 | kr2udp: 1 | 
2026-05-03 17:17:15,364 - INFO     - img2od: 0 | od2fr: 0 | od2lpr: 451 | od2cap: 0 | fr2kr: 0 | lpr2kr: 1000 | cap2udp: 0 | kr2udp: 1 | 
2026-05-03 17:17:16,365 - INFO     - img2od: 0 | od2fr: 0 | od2lpr: 448 | od2cap: 0 | fr2kr: 0 | lpr2kr: 1000 | cap2udp: 0 | kr2udp: 1 | 
2026-05-03 17:17:17,366 - INFO     - img2od: 0 | od2fr: 0 | od2lpr: 445 | od2cap: 0 | fr2kr: 0 | lpr2kr: 1000 | cap2udp: 0 | kr2udp: 1 | 
2026-05-03 17:17:18,367 - INFO     - img2od: 0 | od2fr: 0 | od2lpr: 442 | od2cap: 0 | fr2kr: 0 | lpr2kr: 1000 | cap2udp: 0 | kr2udp: 1 | 
2026-05-03 17:17:19,368 - INFO     - img2od: 0 | od2fr: 0 | od2lpr: 438 | od2cap: 0 | fr2kr: 0 | lpr2kr: 1000 | cap2udp: 0 | kr2udp: 1 | 
2026-05-03 17:17:20,369 - INFO     - img2od: 0 | od2fr: 0 | od2lpr: 435 | od2cap: 0 | fr2kr: 0 | lpr2kr: 1000 | cap2udp: 0 | kr2udp: 1 | 
2026-05-03 17:17:21,370 - INFO     - img2od: 0 | od2fr: 0 | od2lpr: 432 | od2cap: 0 | fr2kr: 0 | lpr2kr: 1000 | cap2udp: 0 | kr2udp: 1 | 
2026-05-03 17:17:22,371 - INFO     - img2od: 0 | od2fr: 0 | od2lpr: 430 | od2cap: 0 | fr2kr: 0 | lpr2kr: 1000 | cap2udp: 0 | kr2udp: 1 | 
2026-05-03 17:17:23,372 - INFO     - img2od: 0 | od2fr: 0 | od2lpr: 427 | od2cap: 0 | fr2kr: 0 | lpr2kr: 1000 | cap2udp: 0 | kr2udp: 1 | 
2026-05-03 17:17:24,373 - INFO     - img2od: 0 | od2fr: 0 | od2lpr: 424 | od2cap: 0 | fr2kr: 0 | lpr2kr: 1000 | cap2udp: 0 | kr2udp: 1 | 
2026-05-03 17:17:25,374 - INFO     - img2od: 0 | od2fr: 0 | od2lpr: 421 | od2cap: 0 | fr2kr: 0 | lpr2kr: 1000 | cap2udp: 0 | kr2udp: 1 | 
2026-05-03 17:17:26,375 - INFO     - img2od: 0 | od2fr: 0 | od2lpr: 418 | od2cap: 0 | fr2kr: 0 | lpr2kr: 1000 | cap2udp: 0 | kr2udp: 0 | 
2026-05-03 17:17:27,376 - INFO     - img2od: 0 | od2fr: 0 | od2lpr: 415 | od2cap: 0 | fr2kr: 0 | lpr2kr: 1000 | cap2udp: 0 | kr2udp: 1 | 
2026-05-03 17:17:28,377 - INFO     - img2od: 0 | od2fr: 0 | od2lpr: 412 | od2cap: 0 | fr2kr: 0 | lpr2kr: 1000 | cap2udp: 0 | kr2udp: 1 | 
2026-05-03 17:17:29,378 - INFO     - img2od: 0 | od2fr: 0 | od2lpr: 408 | od2cap: 0 | fr2kr: 0 | lpr2kr: 1000 | cap2udp: 0 | kr2udp: 1 | 
2026-05-03 17:17:30,379 - INFO     - img2od: 0 | od2fr: 0 | od2lpr: 406 | od2cap: 0 | fr2kr: 0 | lpr2kr: 1000 | cap2udp: 0 | kr2udp: 1 | 
2026-05-03 17:17:31,380 - INFO     - img2od: 0 | od2fr: 0 | od2lpr: 403 | od2cap: 0 | fr2kr: 0 | lpr2kr: 1000 | cap2udp: 0 | kr2udp: 1 | 
2026-05-03 17:17:32,381 - INFO     - img2od: 0 | od2fr: 0 | od2lpr: 400 | od2cap: 0 | fr2kr: 0 | lpr2kr: 1000 | cap2udp: 0 | kr2udp: 0 | 
2026-05-03 17:17:33,382 - INFO     - img2od: 0 | od2fr: 0 | od2lpr: 397 | od2cap: 0 | fr2kr: 0 | lpr2kr: 1000 | cap2udp: 0 | kr2udp: 1 | 
2026-05-03 17:17:34,383 - INFO     - img2od: 0 | od2fr: 0 | od2lpr: 394 | od2cap: 0 | fr2kr: 0 | lpr2kr: 1000 | cap2udp: 0 | kr2udp: 0 | 
2026-05-03 17:17:35,384 - INFO     - img2od: 0 | od2fr: 0 | od2lpr: 392 | od2cap: 0 | fr2kr: 0 | lpr2kr: 1000 | cap2udp: 0 | kr2udp: 1 | 
2026-05-03 17:17:36,385 - INFO     - img2od: 0 | od2fr: 0 | od2lpr: 388 | od2cap: 0 | fr2kr: 0 | lpr2kr: 1000 | cap2udp: 0 | kr2udp: 1 | 
2026-05-03 17:17:37,386 - INFO     - img2od: 0 | od2fr: 0 | od2lpr: 385 | od2cap: 0 | fr2kr: 0 | lpr2kr: 1000 | cap2udp: 0 | kr2udp: 1 | 
2026-05-03 17:17:38,387 - INFO     - img2od: 0 | od2fr: 0 | od2lpr: 382 | od2cap: 0 | fr2kr: 0 | lpr2kr: 1000 | cap2udp: 0 | kr2udp: 1 | 
2026-05-03 17:17:39,388 - INFO     - img2od: 0 | od2fr: 0 | od2lpr: 379 | od2cap: 0 | fr2kr: 0 | lpr2kr: 1000 | cap2udp: 0 | kr2udp: 1 | 
2026-05-03 17:17:40,389 - INFO     - img2od: 0 | od2fr: 0 | od2lpr: 376 | od2cap: 0 | fr2kr: 0 | lpr2kr: 1000 | cap2udp: 0 | kr2udp: 1 | 
2026-05-03 17:17:41,390 - INFO     - img2od: 0 | od2fr: 0 | od2lpr: 374 | od2cap: 0 | fr2kr: 0 | lpr2kr: 1000 | cap2udp: 0 | kr2udp: 1 | 
2026-05-03 17:17:42,391 - INFO     - img2od: 0 | od2fr: 0 | od2lpr: 371 | od2cap: 0 | fr2kr: 0 | lpr2kr: 1000 | cap2udp: 0 | kr2udp: 1 | 
2026-05-03 17:17:43,392 - INFO     - img2od: 0 | od2fr: 0 | od2lpr: 368 | od2cap: 0 | fr2kr: 0 | lpr2kr: 1000 | cap2udp: 0 | kr2udp: 0 | 
2026-05-03 17:17:44,393 - INFO     - img2od: 0 | od2fr: 0 | od2lpr: 365 | od2cap: 0 | fr2kr: 0 | lpr2kr: 1000 | cap2udp: 0 | kr2udp: 1 | 
2026-05-03 17:17:45,394 - INFO     - img2od: 0 | od2fr: 0 | od2lpr: 362 | od2cap: 0 | fr2kr: 0 | lpr2kr: 1000 | cap2udp: 0 | kr2udp: 0 | 
2026-05-03 17:17:46,395 - INFO     - img2od: 0 | od2fr: 0 | od2lpr: 359 | od2cap: 0 | fr2kr: 0 | lpr2kr: 1000 | cap2udp: 0 | kr2udp: 0 | 
2026-05-03 17:17:47,396 - INFO     - img2od: 0 | od2fr: 0 | od2lpr: 356 | od2cap: 0 | fr2kr: 0 | lpr2kr: 1000 | cap2udp: 0 | kr2udp: 1 | 
2026-05-03 17:17:48,397 - INFO     - img2od: 0 | od2fr: 0 | od2lpr: 354 | od2cap: 0 | fr2kr: 0 | lpr2kr: 1000 | cap2udp: 0 | kr2udp: 1 | 
2026-05-03 17:17:49,398 - INFO     - img2od: 0 | od2fr: 0 | od2lpr: 351 | od2cap: 0 | fr2kr: 0 | lpr2kr: 1000 | cap2udp: 0 | kr2udp: 0 | 
2026-05-03 17:17:50,399 - INFO     - img2od: 0 | od2fr: 0 | od2lpr: 348 | od2cap: 0 | fr2kr: 0 | lpr2kr: 1000 | cap2udp: 0 | kr2udp: 0 | 
2026-05-03 17:17:51,400 - INFO     - img2od: 0 | od2fr: 0 | od2lpr: 345 | od2cap: 0 | fr2kr: 0 | lpr2kr: 1000 | cap2udp: 0 | kr2udp: 1 | 
2026-05-03 17:17:52,401 - INFO     - img2od: 0 | od2fr: 0 | od2lpr: 343 | od2cap: 0 | fr2kr: 0 | lpr2kr: 1000 | cap2udp: 0 | kr2udp: 1 | 
2026-05-03 17:17:53,402 - INFO     - img2od: 0 | od2fr: 0 | od2lpr: 339 | od2cap: 0 | fr2kr: 0 | lpr2kr: 1000 | cap2udp: 0 | kr2udp: 1 | 
2026-05-03 17:17:54,403 - INFO     - img2od: 0 | od2fr: 0 | od2lpr: 336 | od2cap: 0 | fr2kr: 0 | lpr2kr: 1000 | cap2udp: 0 | kr2udp: 1 | 
2026-05-03 17:17:55,404 - INFO     - img2od: 0 | od2fr: 0 | od2lpr: 333 | od2cap: 0 | fr2kr: 0 | lpr2kr: 1000 | cap2udp: 0 | kr2udp: 1 | 
2026-05-03 17:17:56,405 - INFO     - img2od: 0 | od2fr: 0 | od2lpr: 329 | od2cap: 0 | fr2kr: 0 | lpr2kr: 1000 | cap2udp: 0 | kr2udp: 0 | 
2026-05-03 17:17:57,406 - INFO     - img2od: 0 | od2fr: 0 | od2lpr: 326 | od2cap: 0 | fr2kr: 0 | lpr2kr: 1000 | cap2udp: 0 | kr2udp: 1 | 
2026-05-03 17:17:58,407 - INFO     - img2od: 0 | od2fr: 0 | od2lpr: 323 | od2cap: 0 | fr2kr: 0 | lpr2kr: 1000 | cap2udp: 0 | kr2udp: 1 | 
2026-05-03 17:17:59,408 - INFO     - img2od: 0 | od2fr: 0 | od2lpr: 319 | od2cap: 0 | fr2kr: 0 | lpr2kr: 1000 | cap2udp: 0 | kr2udp: 0 | 
2026-05-03 17:18:00,409 - INFO     - img2od: 0 | od2fr: 0 | od2lpr: 316 | od2cap: 0 | fr2kr: 0 | lpr2kr: 1000 | cap2udp: 0 | kr2udp: 1 | 
2026-05-03 17:18:01,410 - INFO     - img2od: 0 | od2fr: 0 | od2lpr: 312 | od2cap: 0 | fr2kr: 0 | lpr2kr: 1000 | cap2udp: 0 | kr2udp: 1 | 
2026-05-03 17:18:02,411 - INFO     - img2od: 0 | od2fr: 0 | od2lpr: 309 | od2cap: 0 | fr2kr: 0 | lpr2kr: 1000 | cap2udp: 0 | kr2udp: 2 | 
2026-05-03 17:18:03,412 - INFO     - img2od: 0 | od2fr: 0 | od2lpr: 305 | od2cap: 0 | fr2kr: 0 | lpr2kr: 1000 | cap2udp: 0 | kr2udp: 1 | 
2026-05-03 17:18:04,413 - INFO     - img2od: 0 | od2fr: 0 | od2lpr: 302 | od2cap: 0 | fr2kr: 0 | lpr2kr: 1000 | cap2udp: 0 | kr2udp: 1 | 
2026-05-03 17:18:05,414 - INFO     - img2od: 0 | od2fr: 0 | od2lpr: 299 | od2cap: 0 | fr2kr: 0 | lpr2kr: 1000 | cap2udp: 0 | kr2udp: 1 | 
2026-05-03 17:18:06,415 - INFO     - img2od: 0 | od2fr: 0 | od2lpr: 295 | od2cap: 0 | fr2kr: 0 | lpr2kr: 1000 | cap2udp: 0 | kr2udp: 0 | 
2026-05-03 17:18:07,416 - INFO     - img2od: 0 | od2fr: 0 | od2lpr: 292 | od2cap: 0 | fr2kr: 0 | lpr2kr: 1000 | cap2udp: 0 | kr2udp: 1 | 
2026-05-03 17:18:08,417 - INFO     - img2od: 0 | od2fr: 0 | od2lpr: 288 | od2cap: 0 | fr2kr: 0 | lpr2kr: 1000 | cap2udp: 0 | kr2udp: 0 | 
2026-05-03 17:18:09,418 - INFO     - img2od: 0 | od2fr: 0 | od2lpr: 285 | od2cap: 0 | fr2kr: 0 | lpr2kr: 1000 | cap2udp: 0 | kr2udp: 1 | 
2026-05-03 17:18:10,419 - INFO     - img2od: 0 | od2fr: 0 | od2lpr: 281 | od2cap: 0 | fr2kr: 0 | lpr2kr: 1000 | cap2udp: 0 | kr2udp: 1 | 
2026-05-03 17:18:11,420 - INFO     - img2od: 0 | od2fr: 0 | od2lpr: 278 | od2cap: 0 | fr2kr: 0 | lpr2kr: 1000 | cap2udp: 0 | kr2udp: 1 | 
2026-05-03 17:18:12,421 - INFO     - img2od: 0 | od2fr: 0 | od2lpr: 274 | od2cap: 0 | fr2kr: 0 | lpr2kr: 1000 | cap2udp: 0 | kr2udp: 1 | 
2026-05-03 17:18:13,422 - INFO     - img2od: 0 | od2fr: 0 | od2lpr: 271 | od2cap: 0 | fr2kr: 0 | lpr2kr: 1000 | cap2udp: 0 | kr2udp: 1 | 
2026-05-03 17:18:14,423 - INFO     - img2od: 0 | od2fr: 0 | od2lpr: 267 | od2cap: 0 | fr2kr: 0 | lpr2kr: 1000 | cap2udp: 0 | kr2udp: 1 | 
2026-05-03 17:18:15,424 - INFO     - img2od: 0 | od2fr: 0 | od2lpr: 264 | od2cap: 0 | fr2kr: 0 | lpr2kr: 1000 | cap2udp: 0 | kr2udp: 1 | 
2026-05-03 17:18:16,425 - INFO     - img2od: 0 | od2fr: 0 | od2lpr: 261 | od2cap: 0 | fr2kr: 0 | lpr2kr: 1000 | cap2udp: 0 | kr2udp: 1 | 
2026-05-03 17:18:17,426 - INFO     - img2od: 0 | od2fr: 0 | od2lpr: 257 | od2cap: 0 | fr2kr: 0 | lpr2kr: 1000 | cap2udp: 0 | kr2udp: 0 | 
2026-05-03 17:18:18,427 - INFO     - img2od: 0 | od2fr: 0 | od2lpr: 254 | od2cap: 0 | fr2kr: 0 | lpr2kr: 1000 | cap2udp: 0 | kr2udp: 1 | 
2026-05-03 17:18:19,428 - INFO     - img2od: 0 | od2fr: 0 | od2lpr: 250 | od2cap: 0 | fr2kr: 0 | lpr2kr: 1000 | cap2udp: 0 | kr2udp: 1 | 
2026-05-03 17:18:20,429 - INFO     - img2od: 0 | od2fr: 0 | od2lpr: 247 | od2cap: 0 | fr2kr: 0 | lpr2kr: 1000 | cap2udp: 0 | kr2udp: 1 | 
2026-05-03 17:18:21,430 - INFO     - img2od: 0 | od2fr: 0 | od2lpr: 244 | od2cap: 0 | fr2kr: 0 | lpr2kr: 999 | cap2udp: 0 | kr2udp: 1 | 
2026-05-03 17:18:22,431 - INFO     - img2od: 0 | od2fr: 0 | od2lpr: 240 | od2cap: 0 | fr2kr: 0 | lpr2kr: 1000 | cap2udp: 0 | kr2udp: 0 | 
2026-05-03 17:18:23,432 - INFO     - img2od: 0 | od2fr: 0 | od2lpr: 237 | od2cap: 0 | fr2kr: 0 | lpr2kr: 1000 | cap2udp: 0 | kr2udp: 0 | 
2026-05-03 17:18:24,433 - INFO     - img2od: 0 | od2fr: 0 | od2lpr: 234 | od2cap: 0 | fr2kr: 0 | lpr2kr: 1000 | cap2udp: 0 | kr2udp: 1 | 
2026-05-03 17:18:25,433 - INFO     - img2od: 0 | od2fr: 0 | od2lpr: 231 | od2cap: 0 | fr2kr: 0 | lpr2kr: 1000 | cap2udp: 0 | kr2udp: 1 | 
2026-05-03 17:18:26,434 - INFO     - img2od: 0 | od2fr: 0 | od2lpr: 228 | od2cap: 0 | fr2kr: 0 | lpr2kr: 1000 | cap2udp: 0 | kr2udp: 0 | 
2026-05-03 17:18:27,435 - INFO     - img2od: 0 | od2fr: 0 | od2lpr: 225 | od2cap: 0 | fr2kr: 0 | lpr2kr: 1000 | cap2udp: 0 | kr2udp: 1 | 
2026-05-03 17:18:28,436 - INFO     - img2od: 0 | od2fr: 0 | od2lpr: 222 | od2cap: 0 | fr2kr: 0 | lpr2kr: 1000 | cap2udp: 0 | kr2udp: 1 | 
2026-05-03 17:18:29,437 - INFO     - img2od: 0 | od2fr: 0 | od2lpr: 218 | od2cap: 0 | fr2kr: 0 | lpr2kr: 1000 | cap2udp: 0 | kr2udp: 1 | 
2026-05-03 17:18:30,438 - INFO     - img2od: 0 | od2fr: 0 | od2lpr: 215 | od2cap: 0 | fr2kr: 0 | lpr2kr: 1000 | cap2udp: 0 | kr2udp: 1 | 
2026-05-03 17:18:31,439 - INFO     - img2od: 0 | od2fr: 0 | od2lpr: 212 | od2cap: 0 | fr2kr: 0 | lpr2kr: 1000 | cap2udp: 0 | kr2udp: 1 | 
2026-05-03 17:18:32,440 - INFO     - img2od: 0 | od2fr: 0 | od2lpr: 208 | od2cap: 0 | fr2kr: 0 | lpr2kr: 1000 | cap2udp: 0 | kr2udp: 0 | 
2026-05-03 17:18:33,441 - INFO     - img2od: 0 | od2fr: 0 | od2lpr: 205 | od2cap: 0 | fr2kr: 0 | lpr2kr: 1000 | cap2udp: 0 | kr2udp: 1 | 
2026-05-03 17:18:34,442 - INFO     - img2od: 0 | od2fr: 0 | od2lpr: 201 | od2cap: 0 | fr2kr: 0 | lpr2kr: 1000 | cap2udp: 0 | kr2udp: 0 | 
2026-05-03 17:18:35,443 - INFO     - img2od: 0 | od2fr: 0 | od2lpr: 198 | od2cap: 0 | fr2kr: 0 | lpr2kr: 1000 | cap2udp: 0 | kr2udp: 1 | 
2026-05-03 17:18:36,444 - INFO     - img2od: 0 | od2fr: 0 | od2lpr: 196 | od2cap: 0 | fr2kr: 0 | lpr2kr: 1000 | cap2udp: 0 | kr2udp: 1 | 
2026-05-03 17:18:37,445 - INFO     - img2od: 0 | od2fr: 0 | od2lpr: 193 | od2cap: 0 | fr2kr: 0 | lpr2kr: 1000 | cap2udp: 0 | kr2udp: 0 | 
2026-05-03 17:18:38,446 - INFO     - img2od: 0 | od2fr: 0 | od2lpr: 190 | od2cap: 0 | fr2kr: 0 | lpr2kr: 1000 | cap2udp: 0 | kr2udp: 1 | 
2026-05-03 17:18:39,447 - INFO     - img2od: 0 | od2fr: 0 | od2lpr: 188 | od2cap: 0 | fr2kr: 0 | lpr2kr: 1000 | cap2udp: 0 | kr2udp: 1 | 
2026-05-03 17:18:40,448 - INFO     - img2od: 0 | od2fr: 0 | od2lpr: 184 | od2cap: 0 | fr2kr: 0 | lpr2kr: 1000 | cap2udp: 0 | kr2udp: 0 | 
2026-05-03 17:18:41,449 - INFO     - img2od: 0 | od2fr: 0 | od2lpr: 181 | od2cap: 0 | fr2kr: 0 | lpr2kr: 1000 | cap2udp: 0 | kr2udp: 0 | 
2026-05-03 17:18:42,450 - INFO     - img2od: 0 | od2fr: 0 | od2lpr: 178 | od2cap: 0 | fr2kr: 0 | lpr2kr: 1000 | cap2udp: 0 | kr2udp: 0 | 
2026-05-03 17:18:43,451 - INFO     - img2od: 0 | od2fr: 0 | od2lpr: 175 | od2cap: 0 | fr2kr: 0 | lpr2kr: 1000 | cap2udp: 0 | kr2udp: 0 | 
2026-05-03 17:18:44,452 - INFO     - img2od: 0 | od2fr: 0 | od2lpr: 172 | od2cap: 0 | fr2kr: 0 | lpr2kr: 1000 | cap2udp: 0 | kr2udp: 1 | 
2026-05-03 17:18:45,453 - INFO     - img2od: 0 | od2fr: 0 | od2lpr: 169 | od2cap: 0 | fr2kr: 0 | lpr2kr: 1000 | cap2udp: 0 | kr2udp: 1 | 
2026-05-03 17:18:46,454 - INFO     - img2od: 0 | od2fr: 0 | od2lpr: 166 | od2cap: 0 | fr2kr: 0 | lpr2kr: 1000 | cap2udp: 0 | kr2udp: 0 | 
2026-05-03 17:18:47,455 - INFO     - img2od: 0 | od2fr: 0 | od2lpr: 163 | od2cap: 0 | fr2kr: 0 | lpr2kr: 1000 | cap2udp: 0 | kr2udp: 1 | 
2026-05-03 17:18:48,456 - INFO     - img2od: 0 | od2fr: 0 | od2lpr: 161 | od2cap: 0 | fr2kr: 0 | lpr2kr: 1000 | cap2udp: 0 | kr2udp: 1 | 
2026-05-03 17:18:49,457 - INFO     - img2od: 0 | od2fr: 0 | od2lpr: 158 | od2cap: 0 | fr2kr: 0 | lpr2kr: 1000 | cap2udp: 0 | kr2udp: 1 | 
2026-05-03 17:18:50,458 - INFO     - img2od: 0 | od2fr: 0 | od2lpr: 155 | od2cap: 0 | fr2kr: 0 | lpr2kr: 1000 | cap2udp: 0 | kr2udp: 1 | 
2026-05-03 17:18:51,459 - INFO     - img2od: 0 | od2fr: 0 | od2lpr: 152 | od2cap: 0 | fr2kr: 0 | lpr2kr: 1000 | cap2udp: 0 | kr2udp: 1 | 
2026-05-03 17:18:52,460 - INFO     - img2od: 0 | od2fr: 0 | od2lpr: 149 | od2cap: 0 | fr2kr: 0 | lpr2kr: 1000 | cap2udp: 0 | kr2udp: 0 | 
2026-05-03 17:18:53,461 - INFO     - img2od: 0 | od2fr: 0 | od2lpr: 146 | od2cap: 0 | fr2kr: 0 | lpr2kr: 1000 | cap2udp: 0 | kr2udp: 1 | 
2026-05-03 17:18:54,462 - INFO     - img2od: 0 | od2fr: 0 | od2lpr: 143 | od2cap: 0 | fr2kr: 0 | lpr2kr: 1000 | cap2udp: 0 | kr2udp: 1 | 
2026-05-03 17:18:55,463 - INFO     - img2od: 0 | od2fr: 0 | od2lpr: 140 | od2cap: 0 | fr2kr: 0 | lpr2kr: 1000 | cap2udp: 0 | kr2udp: 1 | 
2026-05-03 17:18:56,464 - INFO     - img2od: 0 | od2fr: 0 | od2lpr: 137 | od2cap: 0 | fr2kr: 0 | lpr2kr: 1000 | cap2udp: 0 | kr2udp: 1 | 
2026-05-03 17:18:57,465 - INFO     - img2od: 0 | od2fr: 0 | od2lpr: 134 | od2cap: 0 | fr2kr: 0 | lpr2kr: 1000 | cap2udp: 0 | kr2udp: 0 | 
2026-05-03 17:18:58,466 - INFO     - img2od: 0 | od2fr: 0 | od2lpr: 131 | od2cap: 0 | fr2kr: 0 | lpr2kr: 1000 | cap2udp: 0 | kr2udp: 0 | 
2026-05-03 17:18:59,467 - INFO     - img2od: 0 | od2fr: 0 | od2lpr: 128 | od2cap: 0 | fr2kr: 0 | lpr2kr: 1000 | cap2udp: 0 | kr2udp: 0 | 
2026-05-03 17:19:00,468 - INFO     - img2od: 0 | od2fr: 0 | od2lpr: 125 | od2cap: 0 | fr2kr: 0 | lpr2kr: 1000 | cap2udp: 0 | kr2udp: 0 | 
2026-05-03 17:19:01,469 - INFO     - img2od: 0 | od2fr: 0 | od2lpr: 122 | od2cap: 0 | fr2kr: 0 | lpr2kr: 1000 | cap2udp: 0 | kr2udp: 0 | 
2026-05-03 17:19:02,470 - INFO     - img2od: 0 | od2fr: 0 | od2lpr: 119 | od2cap: 0 | fr2kr: 0 | lpr2kr: 1000 | cap2udp: 0 | kr2udp: 1 | 
2026-05-03 17:19:03,471 - INFO     - img2od: 0 | od2fr: 0 | od2lpr: 116 | od2cap: 0 | fr2kr: 0 | lpr2kr: 1000 | cap2udp: 0 | kr2udp: 1 | 
2026-05-03 17:19:04,472 - INFO     - img2od: 0 | od2fr: 0 | od2lpr: 112 | od2cap: 0 | fr2kr: 0 | lpr2kr: 1000 | cap2udp: 0 | kr2udp: 1 | 
2026-05-03 17:19:05,473 - INFO     - img2od: 0 | od2fr: 0 | od2lpr: 109 | od2cap: 0 | fr2kr: 0 | lpr2kr: 1000 | cap2udp: 0 | kr2udp: 1 | 
2026-05-03 17:19:06,474 - INFO     - img2od: 0 | od2fr: 0 | od2lpr: 106 | od2cap: 0 | fr2kr: 0 | lpr2kr: 1000 | cap2udp: 0 | kr2udp: 1 | 
2026-05-03 17:19:07,475 - INFO     - img2od: 0 | od2fr: 0 | od2lpr: 103 | od2cap: 0 | fr2kr: 0 | lpr2kr: 1000 | cap2udp: 0 | kr2udp: 1 | 
2026-05-03 17:19:08,476 - INFO     - img2od: 0 | od2fr: 0 | od2lpr: 99 | od2cap: 0 | fr2kr: 0 | lpr2kr: 1000 | cap2udp: 0 | kr2udp: 1 | 
2026-05-03 17:19:09,477 - INFO     - img2od: 0 | od2fr: 0 | od2lpr: 96 | od2cap: 0 | fr2kr: 0 | lpr2kr: 1000 | cap2udp: 0 | kr2udp: 1 | 
2026-05-03 17:19:10,478 - INFO     - img2od: 0 | od2fr: 0 | od2lpr: 93 | od2cap: 0 | fr2kr: 0 | lpr2kr: 1000 | cap2udp: 0 | kr2udp: 1 | 
2026-05-03 17:19:11,479 - INFO     - img2od: 0 | od2fr: 0 | od2lpr: 89 | od2cap: 0 | fr2kr: 0 | lpr2kr: 1000 | cap2udp: 0 | kr2udp: 1 | 
2026-05-03 17:19:12,480 - INFO     - img2od: 0 | od2fr: 0 | od2lpr: 86 | od2cap: 0 | fr2kr: 0 | lpr2kr: 1000 | cap2udp: 0 | kr2udp: 1 | 
2026-05-03 17:19:13,481 - INFO     - img2od: 0 | od2fr: 0 | od2lpr: 82 | od2cap: 0 | fr2kr: 0 | lpr2kr: 1000 | cap2udp: 0 | kr2udp: 1 | 
2026-05-03 17:19:14,482 - INFO     - img2od: 0 | od2fr: 0 | od2lpr: 79 | od2cap: 0 | fr2kr: 0 | lpr2kr: 1000 | cap2udp: 0 | kr2udp: 2 | 
2026-05-03 17:19:15,483 - INFO     - img2od: 0 | od2fr: 0 | od2lpr: 76 | od2cap: 0 | fr2kr: 0 | lpr2kr: 1000 | cap2udp: 0 | kr2udp: 1 | 
2026-05-03 17:19:16,484 - INFO     - img2od: 0 | od2fr: 0 | od2lpr: 73 | od2cap: 0 | fr2kr: 0 | lpr2kr: 999 | cap2udp: 0 | kr2udp: 0 | 
2026-05-03 17:19:17,485 - INFO     - img2od: 0 | od2fr: 0 | od2lpr: 69 | od2cap: 0 | fr2kr: 0 | lpr2kr: 1000 | cap2udp: 0 | kr2udp: 0 | 
2026-05-03 17:19:18,486 - INFO     - img2od: 0 | od2fr: 0 | od2lpr: 66 | od2cap: 0 | fr2kr: 0 | lpr2kr: 1000 | cap2udp: 0 | kr2udp: 1 | 
2026-05-03 17:19:19,487 - INFO     - img2od: 0 | od2fr: 0 | od2lpr: 62 | od2cap: 0 | fr2kr: 0 | lpr2kr: 1000 | cap2udp: 0 | kr2udp: 0 | 
2026-05-03 17:19:20,488 - INFO     - img2od: 0 | od2fr: 0 | od2lpr: 59 | od2cap: 0 | fr2kr: 0 | lpr2kr: 1000 | cap2udp: 0 | kr2udp: 1 | 
2026-05-03 17:19:21,489 - INFO     - img2od: 0 | od2fr: 0 | od2lpr: 56 | od2cap: 0 | fr2kr: 0 | lpr2kr: 1000 | cap2udp: 0 | kr2udp: 0 | 
2026-05-03 17:19:22,490 - INFO     - img2od: 0 | od2fr: 0 | od2lpr: 54 | od2cap: 0 | fr2kr: 0 | lpr2kr: 1000 | cap2udp: 0 | kr2udp: 1 | 
2026-05-03 17:19:23,491 - INFO     - img2od: 0 | od2fr: 0 | od2lpr: 51 | od2cap: 0 | fr2kr: 0 | lpr2kr: 1000 | cap2udp: 0 | kr2udp: 1 | 
2026-05-03 17:19:24,492 - INFO     - img2od: 0 | od2fr: 0 | od2lpr: 48 | od2cap: 0 | fr2kr: 0 | lpr2kr: 1000 | cap2udp: 0 | kr2udp: 0 | 
2026-05-03 17:19:25,493 - INFO     - img2od: 0 | od2fr: 0 | od2lpr: 44 | od2cap: 0 | fr2kr: 0 | lpr2kr: 1000 | cap2udp: 0 | kr2udp: 1 | 
2026-05-03 17:19:26,494 - INFO     - img2od: 0 | od2fr: 0 | od2lpr: 41 | od2cap: 0 | fr2kr: 0 | lpr2kr: 1000 | cap2udp: 0 | kr2udp: 1 | 
2026-05-03 17:19:27,495 - INFO     - img2od: 0 | od2fr: 0 | od2lpr: 38 | od2cap: 0 | fr2kr: 0 | lpr2kr: 1000 | cap2udp: 0 | kr2udp: 0 | 
2026-05-03 17:19:28,496 - INFO     - img2od: 0 | od2fr: 0 | od2lpr: 35 | od2cap: 0 | fr2kr: 0 | lpr2kr: 1000 | cap2udp: 0 | kr2udp: 1 | 
2026-05-03 17:19:29,497 - INFO     - img2od: 0 | od2fr: 0 | od2lpr: 32 | od2cap: 0 | fr2kr: 0 | lpr2kr: 1000 | cap2udp: 0 | kr2udp: 1 | 
2026-05-03 17:19:30,498 - INFO     - img2od: 0 | od2fr: 0 | od2lpr: 30 | od2cap: 0 | fr2kr: 0 | lpr2kr: 1000 | cap2udp: 0 | kr2udp: 1 | 
2026-05-03 17:19:31,499 - INFO     - img2od: 0 | od2fr: 0 | od2lpr: 27 | od2cap: 0 | fr2kr: 0 | lpr2kr: 1000 | cap2udp: 0 | kr2udp: 1 | 
2026-05-03 17:19:32,500 - INFO     - img2od: 0 | od2fr: 0 | od2lpr: 24 | od2cap: 0 | fr2kr: 0 | lpr2kr: 1000 | cap2udp: 0 | kr2udp: 0 | 
2026-05-03 17:19:33,501 - INFO     - img2od: 0 | od2fr: 0 | od2lpr: 21 | od2cap: 0 | fr2kr: 0 | lpr2kr: 1000 | cap2udp: 0 | kr2udp: 0 | 
2026-05-03 17:19:34,502 - INFO     - img2od: 0 | od2fr: 0 | od2lpr: 18 | od2cap: 0 | fr2kr: 0 | lpr2kr: 1000 | cap2udp: 0 | kr2udp: 0 | 
2026-05-03 17:19:35,503 - INFO     - img2od: 0 | od2fr: 0 | od2lpr: 15 | od2cap: 0 | fr2kr: 0 | lpr2kr: 1000 | cap2udp: 0 | kr2udp: 1 | 
2026-05-03 17:19:36,504 - INFO     - img2od: 0 | od2fr: 0 | od2lpr: 12 | od2cap: 0 | fr2kr: 0 | lpr2kr: 1000 | cap2udp: 0 | kr2udp: 0 | 
2026-05-03 17:19:37,505 - INFO     - img2od: 0 | od2fr: 0 | od2lpr: 9 | od2cap: 0 | fr2kr: 0 | lpr2kr: 1000 | cap2udp: 0 | kr2udp: 0 | 
2026-05-03 17:19:38,506 - INFO     - img2od: 0 | od2fr: 0 | od2lpr: 6 | od2cap: 0 | fr2kr: 0 | lpr2kr: 1000 | cap2udp: 0 | kr2udp: 1 | 
loading model on device: cuda
Initializing checkpoint: PekingU/rtdetr_r50vd, ID: 0
2026-05-03 17:19:39,507 - INFO     - img2od: 0 | od2fr: 0 | od2lpr: 2 | od2cap: 0 | fr2kr: 0 | lpr2kr: 1000 | cap2udp: 0 | kr2udp: 1 | 
2026-05-03 17:19:40,281 - INFO     - lprStream    : Received END signal, shutting down
2026-05-03 17:19:40,508 - INFO     - img2od: 0 | od2fr: 0 | od2lpr: 0 | od2cap: 0 | fr2kr: 0 | lpr2kr: 1000 | cap2udp: 0 | kr2udp: 1 | 
2026-05-03 17:19:40,663 - INFO     - lprStream    : shutdown successful
2026-05-03 17:19:41,509 - INFO     - img2od: 0 | od2fr: 0 | od2lpr: 0 | od2cap: 0 | fr2kr: 0 | lpr2kr: 997 | cap2udp: 0 | kr2udp: 1 | 
2026-05-03 17:19:42,509 - INFO     - img2od: 0 | od2fr: 0 | od2lpr: 0 | od2cap: 0 | fr2kr: 0 | lpr2kr: 993 | cap2udp: 0 | kr2udp: 1 | 
2026-05-03 17:19:43,510 - INFO     - img2od: 0 | od2fr: 0 | od2lpr: 0 | od2cap: 0 | fr2kr: 0 | lpr2kr: 989 | cap2udp: 0 | kr2udp: 0 | 
2026-05-03 17:19:44,512 - INFO     - img2od: 0 | od2fr: 0 | od2lpr: 0 | od2cap: 0 | fr2kr: 0 | lpr2kr: 985 | cap2udp: 0 | kr2udp: 0 | 
2026-05-03 17:19:45,513 - INFO     - img2od: 0 | od2fr: 0 | od2lpr: 0 | od2cap: 0 | fr2kr: 0 | lpr2kr: 981 | cap2udp: 0 | kr2udp: 1 | 
2026-05-03 17:19:46,514 - INFO     - img2od: 0 | od2fr: 0 | od2lpr: 0 | od2cap: 0 | fr2kr: 0 | lpr2kr: 977 | cap2udp: 0 | kr2udp: 0 | 
2026-05-03 17:19:47,515 - INFO     - img2od: 0 | od2fr: 0 | od2lpr: 0 | od2cap: 0 | fr2kr: 0 | lpr2kr: 973 | cap2udp: 0 | kr2udp: 0 | 
2026-05-03 17:19:48,517 - INFO     - img2od: 0 | od2fr: 0 | od2lpr: 0 | od2cap: 0 | fr2kr: 0 | lpr2kr: 969 | cap2udp: 0 | kr2udp: 1 | 
2026-05-03 17:19:49,518 - INFO     - img2od: 0 | od2fr: 0 | od2lpr: 0 | od2cap: 0 | fr2kr: 0 | lpr2kr: 966 | cap2udp: 0 | kr2udp: 1 | 
2026-05-03 17:19:50,519 - INFO     - img2od: 0 | od2fr: 0 | od2lpr: 0 | od2cap: 0 | fr2kr: 0 | lpr2kr: 962 | cap2udp: 0 | kr2udp: 1 | 
2026-05-03 17:19:51,519 - INFO     - img2od: 0 | od2fr: 0 | od2lpr: 0 | od2cap: 0 | fr2kr: 0 | lpr2kr: 958 | cap2udp: 0 | kr2udp: 1 | 
2026-05-03 17:19:52,521 - INFO     - img2od: 0 | od2fr: 0 | od2lpr: 0 | od2cap: 0 | fr2kr: 0 | lpr2kr: 954 | cap2udp: 0 | kr2udp: 1 | 
2026-05-03 17:19:53,522 - INFO     - img2od: 0 | od2fr: 0 | od2lpr: 0 | od2cap: 0 | fr2kr: 0 | lpr2kr: 950 | cap2udp: 0 | kr2udp: 1 | 
2026-05-03 17:19:54,523 - INFO     - img2od: 0 | od2fr: 0 | od2lpr: 0 | od2cap: 0 | fr2kr: 0 | lpr2kr: 946 | cap2udp: 0 | kr2udp: 1 | 
2026-05-03 17:19:55,524 - INFO     - img2od: 0 | od2fr: 0 | od2lpr: 0 | od2cap: 0 | fr2kr: 0 | lpr2kr: 942 | cap2udp: 0 | kr2udp: 0 | 
2026-05-03 17:19:56,526 - INFO     - img2od: 0 | od2fr: 0 | od2lpr: 0 | od2cap: 0 | fr2kr: 0 | lpr2kr: 938 | cap2udp: 0 | kr2udp: 0 | 
2026-05-03 17:19:57,527 - INFO     - img2od: 0 | od2fr: 0 | od2lpr: 0 | od2cap: 0 | fr2kr: 0 | lpr2kr: 934 | cap2udp: 0 | kr2udp: 0 | 
2026-05-03 17:19:58,528 - INFO     - img2od: 0 | od2fr: 0 | od2lpr: 0 | od2cap: 0 | fr2kr: 0 | lpr2kr: 930 | cap2udp: 0 | kr2udp: 0 | 
2026-05-03 17:19:59,529 - INFO     - img2od: 0 | od2fr: 0 | od2lpr: 0 | od2cap: 0 | fr2kr: 0 | lpr2kr: 926 | cap2udp: 0 | kr2udp: 0 | 
2026-05-03 17:20:00,530 - INFO     - img2od: 0 | od2fr: 0 | od2lpr: 0 | od2cap: 0 | fr2kr: 0 | lpr2kr: 922 | cap2udp: 0 | kr2udp: 0 | 
2026-05-03 17:20:01,531 - INFO     - img2od: 0 | od2fr: 0 | od2lpr: 0 | od2cap: 0 | fr2kr: 0 | lpr2kr: 918 | cap2udp: 0 | kr2udp: 0 | 
2026-05-03 17:20:02,533 - INFO     - img2od: 0 | od2fr: 0 | od2lpr: 0 | od2cap: 0 | fr2kr: 0 | lpr2kr: 914 | cap2udp: 0 | kr2udp: 0 | 
2026-05-03 17:20:03,534 - INFO     - img2od: 0 | od2fr: 0 | od2lpr: 0 | od2cap: 0 | fr2kr: 0 | lpr2kr: 910 | cap2udp: 0 | kr2udp: 1 | 
2026-05-03 17:20:04,535 - INFO     - img2od: 0 | od2fr: 0 | od2lpr: 0 | od2cap: 0 | fr2kr: 0 | lpr2kr: 907 | cap2udp: 0 | kr2udp: 1 | 
2026-05-03 17:20:05,536 - INFO     - img2od: 0 | od2fr: 0 | od2lpr: 0 | od2cap: 0 | fr2kr: 0 | lpr2kr: 903 | cap2udp: 0 | kr2udp: 1 | 
2026-05-03 17:20:06,538 - INFO     - img2od: 0 | od2fr: 0 | od2lpr: 0 | od2cap: 0 | fr2kr: 0 | lpr2kr: 899 | cap2udp: 0 | kr2udp: 1 | 
2026-05-03 17:20:07,539 - INFO     - img2od: 0 | od2fr: 0 | od2lpr: 0 | od2cap: 0 | fr2kr: 0 | lpr2kr: 895 | cap2udp: 0 | kr2udp: 1 | 
2026-05-03 17:20:08,540 - INFO     - img2od: 0 | od2fr: 0 | od2lpr: 0 | od2cap: 0 | fr2kr: 0 | lpr2kr: 891 | cap2udp: 0 | kr2udp: 1 | 
2026-05-03 17:20:09,541 - INFO     - img2od: 0 | od2fr: 0 | od2lpr: 0 | od2cap: 0 | fr2kr: 0 | lpr2kr: 887 | cap2udp: 0 | kr2udp: 0 | 
2026-05-03 17:20:10,542 - INFO     - img2od: 0 | od2fr: 0 | od2lpr: 0 | od2cap: 0 | fr2kr: 0 | lpr2kr: 883 | cap2udp: 0 | kr2udp: 0 | 
2026-05-03 17:20:11,543 - INFO     - img2od: 0 | od2fr: 0 | od2lpr: 0 | od2cap: 0 | fr2kr: 0 | lpr2kr: 879 | cap2udp: 0 | kr2udp: 0 | 
2026-05-03 17:20:12,544 - INFO     - img2od: 0 | od2fr: 0 | od2lpr: 0 | od2cap: 0 | fr2kr: 0 | lpr2kr: 875 | cap2udp: 0 | kr2udp: 0 | 
2026-05-03 17:20:13,545 - INFO     - img2od: 0 | od2fr: 0 | od2lpr: 0 | od2cap: 0 | fr2kr: 0 | lpr2kr: 871 | cap2udp: 0 | kr2udp: 0 | 
2026-05-03 17:20:14,546 - INFO     - img2od: 0 | od2fr: 0 | od2lpr: 0 | od2cap: 0 | fr2kr: 0 | lpr2kr: 867 | cap2udp: 0 | kr2udp: 0 | 
2026-05-03 17:20:15,547 - INFO     - img2od: 0 | od2fr: 0 | od2lpr: 0 | od2cap: 0 | fr2kr: 0 | lpr2kr: 863 | cap2udp: 0 | kr2udp: 0 | 
2026-05-03 17:20:16,548 - INFO     - img2od: 0 | od2fr: 0 | od2lpr: 0 | od2cap: 0 | fr2kr: 0 | lpr2kr: 859 | cap2udp: 0 | kr2udp: 1 | 
2026-05-03 17:20:17,549 - INFO     - img2od: 0 | od2fr: 0 | od2lpr: 0 | od2cap: 0 | fr2kr: 0 | lpr2kr: 855 | cap2udp: 0 | kr2udp: 1 | 
2026-05-03 17:20:18,550 - INFO     - img2od: 0 | od2fr: 0 | od2lpr: 0 | od2cap: 0 | fr2kr: 0 | lpr2kr: 852 | cap2udp: 0 | kr2udp: 1 | 
2026-05-03 17:20:19,551 - INFO     - img2od: 0 | od2fr: 0 | od2lpr: 0 | od2cap: 0 | fr2kr: 0 | lpr2kr: 848 | cap2udp: 0 | kr2udp: 1 | 
2026-05-03 17:20:20,552 - INFO     - img2od: 0 | od2fr: 0 | od2lpr: 0 | od2cap: 0 | fr2kr: 0 | lpr2kr: 844 | cap2udp: 0 | kr2udp: 1 | 
2026-05-03 17:20:21,554 - INFO     - img2od: 0 | od2fr: 0 | od2lpr: 0 | od2cap: 0 | fr2kr: 0 | lpr2kr: 840 | cap2udp: 0 | kr2udp: 1 | 
2026-05-03 17:20:22,555 - INFO     - img2od: 0 | od2fr: 0 | od2lpr: 0 | od2cap: 0 | fr2kr: 0 | lpr2kr: 836 | cap2udp: 0 | kr2udp: 1 | 
2026-05-03 17:20:23,556 - INFO     - img2od: 0 | od2fr: 0 | od2lpr: 0 | od2cap: 0 | fr2kr: 0 | lpr2kr: 832 | cap2udp: 0 | kr2udp: 1 | 
2026-05-03 17:20:24,557 - INFO     - img2od: 0 | od2fr: 0 | od2lpr: 0 | od2cap: 0 | fr2kr: 0 | lpr2kr: 828 | cap2udp: 0 | kr2udp: 1 | 
2026-05-03 17:20:25,558 - INFO     - img2od: 0 | od2fr: 0 | od2lpr: 0 | od2cap: 0 | fr2kr: 0 | lpr2kr: 824 | cap2udp: 0 | kr2udp: 0 | 
2026-05-03 17:20:26,559 - INFO     - img2od: 0 | od2fr: 0 | od2lpr: 0 | od2cap: 0 | fr2kr: 0 | lpr2kr: 820 | cap2udp: 0 | kr2udp: 0 | 
2026-05-03 17:20:27,560 - INFO     - img2od: 0 | od2fr: 0 | od2lpr: 0 | od2cap: 0 | fr2kr: 0 | lpr2kr: 816 | cap2udp: 0 | kr2udp: 0 | 
2026-05-03 17:20:28,561 - INFO     - img2od: 0 | od2fr: 0 | od2lpr: 0 | od2cap: 0 | fr2kr: 0 | lpr2kr: 812 | cap2udp: 0 | kr2udp: 0 | 
2026-05-03 17:20:29,562 - INFO     - img2od: 0 | od2fr: 0 | od2lpr: 0 | od2cap: 0 | fr2kr: 0 | lpr2kr: 809 | cap2udp: 0 | kr2udp: 1 | 
2026-05-03 17:20:30,563 - INFO     - img2od: 0 | od2fr: 0 | od2lpr: 0 | od2cap: 0 | fr2kr: 0 | lpr2kr: 805 | cap2udp: 0 | kr2udp: 1 | 
2026-05-03 17:20:31,564 - INFO     - img2od: 0 | od2fr: 0 | od2lpr: 0 | od2cap: 0 | fr2kr: 0 | lpr2kr: 801 | cap2udp: 0 | kr2udp: 1 | 
2026-05-03 17:20:32,565 - INFO     - img2od: 0 | od2fr: 0 | od2lpr: 0 | od2cap: 0 | fr2kr: 0 | lpr2kr: 797 | cap2udp: 0 | kr2udp: 1 | 
2026-05-03 17:20:33,567 - INFO     - img2od: 0 | od2fr: 0 | od2lpr: 0 | od2cap: 0 | fr2kr: 0 | lpr2kr: 793 | cap2udp: 0 | kr2udp: 1 | 
2026-05-03 17:20:34,568 - INFO     - img2od: 0 | od2fr: 0 | od2lpr: 0 | od2cap: 0 | fr2kr: 0 | lpr2kr: 789 | cap2udp: 0 | kr2udp: 1 | 
2026-05-03 17:20:35,569 - INFO     - img2od: 0 | od2fr: 0 | od2lpr: 0 | od2cap: 0 | fr2kr: 0 | lpr2kr: 785 | cap2udp: 0 | kr2udp: 0 | 
2026-05-03 17:20:36,570 - INFO     - img2od: 0 | od2fr: 0 | od2lpr: 0 | od2cap: 0 | fr2kr: 0 | lpr2kr: 781 | cap2udp: 0 | kr2udp: 0 | 
2026-05-03 17:20:37,572 - INFO     - img2od: 0 | od2fr: 0 | od2lpr: 0 | od2cap: 0 | fr2kr: 0 | lpr2kr: 777 | cap2udp: 0 | kr2udp: 0 | 
2026-05-03 17:20:38,573 - INFO     - img2od: 0 | od2fr: 0 | od2lpr: 0 | od2cap: 0 | fr2kr: 0 | lpr2kr: 773 | cap2udp: 0 | kr2udp: 0 | 
2026-05-03 17:20:39,574 - INFO     - img2od: 0 | od2fr: 0 | od2lpr: 0 | od2cap: 0 | fr2kr: 0 | lpr2kr: 769 | cap2udp: 0 | kr2udp: 1 | 
2026-05-03 17:20:40,575 - INFO     - img2od: 0 | od2fr: 0 | od2lpr: 0 | od2cap: 0 | fr2kr: 0 | lpr2kr: 766 | cap2udp: 0 | kr2udp: 1 | 
2026-05-03 17:20:41,577 - INFO     - img2od: 0 | od2fr: 0 | od2lpr: 0 | od2cap: 0 | fr2kr: 0 | lpr2kr: 762 | cap2udp: 0 | kr2udp: 1 | 
2026-05-03 17:20:42,578 - INFO     - img2od: 0 | od2fr: 0 | od2lpr: 0 | od2cap: 0 | fr2kr: 0 | lpr2kr: 758 | cap2udp: 0 | kr2udp: 1 | 
2026-05-03 17:20:43,579 - INFO     - img2od: 0 | od2fr: 0 | od2lpr: 0 | od2cap: 0 | fr2kr: 0 | lpr2kr: 754 | cap2udp: 0 | kr2udp: 1 | 
2026-05-03 17:20:44,580 - INFO     - img2od: 0 | od2fr: 0 | od2lpr: 0 | od2cap: 0 | fr2kr: 0 | lpr2kr: 750 | cap2udp: 0 | kr2udp: 1 | 
2026-05-03 17:20:45,581 - INFO     - img2od: 0 | od2fr: 0 | od2lpr: 0 | od2cap: 0 | fr2kr: 0 | lpr2kr: 746 | cap2udp: 0 | kr2udp: 1 | 
2026-05-03 17:20:46,582 - INFO     - img2od: 0 | od2fr: 0 | od2lpr: 0 | od2cap: 0 | fr2kr: 0 | lpr2kr: 742 | cap2udp: 0 | kr2udp: 0 | 
2026-05-03 17:20:47,583 - INFO     - img2od: 0 | od2fr: 0 | od2lpr: 0 | od2cap: 0 | fr2kr: 0 | lpr2kr: 738 | cap2udp: 0 | kr2udp: 0 | 
2026-05-03 17:20:48,585 - INFO     - img2od: 0 | od2fr: 0 | od2lpr: 0 | od2cap: 0 | fr2kr: 0 | lpr2kr: 734 | cap2udp: 0 | kr2udp: 0 | 
2026-05-03 17:20:49,586 - INFO     - img2od: 0 | od2fr: 0 | od2lpr: 0 | od2cap: 0 | fr2kr: 0 | lpr2kr: 730 | cap2udp: 0 | kr2udp: 0 | 
2026-05-03 17:20:50,587 - INFO     - img2od: 0 | od2fr: 0 | od2lpr: 0 | od2cap: 0 | fr2kr: 0 | lpr2kr: 727 | cap2udp: 0 | kr2udp: 1 | 
2026-05-03 17:20:51,588 - INFO     - img2od: 0 | od2fr: 0 | od2lpr: 0 | od2cap: 0 | fr2kr: 0 | lpr2kr: 723 | cap2udp: 0 | kr2udp: 1 | 
2026-05-03 17:20:52,590 - INFO     - img2od: 0 | od2fr: 0 | od2lpr: 0 | od2cap: 0 | fr2kr: 0 | lpr2kr: 719 | cap2udp: 0 | kr2udp: 1 | 
2026-05-03 17:20:53,591 - INFO     - img2od: 0 | od2fr: 0 | od2lpr: 0 | od2cap: 0 | fr2kr: 0 | lpr2kr: 715 | cap2udp: 0 | kr2udp: 1 | 
2026-05-03 17:20:54,592 - INFO     - img2od: 0 | od2fr: 0 | od2lpr: 0 | od2cap: 0 | fr2kr: 0 | lpr2kr: 711 | cap2udp: 0 | kr2udp: 1 | 
2026-05-03 17:20:55,593 - INFO     - img2od: 0 | od2fr: 0 | od2lpr: 0 | od2cap: 0 | fr2kr: 0 | lpr2kr: 707 | cap2udp: 0 | kr2udp: 1 | 
2026-05-03 17:20:56,594 - INFO     - img2od: 0 | od2fr: 0 | od2lpr: 0 | od2cap: 0 | fr2kr: 0 | lpr2kr: 703 | cap2udp: 0 | kr2udp: 0 | 
2026-05-03 17:20:57,596 - INFO     - img2od: 0 | od2fr: 0 | od2lpr: 0 | od2cap: 0 | fr2kr: 0 | lpr2kr: 699 | cap2udp: 0 | kr2udp: 1 | 
2026-05-03 17:20:58,597 - INFO     - img2od: 0 | od2fr: 0 | od2lpr: 0 | od2cap: 0 | fr2kr: 0 | lpr2kr: 695 | cap2udp: 0 | kr2udp: 0 | 
2026-05-03 17:20:59,598 - INFO     - img2od: 0 | od2fr: 0 | od2lpr: 0 | od2cap: 0 | fr2kr: 0 | lpr2kr: 691 | cap2udp: 0 | kr2udp: 0 | 
2026-05-03 17:21:00,599 - INFO     - img2od: 0 | od2fr: 0 | od2lpr: 0 | od2cap: 0 | fr2kr: 0 | lpr2kr: 687 | cap2udp: 0 | kr2udp: 1 | 
2026-05-03 17:21:01,600 - INFO     - img2od: 0 | od2fr: 0 | od2lpr: 0 | od2cap: 0 | fr2kr: 0 | lpr2kr: 684 | cap2udp: 0 | kr2udp: 1 | 
2026-05-03 17:21:02,602 - INFO     - img2od: 0 | od2fr: 0 | od2lpr: 0 | od2cap: 0 | fr2kr: 0 | lpr2kr: 680 | cap2udp: 0 | kr2udp: 1 | 
2026-05-03 17:21:03,603 - INFO     - img2od: 0 | od2fr: 0 | od2lpr: 0 | od2cap: 0 | fr2kr: 0 | lpr2kr: 676 | cap2udp: 0 | kr2udp: 1 | 
2026-05-03 17:21:04,604 - INFO     - img2od: 0 | od2fr: 0 | od2lpr: 0 | od2cap: 0 | fr2kr: 0 | lpr2kr: 672 | cap2udp: 0 | kr2udp: 1 | 
2026-05-03 17:21:05,605 - INFO     - img2od: 0 | od2fr: 0 | od2lpr: 0 | od2cap: 0 | fr2kr: 0 | lpr2kr: 668 | cap2udp: 0 | kr2udp: 1 | 
2026-05-03 17:21:06,606 - INFO     - img2od: 0 | od2fr: 0 | od2lpr: 0 | od2cap: 0 | fr2kr: 0 | lpr2kr: 664 | cap2udp: 0 | kr2udp: 0 | 
2026-05-03 17:21:07,607 - INFO     - img2od: 0 | od2fr: 0 | od2lpr: 0 | od2cap: 0 | fr2kr: 0 | lpr2kr: 660 | cap2udp: 0 | kr2udp: 0 | 
2026-05-03 17:21:08,608 - INFO     - img2od: 0 | od2fr: 0 | od2lpr: 0 | od2cap: 0 | fr2kr: 0 | lpr2kr: 656 | cap2udp: 0 | kr2udp: 0 | 
2026-05-03 17:21:09,610 - INFO     - img2od: 0 | od2fr: 0 | od2lpr: 0 | od2cap: 0 | fr2kr: 0 | lpr2kr: 652 | cap2udp: 0 | kr2udp: 0 | 
2026-05-03 17:21:10,611 - INFO     - img2od: 0 | od2fr: 0 | od2lpr: 0 | od2cap: 0 | fr2kr: 0 | lpr2kr: 648 | cap2udp: 0 | kr2udp: 1 | 
2026-05-03 17:21:11,612 - INFO     - img2od: 0 | od2fr: 0 | od2lpr: 0 | od2cap: 0 | fr2kr: 0 | lpr2kr: 645 | cap2udp: 0 | kr2udp: 1 | 
2026-05-03 17:21:12,613 - INFO     - img2od: 0 | od2fr: 0 | od2lpr: 0 | od2cap: 0 | fr2kr: 0 | lpr2kr: 641 | cap2udp: 0 | kr2udp: 1 | 
2026-05-03 17:21:13,615 - INFO     - img2od: 0 | od2fr: 0 | od2lpr: 0 | od2cap: 0 | fr2kr: 0 | lpr2kr: 637 | cap2udp: 0 | kr2udp: 1 | 
2026-05-03 17:21:14,616 - INFO     - img2od: 0 | od2fr: 0 | od2lpr: 0 | od2cap: 0 | fr2kr: 0 | lpr2kr: 633 | cap2udp: 0 | kr2udp: 1 | 
2026-05-03 17:21:15,617 - INFO     - img2od: 0 | od2fr: 0 | od2lpr: 0 | od2cap: 0 | fr2kr: 0 | lpr2kr: 629 | cap2udp: 0 | kr2udp: 1 | 
2026-05-03 17:21:16,618 - INFO     - img2od: 0 | od2fr: 0 | od2lpr: 0 | od2cap: 0 | fr2kr: 0 | lpr2kr: 625 | cap2udp: 0 | kr2udp: 0 | 
2026-05-03 17:21:17,619 - INFO     - img2od: 0 | od2fr: 0 | od2lpr: 0 | od2cap: 0 | fr2kr: 0 | lpr2kr: 621 | cap2udp: 0 | kr2udp: 0 | 
2026-05-03 17:21:18,620 - INFO     - img2od: 0 | od2fr: 0 | od2lpr: 0 | od2cap: 0 | fr2kr: 0 | lpr2kr: 617 | cap2udp: 0 | kr2udp: 0 | 
2026-05-03 17:21:19,621 - INFO     - img2od: 0 | od2fr: 0 | od2lpr: 0 | od2cap: 0 | fr2kr: 0 | lpr2kr: 613 | cap2udp: 0 | kr2udp: 0 | 
2026-05-03 17:21:20,622 - INFO     - img2od: 0 | od2fr: 0 | od2lpr: 0 | od2cap: 0 | fr2kr: 0 | lpr2kr: 610 | cap2udp: 0 | kr2udp: 1 | 
2026-05-03 17:21:21,624 - INFO     - img2od: 0 | od2fr: 0 | od2lpr: 0 | od2cap: 0 | fr2kr: 0 | lpr2kr: 607 | cap2udp: 0 | kr2udp: 1 | 
2026-05-03 17:21:22,625 - INFO     - img2od: 0 | od2fr: 0 | od2lpr: 0 | od2cap: 0 | fr2kr: 0 | lpr2kr: 603 | cap2udp: 0 | kr2udp: 0 | 
2026-05-03 17:21:23,626 - INFO     - img2od: 0 | od2fr: 0 | od2lpr: 0 | od2cap: 0 | fr2kr: 0 | lpr2kr: 600 | cap2udp: 0 | kr2udp: 1 | 
2026-05-03 17:21:24,627 - INFO     - img2od: 0 | od2fr: 0 | od2lpr: 0 | od2cap: 0 | fr2kr: 0 | lpr2kr: 597 | cap2udp: 0 | kr2udp: 1 | 
2026-05-03 17:21:25,629 - INFO     - img2od: 0 | od2fr: 0 | od2lpr: 0 | od2cap: 0 | fr2kr: 0 | lpr2kr: 593 | cap2udp: 0 | kr2udp: 0 | 
2026-05-03 17:21:26,630 - INFO     - img2od: 0 | od2fr: 0 | od2lpr: 0 | od2cap: 0 | fr2kr: 0 | lpr2kr: 590 | cap2udp: 0 | kr2udp: 1 | 
2026-05-03 17:21:27,631 - INFO     - img2od: 0 | od2fr: 0 | od2lpr: 0 | od2cap: 0 | fr2kr: 0 | lpr2kr: 587 | cap2udp: 0 | kr2udp: 1 | 
2026-05-03 17:21:28,632 - INFO     - img2od: 0 | od2fr: 0 | od2lpr: 0 | od2cap: 0 | fr2kr: 0 | lpr2kr: 583 | cap2udp: 0 | kr2udp: 0 | 
2026-05-03 17:21:29,634 - INFO     - img2od: 0 | od2fr: 0 | od2lpr: 0 | od2cap: 0 | fr2kr: 0 | lpr2kr: 580 | cap2udp: 0 | kr2udp: 1 | 
2026-05-03 17:21:30,635 - INFO     - img2od: 0 | od2fr: 0 | od2lpr: 0 | od2cap: 0 | fr2kr: 0 | lpr2kr: 576 | cap2udp: 0 | kr2udp: 0 | 
2026-05-03 17:21:31,636 - INFO     - img2od: 0 | od2fr: 0 | od2lpr: 0 | od2cap: 0 | fr2kr: 0 | lpr2kr: 573 | cap2udp: 0 | kr2udp: 0 | 
2026-05-03 17:21:32,637 - INFO     - img2od: 0 | od2fr: 0 | od2lpr: 0 | od2cap: 0 | fr2kr: 0 | lpr2kr: 570 | cap2udp: 0 | kr2udp: 1 | 
2026-05-03 17:21:33,638 - INFO     - img2od: 0 | od2fr: 0 | od2lpr: 0 | od2cap: 0 | fr2kr: 0 | lpr2kr: 566 | cap2udp: 0 | kr2udp: 0 | 
2026-05-03 17:21:34,639 - INFO     - img2od: 0 | od2fr: 0 | od2lpr: 0 | od2cap: 0 | fr2kr: 0 | lpr2kr: 563 | cap2udp: 0 | kr2udp: 0 | 
2026-05-03 17:21:35,640 - INFO     - img2od: 0 | od2fr: 0 | od2lpr: 0 | od2cap: 0 | fr2kr: 0 | lpr2kr: 560 | cap2udp: 0 | kr2udp: 1 | 
2026-05-03 17:21:36,641 - INFO     - img2od: 0 | od2fr: 0 | od2lpr: 0 | od2cap: 0 | fr2kr: 0 | lpr2kr: 556 | cap2udp: 0 | kr2udp: 0 | 
2026-05-03 17:21:37,642 - INFO     - img2od: 0 | od2fr: 0 | od2lpr: 0 | od2cap: 0 | fr2kr: 0 | lpr2kr: 552 | cap2udp: 0 | kr2udp: 1 | 
2026-05-03 17:21:38,643 - INFO     - img2od: 0 | od2fr: 0 | od2lpr: 0 | od2cap: 0 | fr2kr: 0 | lpr2kr: 548 | cap2udp: 0 | kr2udp: 1 | 
2026-05-03 17:21:39,645 - INFO     - img2od: 0 | od2fr: 0 | od2lpr: 0 | od2cap: 0 | fr2kr: 0 | lpr2kr: 543 | cap2udp: 0 | kr2udp: 1 | 
2026-05-03 17:21:40,646 - INFO     - img2od: 0 | od2fr: 0 | od2lpr: 0 | od2cap: 0 | fr2kr: 0 | lpr2kr: 539 | cap2udp: 0 | kr2udp: 1 | 
2026-05-03 17:21:41,647 - INFO     - img2od: 0 | od2fr: 0 | od2lpr: 0 | od2cap: 0 | fr2kr: 0 | lpr2kr: 535 | cap2udp: 0 | kr2udp: 1 | 
2026-05-03 17:21:42,648 - INFO     - img2od: 0 | od2fr: 0 | od2lpr: 0 | od2cap: 0 | fr2kr: 0 | lpr2kr: 530 | cap2udp: 0 | kr2udp: 1 | 
2026-05-03 17:21:43,650 - INFO     - img2od: 0 | od2fr: 0 | od2lpr: 0 | od2cap: 0 | fr2kr: 0 | lpr2kr: 526 | cap2udp: 0 | kr2udp: 1 | 
2026-05-03 17:21:44,651 - INFO     - img2od: 0 | od2fr: 0 | od2lpr: 0 | od2cap: 0 | fr2kr: 0 | lpr2kr: 521 | cap2udp: 0 | kr2udp: 1 | 
2026-05-03 17:21:45,652 - INFO     - img2od: 0 | od2fr: 0 | od2lpr: 0 | od2cap: 0 | fr2kr: 0 | lpr2kr: 517 | cap2udp: 0 | kr2udp: 0 | 
2026-05-03 17:21:46,653 - INFO     - img2od: 0 | od2fr: 0 | od2lpr: 0 | od2cap: 0 | fr2kr: 0 | lpr2kr: 513 | cap2udp: 0 | kr2udp: 1 | 
2026-05-03 17:21:47,655 - INFO     - img2od: 0 | od2fr: 0 | od2lpr: 0 | od2cap: 0 | fr2kr: 0 | lpr2kr: 508 | cap2udp: 0 | kr2udp: 1 | 
2026-05-03 17:21:48,656 - INFO     - img2od: 0 | od2fr: 0 | od2lpr: 0 | od2cap: 0 | fr2kr: 0 | lpr2kr: 504 | cap2udp: 0 | kr2udp: 1 | 
2026-05-03 17:21:49,657 - INFO     - img2od: 0 | od2fr: 0 | od2lpr: 0 | od2cap: 0 | fr2kr: 0 | lpr2kr: 500 | cap2udp: 0 | kr2udp: 1 | 
2026-05-03 17:21:50,658 - INFO     - img2od: 0 | od2fr: 0 | od2lpr: 0 | od2cap: 0 | fr2kr: 0 | lpr2kr: 495 | cap2udp: 0 | kr2udp: 1 | 
2026-05-03 17:21:51,660 - INFO     - img2od: 0 | od2fr: 0 | od2lpr: 0 | od2cap: 0 | fr2kr: 0 | lpr2kr: 491 | cap2udp: 0 | kr2udp: 1 | 
2026-05-03 17:21:52,661 - INFO     - img2od: 0 | od2fr: 0 | od2lpr: 0 | od2cap: 0 | fr2kr: 0 | lpr2kr: 486 | cap2udp: 0 | kr2udp: 1 | 
2026-05-03 17:21:53,662 - INFO     - img2od: 0 | od2fr: 0 | od2lpr: 0 | od2cap: 0 | fr2kr: 0 | lpr2kr: 482 | cap2udp: 0 | kr2udp: 0 | 
2026-05-03 17:21:54,663 - INFO     - img2od: 0 | od2fr: 0 | od2lpr: 0 | od2cap: 0 | fr2kr: 0 | lpr2kr: 478 | cap2udp: 0 | kr2udp: 1 | 
2026-05-03 17:21:55,664 - INFO     - img2od: 0 | od2fr: 0 | od2lpr: 0 | od2cap: 0 | fr2kr: 0 | lpr2kr: 473 | cap2udp: 0 | kr2udp: 1 | 
2026-05-03 17:21:56,665 - INFO     - img2od: 0 | od2fr: 0 | od2lpr: 0 | od2cap: 0 | fr2kr: 0 | lpr2kr: 469 | cap2udp: 0 | kr2udp: 1 | 
2026-05-03 17:21:57,667 - INFO     - img2od: 0 | od2fr: 0 | od2lpr: 0 | od2cap: 0 | fr2kr: 0 | lpr2kr: 465 | cap2udp: 0 | kr2udp: 1 | 
2026-05-03 17:21:58,668 - INFO     - img2od: 0 | od2fr: 0 | od2lpr: 0 | od2cap: 0 | fr2kr: 0 | lpr2kr: 460 | cap2udp: 0 | kr2udp: 1 | 
2026-05-03 17:21:59,669 - INFO     - img2od: 0 | od2fr: 0 | od2lpr: 0 | od2cap: 0 | fr2kr: 0 | lpr2kr: 456 | cap2udp: 0 | kr2udp: 1 | 
2026-05-03 17:22:00,670 - INFO     - img2od: 0 | od2fr: 0 | od2lpr: 0 | od2cap: 0 | fr2kr: 0 | lpr2kr: 451 | cap2udp: 0 | kr2udp: 1 | 
2026-05-03 17:22:01,672 - INFO     - img2od: 0 | od2fr: 0 | od2lpr: 0 | od2cap: 0 | fr2kr: 0 | lpr2kr: 447 | cap2udp: 0 | kr2udp: 1 | 
2026-05-03 17:22:02,673 - INFO     - img2od: 0 | od2fr: 0 | od2lpr: 0 | od2cap: 0 | fr2kr: 0 | lpr2kr: 443 | cap2udp: 0 | kr2udp: 1 | 
2026-05-03 17:22:03,674 - INFO     - img2od: 0 | od2fr: 0 | od2lpr: 0 | od2cap: 0 | fr2kr: 0 | lpr2kr: 438 | cap2udp: 0 | kr2udp: 1 | 
2026-05-03 17:22:04,675 - INFO     - img2od: 0 | od2fr: 0 | od2lpr: 0 | od2cap: 0 | fr2kr: 0 | lpr2kr: 434 | cap2udp: 0 | kr2udp: 1 | 
2026-05-03 17:22:05,677 - INFO     - img2od: 0 | od2fr: 0 | od2lpr: 0 | od2cap: 0 | fr2kr: 0 | lpr2kr: 430 | cap2udp: 0 | kr2udp: 1 | 
2026-05-03 17:22:06,678 - INFO     - img2od: 0 | od2fr: 0 | od2lpr: 0 | od2cap: 0 | fr2kr: 0 | lpr2kr: 425 | cap2udp: 0 | kr2udp: 1 | 
2026-05-03 17:22:07,679 - INFO     - img2od: 0 | od2fr: 0 | od2lpr: 0 | od2cap: 0 | fr2kr: 0 | lpr2kr: 421 | cap2udp: 0 | kr2udp: 1 | 
2026-05-03 17:22:08,680 - INFO     - img2od: 0 | od2fr: 0 | od2lpr: 0 | od2cap: 0 | fr2kr: 0 | lpr2kr: 417 | cap2udp: 0 | kr2udp: 1 | 
2026-05-03 17:22:09,681 - INFO     - img2od: 0 | od2fr: 0 | od2lpr: 0 | od2cap: 0 | fr2kr: 0 | lpr2kr: 412 | cap2udp: 0 | kr2udp: 1 | 
2026-05-03 17:22:10,682 - INFO     - img2od: 0 | od2fr: 0 | od2lpr: 0 | od2cap: 0 | fr2kr: 0 | lpr2kr: 408 | cap2udp: 0 | kr2udp: 1 | 
2026-05-03 17:22:11,684 - INFO     - img2od: 0 | od2fr: 0 | od2lpr: 0 | od2cap: 0 | fr2kr: 0 | lpr2kr: 403 | cap2udp: 0 | kr2udp: 1 | 
2026-05-03 17:22:12,685 - INFO     - img2od: 0 | od2fr: 0 | od2lpr: 0 | od2cap: 0 | fr2kr: 0 | lpr2kr: 399 | cap2udp: 0 | kr2udp: 0 | 
2026-05-03 17:22:13,686 - INFO     - img2od: 0 | od2fr: 0 | od2lpr: 0 | od2cap: 0 | fr2kr: 0 | lpr2kr: 395 | cap2udp: 0 | kr2udp: 1 | 
2026-05-03 17:22:14,687 - INFO     - img2od: 0 | od2fr: 0 | od2lpr: 0 | od2cap: 0 | fr2kr: 0 | lpr2kr: 390 | cap2udp: 0 | kr2udp: 1 | 
2026-05-03 17:22:15,689 - INFO     - img2od: 0 | od2fr: 0 | od2lpr: 0 | od2cap: 0 | fr2kr: 0 | lpr2kr: 386 | cap2udp: 0 | kr2udp: 1 | 
2026-05-03 17:22:16,690 - INFO     - img2od: 0 | od2fr: 0 | od2lpr: 0 | od2cap: 0 | fr2kr: 0 | lpr2kr: 382 | cap2udp: 0 | kr2udp: 1 | 
2026-05-03 17:22:17,691 - INFO     - img2od: 0 | od2fr: 0 | od2lpr: 0 | od2cap: 0 | fr2kr: 0 | lpr2kr: 377 | cap2udp: 0 | kr2udp: 0 | 
2026-05-03 17:22:18,692 - INFO     - img2od: 0 | od2fr: 0 | od2lpr: 0 | od2cap: 0 | fr2kr: 0 | lpr2kr: 373 | cap2udp: 0 | kr2udp: 1 | 
2026-05-03 17:22:19,693 - INFO     - img2od: 0 | od2fr: 0 | od2lpr: 0 | od2cap: 0 | fr2kr: 0 | lpr2kr: 368 | cap2udp: 0 | kr2udp: 0 | 
2026-05-03 17:22:20,695 - INFO     - img2od: 0 | od2fr: 0 | od2lpr: 0 | od2cap: 0 | fr2kr: 0 | lpr2kr: 364 | cap2udp: 0 | kr2udp: 1 | 
2026-05-03 17:22:21,696 - INFO     - img2od: 0 | od2fr: 0 | od2lpr: 0 | od2cap: 0 | fr2kr: 0 | lpr2kr: 360 | cap2udp: 0 | kr2udp: 1 | 
2026-05-03 17:22:22,697 - INFO     - img2od: 0 | od2fr: 0 | od2lpr: 0 | od2cap: 0 | fr2kr: 0 | lpr2kr: 355 | cap2udp: 0 | kr2udp: 0 | 
2026-05-03 17:22:23,698 - INFO     - img2od: 0 | od2fr: 0 | od2lpr: 0 | od2cap: 0 | fr2kr: 0 | lpr2kr: 351 | cap2udp: 0 | kr2udp: 1 | 
2026-05-03 17:22:24,700 - INFO     - img2od: 0 | od2fr: 0 | od2lpr: 0 | od2cap: 0 | fr2kr: 0 | lpr2kr: 347 | cap2udp: 0 | kr2udp: 1 | 
2026-05-03 17:22:25,701 - INFO     - img2od: 0 | od2fr: 0 | od2lpr: 0 | od2cap: 0 | fr2kr: 0 | lpr2kr: 342 | cap2udp: 0 | kr2udp: 0 | 
2026-05-03 17:22:26,702 - INFO     - img2od: 0 | od2fr: 0 | od2lpr: 0 | od2cap: 0 | fr2kr: 0 | lpr2kr: 338 | cap2udp: 0 | kr2udp: 1 | 
2026-05-03 17:22:27,703 - INFO     - img2od: 0 | od2fr: 0 | od2lpr: 0 | od2cap: 0 | fr2kr: 0 | lpr2kr: 333 | cap2udp: 0 | kr2udp: 1 | 
2026-05-03 17:22:28,704 - INFO     - img2od: 0 | od2fr: 0 | od2lpr: 0 | od2cap: 0 | fr2kr: 0 | lpr2kr: 329 | cap2udp: 0 | kr2udp: 0 | 
2026-05-03 17:22:29,705 - INFO     - img2od: 0 | od2fr: 0 | od2lpr: 0 | od2cap: 0 | fr2kr: 0 | lpr2kr: 325 | cap2udp: 0 | kr2udp: 1 | 
2026-05-03 17:22:30,706 - INFO     - img2od: 0 | od2fr: 0 | od2lpr: 0 | od2cap: 0 | fr2kr: 0 | lpr2kr: 320 | cap2udp: 0 | kr2udp: 0 | 
2026-05-03 17:22:31,707 - INFO     - img2od: 0 | od2fr: 0 | od2lpr: 0 | od2cap: 0 | fr2kr: 0 | lpr2kr: 316 | cap2udp: 0 | kr2udp: 1 | 
2026-05-03 17:22:32,709 - INFO     - img2od: 0 | od2fr: 0 | od2lpr: 0 | od2cap: 0 | fr2kr: 0 | lpr2kr: 312 | cap2udp: 0 | kr2udp: 1 | 
2026-05-03 17:22:33,710 - INFO     - img2od: 0 | od2fr: 0 | od2lpr: 0 | od2cap: 0 | fr2kr: 0 | lpr2kr: 307 | cap2udp: 0 | kr2udp: 0 | 
2026-05-03 17:22:34,711 - INFO     - img2od: 0 | od2fr: 0 | od2lpr: 0 | od2cap: 0 | fr2kr: 0 | lpr2kr: 303 | cap2udp: 0 | kr2udp: 1 | 
2026-05-03 17:22:35,712 - INFO     - img2od: 0 | od2fr: 0 | od2lpr: 0 | od2cap: 0 | fr2kr: 0 | lpr2kr: 298 | cap2udp: 0 | kr2udp: 1 | 
2026-05-03 17:22:36,714 - INFO     - img2od: 0 | od2fr: 0 | od2lpr: 0 | od2cap: 0 | fr2kr: 0 | lpr2kr: 294 | cap2udp: 0 | kr2udp: 1 | 
2026-05-03 17:22:37,715 - INFO     - img2od: 0 | od2fr: 0 | od2lpr: 0 | od2cap: 0 | fr2kr: 0 | lpr2kr: 290 | cap2udp: 0 | kr2udp: 1 | 
2026-05-03 17:22:38,716 - INFO     - img2od: 0 | od2fr: 0 | od2lpr: 0 | od2cap: 0 | fr2kr: 0 | lpr2kr: 285 | cap2udp: 0 | kr2udp: 0 | 
2026-05-03 17:22:39,717 - INFO     - img2od: 0 | od2fr: 0 | od2lpr: 0 | od2cap: 0 | fr2kr: 0 | lpr2kr: 281 | cap2udp: 0 | kr2udp: 1 | 
2026-05-03 17:22:40,718 - INFO     - img2od: 0 | od2fr: 0 | od2lpr: 0 | od2cap: 0 | fr2kr: 0 | lpr2kr: 276 | cap2udp: 0 | kr2udp: 1 | 
2026-05-03 17:22:41,720 - INFO     - img2od: 0 | od2fr: 0 | od2lpr: 0 | od2cap: 0 | fr2kr: 0 | lpr2kr: 272 | cap2udp: 0 | kr2udp: 0 | 
2026-05-03 17:22:42,721 - INFO     - img2od: 0 | od2fr: 0 | od2lpr: 0 | od2cap: 0 | fr2kr: 0 | lpr2kr: 268 | cap2udp: 0 | kr2udp: 1 | 
2026-05-03 17:22:43,722 - INFO     - img2od: 0 | od2fr: 0 | od2lpr: 0 | od2cap: 0 | fr2kr: 0 | lpr2kr: 263 | cap2udp: 0 | kr2udp: 0 | 
2026-05-03 17:22:44,723 - INFO     - img2od: 0 | od2fr: 0 | od2lpr: 0 | od2cap: 0 | fr2kr: 0 | lpr2kr: 259 | cap2udp: 0 | kr2udp: 1 | 
2026-05-03 17:22:45,725 - INFO     - img2od: 0 | od2fr: 0 | od2lpr: 0 | od2cap: 0 | fr2kr: 0 | lpr2kr: 255 | cap2udp: 0 | kr2udp: 1 | 
2026-05-03 17:22:46,726 - INFO     - img2od: 0 | od2fr: 0 | od2lpr: 0 | od2cap: 0 | fr2kr: 0 | lpr2kr: 250 | cap2udp: 0 | kr2udp: 0 | 
2026-05-03 17:22:47,727 - INFO     - img2od: 0 | od2fr: 0 | od2lpr: 0 | od2cap: 0 | fr2kr: 0 | lpr2kr: 246 | cap2udp: 0 | kr2udp: 1 | 
2026-05-03 17:22:48,728 - INFO     - img2od: 0 | od2fr: 0 | od2lpr: 0 | od2cap: 0 | fr2kr: 0 | lpr2kr: 241 | cap2udp: 0 | kr2udp: 0 | 
2026-05-03 17:22:49,730 - INFO     - img2od: 0 | od2fr: 0 | od2lpr: 0 | od2cap: 0 | fr2kr: 0 | lpr2kr: 237 | cap2udp: 0 | kr2udp: 1 | 
2026-05-03 17:22:50,731 - INFO     - img2od: 0 | od2fr: 0 | od2lpr: 0 | od2cap: 0 | fr2kr: 0 | lpr2kr: 233 | cap2udp: 0 | kr2udp: 1 | 
2026-05-03 17:22:51,732 - INFO     - img2od: 0 | od2fr: 0 | od2lpr: 0 | od2cap: 0 | fr2kr: 0 | lpr2kr: 228 | cap2udp: 0 | kr2udp: 0 | 
2026-05-03 17:22:52,733 - INFO     - img2od: 0 | od2fr: 0 | od2lpr: 0 | od2cap: 0 | fr2kr: 0 | lpr2kr: 224 | cap2udp: 0 | kr2udp: 1 | 
2026-05-03 17:22:53,734 - INFO     - img2od: 0 | od2fr: 0 | od2lpr: 0 | od2cap: 0 | fr2kr: 0 | lpr2kr: 219 | cap2udp: 0 | kr2udp: 1 | 
2026-05-03 17:22:54,736 - INFO     - img2od: 0 | od2fr: 0 | od2lpr: 0 | od2cap: 0 | fr2kr: 0 | lpr2kr: 215 | cap2udp: 0 | kr2udp: 0 | 
2026-05-03 17:22:55,737 - INFO     - img2od: 0 | od2fr: 0 | od2lpr: 0 | od2cap: 0 | fr2kr: 0 | lpr2kr: 211 | cap2udp: 0 | kr2udp: 1 | 
2026-05-03 17:22:56,738 - INFO     - img2od: 0 | od2fr: 0 | od2lpr: 0 | od2cap: 0 | fr2kr: 0 | lpr2kr: 206 | cap2udp: 0 | kr2udp: 1 | 
2026-05-03 17:22:57,739 - INFO     - img2od: 0 | od2fr: 0 | od2lpr: 0 | od2cap: 0 | fr2kr: 0 | lpr2kr: 202 | cap2udp: 0 | kr2udp: 1 | 
2026-05-03 17:22:58,741 - INFO     - img2od: 0 | od2fr: 0 | od2lpr: 0 | od2cap: 0 | fr2kr: 0 | lpr2kr: 197 | cap2udp: 0 | kr2udp: 0 | 
2026-05-03 17:22:59,742 - INFO     - img2od: 0 | od2fr: 0 | od2lpr: 0 | od2cap: 0 | fr2kr: 0 | lpr2kr: 193 | cap2udp: 0 | kr2udp: 1 | 
2026-05-03 17:23:00,743 - INFO     - img2od: 0 | od2fr: 0 | od2lpr: 0 | od2cap: 0 | fr2kr: 0 | lpr2kr: 189 | cap2udp: 0 | kr2udp: 1 | 
2026-05-03 17:23:01,744 - INFO     - img2od: 0 | od2fr: 0 | od2lpr: 0 | od2cap: 0 | fr2kr: 0 | lpr2kr: 184 | cap2udp: 0 | kr2udp: 0 | 
2026-05-03 17:23:02,746 - INFO     - img2od: 0 | od2fr: 0 | od2lpr: 0 | od2cap: 0 | fr2kr: 0 | lpr2kr: 180 | cap2udp: 0 | kr2udp: 1 | 
2026-05-03 17:23:03,747 - INFO     - img2od: 0 | od2fr: 0 | od2lpr: 0 | od2cap: 0 | fr2kr: 0 | lpr2kr: 175 | cap2udp: 0 | kr2udp: 1 | 
2026-05-03 17:23:04,748 - INFO     - img2od: 0 | od2fr: 0 | od2lpr: 0 | od2cap: 0 | fr2kr: 0 | lpr2kr: 171 | cap2udp: 0 | kr2udp: 1 | 
2026-05-03 17:23:05,749 - INFO     - img2od: 0 | od2fr: 0 | od2lpr: 0 | od2cap: 0 | fr2kr: 0 | lpr2kr: 167 | cap2udp: 0 | kr2udp: 1 | 
2026-05-03 17:23:06,750 - INFO     - img2od: 0 | od2fr: 0 | od2lpr: 0 | od2cap: 0 | fr2kr: 0 | lpr2kr: 162 | cap2udp: 0 | kr2udp: 0 | 
2026-05-03 17:23:07,752 - INFO     - img2od: 0 | od2fr: 0 | od2lpr: 0 | od2cap: 0 | fr2kr: 0 | lpr2kr: 158 | cap2udp: 0 | kr2udp: 1 | 
2026-05-03 17:23:08,753 - INFO     - img2od: 0 | od2fr: 0 | od2lpr: 0 | od2cap: 0 | fr2kr: 0 | lpr2kr: 153 | cap2udp: 0 | kr2udp: 1 | 
2026-05-03 17:23:09,754 - INFO     - img2od: 0 | od2fr: 0 | od2lpr: 0 | od2cap: 0 | fr2kr: 0 | lpr2kr: 149 | cap2udp: 0 | kr2udp: 0 | 
2026-05-03 17:23:10,755 - INFO     - img2od: 0 | od2fr: 0 | od2lpr: 0 | od2cap: 0 | fr2kr: 0 | lpr2kr: 145 | cap2udp: 0 | kr2udp: 1 | 
2026-05-03 17:23:11,757 - INFO     - img2od: 0 | od2fr: 0 | od2lpr: 0 | od2cap: 0 | fr2kr: 0 | lpr2kr: 140 | cap2udp: 0 | kr2udp: 0 | 
2026-05-03 17:23:12,758 - INFO     - img2od: 0 | od2fr: 0 | od2lpr: 0 | od2cap: 0 | fr2kr: 0 | lpr2kr: 136 | cap2udp: 0 | kr2udp: 1 | 
2026-05-03 17:23:13,759 - INFO     - img2od: 0 | od2fr: 0 | od2lpr: 0 | od2cap: 0 | fr2kr: 0 | lpr2kr: 131 | cap2udp: 0 | kr2udp: 0 | 
2026-05-03 17:23:14,760 - INFO     - img2od: 0 | od2fr: 0 | od2lpr: 0 | od2cap: 0 | fr2kr: 0 | lpr2kr: 127 | cap2udp: 0 | kr2udp: 0 | 
2026-05-03 17:23:15,762 - INFO     - img2od: 0 | od2fr: 0 | od2lpr: 0 | od2cap: 0 | fr2kr: 0 | lpr2kr: 123 | cap2udp: 0 | kr2udp: 1 | 
2026-05-03 17:23:16,763 - INFO     - img2od: 0 | od2fr: 0 | od2lpr: 0 | od2cap: 0 | fr2kr: 0 | lpr2kr: 118 | cap2udp: 0 | kr2udp: 0 | 
2026-05-03 17:23:17,764 - INFO     - img2od: 0 | od2fr: 0 | od2lpr: 0 | od2cap: 0 | fr2kr: 0 | lpr2kr: 114 | cap2udp: 0 | kr2udp: 1 | 
2026-05-03 17:23:18,765 - INFO     - img2od: 0 | od2fr: 0 | od2lpr: 0 | od2cap: 0 | fr2kr: 0 | lpr2kr: 110 | cap2udp: 0 | kr2udp: 1 | 
2026-05-03 17:23:19,766 - INFO     - img2od: 0 | od2fr: 0 | od2lpr: 0 | od2cap: 0 | fr2kr: 0 | lpr2kr: 105 | cap2udp: 0 | kr2udp: 0 | 
2026-05-03 17:23:20,768 - INFO     - img2od: 0 | od2fr: 0 | od2lpr: 0 | od2cap: 0 | fr2kr: 0 | lpr2kr: 101 | cap2udp: 0 | kr2udp: 1 | 
2026-05-03 17:23:21,769 - INFO     - img2od: 0 | od2fr: 0 | od2lpr: 0 | od2cap: 0 | fr2kr: 0 | lpr2kr: 96 | cap2udp: 0 | kr2udp: 1 | 
2026-05-03 17:23:22,770 - INFO     - img2od: 0 | od2fr: 0 | od2lpr: 0 | od2cap: 0 | fr2kr: 0 | lpr2kr: 92 | cap2udp: 0 | kr2udp: 1 | 
2026-05-03 17:23:23,771 - INFO     - img2od: 0 | od2fr: 0 | od2lpr: 0 | od2cap: 0 | fr2kr: 0 | lpr2kr: 88 | cap2udp: 0 | kr2udp: 1 | 
2026-05-03 17:23:24,773 - INFO     - img2od: 0 | od2fr: 0 | od2lpr: 0 | od2cap: 0 | fr2kr: 0 | lpr2kr: 83 | cap2udp: 0 | kr2udp: 0 | 
2026-05-03 17:23:25,774 - INFO     - img2od: 0 | od2fr: 0 | od2lpr: 0 | od2cap: 0 | fr2kr: 0 | lpr2kr: 79 | cap2udp: 0 | kr2udp: 1 | 
2026-05-03 17:23:26,775 - INFO     - img2od: 0 | od2fr: 0 | od2lpr: 0 | od2cap: 0 | fr2kr: 0 | lpr2kr: 74 | cap2udp: 0 | kr2udp: 0 | 
2026-05-03 17:23:27,776 - INFO     - img2od: 0 | od2fr: 0 | od2lpr: 0 | od2cap: 0 | fr2kr: 0 | lpr2kr: 70 | cap2udp: 0 | kr2udp: 1 | 
2026-05-03 17:23:28,777 - INFO     - img2od: 0 | od2fr: 0 | od2lpr: 0 | od2cap: 0 | fr2kr: 0 | lpr2kr: 66 | cap2udp: 0 | kr2udp: 1 | 
2026-05-03 17:23:29,779 - INFO     - img2od: 0 | od2fr: 0 | od2lpr: 0 | od2cap: 0 | fr2kr: 0 | lpr2kr: 61 | cap2udp: 0 | kr2udp: 0 | 
2026-05-03 17:23:30,780 - INFO     - img2od: 0 | od2fr: 0 | od2lpr: 0 | od2cap: 0 | fr2kr: 0 | lpr2kr: 57 | cap2udp: 0 | kr2udp: 1 | 
2026-05-03 17:23:31,781 - INFO     - img2od: 0 | od2fr: 0 | od2lpr: 0 | od2cap: 0 | fr2kr: 0 | lpr2kr: 53 | cap2udp: 0 | kr2udp: 1 | 
2026-05-03 17:23:32,782 - INFO     - img2od: 0 | od2fr: 0 | od2lpr: 0 | od2cap: 0 | fr2kr: 0 | lpr2kr: 48 | cap2udp: 0 | kr2udp: 0 | 
2026-05-03 17:23:33,784 - INFO     - img2od: 0 | od2fr: 0 | od2lpr: 0 | od2cap: 0 | fr2kr: 0 | lpr2kr: 44 | cap2udp: 0 | kr2udp: 1 | 
2026-05-03 17:23:34,785 - INFO     - img2od: 0 | od2fr: 0 | od2lpr: 0 | od2cap: 0 | fr2kr: 0 | lpr2kr: 39 | cap2udp: 0 | kr2udp: 1 | 
2026-05-03 17:23:35,786 - INFO     - img2od: 0 | od2fr: 0 | od2lpr: 0 | od2cap: 0 | fr2kr: 0 | lpr2kr: 35 | cap2udp: 0 | kr2udp: 1 | 
2026-05-03 17:23:36,787 - INFO     - img2od: 0 | od2fr: 0 | od2lpr: 0 | od2cap: 0 | fr2kr: 0 | lpr2kr: 30 | cap2udp: 0 | kr2udp: 1 | 
2026-05-03 17:23:37,788 - INFO     - img2od: 0 | od2fr: 0 | od2lpr: 0 | od2cap: 0 | fr2kr: 0 | lpr2kr: 26 | cap2udp: 0 | kr2udp: 0 | 
2026-05-03 17:23:38,790 - INFO     - img2od: 0 | od2fr: 0 | od2lpr: 0 | od2cap: 0 | fr2kr: 0 | lpr2kr: 22 | cap2udp: 0 | kr2udp: 1 | 
2026-05-03 17:23:39,791 - INFO     - img2od: 0 | od2fr: 0 | od2lpr: 0 | od2cap: 0 | fr2kr: 0 | lpr2kr: 17 | cap2udp: 0 | kr2udp: 0 | 
2026-05-03 17:23:40,792 - INFO     - img2od: 0 | od2fr: 0 | od2lpr: 0 | od2cap: 0 | fr2kr: 0 | lpr2kr: 13 | cap2udp: 0 | kr2udp: 1 | 
2026-05-03 17:23:41,793 - INFO     - img2od: 0 | od2fr: 0 | od2lpr: 0 | od2cap: 0 | fr2kr: 0 | lpr2kr: 9 | cap2udp: 0 | kr2udp: 1 | 
2026-05-03 17:23:42,795 - INFO     - img2od: 0 | od2fr: 0 | od2lpr: 0 | od2cap: 0 | fr2kr: 0 | lpr2kr: 4 | cap2udp: 0 | kr2udp: 0 | 
2026-05-03 17:23:43,632 - INFO     - krStream     : Received end signal from LPR
2026-05-03 17:23:43,744 - INFO     - krStream     : Received BOTH END signal, shutting down
2026-05-03 17:23:43,796 - INFO     - img2od: 0 | od2fr: 0 | od2lpr: 0 | od2cap: 0 | fr2kr: 0 | lpr2kr: 0 | cap2udp: 0 | kr2udp: 1 | 
2026-05-03 17:23:43,828 - INFO     - udpStream    : Received end signal from KR
2026-05-03 17:23:43,896 - INFO     - krStream     : shutdown successful
2026-05-03 17:23:43,945 - INFO     - udpStream    : Received BOTH END signal, shutting down
2026-05-03 17:23:44,300 - INFO     - udpStream    : shutdown successful
2026-05-03 17:23:44,797 - INFO     - img2od: 0 | od2fr: 0 | od2lpr: 0 | od2cap: 0 | fr2kr: 0 | lpr2kr: 0 | cap2udp: 0 | kr2udp: 0 | 
2026-05-03 17:23:45,798 - INFO     - img2od: 0 | od2fr: 0 | od2lpr: 0 | od2cap: 0 | fr2kr: 0 | lpr2kr: 0 | cap2udp: 0 | kr2udp: 0 | 
2026-05-03 17:23:46,799 - INFO     - img2od: 0 | od2fr: 0 | od2lpr: 0 | od2cap: 0 | fr2kr: 0 | lpr2kr: 0 | cap2udp: 0 | kr2udp: 0 | 
2026-05-03 17:23:47,801 - INFO     - img2od: 0 | od2fr: 0 | od2lpr: 0 | od2cap: 0 | fr2kr: 0 | lpr2kr: 0 | cap2udp: 0 | kr2udp: 0 | 
2026-05-03 17:23:48,802 - INFO     - img2od: 0 | od2fr: 0 | od2lpr: 0 | od2cap: 0 | fr2kr: 0 | lpr2kr: 0 | cap2udp: 0 | kr2udp: 0 | 
2026-05-03 17:23:49,803 - INFO     - img2od: 0 | od2fr: 0 | od2lpr: 0 | od2cap: 0 | fr2kr: 0 | lpr2kr: 0 | cap2udp: 0 | kr2udp: 0 | 
2026-05-03 17:23:50,804 - INFO     - All queues empty, job done
2026-05-03 17:23:50,815 - INFO     - Queue logs written to ./profile_exp/mix/r0.05/no_defense/seed2/QUEUEWATCH.json
2026-05-03 17:23:51,414 - INFO     - Reach FINALLY block in MAIN process
2026-05-03 17:23:51,415 - INFO     - Starting cleanup of 7 processes.
2026-05-03 17:23:51,415 - INFO     - Draining and closing 8 queues.
2026-05-03 17:23:51,415 - INFO     - Starting cleanup for queue 0, queue size: 0.
2026-05-03 17:23:51,415 - INFO     - Starting cleanup for queue 1, queue size: 0.
2026-05-03 17:23:51,415 - INFO     - Starting cleanup for queue 2, queue size: 0.
2026-05-03 17:23:51,415 - INFO     - Starting cleanup for queue 3, queue size: 0.
2026-05-03 17:23:51,415 - INFO     - Starting cleanup for queue 4, queue size: 0.
2026-05-03 17:23:51,415 - INFO     - Starting cleanup for queue 5, queue size: 0.
2026-05-03 17:23:51,415 - INFO     - Starting cleanup for queue 6, queue size: 0.
2026-05-03 17:23:51,415 - INFO     - Starting cleanup for queue 7, queue size: 0.
2026-05-03 17:23:51,415 - INFO     - Cleanup complete.
2026-05-03 17:23:51,415 - INFO     - Cleaned up resources in MAIN process
2026-05-03 17:23:51,416 - INFO     - Summary written to ./profile_exp/mix/r0.05/no_defense/seed2/SUMMARY.json

======================================================================
PROFILING SUMMARY
======================================================================
  Total wall time:    1477.14s
  Images processed:   100
  Throughput:         0.0677 img/s
  Avg E2E latency:    105.2235s
  Min E2E latency:    0.0220s
  Max E2E latency:    974.4925s

  Component          Count  Dropped     FLOPs/call    Total FLOPs
  --------------- -------- -------- -------------- --------------
  odStream             100        0   153844849936 15384484993600
  frStream             526        0     2837404864  1492474958464
  lprStream           4663        0     7839219712 36554281517056
  capStream             41        0   373311103169 15305755229929
  krStream            5189        0            n/a            n/a
  udpStream           5230        0            n/a            n/a

  Total FLOPs:        68736996699049
======================================================================
